hostname,num_stars,num_planets,orbital_period_mean,inner_orbit,outer_orbit,planet_radius_mean,planet_radius_std,planet_mass_mean,planet_mass_std,eccentricity_mean,stellar_temp,stellar_radius,stellar_mass,stellar_metallicity,log_orbital_period_mean,orbital_span,system_compactness,mass_to_radius_ratio,planet_per_star_ratio
11 Com,2,1,323.21,1.178,1.178,12.2,0.0,4914.89848585,0.0,0.238,4874.0,13.76,2.09,-0.26,2.50948478922394,0.0,0.0,402.86053162704917,0.5
11 UMi,1,1,516.21997,1.53,1.53,12.3,0.0,4684.8142,0.0,0.08,4213.0,29.79,2.78,-0.02,2.7128348012404855,0.0,0.0,380.8792032520325,1.0
14 And,1,1,186.76,0.775,0.775,13.1,0.0,1131.15130051,0.0,0.0,4888.0,11.55,1.78,-0.21,2.271283865258768,0.0,0.0,86.34742751984733,1.0
14 Her,1,2,8749.434445,2.839,20.0,12.55,0.07071067811865388,2669.7586188,224.73862184341795,0.44415000000000004,5338.0,0.93,0.97,0.43,3.94197998155331,17.161,0.1165433249810617,212.72977042231074,2.0
16 Cyg B,3,1,798.5,1.66,1.66,13.5,0.0,565.7374,0.0,0.68,5750.0,1.13,1.08,0.06,2.9022749204745018,0.0,0.0,41.906474074074076,0.3333333333333333
17 Sco,1,1,578.38,1.45,1.45,12.9,0.0,1373.01871824,0.0,0.06,4157.0,25.92,1.22,-0.01,2.762213266928569,0.0,0.0,106.43555955348837,1.0
18 Del,2,1,982.85,2.476,2.476,12.5,0.0,2926.24614325,0.0,0.024,4980.0,8.8,2.1,-0.06,2.9924872419998882,0.0,0.0,234.09969146,0.5
24 Boo,1,1,30.33,0.194,0.194,13.9,0.0,280.64248338,0.0,0.032,4816.0,12.19,1.05,-0.78,1.4818724103106635,0.0,0.0,20.19010671798561,1.0
24 Sex,1,2,667.9,1.333,2.08,13.65,0.3535533905932738,452.89,253.9503293953367,0.19,5098.0,4.9,1.54,-0.03,2.8247114434647345,0.7470000000000001,2.6773761713520745,33.17875457875458,2.0
2MASS J19383260+4603591,2,3,636.3333333333334,0.92,0.92,13.466666666666667,0.05773502691896288,558.3195771966666,46.09574677806122,0.20666666666666667,29564.0,0.203,0.48,-0.092,2.803684673674004,0.0,0.0,41.459374544306925,1.5
4 UMa,1,1,270.27,0.877,0.877,12.6,0.0,2511.48007211,0.0,0.453,4415.0,18.11,1.234,-0.25,2.4317978416383057,0.0,0.0,199.3238152468254,1.0
47 UMa,1,3,5823.666666666667,2.1,11.6,13.633333333333333,0.5131601439446883,498.9736666666667,316.8158316440852,0.09666666666666668,5872.0,1.21334,1.06,0.04,3.765196508995533,9.5,0.3157894736842105,36.59953545232274,3.0
51 Peg,1,1,4.230785,0.0527,0.0527,14.3,0.0,146.2018,0.0,0.013,5758.0,1.17561,1.03,0.18,0.6264209559183683,0.0,0.0,10.223902097902096,1.0
55 Cnc,2,7,1023.8723398799999,0.01544,5.6,8.975,4.821843527116989,320.74945999999994,519.4617198096103,0.05904,5198.0,0.98,1.015,0.39,3.0102458106028083,5.58456,1.253455957138969,35.738101392757656,3.5
55 Cnc B,2,7,20.2732,0.044,0.13,1.925,0.3323401871576775,4.4,1.272792206135785,0.0,3286.0,0.274,0.26,0.16,1.3069223048180791,0.08600000000000001,81.3953488372093,2.285714285714286,3.5
6 Lyn,1,1,919.86,2.028,2.028,13.4,0.0,597.83523357,0.0,0.042,4941.0,4.94,1.32,-0.17,2.9637217340258637,0.0,0.0,44.61456966940298,1.0
61 Vir,1,3,55.082,0.050201,0.476,3.893333333333333,1.578237413488013,15.4,9.224424101265075,0.20333333333333334,5577.0,0.963,0.942,-0.01,1.7410097008876202,0.425799,7.045577843066799,3.955479452054795,3.0
7 CMa,1,2,865.55,1.758,2.153,13.65,0.3535533905932738,432.24879999999996,220.24495329923,0.07,4826.0,4.87,1.34,0.21,2.9372921607115727,0.395,5.063291139240506,31.66657875457875,2.0
70 Vir,1,1,116.688,0.481,0.481,12.6,0.0,2380.45,0.0,0.3988,5495.0,1.89,1.09,-0.09,2.067026196218923,0.0,0.0,188.92460317460316,1.0
75 Cet,2,2,1374.12,1.912,3.929,13.600000000000001,0.4242640687119276,538.878064065,352.1654204293431,0.057999999999999996,4809.0,10.38,1.92,0.1,3.138024660716386,2.017,0.991571641051066,39.623387063602934,1.0
8 UMi,1,1,93.31,0.462,0.462,13.5,0.0,524.41687155,0.0,0.062,4847.0,10.73,1.51,-0.03,1.969928189428116,0.0,0.0,38.84569418888889,1.0
81 Cet,1,1,1005.57,2.104,2.104,13.1,0.0,1051.05854195,0.0,0.037,4734.0,11.21,1.23,-0.11,3.0024123082053427,0.0,0.0,80.23347648473283,1.0
91 Aqr,3,1,181.4,0.7,0.7,13.1,0.0,1017.0,0.0,0.027,4665.0,11.0,1.4,-0.03,2.2586372827240764,0.0,0.0,77.63358778625954,0.3333333333333333
AF Lep,1,1,8905.0,8.996,8.996,13.0,0.0,1147.36054927,0.0,0.015,6140.0,1.25,1.218,0.19,3.9496339237992624,0.0,0.0,88.25850379,1.0
AU Mic,1,4,18.29210725,0.07,0.119,3.3675,1.837142255424622,11.40075,8.491605791407576,0.08435,3540.0,0.862,0.635,0.01,1.262263739064791,0.04899999999999999,81.63265306122452,3.3855233853006683,4.0
BD+03 2562,1,1,481.9,1.3,1.3,12.7,0.0,2034.112,0.0,0.2,4095.0,32.35,1.14,-0.71,2.6829569263012085,0.0,0.0,160.16629921259843,1.0
BD+14 4559,1,1,268.94,0.78,0.78,13.8,0.0,330.5432,0.0,0.29,4864.0,0.86,0.49,0.17,2.429655400539932,0.0,0.0,23.95240579710145,1.0
BD+15 2375,1,1,153.22,0.576,0.576,13.8,0.0,337.21763,0.0,0.001,4649.0,8.95,1.08,-0.22,2.1853154580036565,0.0,0.0,24.436060144927534,1.0
BD+15 2940,1,1,137.48,0.539,0.539,13.7,0.0,352.78,0.0,0.26,4796.0,14.7,1.1,0.28,2.1382395234651876,0.0,0.0,25.75036496350365,1.0
BD+20 2457,1,2,500.81,1.45,2.01,12.25,0.21213203435596475,5385.4,2011.3369548138867,0.16499999999999998,4137.0,49.0,2.8,-1.0,2.699672992130208,0.5599999999999998,3.5714285714285725,439.62448979591835,2.0
BD+20 274,1,1,578.2,1.3,1.3,13.0,0.0,1334.886,0.0,0.21,4296.0,17.3,0.8,-0.46,2.762078087334639,0.0,0.0,102.68353846153846,1.0
BD+20 594,1,1,41.6855,0.241,0.241,2.57807,0.0,22.2481,0.0,0.0,5766.0,1.08,1.67,-0.15,1.6199850150435282,0.0,0.0,8.62975016194285,1.0
BD+37 3172,1,1,1887.76,4.65,4.65,12.4,0.0,3368.9811142,0.0,0.59,4500.0,50.24,3.75,-0.03,3.2759467795271724,0.0,0.0,271.69202533870964,1.0
BD+42 2315,1,1,123.05,0.54,0.54,14.2,0.0,174.80562385,0.0,0.73,4500.0,17.85,1.38,-0.2,2.0900816180388215,0.0,0.0,12.310255200704225,1.0
BD+45 564,1,1,307.88,0.83,0.83,13.6,0.0,432.24663352,0.0,0.12,5004.0,0.813064,0.81,-0.09,2.488381477887442,0.0,0.0,31.7828407,1.0
BD+48 738,1,1,392.6,1.0,1.0,13.9,0.0,289.2253,0.0,0.2,4414.0,11.0,0.74,-0.2,2.5939502952639875,0.0,0.0,20.807575539568344,1.0
BD+48 740,1,1,733.0,1.7,1.7,13.5,0.0,540.311,0.0,0.76,4534.0,10.33,1.09,-0.13,2.8651039746411278,0.0,0.0,40.02303703703704,1.0
BD+49 828,1,1,2590.0,4.2,4.2,13.5,0.0,508.5,0.0,0.35,4943.0,7.6,1.52,-0.19,3.413299764081252,0.0,0.0,37.666666666666664,1.0
BD+55 362,1,1,265.59,0.78,0.78,14.0,0.0,228.83645304,0.0,0.27,5012.0,0.896193,0.909,0.18,2.424211718939284,0.0,0.0,16.345460931428573,1.0
BD+63 1405,1,1,1198.48,2.06,2.06,12.4,0.0,3305.4154328,0.0,0.88,5000.0,0.804724,0.816,-0.09,3.0786307910087114,0.0,0.0,266.5657607096774,1.0
BD-06 1339,1,2,64.9064,0.0428,0.435,8.38,0.0,788.01686317,1039.4708164679435,0.155,4324.0,0.686355,0.7,-0.14,1.8122875218796632,0.3922,5.099439061703213,94.03542519928399,2.0
BD-08 2823,1,2,121.6,0.06,0.68,12.5,0.0,1526.24706587,2011.3610895986944,0.16999999999999998,4816.0,0.71,0.5,-0.06,2.084933574936716,0.6200000000000001,3.2258064516129026,122.0997652696,2.0
BD-10 3166,1,1,3.48777,0.04,0.04,14.1,0.0,187.5197,0.0,0.02,5393.0,0.91,1.47,0.38,0.5425478377787923,0.0,0.0,13.2992695035461,1.0
BD-11 4672,1,2,854.1,0.3,2.36,9.07,7.113494218736668,110.97975,135.212605145101,0.225,4550.0,0.639,0.651,-0.35,2.9315087218666176,2.06,0.970873786407767,12.235915104740902,2.0
BD-13 2130,1,1,714.29999,1.66,1.66,12.5,0.0,3108.3774,0.0,0.21,4545.0,19.17,2.12,-0.08,2.853880644044541,0.0,0.0,248.670192,1.0
BD-14 3065 A,3,1,4.2889731,0.0656,0.0656,21.59,0.0,3932.0,0.0,0.066,6935.0,2.35,1.41,-0.34,0.6323533223971056,0.0,0.0,182.12135247799907,0.3333333333333333
BD-17 63,1,1,655.57,1.34,1.34,12.8,0.0,1639.99458012,0.0,0.5439,4714.0,0.74,0.741,-0.03,2.816619071297846,0.0,0.0,128.124576571875,1.0
BD-210397,1,2,4065.5,2.63,5.9,13.45,0.7778174593052014,869.7881768,927.424533674485,0.265,4051.0,0.747,0.679,0.12,3.6091139654005318,3.2700000000000005,0.6116207951070336,64.66826593308551,2.0
BEBOP-3,2,1,547.0,1.444,1.444,14.2,0.0,177.34825111,0.0,0.247,6033.0,1.414,1.083,-0.02,2.737987326333431,0.0,0.0,12.489313458450706,0.5
Barnard's star,1,4,4.089499999999999,0.0188,0.0381,0.6985,0.0456252853872353,0.2725,0.06060528029800702,0.0475,3195.0,0.185,0.162,-0.56,0.611670212526879,0.0193,207.2538860103627,0.39012168933428776,4.0
CoRoT-1,1,1,1.5089557,0.02752,0.02752,16.7,0.0,327.35,0.0,0.0,5950.0,1.11,0.95,-0.3,0.17867648992273436,0.0,0.0,19.60179640718563,1.0
CoRoT-10,1,1,13.2406,0.1055,0.1055,10.87,0.0,874.0,0.0,0.53,5075.0,0.79,0.89,0.26,1.1219076656765674,0.0,0.0,80.40478380864766,1.0
CoRoT-11,1,1,2.99433,0.0436,0.0436,16.03,0.0,740.51,0.0,0.0,6440.0,1.37,1.27,-0.03,0.47629966149847214,0.0,0.0,46.19525888958203,1.0
CoRoT-12,1,1,2.828042,0.04016,0.04016,16.14,0.0,291.438,0.0,0.07,5675.0,1.116,1.078,0.16,0.4514858549950149,0.0,0.0,18.05687732342007,1.0
CoRoT-13,1,1,4.03519,0.051,0.051,9.92,0.0,415.704,0.0,0.0,5945.0,1.01,1.09,0.01,0.6058639886265819,0.0,0.0,41.90564516129032,1.0
CoRoT-14,1,1,1.51214,0.027,0.027,12.22,0.0,2415.4,0.0,0.0,6035.0,1.21,1.13,0.05,0.17959200175564313,0.0,0.0,197.6595744680851,1.0
CoRoT-16,1,1,5.35227,0.0618,0.0618,13.11,0.0,170.032,0.0,0.33,5650.0,1.19,1.098,0.19,0.7285380136821199,0.0,0.0,12.969641495041953,1.0
CoRoT-17,1,1,3.7681,0.0461,0.0461,11.43,0.0,772.29,0.0,0.0,5740.0,1.59,1.04,0.0,0.5761224198299447,0.0,0.0,67.56692913385827,1.0
CoRoT-18,1,1,1.9000693,0.0295,0.0295,14.68,0.0,1102.82,0.0,0.08,5440.0,1.0,0.95,-0.1,0.2787694409837459,0.0,0.0,75.12397820163487,1.0
CoRoT-19,1,1,3.89713,0.0518,0.0518,14.46,0.0,352.78,0.0,0.047,6090.0,1.65,1.21,-0.02,0.590744893178108,0.0,0.0,24.396957123098197,1.0
CoRoT-2,2,1,1.7429935,0.02798,0.02798,16.432,0.0,1102.82,0.0,0.0143,5625.0,0.906,0.96,0.04,0.2412957675348951,0.0,0.0,67.11416747809153,0.5
CoRoT-20,1,2,842.121425,0.09,2.9,10.80778,1.9688964058070704,3384.8894999999998,2854.1948029594087,0.595,5880.0,1.02,1.14,0.14,2.9253747166842397,2.81,0.7117437722419929,313.19008158937356,2.0
CoRoT-21,1,1,2.72474,0.0417,0.0417,14.5717,0.0,718.2958,0.0,0.0,6200.0,1.95,1.29,0.0,0.4353250673640437,0.0,0.0,49.293891584372446,1.0
CoRoT-22,1,1,9.75598,0.092,0.092,4.88,0.0,12.2,0.0,0.077,5939.0,1.136,1.099,0.17,0.9892709013281894,0.0,0.0,2.5,1.0
CoRoT-23,1,1,3.6313,0.048,0.048,11.77,0.0,889.9,0.0,0.16,5900.0,1.61,1.14,0.05,0.5600621296516789,0.0,0.0,75.60747663551402,1.0
CoRoT-24,1,2,8.4362,0.056,0.098,4.35,0.919238815542512,16.85,15.768481220460009,0.0,4950.0,0.86,0.91,0.3,0.9261468671635578,0.042,47.61904761904761,3.8735632183908053,2.0
CoRoT-25,1,1,4.86069,0.0578,0.0578,12.11,0.0,85.81,0.0,0.0,6040.0,1.19,1.09,-0.01,0.6866979239787829,0.0,0.0,7.085879438480595,1.0
CoRoT-26,1,1,4.20474,0.0526,0.0526,14.12,0.0,165.26,0.0,0.0,5590.0,1.79,1.09,0.01,0.6237391463749965,0.0,0.0,11.703966005665722,1.0
CoRoT-27,1,1,3.57532,0.0476,0.0476,11.287,0.0,3302.11,0.0,0.065,5900.0,1.08,1.05,-0.1,0.5533149183090587,0.0,0.0,292.55869584477716,1.0
CoRoT-28,1,1,5.20851,0.0603,0.0603,10.704595,0.0,153.82972,0.0,0.047,5150.0,1.78,1.01,0.15,0.71671350231544,0.0,0.0,14.370438115594286,1.0
CoRoT-29,1,1,2.85057,0.0386,0.0386,10.0881,0.0,270.1555,0.0,0.082,5260.0,0.9,0.97,0.2,0.45493171022015916,0.0,0.0,26.779621534282967,1.0
CoRoT-3,1,1,4.2568,0.05783,0.05783,11.32,0.0,6883.91,0.0,0.0,6740.0,1.56,1.37,0.14,0.629083245916666,0.0,0.0,608.11925795053,1.0
CoRoT-30,1,1,9.06005,0.0844,0.0844,11.309881,0.0,921.707,0.0,0.007,5650.0,0.91,0.98,0.02,0.9571305944388634,0.0,0.0,81.4957292654096,1.0
CoRoT-31,1,1,4.62941,0.0586,0.0586,16.36514,0.0,266.9772,0.0,0.02,5700.0,2.15,1.25,0.0,0.6655256454301307,0.0,0.0,16.313774278741274,1.0
CoRoT-35,1,1,3.22748,0.0429,0.0429,18.83108758,0.0,349.6112477,0.0,0.0,6390.0,1.65,1.01,-0.5,0.5088635597172184,0.0,0.0,18.565642914396133,1.0
CoRoT-36,1,1,5.616531,0.066,0.066,15.80466279,0.0,216.12331676,0.0,0.0,6730.0,1.52,1.32,-0.1,0.7494681602806386,0.0,0.0,13.67465536162825,1.0
CoRoT-4,1,1,9.20205,0.09,0.09,13.34,0.0,228.83,0.0,0.0,6190.0,1.17,1.16,0.05,0.9638845887054673,0.0,0.0,17.153673163418294,1.0
CoRoT-5,1,1,4.0378962,0.04947,0.04947,15.558,0.0,148.42,0.0,0.09,6100.0,1.186,1.0,-0.25,0.6061551505792309,0.0,0.0,9.539786604962076,1.0
CoRoT-6,1,1,8.886593,0.0855,0.0855,13.068,0.0,940.74,0.0,0.1,6090.0,1.025,1.05,-0.2,0.9487352902277085,0.0,0.0,71.9880624426079,1.0
CoRoT-7,1,3,4.505863876666666,0.017016,0.046,2.94045,1.3178010500451118,9.872868393333333,6.6560605036824105,0.0,5275.0,0.83,0.82,0.05,0.6537780674354162,0.028984,103.50538227987856,3.3576045820651035,3.0
CoRoT-8,1,1,6.21229,0.063,0.063,6.39,0.0,69.92,0.0,0.0,5080.0,0.77,0.88,0.3,0.7932517211164108,0.0,0.0,10.94209702660407,1.0
CoRoT-9,2,1,95.272656,0.4021,0.4021,11.948794,0.0,266.9772,0.0,0.133,5625.0,0.96,0.96,-0.01,1.9789682725973061,0.0,0.0,22.343443196024637,0.5
DMPP-3 A,2,1,5.59,0.05958,0.05958,1.44,0.0,2.67,0.0,0.42,5138.0,0.91,0.9,0.18,0.7474118078864233,0.0,0.0,1.8541666666666667,0.5
DMPP-4,1,1,3.4982,0.04853,0.04853,3.53,0.0,12.2,0.0,0.063,6400.0,1.38,1.25,-0.007,0.5438446354495112,0.0,0.0,3.456090651558074,1.0
DMPP-6,1,2,22.02185,0.0779,0.2206,3.01,1.0323759005323598,9.635,5.42350901170082,0.325,6182.09,1.27,1.079,0.32,1.3428538001508508,0.1427,14.015416958654521,3.200996677740864,2.0
EPIC 201170410,1,1,6.7987,0.0349,0.0349,1.047,0.0,1.15,0.0,0.0,3648.0,0.282,0.287,-0.048,0.8324258778825849,0.0,0.0,1.0983763132760267,1.0
EPIC 201595106,1,2,5.33708,0.0177,0.0883,2.7924999999999995,1.735947147812974,11.45,5.3457272657703,0.055,5679.0,0.98,0.958,0.01,0.7273037126964407,0.0706,28.328611898016998,4.100268576544315,2.0
EPIC 201757695,1,1,2.0478,0.0296,0.0296,0.90819,0.0,0.688,0.0,0.0,4520.0,0.655,0.727,-0.003,0.3112875386622825,0.0,0.0,0.7575507327761811,1.0
EPIC 211822797,1,1,21.1701963,0.1195,0.1195,1.92,0.0,4.35,0.0,0.06,4057.0,0.58,0.62,0.2,1.32572488502043,0.0,0.0,2.265625,1.0
EPIC 211945201,1,1,19.49221,0.1493,0.1493,5.76,0.0,11.0,0.0,0.0,6069.0,1.39,1.17,0.1,1.2898610816211138,0.0,0.0,1.9097222222222223,1.0
EPIC 212737443,1,2,39.576499999999996,0.098,0.28,2.638,0.07353910524340102,7.45,0.3535533905932738,0.2,4684.0,0.673,0.69,-0.137,1.597437384163009,0.18200000000000002,10.989010989010987,2.8241091736163764,2.0
EPIC 220674823,1,2,6.95560135,0.01314,0.1073,2.258,0.8230722933011412,7.5600000000000005,0.33941125496954283,0.085,5578.0,0.99,0.913,-0.005,0.8423346830982851,0.09416000000000001,21.240441801189462,3.3480956598759968,2.0
EPIC 229004835,1,1,16.141132,0.1237,0.1237,2.332,0.0,10.4,0.0,0.23,5868.0,0.999,0.97,-0.12,1.2079339891291785,0.0,0.0,4.459691252144083,1.0
EPIC 248847494,1,1,3650.0,4.5,4.5,12.44199,0.0,4131.79,0.0,0.0,4898.0,2.7,0.9,-0.23,3.5622928644564746,0.0,0.0,332.08433699110833,1.0
EPIC 249893012,1,3,18.322033333333334,0.047,0.22,3.186666666666667,1.0794597414138858,11.200000000000001,3.088996600839826,0.09333333333333334,5430.0,1.71,1.05,0.2,1.262973668919415,0.173,17.341040462427745,3.514644351464435,3.0
G 9-40,1,1,5.7459982,0.0418,0.0418,1.9,0.0,4.0,0.0,0.0,3395.0,0.3026,0.2952,-0.07,0.7593654856082103,0.0,0.0,2.1052631578947367,1.0
GJ 1061,1,3,7.651800000000001,0.021,0.054,1.13,0.07937253933193768,1.53,0.3704051835490427,0.03666666666666667,2953.0,0.156,0.12,-0.08,0.8837636100704289,0.033,90.9090909090909,1.3539823008849559,3.0
GJ 1132,1,2,5.278964555,0.0157,0.0476,1.310757325,0.16863460819864715,2.238524095,0.5677726698170126,0.1409,3229.0,0.2211,0.1945,-0.17,0.7225487459904281,0.031900000000000005,62.69592476489027,1.7078097160357275,2.0
GJ 1148,1,2,286.98,0.166,0.912,10.805,1.548563850798538,82.38,20.251538213182716,0.361,3287.0,0.358519,0.344045,0.1596,2.457851631255608,0.746,2.680965147453083,7.624248033317908,2.0
GJ 1214,1,1,1.580404531,0.01505,0.01505,2.733,0.0,8.41,0.0,0.0062,3101.0,0.2162,0.182,0.24,0.1987682661280347,0.0,0.0,3.0772045371386754,1.0
GJ 1252,1,1,0.5182331,0.00915,0.00915,1.193,0.0,1.32,0.0,0.0,3458.0,0.391,0.381,0.1,-0.28547485169703957,0.0,0.0,1.1064543168482817,1.0
GJ 1265,1,1,3.6511,0.026,0.026,2.63,0.0,7.4,0.0,0.04,3236.0,0.192,0.178,-0.04,0.5624237280068187,0.0,0.0,2.8136882129277567,1.0
GJ 1289,1,1,111.74,0.27,0.27,2.38,0.0,6.27,0.0,0.0,3296.0,0.245012,0.21,0.02,2.0482086670241455,0.0,0.0,2.634453781512605,1.0
GJ 143,1,2,21.70123,0.0695,0.1915,1.751,1.2148094500784885,13.2,13.435028842544403,0.188,4640.0,0.695,0.73,0.003,1.3364843498427252,0.122,16.39344262295082,7.538549400342661,2.0
GJ 15 A,2,2,3805.72035,0.072,5.4,4.11,3.6203867196751234,19.515,23.31331057572047,0.182,3607.0,0.38,0.38,-0.34,3.580436872518018,5.328,0.37537537537537535,4.748175182481751,1.0
GJ 163,1,3,212.7378533333333,0.0607,1.0304,3.89,1.7975817088522015,15.6,12.101239605924675,0.18166666666666664,3500.0,0.409738,0.4,0.1,2.3278447726066673,0.9697,3.0937403320614623,4.010282776349614,3.0
GJ 179,1,1,2288.0,2.41,2.41,13.8,0.0,301.93698665,0.0,0.21,3370.0,0.38,0.357,0.3,3.3594560201209864,0.0,0.0,21.87949178623188,1.0
GJ 2030,1,2,12767.74741,0.034,16.761,7.165,7.2619866427858435,2036.962260465,2873.9574961293865,0.13999999999999999,5485.0,2.24104,0.96,-0.4,4.106114282251619,16.727,0.11956716685598134,284.29340690369855,2.0
GJ 2126,1,1,272.7,0.71,0.71,13.6,0.0,413.1769291,0.0,0.85,4159.0,0.728,0.65,0.6,2.43568513794163,0.0,0.0,30.38065655147059,1.0
GJ 251,1,2,33.942,0.0808,0.196,1.795,0.00707106781186556,3.865,0.021213203435596132,0.0,3342.0,0.36,0.35,0.07,1.5307374291240528,0.11520000000000001,17.36111111111111,2.1532033426183848,2.0
GJ 273,1,2,11.686599999999999,0.036467,0.091101,1.2850000000000001,0.3181980515339464,2.035,1.2091525958289966,0.135,3382.0,0.293,0.29,0.09,1.0676881795953264,0.054634,36.60724091225244,1.583657587548638,2.0
GJ 3021,2,1,133.71,0.49,0.49,13.1,0.0,1071.04,0.0,0.511,5540.0,0.9,0.9,0.1,2.1261638888058387,0.0,0.0,81.75877862595419,0.5
GJ 3090,1,2,9.396900989999999,0.0316,0.0997,2.66,0.6788225099390857,7.26,3.8749451609022807,0.125,3707.0,0.516,0.519,0.12,0.9729846509563189,0.0681,29.368575624082236,2.7293233082706765,2.0
GJ 3138,1,3,88.33134333333334,0.0197,0.698,2.0966666666666667,1.0420332688227059,5.486666666666667,4.5044570520023095,0.20666666666666667,3717.0,0.5,0.681,-0.3,1.9461148351897402,0.6782999999999999,4.422821760283061,2.6168521462639114,3.0
GJ 317,1,2,3597.8450000000003,1.138,5.04,13.45,0.21213203435596414,624.497311005,240.42010841662434,0.1498,3496.0,0.403,0.402,-0.02,3.5560424494223457,3.902,0.5125576627370579,46.43102684052045,2.0
GJ 3222,2,1,10.66669,0.091,0.091,3.4,0.0,11.44182265,0.0,0.929,5257.46,0.931389,0.89,0.16,1.0280296736183836,0.0,0.0,3.3652419558823534,0.5
GJ 328,1,2,2006.4,0.657,4.11,9.105,5.932625894155135,409.57465078499996,548.961855709587,0.227,3897.0,0.63,0.65,-0.06,3.3024175191506226,3.4530000000000003,0.5792064871126557,44.983487181219104,2.0
GJ 3293,1,4,53.651775,0.08208,0.36175,3.59,1.721084929145954,13.8775,9.951517053528402,0.125,3466.0,0.404,0.42,0.02,1.7295840946142451,0.27967000000000003,14.302570887116957,3.865598885793872,4.0
GJ 3323,1,2,22.9518,0.03282,0.1264,1.275,0.06363961030678941,2.165,0.2050609665440988,0.2,3159.0,0.119,0.164,-0.27,1.360816750849879,0.09358000000000001,21.372088053002777,1.6980392156862747,2.0
GJ 3341,1,1,14.207,0.089,0.089,2.46,0.0,6.6,0.0,0.31,3526.0,0.439,0.47,-0.09,1.1525023804611256,0.0,0.0,2.6829268292682924,1.0
GJ 338 B,2,1,24.422,0.142,0.142,3.25,0.0,10.6,0.0,0.109,4014.0,0.58,0.64,-0.03,1.387781226906038,0.0,0.0,3.2615384615384615,0.5
GJ 3470,1,1,3.3366496,0.0355,0.0355,4.57,0.0,13.9,0.0,0.017,3600.0,0.547,0.539,0.2,0.5233106013875942,0.0,0.0,3.0415754923413565,1.0
GJ 3473,2,2,8.35350175,0.01589,0.0876,1.947,0.9659078631008238,4.635,3.924442635585339,0.0,3347.0,0.364,0.36,0.11,0.9218685679270964,0.07171,27.89011295495747,2.380585516178736,1.0
GJ 3512,1,2,1278.5545,0.3376,1.731,14.3,0.0,145.24758200000002,1.797908977575773,0.25845,3141.0,0.139,0.123,-0.07,3.1067192451075987,1.3934000000000002,1.4353380221042054,10.157173566433567,2.0
GJ 367,1,3,15.407007499999999,0.00709,0.00709,1.6296666666666668,0.8395417400780817,3.5976666666666666,2.737596817161602,0.09666666666666668,3522.0,0.458,0.455,-0.01,1.1877182939785103,0.0,0.0,2.2076089179791367,3.0
GJ 3779,1,1,3.0232,0.026,0.026,2.75,0.0,8.0,0.0,0.07,3324.0,0.281,0.27,0.0,0.4804668789089581,0.0,0.0,2.909090909090909,1.0
GJ 3929,1,2,8.8281175,0.0252,0.081,1.6749999999999998,0.8273149339882605,3.73,2.8001428534987283,0.0,3384.0,0.32,0.313,-0.02,0.9458681048772507,0.0558,35.842293906810035,2.226865671641791,2.0
GJ 3942,1,1,6.905,0.0608,0.0608,2.57,0.0,7.14,0.0,0.121,3867.0,0.61,0.63,-0.04,0.8391636829146502,0.0,0.0,2.7782101167315174,1.0
GJ 3988,1,1,6.9442,0.0405,0.0405,1.74,0.0,3.69,0.0,0.0,3273.0,0.19734,0.1842,-0.12,0.841622220469927,0.0,0.0,2.1206896551724137,1.0
GJ 3998,1,3,19.38577666666667,0.03,0.189,2.0766666666666667,0.6000277771348035,5.13,2.308311070891443,0.0,3726.0,0.5,0.52,-0.13,1.2874832051518814,0.159,18.867924528301888,2.4703049759229536,3.0
GJ 411,1,2,1479.4697,0.07879,2.94,2.605,1.6334166645409247,8.145,7.714534982745234,0.0975,3719.0,0.3685,0.3899,-0.3621,3.170106075101551,2.86121,0.6990049664302865,3.126679462571977,2.0
GJ 414 A,2,2,400.315,0.2324,1.4,5.515000000000001,4.08000612744638,30.715,32.689546494254095,0.2775,4120.0,0.68,0.65,0.24,2.6024018636379003,1.1676,1.7129153819801302,5.5693563009972795,1.0
GJ 4276,1,1,13.352,0.082,0.082,4.22,0.0,16.57,0.0,0.37,3387.0,0.407,0.406,0.12,1.1255463236711902,0.0,0.0,3.9265402843601898,1.0
GJ 433,1,3,1712.5114999999998,0.062,4.819,3.58,2.3315445524372893,14.562666666666665,15.472069684865478,0.07666666666666667,3461.0,0.5,0.48,-0.17,3.233633496584768,4.757,0.6306495690561279,4.0677839851024205,3.0
GJ 436,1,1,2.64388312,0.0291,0.0291,4.17,0.0,22.1,0.0,0.13827,3586.11,0.455,0.47,0.0991,0.4222422520764516,0.0,0.0,5.299760191846524,1.0
GJ 463,1,1,3459.0,3.53,3.53,13.1,0.0,1080.6165838,0.0,0.146,3563.0,0.483,0.486,-0.16,3.5389505620143615,0.0,0.0,82.4898155572519,1.0
GJ 480,1,1,9.5536,0.068,0.068,2.91,0.0,8.8,0.0,0.0,3509.0,0.449,0.45,0.26,0.9801670538377046,0.0,0.0,3.0240549828178693,1.0
GJ 486,1,1,1.46712127,0.01714,0.01714,1.289,0.0,2.77,0.0,0.00086,3317.0,0.3243,0.312,-0.15,0.1664660134445629,0.0,0.0,2.1489526764934057,1.0
GJ 514,1,1,140.43,0.422,0.422,2.13,0.0,5.2,0.0,0.45,3728.0,0.5,0.51,-0.14,2.1474598958471045,0.0,0.0,2.4413145539906105,1.0
GJ 536,1,2,20.73487,0.0668,0.1617,2.355,0.07778174593052045,6.13,0.3394112549695431,0.0,3641.0,0.529,0.528,-0.08,1.3167013168420847,0.09490000000000001,21.07481559536354,2.602972399150743,2.0
GJ 581,1,3,7.145933333333333,0.02799,0.0718,2.89,1.7381311803198287,9.93,9.406428652788474,0.02606666666666667,3500.0,0.302,0.295,-0.08,0.8540589602150755,0.04381,68.47751654873316,3.4359861591695497,3.0
GJ 625,1,1,14.628,0.078361,0.078361,1.49,0.0,2.82,0.0,0.13,3499.0,0.31,0.3,-0.38,1.1651849516660067,0.0,0.0,1.8926174496644295,1.0
GJ 649,1,1,600.1,1.112,1.112,10.8,0.0,81.99972901,0.0,0.083,3734.0,0.5,0.51,-0.15,2.7782236267660965,0.0,0.0,7.5925675009259255,1.0
GJ 674,1,1,4.6938,0.039,0.039,3.33,0.0,11.09,0.0,0.2,3600.0,0.36463,0.35,-0.28,0.6715245806296686,0.0,0.0,3.33033033033033,1.0
GJ 676 A,2,4,3752.9856425,0.039,9.726,7.3375,6.028921268905962,1534.8728345025,2029.2565233436526,0.2395,3734.0,0.69,0.626,0.23,3.5743769029702497,9.687000000000001,0.41292453804067303,209.1819876664395,2.0
GJ 685,1,1,24.16,0.1344,0.1344,2.95,0.0,9.0,0.0,0.0,3816.0,0.54,0.55,-0.15,1.3830969299490943,0.0,0.0,3.0508474576271185,1.0
GJ 687,1,2,382.85200000000003,0.163,1.165,4.23,0.1272792206135793,16.6,0.8485281374238578,0.28500000000000003,3413.0,0.4183,0.4,0.0631,2.583030920168876,1.002,1.996007984031936,3.92434988179669,2.0
GJ 720 A,2,1,19.466,0.119,0.119,3.77,0.0,13.64,0.0,0.12,3837.0,0.56,0.57,-0.14,1.2892767190393597,0.0,0.0,3.618037135278515,0.5
GJ 724,1,1,5.101284,0.04685,0.04685,3.27,0.0,10.75,0.0,0.577,3799.0,0.52226,0.5271,-0.02,0.7076795023587695,0.0,0.0,3.287461773700306,1.0
GJ 740,1,1,2.37756,0.029,0.029,1.53,0.0,2.96,0.0,0.24,3913.0,0.56,0.58,0.08,0.37613148558426385,0.0,0.0,1.934640522875817,1.0
GJ 832,1,1,3853.0,3.7,3.7,13.8,0.0,314.65012293,0.0,0.05,3472.0,0.441557,0.45,-0.3,3.5857990090130007,0.0,0.0,22.800733545652175,1.0
GJ 849,1,2,3957.6549999999997,2.32,4.95,13.850000000000001,0.07071067811865513,299.23544519,21.79964631951865,0.0605,3467.0,0.45,0.45,0.09,3.597437932839885,2.6300000000000003,0.7604562737642585,21.605447306137183,2.0
GJ 86,2,1,15.76491,0.11,0.11,12.9,0.0,1404.8086,0.0,0.04,5182.0,0.77,0.93,-0.22,1.1976914957553513,0.0,0.0,108.89989147286822,0.5
GJ 876,1,4,54.35062,0.02080665,0.3343,8.432500000000001,6.058830332663229,242.90952499999997,336.0624441709742,0.1375775,3293.74,0.3,0.32,0.2129,1.735204502627336,0.31349335,12.759441308723135,28.806347465164535,4.0
GJ 887,1,4,21.560200000000002,0.0417,0.212,1.9224999999999999,0.6030132668523968,4.49,2.3210055292193226,0.15500000000000003,3688.0,0.468,0.495,-0.06,1.3336527852017843,0.1703,23.48796241926013,2.335500650195059,4.0
GJ 9066,1,1,771.36,0.88,0.88,9.6,0.0,66.74396547,0.0,0.46,3154.0,0.164,0.15,-0.13,2.8872571141389316,0.0,0.0,6.952496403125001,1.0
GJ 96,1,1,73.94,0.291,0.291,4.67,0.0,19.66,0.0,0.44,3785.0,0.580612,0.6,0.14,1.868879446237088,0.0,0.0,4.209850107066381,1.0
GJ 9689,1,1,18.27,0.1139,0.1139,3.07,0.0,9.65,0.0,0.29,3836.0,0.57,0.59,0.05,1.2617385473525378,0.0,0.0,3.1433224755700326,1.0
GJ 9773,1,1,2965.0,2.921,2.921,14.2,0.0,172.580825,0.0,0.218,3528.0,0.362,0.358,-0.2,3.4720246977002813,0.0,0.0,12.153579225352114,1.0
GJ 9827,1,3,3.6863023333333333,0.0189,0.053,1.5166666666666666,0.43015501081974317,3.0533333333333332,1.2103443036315467,0.0,4236.0,0.58,0.62,-0.29,0.5665909511526801,0.0341,87.97653958944282,2.013186813186813,3.0
GPX-1,1,1,1.744579,0.0338,0.0338,16.47720163,0.0,6261.2196179,0.0,0.0,7000.0,1.56,1.68,0.35,0.24169064044348376,0.0,0.0,379.9928991886713,1.0
Gl 378,1,1,3.822,0.039435,0.039435,3.66,0.0,13.02,0.0,0.109,3879.0,0.56,0.56,0.06,0.5822906827189941,0.0,0.0,3.5573770491803276,1.0
Gl 49,2,1,13.8508,0.0905,0.0905,2.24,0.0,5.63,0.0,0.363,3805.0,0.511,0.515,0.13,1.141474858277844,0.0,0.0,2.5133928571428568,0.5
Gl 686,1,1,15.53,0.091,0.091,2.46,0.0,6.624,0.0,0.05,3656.0,0.427,0.426,-0.23,1.1911714557285584,0.0,0.0,2.692682926829268,1.0
Gl 725 A,2,1,11.2201,0.068,0.068,1.48,0.0,2.78,0.0,0.0,3433.0,0.351,0.33,-0.19,1.0499967276202011,0.0,0.0,1.8783783783783783,0.5
Gliese 12,1,1,12.761418,0.067,0.067,0.93,0.0,0.95,0.0,0.24,3328.0,0.265,0.255,-0.24,1.105898934209576,0.0,0.0,1.021505376344086,1.0
HAT-P-1,2,1,4.46529976,0.05561,0.05561,14.784671,0.0,166.86075,0.0,0.0,5980.0,1.174,1.151,0.13,0.6498506188223486,0.0,0.0,11.286064465012444,0.5
HAT-P-11,1,2,1682.944,0.05258,4.1,8.78,6.250823945689079,438.39006538,584.6218370106965,0.4515,4653.0,0.683,0.811,0.31,3.226069665057455,4.04742,0.4941419472157572,49.9305313644647,2.0
HAT-P-12,1,1,3.2130598,0.0384,0.0384,10.749,0.0,67.059,0.0,0.0,4650.0,0.701,0.733,-0.29,0.506918808517076,0.0,0.0,6.23862684900921,1.0
HAT-P-13,1,2,224.593125,0.04383,1.258,13.279,1.3845150775632589,2404.4415,3017.9027507261567,0.33744999999999997,5653.0,1.756,1.32,0.46,2.351396457979485,1.21417,1.6472157935050282,181.07097673017546,2.0
HAT-P-14,2,1,4.62767,0.0596,0.0596,15.91678,0.0,1093.3352,0.0,0.11,6600.0,1.82,2.65,0.11,0.6653623817643936,0.0,0.0,68.69072764717487,0.5
HAT-P-15,1,1,10.8635,0.0965,0.0965,11.88154,0.0,616.5902,0.0,0.19,5568.0,1.07,1.0,0.22,1.035969768696547,0.0,0.0,51.89480488219541,1.0
HAT-P-16,3,1,2.77596727,0.0413,0.0413,14.68376472,0.0,1341.56043,0.0,0.0462,6140.0,1.158,1.218,0.17,0.44341434127050106,0.0,0.0,91.36351988619987,0.3333333333333333
HAT-P-17,1,2,2797.16926,0.0892,5.6,12.434725,0.94084092770776,632.4707,633.7505337567613,0.37,5246.0,0.87,0.99,0.0,3.44671874683628,5.5108,0.3629237134354359,50.86326396442221,2.0
HAT-P-18,1,1,5.508023,0.0559,0.0559,11.153,0.0,62.61,0.0,0.084,4803.0,0.749,0.77,0.1,0.7409957450838383,0.0,0.0,5.613736214471443,1.0
HAT-P-19,1,1,4.00878322,0.04599,0.04599,11.29865255,0.0,88.03846874,0.0,0.07,4962.0,0.773,0.807,0.166,0.6030125718645694,0.0,0.0,7.79194407035731,1.0
HAT-P-2,1,2,4252.8167579,0.06814,0.06814,11.5298795,1.2305362119988594,3133.78809302,377.56088469694225,0.4436,6380.0,1.39,1.33,0.18,3.6286766705702846,0.0,0.0,271.7971244209447,2.0
HAT-P-20,1,1,2.875317,0.0361,0.0361,9.718,0.0,2302.899,0.0,0.015,4595.0,0.694,0.756,0.35,0.4586857320731066,0.0,0.0,236.97252521094873,1.0
HAT-P-21,1,1,4.12448,0.05037,0.05037,12.44199,0.0,1547.8321,0.0,0.23,5588.0,1.21,1.24,0.01,0.6153692020093096,0.0,0.0,124.40390162666905,1.0
HAT-P-22,2,1,3.21222,0.0414,0.0414,12.89035,0.0,785.0401,0.0,0.02,5302.0,1.11,1.13,0.24,0.5068052817853751,0.0,0.0,60.90137971428239,0.5
HAT-P-23,1,1,1.212884,0.0232,0.0232,15.334,0.0,664.237,0.0,0.106,5905.0,1.203,1.13,0.15,0.08381926700927465,0.0,0.0,43.317920959958265,1.0
HAT-P-24,2,1,3.35524,0.04651,0.04651,14.5717,0.0,238.3725,0.0,0.07,6373.0,1.38,1.37,-0.16,0.5257235906593365,0.0,0.0,16.358592339946608,0.5
HAT-P-25,1,1,3.65281514,0.0466,0.0466,12.722215,0.0,180.84527,0.0,0.023,5519.0,0.919,1.012,0.294,0.5626276941912842,0.0,0.0,14.214920122007056,1.0
HAT-P-26,1,1,4.23452,0.04748,0.04748,7.06167,0.0,22.2481,0.0,0.12,5079.0,0.87,1.12,-0.04,0.6268041884174136,0.0,0.0,3.150543709915643,1.0
HAT-P-27,2,1,3.039577,0.04,0.04,11.43,0.0,197.05,0.0,0.0,5316.0,0.864673,0.916,0.3,0.4828131496127236,0.0,0.0,17.239720034995628,0.5
HAT-P-28,1,1,3.257215,0.0434,0.0434,13.585,0.0,198.953,0.0,0.051,5680.0,1.103,1.025,0.12,0.5128464261214837,0.0,0.0,14.64504968715495,1.0
HAT-P-29,2,1,5.72319,0.0667,0.0667,13.11453,0.0,279.6904,0.0,0.09,6087.0,1.3,1.45,0.21,0.7576381639726653,0.0,0.0,21.326757420967432,0.5
HAT-P-3,2,1,2.8997,0.03866,0.03866,10.53646,0.0,206.5895,0.0,0.0,5185.0,0.87,1.06,0.27,0.4623530685596154,0.0,0.0,19.60710713085799,0.5
HAT-P-30,2,1,2.8106,0.0419,0.0419,16.14096,0.0,263.7989,0.0,0.04,6304.0,1.31,1.55,0.13,0.4487990419241283,0.0,0.0,16.3434454951874,0.5
HAT-P-31,1,1,5.00542,0.061,0.061,12.21781,0.0,721.4741,0.0,0.25,6065.0,1.39,1.31,0.15,0.6994405245784795,0.0,0.0,59.05101650786843,1.0
HAT-P-32,2,1,2.1500082,0.03397,0.03397,22.19382,0.0,216.1244,0.0,0.159,6001.0,1.367,1.132,-0.16,0.33244011629140086,0.0,0.0,9.738044194284717,0.5
HAT-P-33,2,1,3.47447,0.04995,0.04995,20.73665,0.0,292.4036,0.0,0.0,6446.0,1.79,1.82,0.05,0.5408885661548551,0.0,0.0,14.100811847622445,0.5
HAT-P-34,1,1,5.452654,0.06774,0.06774,13.417173,0.0,1058.3739,0.0,0.432,6442.0,1.53,1.392,0.22,0.7366079402582087,0.0,0.0,78.88203424074506,1.0
HAT-P-35,3,1,3.646706,0.04978,0.04978,14.930388,0.0,335.62848,0.0,0.02,6096.0,1.435,1.236,0.11,0.5619007515988181,0.0,0.0,22.479555119398103,0.3333333333333333
HAT-P-36,1,1,1.32734683,0.0241,0.0241,14.313893,0.0,587.413406,0.0,0.063,5620.0,1.041,1.03,0.25,0.12298441696725079,0.0,0.0,41.03799057321443,1.0
HAT-P-37,1,1,2.797436,0.0379,0.0379,13.204,0.0,371.528,0.0,0.058,5500.0,0.877,0.929,0.03,0.4467601594846465,0.0,0.0,28.13753408058164,1.0
HAT-P-38,1,1,4.640382,0.0523,0.0523,9.247,0.0,84.857,0.0,0.067,5330.0,0.923,0.886,0.06,0.6665537334995723,0.0,0.0,9.176705958689304,1.0
HAT-P-39,2,1,3.54387,0.0509,0.0509,17.609,0.0,190.372,0.0,0.0,6430.0,1.625,1.404,0.19,0.5494777822561627,0.0,0.0,10.81106252484525,0.5
HAT-P-4,2,1,3.056536,0.04438,0.04438,14.28,0.0,213.255,0.0,0.0,5860.0,1.596,1.248,0.24,0.4852295152932375,0.0,0.0,14.933823529411764,0.5
HAT-P-40,1,1,4.45724,0.0608,0.0608,17.03768,0.0,152.5584,0.0,0.0,6080.0,1.94,1.03,0.22,0.6490660192935932,0.0,0.0,8.95417685976025,1.0
HAT-P-41,2,1,2.69405,0.04258,0.04258,22.97845,0.0,378.2177,0.0,0.0,6390.0,2.05,2.56,0.21,0.4304056517145791,0.0,0.0,16.459669821071483,0.5
HAT-P-42,1,1,4.641878,0.0575,0.0575,14.348,0.0,331.801,0.0,0.0,5743.0,1.53,1.178,0.27,0.6666937219400065,0.0,0.0,23.125243936437133,1.0
HAT-P-43,1,1,3.3326414,0.0444,0.0444,13.63,0.0,210.395,0.0,0.0,5693.0,1.08,1.03,0.2,0.5227885850737325,0.0,0.0,15.436170212765957,1.0
HAT-P-44,1,2,438.2506095,0.0507,1.752,13.461,0.6519524522539972,691.5855,819.8401082043376,0.269,5295.0,0.949,0.942,0.33,2.6417225287642414,1.7013,1.1755716217010521,51.37697793626031,2.0
HAT-P-45,1,1,3.128992,0.0452,0.0452,15.984,0.0,283.492,0.0,0.049,6330.0,1.319,1.259,0.07,0.49540445277217715,0.0,0.0,17.735985985985987,1.0
HAT-P-46,1,1,4.463129,0.0577,0.0577,14.392,0.0,156.684,0.0,0.123,6120.0,1.396,1.284,0.3,0.649639439647725,0.0,0.0,10.886881600889383,1.0
HAT-P-49,1,1,2.69155,0.04378,0.04378,17.82231,0.0,699.226,0.0,0.0,6820.0,2.06,2.22,0.07,0.43000245196608544,0.0,0.0,39.23318582159102,1.0
HAT-P-5,1,1,2.78849,0.04073,0.04073,13.56289,0.0,311.4734,0.0,0.0,5960.0,1.12,1.04,0.24,0.44536909137640307,0.0,0.0,22.965120265666098,1.0
HAT-P-50,1,1,3.1220109,0.0453,0.0453,14.437192,0.0,429.0705,0.0,0.115,6280.0,1.698,1.273,-0.18,0.4944344149985284,0.0,0.0,29.71980285362971,1.0
HAT-P-51,1,1,4.21802091,0.05042,0.05042,13.50682174,0.0,97.57332095,0.0,0.07,5453.0,0.995,0.961,0.302,0.625108728337348,0.0,0.0,7.2240030133099244,1.0
HAT-P-52,1,1,2.7535953,0.03694,0.03694,11.309881,0.0,259.98494,0.0,0.047,5131.0,0.893,0.887,0.28,0.43990011170450233,0.0,0.0,22.98741604796726,1.0
HAT-P-53,1,1,1.9616241,0.03159,0.03159,14.773462,0.0,471.65972,0.0,0.134,5956.0,1.209,1.093,0.0,0.29261578849937286,0.0,0.0,31.926147033105714,1.0
HAT-P-54,1,1,3.799847,0.04117,0.04117,10.581296,0.0,241.5508,0.0,0.074,4390.0,0.617,0.645,-0.127,0.5797661101974809,0.0,0.0,22.828092135405722,1.0
HAT-P-55,1,1,3.5852313,0.04628,0.04628,14.84069045,0.0,189.42573057,0.0,0.17,5804.0,1.105,1.028,0.003,0.554517179271119,0.0,0.0,12.763943241603021,1.0
HAT-P-56,1,1,2.79083,0.0423,0.0423,16.92559,0.0,734.1873,0.0,0.29,6566.0,1.47,1.42,0.0,0.4457333827765165,0.0,0.0,43.37735346301075,1.0
HAT-P-57,3,1,2.4653,0.0406,0.0406,19.50366,0.0,448.1403,0.0,0.0,6330.0,1.85,2.77,-0.25,0.3918697757093613,0.0,0.0,22.977241194729604,0.3333333333333333
HAT-P-58,1,1,4.0138379,0.04994,0.04994,14.93036229,0.0,118.2321674,0.0,0.073,6078.0,1.53,1.031,-0.224,0.6035598293978439,0.0,0.0,7.918908135215786,1.0
HAT-P-59,1,1,4.1419771,0.05064,0.05064,12.58768533,0.0,489.45574678,0.0,0.03,5678.0,1.1038,1.008,0.217,0.6172076934538296,0.0,0.0,38.88369735565991,1.0
HAT-P-6,1,1,3.85298,0.05239,0.05239,16.58932,0.0,419.5356,0.0,0.0,6570.0,1.62,1.79,-0.13,0.5857967546885313,0.0,0.0,25.289499509322862,1.0
HAT-P-60,1,1,4.7947813,0.06277,0.06277,18.28184752,0.0,182.43350562,0.0,0.25,6212.0,2.197,1.435,0.037,0.6807688028790949,0.0,0.0,9.978942523200741,1.0
HAT-P-61,1,1,1.90231289,0.0301,0.0301,10.07687365,0.0,335.9446262,0.0,0.113,5587.0,0.938,1.004,0.194,0.2792819506795334,0.0,0.0,33.338179862957794,1.0
HAT-P-62,1,1,2.6453235,0.03772,0.03772,12.02723629,0.0,241.86741773,0.0,0.101,5629.0,1.17,1.023,0.414,0.42247879004754996,0.0,0.0,20.10997471888864,1.0
HAT-P-63,1,1,3.377728,0.04294,0.04294,12.5428494,0.0,195.1466419,0.0,0.069,5400.0,0.9661,0.925,0.251,0.5286246739930626,0.0,0.0,15.558397910764997,1.0
HAT-P-64,1,1,4.007232,0.05387,0.05387,19.08889413,0.0,184.34047606,0.0,0.101,6457.0,1.735,1.298,-0.113,0.6028444867808619,0.0,0.0,9.656948946575774,1.0
HAT-P-65,1,1,2.60544751,0.04042,0.04042,18.05766791,0.0,176.07693748,0.0,0.304,5872.0,1.666,1.297,0.208,0.4158823281851895,0.0,0.0,9.75081269395213,1.0
HAT-P-66,1,1,2.972086,0.04363,0.04363,17.82231,0.0,248.86089,0.0,0.09,6002.0,1.881,1.255,0.035,0.4730613719744967,0.0,0.0,13.963447499229897,1.0
HAT-P-67,2,1,4.8101069,0.06505,0.06505,23.9872187,0.0,143.02278315,0.0,0.0,6640.0,2.62,1.73,0.14,0.6821547282582858,0.0,0.0,5.962457963081815,0.5
HAT-P-68,1,1,2.29840551,0.02996,0.02996,12.016048,0.0,230.10892,0.0,0.041,4508.0,0.6701,0.6785,-0.059,0.361426654125436,0.0,0.0,19.150133221837997,1.0
HAT-P-69,1,1,4.7869491,0.06555,0.06555,18.786284,0.0,1137.8314,0.0,0.0,7394.0,1.926,1.648,-0.069,0.6800588096196855,0.0,0.0,60.5671350438437,1.0
HAT-P-7,3,1,2.20474,0.03809,0.03809,16.92559,0.0,584.8072,0.0,0.0,6389.0,2.0,1.56,0.26,0.3433573814578117,0.0,0.0,34.551658169670894,0.3333333333333333
HAT-P-70,1,1,2.74432452,0.04739,0.04739,20.96083,0.0,2154.8874,0.0,0.0,8450.0,1.858,1.89,-0.059,0.43843546596763355,0.0,0.0,102.80544234173932,1.0
HAT-P-8,3,1,3.07634,0.04496,0.04496,15.6926,0.0,406.8224,0.0,0.0,6200.0,1.57,1.27,0.01,0.488034332418008,0.0,0.0,25.924473955877293,0.3333333333333333
HAT-P-9,1,1,3.92281072,0.05287,0.05287,15.614137,0.0,238.05467,0.0,0.084,6350.0,1.338,1.281,0.12,0.5935973534411081,0.0,0.0,15.246098455521429,1.0
HATS-1,1,1,3.446459,0.0444,0.0444,14.594,0.0,589.55,0.0,0.12,5870.0,1.038,0.986,-0.06,0.537373116377378,0.0,0.0,40.39673838563793,1.0
HATS-10,1,1,3.312846,0.04491,0.04491,10.861521,0.0,167.17858,0.0,0.501,5880.0,1.105,1.101,0.15,0.5202012478636374,0.0,0.0,15.391820353705528,1.0
HATS-11,1,1,3.619188,0.0507,0.0507,18.03,0.0,263.7989,0.0,0.34,6563.0,1.54,1.33,0.03,0.5586111432745328,0.0,0.0,14.631109262340543,1.0
HATS-12,1,1,3.142702,0.0441,0.0441,7.76,0.0,759.6137,0.0,0.085,6357.0,1.17,1.16,-0.1,0.497303201923915,0.0,0.0,97.88836340206186,1.0
HATS-13,1,1,3.0440499,0.04057,0.04057,13.585308,0.0,172.58169,0.0,0.181,5523.0,0.887,0.962,0.05,0.483451767387964,0.0,0.0,12.703553721417284,1.0
HATS-14,1,1,2.7667641,0.03815,0.03815,11.646151,0.0,340.39593,0.0,0.142,5346.0,0.933,0.967,0.33,0.44197213187831785,0.0,0.0,29.22819135695562,1.0
HATS-15,1,1,1.74748753,0.02712,0.02712,12.385945,0.0,689.6911,0.0,0.126,5311.0,0.922,0.871,0.0,0.24241408532100242,0.0,0.0,55.68336529832807,1.0
HATS-16,1,1,2.686502,0.03744,0.03744,14.5717,0.0,1039.3041,0.0,0.0,5738.0,1.238,0.97,-0.1,0.4291871682207896,0.0,0.0,71.32346260216723,1.0
HATS-17,1,1,16.254611,0.1308,0.1308,8.709393,0.0,425.25654,0.0,0.029,5846.0,1.091,1.131,0.3,1.2109765805639228,0.0,0.0,48.82734537297834,1.0
HATS-18,1,1,0.83784,0.0174,0.0174,14.896761,0.0,629.144485,0.0,0.166,5600.0,1.02,1.037,0.28,-0.07683890947421514,0.0,0.0,42.233642937548645,1.0
HATS-2,1,1,1.35413379,0.02317,0.02317,12.57647635,0.0,435.42491759,0.0,0.0,5227.0,0.876,0.904,0.15,0.13166157527102723,0.0,0.0,34.6221712244543,1.0
HATS-22,1,1,4.7228124,0.05025,0.05025,10.682177,0.0,870.8542,0.0,0.079,4803.0,0.689,0.759,0.0,0.6742006948329067,0.0,0.0,81.52403765636912,1.0
HATS-23,1,1,2.1605156,0.03397,0.03397,20.84874,0.0,467.2101,0.0,0.114,5780.0,1.199,1.121,0.28,0.3345574064812958,0.0,0.0,22.409512517303206,1.0
HATS-24,1,1,1.3484978,0.0238,0.0238,15.636555,0.0,718.2958,0.0,0.0,6125.0,1.12,1.07,-0.229,0.12985024226192482,0.0,0.0,45.936959899415186,1.0
HATS-25,1,1,4.2986432,0.05163,0.05163,14.12334,0.0,194.82979,0.0,0.176,5715.0,1.107,0.994,0.02,0.6333313988965189,0.0,0.0,13.794880672702066,1.0
HATS-26,1,1,3.3023881,0.04735,0.04735,19.61575,0.0,206.5895,0.0,0.245,6071.0,2.04,1.299,-0.02,0.5188281106542046,0.0,0.0,10.53181754457515,1.0
HATS-27,1,1,4.637038,0.0611,0.0611,16.8135,0.0,168.4499,0.0,0.581,6438.0,1.74,1.415,0.09,0.6662406549043641,0.0,0.0,10.018728997531746,1.0
HATS-28,1,1,3.1810781,0.04131,0.04131,13.383546,0.0,213.58176,0.0,0.202,5498.0,0.922,0.929,0.01,0.5025743317866028,0.0,0.0,15.958532962788786,1.0
HATS-29,1,1,4.6058749,0.05475,0.05475,14.022459,0.0,207.54299,0.0,0.158,5670.0,1.073,1.032,0.16,0.6633121379318357,0.0,0.0,14.800755701977806,1.0
HATS-3,1,1,3.547851,0.0485,0.0485,15.48,0.0,340.382,0.0,0.0,6351.0,1.404,1.209,-0.157,0.5499653723669596,0.0,0.0,21.988501291989664,1.0
HATS-30,2,1,3.1743516,0.04354,0.04354,13.170575,0.0,224.38798,0.0,0.096,5943.0,1.061,1.093,0.06,0.5016550287461454,0.0,0.0,17.03706785770553,0.5
HATS-31,1,1,3.37796,0.0478,0.0478,18.38276,0.0,279.6904,0.0,0.233,6050.0,1.87,1.275,0.0,0.5286545025819024,0.0,0.0,15.214820843007253,1.0
HATS-32,1,1,2.8126548,0.04024,0.04024,14.000041,0.0,292.4036,0.0,0.471,5700.0,1.097,1.099,0.39,0.44911643402990076,0.0,0.0,20.88591026269137,1.0
HATS-33,1,1,2.5495551,0.03727,0.03727,13.78707,0.0,378.85336,0.0,0.08,5659.0,1.022,1.062,0.29,0.40646440220950225,0.0,0.0,27.47888855282522,1.0
HATS-34,1,1,2.1061607,0.03166,0.03166,16.02887,0.0,299.07803,0.0,0.108,5380.0,0.98,0.955,0.25,0.3234915047700014,0.0,0.0,18.65870956592698,1.0
HATS-35,1,1,1.8209993,0.03199,0.03199,16.409976,0.0,388.38826,0.0,0.306,6300.0,1.433,1.317,0.21,0.26030977885027656,0.0,0.0,23.667814017522023,1.0
HATS-36,1,1,4.175186,0.0523,0.0523,12.92,0.0,1022.14128,0.0,0.105,5950.0,1.1,1.1,0.15,0.6206758275978973,0.0,0.0,79.11310216718266,1.0
HATS-37 A,2,1,4.3315366,0.04913,0.04913,6.792654,0.0,31.46517,0.0,0.0,5326.0,0.877,0.843,0.051,0.6366419883900817,0.0,0.0,4.632235058638347,0.5
HATS-38,1,1,4.375021,0.05036,0.05036,6.882326,0.0,23.51942,0.0,0.0,5732.0,1.105,0.89,-0.102,0.6409801419668422,0.0,0.0,3.4173650013091503,1.0
HATS-39,1,1,4.5776348,0.06007,0.06007,17.59813,0.0,200.2329,0.0,0.275,6572.0,1.621,1.379,0.0,0.6606411420582082,0.0,0.0,11.37807823899471,1.0
HATS-4,1,1,2.516729,0.0362,0.0362,11.433,0.0,420.471,0.0,0.013,5403.0,0.925,1.001,0.43,0.40083645347407965,0.0,0.0,36.776961427446864,1.0
HATS-40,1,1,3.2642736,0.04997,0.04997,17.71022,0.0,505.3497,0.0,0.312,6460.0,2.26,1.561,0.01,0.5137865526524261,0.0,0.0,28.534354739805604,1.0
HATS-41,1,1,4.193649,0.0583,0.0583,14.90797,0.0,3082.951,0.0,0.38,6424.0,1.71,1.496,0.47,0.6225920780744083,0.0,0.0,206.7988465230343,1.0
HATS-42,1,1,2.292102,0.03689,0.03689,15.6926,0.0,597.5204,0.0,0.229,6060.0,1.48,1.273,0.22,0.36023394010664994,0.0,0.0,38.07657112269477,1.0
HATS-43,1,1,4.3888497,0.04944,0.04944,13.22662,0.0,82.95363,0.0,0.173,5099.0,0.812,0.837,0.05,0.6423507083049168,0.0,0.0,6.271717944569361,1.0
HATS-44,1,1,2.7439004,0.03649,0.03649,11.960003,0.0,177.9848,0.0,0.279,5080.0,0.847,0.86,0.32,0.43836834299847083,0.0,0.0,14.881668507942683,1.0
HATS-45,1,1,4.1876244,0.05511,0.05511,14.414774,0.0,222.481,0.0,0.24,6450.0,1.315,1.272,0.02,0.6219677216403818,0.0,0.0,15.434234348731378,1.0
HATS-46,1,1,4.7423729,0.05367,0.05367,10.121727,0.0,54.98459,0.0,0.559,5495.0,0.853,0.917,-0.06,0.6759957002210412,0.0,0.0,5.432332842014016,1.0
HATS-47,1,1,3.9228038,0.04269,0.04269,12.520453,0.0,117.27927,0.0,0.088,4512.0,0.6564,0.674,-0.113,0.5935965873270435,0.0,0.0,9.367014915514638,1.0
HATS-48 A,2,1,3.1316666,0.03769,0.03769,8.9672,0.0,77.23269,0.0,0.162,4546.0,0.7152,0.7279,0.186,0.4957755204716561,0.0,0.0,8.61279886698189,0.5
HATS-49,1,1,4.1480467,0.04515,0.04515,8.574885,0.0,112.19399,0.0,0.071,4405.0,0.6977,0.7133,0.208,0.6178436371668916,0.0,0.0,13.084022701179082,1.0
HATS-5,1,1,4.763387,0.0542,0.0542,10.223,0.0,75.323,0.0,0.019,5304.0,0.871,0.936,0.19,0.6779158670746458,0.0,0.0,7.367993739606768,1.0
HATS-52,1,1,1.36665436,0.02498,0.02498,15.490838,0.0,711.9392,0.0,0.246,6010.0,1.046,1.111,-0.2843,0.13565869121361818,0.0,0.0,45.95872734580273,1.0
HATS-54,1,1,2.5441765,0.037,0.037,11.37711541,0.0,239.32479047,0.0,0.0,5621.0,1.23,1.05,0.37,0.40554723681801463,0.0,0.0,21.035630020914063,1.0
HATS-55,1,1,4.2042001,0.05412,0.05412,14.022459,0.0,292.72143,0.0,0.092,6214.0,1.126,1.1955,0.108,0.6236833782072339,0.0,0.0,20.875185300951852,1.0
HATS-56,1,1,4.324799,0.06043,0.06043,18.920792,0.0,191.33366,0.0,0.019,6536.0,2.201,1.573,0.19,0.6359659279350858,0.0,0.0,10.112349419622605,1.0
HATS-57,1,1,2.350621,0.03493,0.03493,12.767051,0.0,1000.21101,0.0,0.028,5587.0,0.96,1.026,0.268,0.37118261173774547,0.0,0.0,78.34315144507529,1.0
HATS-59,1,2,713.7080405,0.06112,2.504,12.460667,0.22721745042579758,2146.30599,2673.0545658582055,0.10600000000000001,5670.0,1.036,1.038,0.18,2.853520589464105,2.44288,0.818705789887346,172.24647685392762,2.0
HATS-6,1,1,3.3252725,0.03623,0.03623,11.186582,0.0,101.38777,0.0,0.0,3724.0,0.57,0.574,0.2,0.521827240735995,0.0,0.0,9.063337666500814,1.0
HATS-60,1,1,3.560829,0.04708,0.04708,12.923977,0.0,210.40346,0.0,0.191,5688.0,1.46,1.097,0.335,0.5515511182573601,0.0,0.0,16.280086230422725,1.0
HATS-61,1,1,7.817953,0.07908,0.07908,13.394755,0.0,1080.622,0.0,0.092,5542.0,1.664,1.076,0.247,0.8930930552108349,0.0,0.0,80.67501047984827,1.0
HATS-62,1,1,3.2768837,0.04163,0.04163,11.825495,0.0,56.89157,0.0,0.298,5416.0,0.933,0.896,0.133,0.5154610280944498,0.0,0.0,4.810925039501518,1.0
HATS-63,1,1,3.0566527,0.04026,0.04026,13.529263,0.0,305.1168,0.0,0.136,5627.0,1.07,0.931,0.081,0.4852460965468292,0.0,0.0,22.552359282246194,1.0
HATS-64,1,1,4.908897,0.06562,0.06562,18.819911,0.0,305.1168,0.0,0.151,6554.0,2.113,1.564,0.22,0.6909839196938954,0.0,0.0,16.212446488190086,1.0
HATS-65,2,1,3.105161,0.04497,0.04497,16.824709,0.0,260.93843,0.0,0.062,6277.0,1.31,1.257,0.199,0.49208412290192965,0.0,0.0,15.509238822496128,0.5
HATS-66,1,1,3.1414391,0.04714,0.04714,15.815899,0.0,1694.0339,0.0,0.064,6626.0,1.841,1.411,-0.017,0.4971286448922215,0.0,0.0,107.1095547587905,1.0
HATS-67,1,1,1.6091788,0.03032,0.03032,18.887165,0.0,460.8535,0.0,0.057,6594.0,1.441,1.435,0.332,0.20660430235829358,0.0,0.0,24.400353361661214,1.0
HATS-68,1,1,3.5862202,0.05071,0.05071,13.809488,0.0,410.0007,0.0,0.036,6147.0,1.748,1.351,0.21,0.5546369524623276,0.0,0.0,29.689782850747253,1.0
HATS-69,1,1,2.2252577,0.03211,0.03211,10.592505,0.0,183.38791,0.0,0.519,5137.0,0.8785,0.892,0.377,0.34738031248878,0.0,0.0,17.312987815441204,1.0
HATS-7,1,1,3.185315,0.04012,0.04012,6.310667,0.0,38.1396,0.0,0.17,4985.0,0.815,0.849,0.25,0.5031523867490062,0.0,0.0,6.043671770353277,1.0
HATS-70,1,1,1.8882378,0.03632,0.03632,15.513256,0.0,4100.007,0.0,0.18,7930.0,1.881,1.78,0.041,0.2760566873796403,0.0,0.0,264.2905525442241,1.0
HATS-71,1,1,3.7955202,0.03745,0.03745,11.478016,0.0,117.5971,0.0,0.0,3405.0,0.4783,0.4861,0.17,0.5792713071107873,0.0,0.0,10.24542046290927,1.0
HATS-72,1,1,7.3279474,0.066517,0.066517,8.0973816,0.0,39.855882,0.0,0.013,4656.1,0.7214,0.7311,0.099,0.8649823433055726,0.0,0.0,4.922070364079174,1.0
HATS-74 A,2,1,1.73185606,0.02384,0.02384,11.56766808,0.0,464.02947422,0.0,0.044,3776.9,0.5758,0.601,0.514,0.23851179360196753,0.0,0.0,40.1143489777587,0.5
HATS-75,1,1,2.7886556,0.032742,0.032742,9.90873894,0.0,156.05374784,0.0,0.064,3790.4,0.5848,0.6017,0.522,0.4453948820483283,0.0,0.0,15.74910276524048,1.0
HATS-76,1,1,1.9416423,0.02658,0.02658,12.09449018,0.0,835.570882,0.0,0.062,4016.0,0.6259,0.662,0.322,0.288169224828037,0.0,0.0,69.08690400044627,1.0
HATS-77,1,1,3.0876262,0.03607,0.03607,13.05846252,0.0,436.69623122,0.0,0.045,4071.0,0.6428,0.655,0.253,0.489624717472102,0.0,0.0,33.44162687997668,1.0
HATS-8,1,1,3.583893,0.04667,0.04667,9.785457,0.0,43.86054,0.0,0.376,5679.0,1.086,1.056,0.21,0.5543550349735561,0.0,0.0,4.48221682441607,1.0
HATS-9,1,1,1.915291,0.0312,0.0312,13.85,0.0,266.02371,0.0,0.075,5599.0,1.56,1.1,0.38,0.2822347679093358,0.0,0.0,19.2074880866426,1.0
HD 100508,1,1,5681.0,6.11,6.11,13.7,0.0,381.3940884,0.0,0.42,5419.0,1.0179,0.94,0.33,3.7544247892772584,0.0,0.0,27.838984554744528,1.0
HD 100655,2,1,157.57001,0.68,0.68,13.5,0.0,511.7063,0.0,0.09,4891.0,10.06,2.28,0.07,2.197473562576779,0.0,0.0,37.90417037037037,0.5
HD 100777,1,1,383.0,1.06,1.06,13.7,0.0,390.92894061,0.0,0.38,5533.0,1.04,1.08,-0.27,2.583198773968623,0.0,0.0,28.53495916861314,1.0
HD 10180,1,6,500.713115,0.06412,3.381,6.676666666666667,2.3596680557513454,1587.7010169516668,1711.8772510729202,0.122,5911.0,1.109,1.06,0.08,2.6995889668683235,3.31688,1.808928872916717,237.79845486045934,6.0
HD 101930,2,1,70.46,0.3,0.3,10.6,0.0,79.4575,0.0,0.11,5108.0,0.86,0.57,0.15,1.8479426388452236,0.0,0.0,7.495990566037736,0.5
HD 102117,1,1,20.8133,0.15,0.15,8.47,0.0,54.0311,0.0,0.12,5655.0,1.23,1.06,0.28,1.3183409441312721,0.0,0.0,6.379114521841794,1.0
HD 102195,1,1,4.11377,0.05,0.05,14.2,0.0,130.3103,0.0,0.0,5301.0,0.82,0.76,0.04,0.6142400067259545,0.0,0.0,9.176781690140846,1.0
HD 102272,1,1,127.58,0.51,0.51,12.9,0.0,1570.0802,0.0,0.05,4790.0,10.3,1.45,-0.41,2.1057825978144415,0.0,0.0,121.71164341085272,1.0
HD 102329,1,2,950.54999,1.81,1.81,13.05,0.6363961030678924,1538.2972,1492.2719284764155,0.2095,4745.0,9.82,3.21,0.05,2.9779749616120452,0.0,0.0,117.87718007662835,2.0
HD 102843,1,1,3090.942,4.074,4.074,13.1,0.0,113.9,0.0,0.11,5436.0,0.961488,0.95,0.16,3.49009085581831,0.0,0.0,8.694656488549619,1.0
HD 102888,1,1,252.06,1.05,1.05,12.8,0.0,1808.44363583,0.0,0.11,4990.0,8.6,2.42,0.07,2.401503931921636,0.0,0.0,141.28465904921873,1.0
HD 102956,2,1,6.4947,0.0807,0.0807,13.8,0.0,305.1168,0.0,0.037,4985.0,4.55,1.66,0.19,0.8125590951544459,0.0,0.0,22.10991304347826,0.5
HD 103197,1,1,47.84,0.25,0.25,5.83,0.0,28.6047,0.0,0.0,5250.0,0.88,0.8,0.22,1.6797911709803544,0.0,0.0,4.906466552315609,1.0
HD 103720,1,1,4.5557,0.0498,0.0498,14.1,0.0,197.046,0.0,0.086,5017.0,0.73,0.794,-0.02,0.6585551173749462,0.0,0.0,13.974893617021277,1.0
HD 103774,2,1,5.8881,0.07,0.07,13.3,0.0,116.0,0.0,0.09,6489.0,1.581047,1.335,0.28,0.769975177192112,0.0,0.0,8.721804511278195,0.5
HD 103891,1,1,1919.0,3.27,3.27,13.2,0.0,918.52409623,0.0,0.31,6072.0,2.22,1.28,-0.19,3.2830749747354715,0.0,0.0,69.58515880530304,1.0
HD 103949,1,1,120.878,0.439,0.439,3.35,0.0,11.2,0.0,0.19,4792.0,0.753113,0.77,-0.07,2.0823472657241737,0.0,0.0,3.343283582089552,1.0
HD 104067,1,2,34.8751,0.1058,0.2674,6.444999999999999,3.8961583643378765,37.65,34.57752160002217,0.2065,4952.0,0.78,0.82,0.11,1.5425154615687056,0.16160000000000002,12.376237623762375,5.841737781225757,2.0
HD 10442,1,1,1032.3,2.01,2.01,13.6,0.0,472.61321,0.0,0.132,4912.0,1.97,1.01,0.11,3.0138059273405924,0.0,0.0,34.75097132352941,1.0
HD 104985,1,1,199.68,0.715,0.715,12.8,0.0,1766.80811451,0.0,0.047,4738.0,11.12,1.22,-0.32,2.30033456800233,0.0,0.0,138.03188394609373,1.0
HD 105779,1,1,2412.0,3.38,3.38,14.1,0.0,203.41018048,0.0,0.0,5792.0,0.94,0.89,-0.25,3.3823773034681137,0.0,0.0,14.426253934751774,1.0
HD 106252,1,1,1535.0,2.655,2.655,12.5,0.0,3178.28407,0.0,0.48,5874.0,1.05,1.05,-0.06,3.1861083798132053,0.0,0.0,254.2627256,1.0
HD 106270,1,1,1888.0,3.34,3.34,12.4,0.0,3623.2438398,0.0,0.185,5509.0,2.66,1.39,0.06,3.27600198996205,0.0,0.0,292.1970838548387,1.0
HD 106315,1,2,15.304705,0.0907,0.1536,3.3949999999999996,1.3505739520663058,13.899999999999999,1.838477631085024,0.1565,6327.0,1.296,1.091,-0.311,1.184824962936497,0.06289999999999998,31.796502384737686,4.0942562592047125,2.0
HD 10647,1,1,989.2,2.015,2.015,13.8,0.0,298.75,0.0,0.15,6218.0,1.1,1.11,0.0,2.9952841076892596,0.0,0.0,21.64855072463768,1.0
HD 106515 A,2,1,3626.0,4.48,4.48,12.1,0.0,6006.9568923,0.0,0.571,5362.0,0.91,0.89,0.03,3.5594277997594896,0.0,0.0,496.4427183719008,0.5
HD 10697,1,1,1075.3799,2.051,2.051,12.8,0.0,1825.2885414,0.0,0.104,5641.0,1.863076,0.99,0.17,3.031561914788798,0.0,0.0,142.600667296875,1.0
HD 107148,2,2,33.19135,0.1407,0.269,7.15,3.4648232278140827,43.318529139999995,33.124375954500614,0.195,5797.0,1.169193,1.12,0.314,1.5210249169348797,0.12830000000000003,15.588464536243176,6.058535544055943,1.0
HD 108147,1,1,10.8985,0.102,0.102,10.9,0.0,82.95,0.0,0.53,6255.73,1.20664,1.22,0.1803,1.0373667285322805,0.0,0.0,7.610091743119266,1.0
HD 108202,1,1,2990.0,3.7,3.7,13.1,0.0,953.485221,0.0,0.52,4556.03,0.66355,0.74,0.3048,3.4756711883244296,0.0,0.0,72.7851313740458,1.0
HD 108236,1,5,14.661254399999999,0.04527,0.1758,2.265,0.5625477757488693,5.918,2.5035215197796887,0.0486,5660.0,0.877,0.869,-0.28,1.1661711296292636,0.13053,38.30537041293189,2.61280353200883,5.0
HD 108341,2,1,1129.0,2.0,2.0,13.3,0.0,715.11391575,0.0,0.85,5122.0,0.79,0.843,0.04,3.052693941924968,0.0,0.0,53.76796359022556,0.5
HD 108863,1,1,437.7,1.32,1.32,13.3,0.0,767.24162,0.0,0.032,4878.0,5.74,1.59,0.2,2.641176546613114,0.0,0.0,57.68733984962406,1.0
HD 108874,1,2,1009.2406149999999,1.04,2.659,13.7,0.1414213562373109,382.97929999999997,96.64636490308365,0.1845,5600.0,1.05,1.1,0.26,3.003994719565965,1.6189999999999998,1.2353304508956147,27.954693430656935,2.0
HD 109246,1,1,68.27,0.33,0.33,13.9,0.0,273.3338,0.0,0.12,5844.0,1.07,1.2,0.1,1.8342299028516773,0.0,0.0,19.66430215827338,1.0
HD 109271,1,2,19.39215,0.079,0.196,4.789999999999999,0.6788225099390859,20.658,4.944090614056339,0.2,5783.0,1.294595,1.047,0.1,1.2876259618055166,0.117,17.094017094017094,4.312734864300627,2.0
HD 109286,1,1,520.1,1.259,1.259,13.2,0.0,950.30693693,0.0,0.338,5694.0,1.089,0.98,0.05,2.716086853774832,0.0,0.0,71.99294976742425,1.0
HD 109749,2,1,5.239891,0.0615,0.0615,11.1,0.0,85.8141,0.0,0.0,5824.0,1.22,1.13,0.24,0.7193222529014964,0.0,0.0,7.731,0.5
HD 10975,1,1,283.8,0.95,0.95,14.3,0.0,143.02278315,0.0,0.442,4840.0,11.16,1.41,-0.21,2.4530123911214554,0.0,0.0,10.001593227272727,1.0
HD 109988,1,1,17132.15854,12.518,12.518,12.1,0.0,6935.33366915,0.0,0.056,5185.97,0.869694,0.88,0.14,4.233812084679037,0.0,0.0,573.1680718305785,1.0
HD 110014,1,1,835.477,2.14,2.14,12.4,0.0,3524.59,0.0,0.462,4445.0,20.9,2.17,0.19,2.9219344986213027,0.0,0.0,284.2411290322581,1.0
HD 110082,2,1,10.18271,0.113,0.113,3.2,0.0,10.3,0.0,0.2,6200.0,1.19,1.21,0.08,1.0078633753895851,0.0,0.0,3.21875,0.5
HD 110113,1,2,4.6425,0.035,0.068,2.081924085,0.045147473973351476,7.525,4.2072853480599575,0.069,5732.0,0.968,0.997,0.14,0.6667519124118181,0.033,60.6060606060606,3.614444952251946,2.0
HD 110537,1,1,24469.67342,16.714,16.714,11.9,0.0,8612.83200129,0.0,0.401,5718.0,1.16626,1.02,0.09,4.388628173158967,0.0,0.0,723.7673950663866,1.0
HD 11112,1,1,17244.90764,13.38,13.38,12.6,0.0,2598.56505563,0.0,0.285,5905.64,1.47368,1.07,0.1869,4.2366608727222115,0.0,0.0,206.23532187539683,1.0
HD 111232,1,2,13820.789125000001,2.148,17.25,12.399999999999999,0.2828427124746186,4136.2188887,2269.4106033705925,0.386,5512.0,0.9,0.96,-0.36,4.140532840639404,15.102,0.13243279035889285,333.5660394112904,2.0
HD 111591,1,1,1056.4,2.5,2.5,12.9,0.0,1398.452,0.0,0.26,4884.0,8.03,1.94,0.07,3.0238283925348863,0.0,0.0,108.40713178294574,1.0
HD 111998,1,1,810.0,1.91,1.91,12.9,0.0,1525.5763536,0.0,0.13,6557.0,1.45,1.4,0.07,2.90848501887865,0.0,0.0,118.2617328372093,1.0
HD 112300,1,1,466.63,1.33,1.33,12.2,0.0,5031.22368281,0.0,0.36,3657.0,65.8,1.4,-0.06,2.6689726564800895,0.0,0.0,412.3953838368853,1.0
HD 112570,1,1,2615.0,3.9,3.9,13.1,0.0,1086.97315194,0.0,0.2,4750.0,9.85,1.15,-0.4,3.417471693203293,0.0,0.0,82.97504976641221,1.0
HD 112640,1,1,613.2,1.7,1.7,12.9,0.0,1589.15,0.0,0.24,4155.0,39.0,1.8,-0.09,2.7876021461823375,0.0,0.0,123.18992248062015,1.0
HD 113337,3,2,2873.76058,1.022,6.805,12.6,0.7071067811865476,3667.73981678,3722.121054974931,0.22200000000000003,6774.0,1.5,1.41,0.07,3.458450583173259,5.7829999999999995,0.3458412588621823,291.09046164920636,0.6666666666666666
HD 113538,1,2,1240.6,1.24,2.44,13.5,0.4242640687119295,204.99,128.09946447975494,0.17,4462.0,0.53,0.585,-0.24,3.0936317768289476,1.2,1.6666666666666667,15.184444444444445,2.0
HD 113996,2,1,610.2,1.6,1.6,12.7,0.0,2002.329,0.0,0.28,4181.0,25.11,1.49,0.13,2.785472203306388,0.0,0.0,157.66370078740158,0.5
HD 114082,1,1,109.75,0.5109,0.5109,11.2089807,0.0,2542.627256,0.0,0.395,6651.0,1.49,1.47,0.0,2.040404528914159,0.0,0.0,226.83840074771476,1.0
HD 114386,1,2,690.850005,1.05,1.73,13.5,0.141421356237309,290.812992405,244.9650978093256,0.165,4836.0,0.76,0.6,-0.05,2.8393837650702825,0.6799999999999999,2.9411764705882355,21.54170314111111,2.0
HD 114729,2,1,1121.79,2.067,2.067,13.9,0.0,262.20975,0.0,0.079,5844.0,1.473,0.936,-0.33,3.0499115642488444,0.0,0.0,18.864010791366905,0.5
HD 114783,1,2,2422.85,1.16,5.0,13.55,0.21213203435596414,476.73698665,179.7988507996771,0.097,5135.0,0.840622,0.853,0.21,3.384326527555253,3.84,0.5208333333333334,35.1835414501845,2.0
HD 11505,1,1,32669.22247,20.247,20.247,12.6,0.0,2510.52658689,0.0,0.144,5757.15,1.19568,1.03,-0.2203,4.5141387983564645,0.0,0.0,199.24814181666667,1.0
HD 11506,1,3,9447.206666666667,0.771,18.2,13.066666666666668,0.8621678104251703,1915.4458661866668,1995.6519661567122,0.299,6123.0,1.24,1.22,0.3,3.9753034160666108,17.429,0.1721269149119284,146.59024486122448,3.0
HD 115404 A,1,2,7664.860025,0.088,11.364,9.295,4.53255446740577,1655.2503436549998,2297.27819248059,0.2215,5019.17,0.727007,0.83,-0.1568,3.884504228215159,11.276000000000002,0.177367860943597,178.07964966702525,2.0
HD 115954,1,1,3700.0,5.0,5.0,12.6,0.0,2685.65003915,0.0,0.487,5957.0,1.213,1.18,0.34,3.568201724066995,0.0,0.0,213.14682850396824,1.0
HD 116029,2,2,788.5,1.65,1.65,13.649999999999999,0.07071067811865513,424.30305,29.216167274387658,0.019,4819.0,4.89,0.83,0.09,2.896801697664922,0.0,0.0,31.08447252747253,1.0
HD 117207,1,1,2621.75,3.787,3.787,13.4,0.0,669.34662514,0.0,0.157,5732.0,1.074,1.053,0.19,3.4185912766763793,0.0,0.0,49.951240682089555,1.0
HD 11755,1,1,433.70001,1.09,1.09,12.8,0.0,1789.3829,0.0,0.19,4312.0,20.58,0.72,-0.74,2.637189432162469,0.0,0.0,139.79553906249998,1.0
HD 117618,1,1,25.8,0.18,0.18,8.59,0.0,55.30242,0.0,0.15,5990.0,1.2,1.077,0.0283,1.4116197059632303,0.0,0.0,6.438,1.0
HD 118203,1,2,2554.56748895,0.0713,6.28,12.589119,0.2674546547024371,2213.674854755,2168.7277007889834,0.2868,5742.0,2.04,1.27,0.287,3.4073173807671178,6.2087,0.32212862596034597,175.8403312221451,2.0
HD 11964,2,2,991.455,0.229,3.16,9.74,6.165971131946694,111.5,122.32947314527271,0.17049999999999998,5303.0,2.00971,0.91,0.1,2.996273007300583,2.931,0.6823609689525759,11.447638603696099,1.0
HD 11977,1,1,711.0,1.93,1.93,12.7,0.0,2080.0,0.0,0.4,4970.0,10.09,1.91,-0.21,2.851869600729766,0.0,0.0,163.77952755905514,1.0
HD 120084,1,1,2142.0,4.21,4.21,12.7,0.0,2034.1018048,0.0,0.483,4879.0,10.37,2.16,0.1,3.330819466495837,0.0,0.0,160.1654964409449,1.0
HD 121504,1,1,63.33,0.33,0.33,13.6,0.0,479.9233,0.0,0.03,6027.0,1.07,1.62,0.15,1.8016094880273188,0.0,0.0,35.28847794117647,1.0
HD 12235,1,2,18170.53492,0.054,22.21,7.865,6.554879861599296,1573.0917004449998,2209.8548685856217,0.275,5986.0,1.80185,1.1,0.31,4.259367712634655,22.156000000000002,0.09026900162484201,200.01165930642082,2.0
HD 124330,1,1,270.66,0.86,0.86,14.0,0.0,238.37130525,0.0,0.34,5873.0,1.30446,1.15,0.22,2.4324240774813544,0.0,0.0,17.02652180357143,1.0
HD 12484,1,1,58.83,0.297,0.297,13.2,0.0,947.1334,0.0,0.07,5920.0,1.001848,1.01,0.05,1.7695988483874465,0.0,0.0,71.75253030303031,1.0
HD 125271,1,1,14901.99295,10.817,10.817,12.4,0.0,3465.60094993,0.0,0.165,4703.93,0.751364,0.75,-0.22,4.173244353600768,0.0,0.0,279.483947575,1.0
HD 125390,1,1,1757.39151,3.496,3.496,11.9,0.0,8646.20398403,0.0,0.597,4882.0,6.47,1.82,-0.11,3.244868523983384,0.0,0.0,726.5717633638656,1.0
HD 125612,2,3,1128.19386,0.051,3.982,9.99,5.132962107789224,1080.7225266033333,1138.9606277728349,0.23666666666666666,5900.0,1.07,1.05,0.23,3.0523837318231855,3.931,0.7631645891630628,108.18043309342676,1.5
HD 12648,1,1,133.60001,0.54,0.54,13.4,0.0,622.9468,0.0,0.04,4835.0,11.02,0.67,-0.57,2.1258064906465974,0.0,0.0,46.48856716417911,1.0
HD 126525,1,1,960.41,1.837,1.837,10.3,0.0,75.32571,0.0,0.035,5638.0,0.979,0.897,-0.1,2.982456673378127,0.0,0.0,7.31317572815534,1.0
HD 12661,1,2,985.3543099999999,0.84,2.8145,13.25,0.07071067811865576,835.8906459049999,89.89271153408826,0.20550000000000002,5645.0,1.2,1.2,0.36,2.9935924205582123,1.9745,1.0129146619397316,63.08608648339622,2.0
HD 126614,3,1,1257.25303,2.249,2.249,12.7,0.0,107.74382997,0.0,0.548,5568.0,1.369794,0.96,0.56,3.099422690950904,0.0,0.0,8.48376613937008,0.3333333333333333
HD 127506,1,1,65.78395,0.287,0.287,5.67,0.0,27.333243,0.0,0.24,4595.32,0.735766,0.73,-0.08,1.8181199471597091,0.0,0.0,4.820677777777778,1.0
HD 128311,1,2,687.2785,1.084,1.74,13.25,0.3535533905932738,883.24957,453.97429149433117,0.23099999999999998,4965.0,0.76,0.828,0.08,2.837132758171524,0.6559999999999999,3.0487804878048785,66.66034490566037,2.0
HD 128356,1,1,298.2,0.87,0.87,13.9,0.0,282.8687,0.0,0.57,4875.0,0.85,0.65,0.17,2.474507639116976,0.0,0.0,20.35026618705036,1.0
HD 128717,1,1,3420.0,4.85,4.85,12.1,0.0,6293.0024586,0.0,0.85,6210.0,1.248,1.212,0.16,3.534026106056135,0.0,0.0,520.0828478181818,1.0
HD 129445,1,1,1840.0,2.9,2.9,13.3,0.0,797.74930157,0.0,0.7,5646.0,1.175816,0.99,0.25,3.2648178230095364,0.0,0.0,59.981150493984956,1.0
HD 130322,1,1,10.70871,0.0925,0.0925,13.7,0.0,365.49,0.0,0.029,5387.0,0.85,0.92,-0.02,1.0297371577016687,0.0,0.0,26.678102189781026,1.0
HD 131496,1,1,896.0,2.01,2.01,13.4,0.0,572.094,0.0,0.181,4846.0,4.44,1.34,0.25,2.9523080096621253,0.0,0.0,42.693582089552244,1.0
HD 13167,1,1,2613.0,4.1,4.1,13.1,0.0,1052.0173,0.0,0.563,5671.0,2.39,1.35,0.19,3.4171394097273255,0.0,0.0,80.3066641221374,1.0
HD 13189,1,1,471.60001,1.25,1.25,12.4,0.0,3480.2385,0.0,0.27,4175.0,38.41,2.24,-0.37,2.6735738056320097,0.0,0.0,280.6643951612903,1.0
HD 132406,1,1,908.0,1.98,1.98,12.8,0.0,1887.90073758,0.0,0.25,5766.0,1.34,0.973,0.1293,2.958085848521085,0.0,0.0,147.4922451234375,1.0
HD 132563,3,1,1544.0,2.62,2.62,13.6,0.0,473.547,0.0,0.22,6289.0,1.29577,1.231,-0.06,3.188647295999717,0.0,0.0,34.81963235294118,0.3333333333333333
HD 133131 A,2,3,2108.5,1.44,4.49,13.95,0.4949747468305846,292.4036,224.73974826452041,0.41000000000000003,5799.0,0.955014,0.95,-0.306,3.3239736053508824,3.0500000000000003,0.983606557377049,20.96083154121864,1.5
HD 133131 B,2,3,5769.0,6.15,6.15,13.3,0.0,794.575,0.0,0.61,5805.0,0.989538,0.93,-0.281,3.7611005389581424,0.0,0.0,59.74248120300752,1.5
HD 134060,1,2,647.4171,0.0444,2.3928,4.535,1.9445436482630056,19.695,13.569379130969844,0.28,5966.0,1.164285,1.095,0.14,2.811184166085343,2.3484,0.8516436722875149,4.342888643880926,2.0
HD 134606,1,5,213.74146000000002,0.0527,1.941,3.5,2.4146635376383188,14.634,17.204555501378113,0.10400000000000001,5576.0,1.158,1.046,0.343,2.329888771592172,1.8883,2.6478843404120105,4.1811428571428575,5.0
HD 134987,1,2,2629.089995,0.81,5.8,13.7,0.2828427124746199,385.85315,177.9832315973755,0.175,5736.0,1.22,1.1,0.28,3.419805452467319,4.99,0.4008016032064128,28.16446350364964,2.0
HD 135625,1,1,4055.0,5.4,5.4,13.3,0.0,731.0053361,0.0,0.16,6040.64,1.35743,1.28,0.12,3.6079908585471747,0.0,0.0,54.96280722556391,1.0
HD 135694,1,1,15.923475568,0.124695,0.124695,2.857,0.0,6.1,0.0,0.0,5712.0,1.08,1.02,-0.121,1.202037865867961,0.0,0.0,2.1351067553377665,1.0
HD 135872,1,1,2422.32597,4.172,4.172,12.8,0.0,1744.56012602,0.0,0.164,4992.0,3.93038,1.646,0.09,3.3842325853167674,0.0,0.0,136.2937598453125,1.0
HD 136118,1,1,1187.59765,2.327,2.327,12.3,0.0,4164.18778851,0.0,0.344,6097.0,1.67754,1.18,-0.05,3.074669329549603,0.0,0.0,338.55185272439024,1.0
HD 136352,1,3,48.805060000000005,0.0964,0.425,2.3806666666666665,0.6453970354234153,8.26,3.2958762112676503,0.0,5664.0,1.058,0.87,-0.24,1.6884648510223208,0.3286,9.129640900791236,3.4696163539624756,3.0
HD 136418,1,1,464.29999,1.29,1.29,13.3,0.0,680.1562,0.0,0.25,4989.0,3.78,1.48,-0.11,2.666798674312427,0.0,0.0,51.13956390977443,1.0
HD 136925,1,1,4540.0,5.13,5.13,13.9,0.0,266.97586188,0.0,0.103,5773.19,1.193078,0.875104,-0.2172,3.6570558528571038,0.0,0.0,19.2068965381295,1.0
HD 13724,1,1,142.22895,0.534,0.534,8.18,0.0,50.85254512,0.0,0.651,5835.31,1.04198,1.004,0.2169,2.1529880038873905,0.0,0.0,6.216692557457213,1.0
HD 137388,1,1,330.0,0.89,0.89,9.32,0.0,63.566,0.0,0.36,5181.0,0.88,0.68,0.19,2.5185139398778875,0.0,0.0,6.82038626609442,1.0
HD 137496,1,2,240.76057999999998,0.02732,1.2163,6.955,7.983235559596121,1219.30279881,1718.641131924588,0.2385,5799.0,1.59,1.04,-0.03,2.3815853808834224,1.18898,1.682114080976972,175.31312707548526,2.0
HD 13808,1,2,33.96725,0.10519,0.2554,3.24,0.15556349186104076,10.58,0.8768124086713178,0.11349999999999999,5035.0,0.781,0.771,-0.21,1.5310603876657363,0.15021,13.314692763464482,3.265432098765432,2.0
HD 13908,1,2,475.191,0.154,2.03,13.350000000000001,0.7778174593052026,952.6550000000001,958.4761708305534,0.06999999999999999,6255.0,1.67,1.29,0.01,2.676868206620967,1.876,1.0660980810234542,71.35992509363295,2.0
HD 13931,1,1,4218.0,5.15,5.15,13.2,0.0,889.9195396,0.0,0.02,5867.0,1.25,1.3,0.05,3.6251065754034677,0.0,0.0,67.41814693939395,1.0
HD 139357,1,1,1124.79139,2.949,2.949,12.1,0.0,6315.5682755,0.0,0.099,4700.0,11.47,2.69,-0.13,3.0510719832715876,0.0,0.0,521.9477913636364,1.0
HD 1397,1,1,11.53533,0.1097,0.1097,11.500434,0.0,131.89945,0.0,0.251,5521.0,2.336,1.324,0.29,1.0620300232289386,0.0,0.0,11.469084558026244,1.0
HD 14067,1,1,2744.0,5.15,5.15,12.2,0.0,4862.7746271,0.0,0.65,4815.0,12.4,2.4,-0.1,3.438384107034714,0.0,0.0,398.5880841885246,1.0
HD 140901,1,2,7197.51189,0.085,11.8,8.735,6.597306268470489,293.83236227000003,393.51732684994624,0.621,5610.0,0.95,0.99,0.0859,3.8571823909877194,11.715,0.17072129748186085,33.63850741499714,2.0
HD 141004,1,1,15.5083,0.1238,0.1238,3.77,0.0,13.63483866,0.0,0.16,5885.38,1.389372,1.051904,0.0247,1.190564193617374,0.0,0.0,3.6166680795755966,1.0
HD 141399,1,4,1591.5575,0.415,5.0,13.925,0.3304037933599836,287.7156075,132.62701636821296,0.10550000000000001,5600.0,1.387236,1.07,0.35,3.2018223334889786,4.585,0.8724100327153762,20.66180305206463,4.0
HD 141937,1,1,653.21997,1.5,1.5,11.9,0.0,8714.85491994,0.0,0.41,5870.0,1.03,1.09,0.11,2.8150594533583084,0.0,0.0,732.3407495747899,1.0
HD 142,2,3,3539.84324,0.474,9.811,12.0,0.9643650760992946,1934.62151341,1713.8393132896038,0.18833333333333335,6245.0,1.47,1.21,0.09,3.5489840299607023,9.337,0.3213023455071222,161.21845945083334,1.5
HD 142022 A,2,1,1928.0,2.93,2.93,12.9,0.0,1433.40611557,0.0,0.53,5421.0,1.04,0.9,0.19,3.285107029566812,0.0,0.0,111.11675314496125,0.5
HD 142245,3,1,1299.0,2.78,2.78,13.1,0.0,975.7381,0.0,0.0,4922.0,4.63,3.5,0.17,3.1136091510730277,0.0,0.0,74.48382442748093,0.3333333333333333
HD 142415,1,1,386.29999,1.06,1.06,13.5,0.0,530.7761,0.0,0.5,5940.0,1.04,1.07,0.13,2.5869246969024053,0.0,0.0,39.31674814814815,1.0
HD 143105,1,1,2.1974,0.0379,0.0379,13.7,0.0,384.5743,0.0,0.07,6380.0,1.647304,1.51,0.15,0.34190912017976804,0.0,0.0,28.07111678832117,1.0
HD 143361,1,1,1039.15,1.988,1.988,12.9,0.0,1382.55357045,0.0,0.197,5507.0,0.916,0.968,0.14,3.0166782419463205,0.0,0.0,107.17469538372093,1.0
HD 145377,1,1,103.95,0.45,0.45,12.8,0.0,1913.3366,0.0,0.31,6014.0,1.05,1.2,0.11,2.016824493667488,0.0,0.0,149.47942187499999,1.0
HD 145457,1,1,176.13,0.762,0.762,13.2,0.0,888.01256916,0.0,0.111,4757.0,9.9,1.9,-0.14,2.245833335097326,0.0,0.0,67.27367948181819,1.0
HD 145934,1,1,2751.53433,4.89,4.89,13.4,0.0,658.5404593,0.0,0.078,4823.75,6.930587,2.058,0.0951,3.4395749357321486,0.0,0.0,49.144810395522384,1.0
HD 1461,1,2,9.63836,0.0634,0.1117,2.325,0.13435028842544414,6.015000000000001,0.6010407640085661,0.2385,5765.0,1.152288,1.02,0.19,0.9840031434938915,0.048299999999999996,41.40786749482402,2.587096774193548,2.0
HD 147018,1,2,526.118,0.2388,1.922,13.05,0.4949747468305846,1377.0,994.1921343482858,0.3008,5441.0,0.937948,0.927,0.1,2.7210831605064287,1.6831999999999998,1.1882129277566542,105.51724137931033,2.0
HD 147379,2,1,86.58,0.3193,0.3193,4.94,0.0,21.6,0.0,0.063,4090.0,0.628304,0.58,0.16,1.9374175814771377,0.0,0.0,4.37246963562753,0.5
HD 147513,2,1,528.4,1.32,1.32,13.7,0.0,385.0,0.0,0.26,5883.0,0.98,1.11,0.06,2.7229628089424898,0.0,0.0,28.1021897810219,0.5
HD 14787,1,1,676.6,1.7,1.7,13.7,0.0,356.28743,0.0,0.155,4946.0,5.01,1.43,0.0,2.8303319934519617,0.0,0.0,26.00638175182482,1.0
HD 147873,2,2,304.068,0.522,1.36,13.05,0.3535533905932738,1182.3276,638.2608850712379,0.2185,5972.0,2.29,1.38,0.03,2.482970717563813,0.8380000000000001,2.386634844868735,90.59981609195403,1.0
HD 148156,1,1,1027.0,2.45,2.45,13.9,0.0,270.144,0.0,0.52,6308.0,1.21,1.22,0.29,3.0115704435972783,0.0,0.0,19.43482014388489,1.0
HD 148164,1,2,2695.275,0.993,6.15,13.25,0.6363961030678917,1015.46685,883.2272106795651,0.356,6032.0,1.34,1.21,0.24,3.4306030830253627,5.157,0.38782237735117314,76.63900754716981,2.0
HD 149026,1,1,2.87589,0.04364,0.04364,8.29466,0.0,120.7754,0.0,0.0,6179.0,1.41,1.42,0.32,0.45877227068628956,0.0,0.0,14.560620929610135,1.0
HD 149143,1,1,4.07182,0.053,0.053,13.6,0.0,422.7139,0.0,0.0167,5856.0,1.44,1.2,0.29,0.6097885712111714,0.0,0.0,31.081904411764707,1.0
HD 149806,1,1,16521.52778,12.404,12.404,12.3,0.0,4003.68444298,0.0,0.357,5352.05,0.89,0.93,0.2206,4.218050204954382,0.0,0.0,325.5028002422764,1.0
HD 150010,1,1,562.0,1.4,1.4,13.3,0.0,762.7881768,0.0,0.2,4153.0,16.2,1.3,-0.25,2.749736315569061,0.0,0.0,57.352494496240595,1.0
HD 1502,1,1,428.5,1.262,1.262,13.2,0.0,874.0325,0.0,0.031,4947.0,4.67,1.46,0.09,2.631950826259217,0.0,0.0,66.21458333333334,1.0
HD 150706,1,1,5894.0,6.7,6.7,13.3,0.0,772.32302901,0.0,0.38,5961.0,0.96,1.17,-0.01,3.7704101315139065,0.0,0.0,58.06940067744361,1.0
HD 152079,1,1,2918.92,4.187,4.187,13.2,0.0,845.74563,0.0,0.532,5907.0,1.128,1.147,0.29,3.465222192269733,0.0,0.0,64.07163863636364,1.0
HD 152581,1,1,686.5,1.66,1.66,13.4,0.0,594.02427,0.0,0.04,5027.0,5.14,1.3,-0.46,2.836640541572774,0.0,0.0,44.33016940298507,1.0
HD 152843,1,2,15.561406999999999,0.1049,0.1482,4.495,2.043538597629123,9.745000000000001,0.10606601717798302,0.06,6310.0,1.43,1.15,-0.16,1.19204886159395,0.043300000000000005,46.189376443418006,2.1679644048943274,2.0
HD 15337,1,2,10.968263199999999,0.05245,0.1235,2.1479999999999997,0.5345727265770299,6.6555,0.19304015126392726,0.077,5131.0,0.855,0.829,0.03,1.0401378634568892,0.07105,28.149190710767066,3.0984636871508386,2.0
HD 153950,1,1,499.39999,1.28,1.28,13.2,0.0,937.5985,0.0,0.34,6124.0,1.28,1.25,-0.01,2.6984485293190037,0.0,0.0,71.0301893939394,1.0
HD 154088,1,1,18.56,0.134,0.134,2.46,0.0,6.6,0.0,0.344,5374.0,0.95,0.91,0.28,1.2685779718828432,0.0,0.0,2.6829268292682924,1.0
HD 154345,1,1,3280.0,4.158,4.158,13.7,0.0,376.9444907,0.0,0.058,5468.0,0.85,0.89,-0.105,3.515873843711679,0.0,0.0,27.514196401459856,1.0
HD 154391,1,1,5163.0,7.46,7.46,12.5,0.0,2892.2385037,0.0,0.2,4909.0,8.56,2.07,0.1,3.7129021250472225,0.0,0.0,231.37908029599998,1.0
HD 154672,1,1,163.94,0.6,0.6,12.8,0.0,1706.7471,0.0,0.61,5743.0,1.32,1.18,0.25,2.214684930750601,0.0,0.0,133.33961718749998,1.0
HD 154857,1,2,1930.300005,1.29,5.36,13.25,0.07071067811865576,799.32675,29.193964121458468,0.26,5589.0,2.3,1.96,-0.22,3.2856248118008917,4.07,0.49140049140049136,60.32654716981132,2.0
HD 155193,1,1,352.65,1.04,1.04,14.0,0.0,238.37130525,0.0,0.21,6239.0,1.76439,1.221,0.05,2.5473438881806207,0.0,0.0,17.02652180357143,1.0
HD 155358,1,2,293.1,0.63,1.02,13.850000000000001,0.07071067811865388,287.82585,37.937480892186294,0.165,5905.0,1.38,1.15,-0.6,2.4670158184384356,0.39,5.128205128205128,20.781649819494582,2.0
HD 155918,1,2,8602.035065,0.03,13.183,7.735,7.162991693419727,942.8379693649999,1322.5867895449792,0.1325,5771.84,1.01906,1.03,-0.6616,3.9346012085627566,13.153,0.1520565650421957,121.89243301422106,2.0
HD 156098,1,2,3931.7211949999996,0.167,8.415,8.46,6.137686860699232,838.7491660750001,1163.6965839080467,0.25,6419.19,2.75716,1.29,0.12,3.5945827136956923,8.248,0.24248302618816686,99.14292743203309,2.0
HD 156279,1,2,2475.828565,0.502,5.486,12.5,0.0,3048.292251535,71.46688174903527,0.454,5453.0,0.95,0.94,0.14,3.3937205693254033,4.984,0.4012841091492777,243.8633801228,2.0
HD 156411,1,1,842.2,1.88,1.88,14.0,0.0,235.18,0.0,0.22,5900.0,2.16,1.25,-0.12,2.925415237084246,0.0,0.0,16.798571428571428,1.0
HD 156668,1,2,407.97274999999996,0.05,1.57,4.02,3.0405591591021546,17.823397565,19.337104280142253,0.0445,4850.0,0.72,0.772,0.05,2.6106311559333633,1.52,1.3157894736842106,4.433680986318408,2.0
HD 156846,2,1,359.51001,1.12,1.12,12.4,0.0,3391.2461,0.0,0.85,6090.0,1.9,1.38,0.15,2.555710987145164,0.0,0.0,273.4875887096774,0.5
HD 158038,1,1,521.0,1.5,1.5,13.5,0.0,486.2799,0.0,0.29,4860.0,4.5,1.3,0.19,2.7168377232995247,0.0,0.0,36.02073333333333,1.0
HD 158996,1,1,820.2,2.1,2.1,12.3,0.0,4449.62,0.0,0.13,4069.0,50.3,1.8,-0.2,2.913919764951466,0.0,0.0,361.75772357723577,1.0
HD 15906,1,2,16.2540035,0.09,0.141,2.585,0.4879036790187179,7.28,2.3051681066681446,0.075,4757.0,0.762,0.79,0.02,1.210960348934132,0.05099999999999999,39.215686274509814,2.8162475822050292,2.0
HD 159243,1,2,130.51,0.11,0.8,13.55,0.21213203435596414,481.515,173.0785268310312,0.0475,6123.0,1.12,1.125,0.05,2.115643789669941,0.6900000000000001,2.8985507246376807,35.53616236162361,2.0
HD 159868,1,2,767.55,1.032,2.32,13.65,0.49497474683058273,474.52019,325.87263498355463,0.104,5534.0,2.13,1.19,-0.08,2.8851066760277986,1.2879999999999998,1.5527950310559009,34.763383882783884,2.0
HD 1605,1,2,1363.1,1.492,3.584,13.4,0.5656854249492386,723.69891,603.6509638385018,0.097,4915.0,3.49,1.33,0.22,3.134527717797338,2.092,0.9560229445506692,54.007381343283576,2.0
HD 160691,1,4,1227.3848,0.0952,4.17,3.23,0.0,1250.098997475,916.9267090793554,0.039025000000000004,5773.0,1.33,1.13,0.28,3.088980740654773,4.0748,0.9816432708353785,387.02755339783283,4.0
HD 161178,1,1,279.3,0.85,0.85,14.1,0.0,181.16219199,0.0,0.044,4786.0,10.95,1.06,-0.21,2.446070935701005,0.0,0.0,12.848382410638298,1.0
HD 16141,2,1,75.523,0.36,0.36,10.9,0.0,82.6358,0.0,0.25,5757.0,1.48,1.11,0.13,1.8780792331116247,0.0,0.0,7.581266055045871,0.5
HD 16175,1,1,990.0,2.12,2.12,12.8,0.0,1875.1876013,0.0,0.6,5981.0,1.72,1.63,0.3,2.99563519459755,0.0,0.0,146.4990313515625,1.0
HD 162020,1,1,8.4282,0.08,0.08,12.5,0.0,3127.4472,0.0,0.28,4723.0,0.75,0.42,-0.1,0.925734832805284,0.0,0.0,250.195776,1.0
HD 163607,1,2,673.61015,0.362,2.39,13.600000000000001,0.4242640687119289,474.297709,318.5461191901312,0.41204999999999997,5522.0,1.76,1.12,0.21,2.8284086225173954,2.028,0.9861932938856016,34.87483154411764,2.0
HD 16417,2,1,17.24,0.14,0.14,5.0,0.0,22.1,0.0,0.2,5841.0,1.639984,1.2,0.06,1.236537261488694,0.0,0.0,4.42,0.5
HD 164509,2,1,280.17,0.87,0.87,14.3,0.0,140.79869,0.0,0.238,5859.0,1.11,1.12,0.2,2.4474216301218403,0.0,0.0,9.846062237762236,0.5
HD 164595,2,1,40.0,0.23,0.23,4.16,0.0,16.14,0.0,0.088,5790.0,1.023606,0.99,-0.04,1.6020599913279623,0.0,0.0,3.8798076923076925,0.5
HD 164604,1,2,3020.45,1.362,5.556,12.4,0.141421356237309,3607.35241945,831.5329008206463,0.3375,4663.0,0.78,0.77,0.12,3.480071650890241,4.194,0.47687172150691465,290.91551769758064,2.0
HD 164922,1,4,334.24025,0.103,2.16,5.505,5.25507056723948,35.8800300675,53.54800556484013,0.10149999999999999,5390.0,0.946,0.926,0.18,2.5240587474734157,2.057,1.9445794846864366,6.517716633514987,4.0
HD 165131,1,1,2342.6,3.54,3.54,12.1,0.0,5943.3912109,0.0,0.6708,5870.0,1.06419,1.06,0.06,3.369698138949881,0.0,0.0,491.1893562727273,1.0
HD 165155,1,1,434.5,1.13,1.13,13.2,0.0,918.5287,0.0,0.2,5426.0,0.95,1.02,0.09,2.6379897807846855,0.0,0.0,69.58550757575757,1.0
HD 1666,1,1,270.0,0.94,0.94,12.7,0.0,2040.0,0.0,0.63,6317.0,1.93,1.5,0.37,2.4313637641589874,0.0,0.0,160.62992125984252,1.0
HD 166724,1,1,5144.0,5.42,5.42,13.0,0.0,1207.7479466,0.0,0.734,5127.0,0.797485,0.81,-0.09,3.7113009599161657,0.0,0.0,92.9036882,1.0
HD 167042,1,1,417.67,1.22,1.22,13.6,0.0,444.00628458,0.0,0.01,4919.0,4.63,1.39,-0.01,2.620833282298022,0.0,0.0,32.647520925,1.0
HD 167677,1,1,1820.0,2.877,2.877,13.2,0.0,905.81095995,0.0,0.182,5474.0,0.95271,0.96,-0.29,3.2600713879850747,0.0,0.0,68.62204242045455,1.0
HD 167768,1,1,20.6532,0.1512,0.1512,13.9,0.0,270.15414595,0.0,0.149,4851.0,9.7,1.08,-0.67,1.3149873506497283,0.0,0.0,19.43555006834532,1.0
HD 168009,1,1,15.1479,0.1192,0.1192,3.05,0.0,9.53485221,0.0,0.12,5778.33,1.209505,0.986073,0.0183,1.1803524294305987,0.0,0.0,3.1261810524590166,1.0
HD 168443,1,2,905.610735,0.292,2.842,12.399999999999999,0.2828427124746186,3962.3667500700003,2175.020382196357,0.37,5491.0,1.711479,0.98,0.04,2.9569415619489123,2.5500000000000003,0.784313725490196,319.5457056508065,2.0
HD 168746,1,1,6.404,0.07,0.07,11.1,0.0,85.8141,0.0,0.11,5570.0,1.09,1.07,-0.08,0.8064513232472621,0.0,0.0,7.731,1.0
HD 168863,1,1,14773.93272,10.961,10.961,12.7,0.0,2154.87659946,0.0,0.187,4905.0,0.777826,0.8,0.16,4.169496116926793,0.0,0.0,169.67532279212597,1.0
HD 1690,1,1,533.0,1.36,1.36,12.5,0.0,2793.7257,0.0,0.64,4374.0,21.66,1.86,-0.27,2.7267272090265724,0.0,0.0,223.498056,1.0
HD 16905,1,1,10256.0,8.8,8.8,12.4,0.0,3591.4609991,0.0,0.68,4866.12,0.77494,0.85,0.2405,4.010978012174742,0.0,0.0,289.6339515403226,1.0
HD 169830,1,2,1022.248555,0.765,3.075,12.899999999999999,0.4242640687119276,1620.9248757,1154.7070390272388,0.27,6300.0,1.935709,1.17,0.21,3.009556505329607,2.31,0.8658008658008658,125.6530911395349,2.0
HD 170469,2,1,1145.0,2.24,2.24,14.1,0.0,209.7678,0.0,0.11,5842.0,1.24,1.1,0.29,3.0588054866759067,0.0,0.0,14.877148936170213,0.5
HD 17092,1,1,359.89999,1.31,1.31,12.5,0.0,3219.6179,0.0,0.17,4326.0,13.58,6.73,0.18,2.5561818345858236,0.0,0.0,257.569432,1.0
HD 171028,1,1,550.0,1.32,1.32,13.2,0.0,832.7146,0.0,0.59,5671.0,2.47,1.53,-0.48,2.7403626894942437,0.0,0.0,63.0844393939394,1.0
HD 171238,1,1,1515.0,2.518,2.518,12.5,0.0,2796.8899816,0.0,0.358,5467.0,1.01,0.92,0.2,3.180412632838324,0.0,0.0,223.75119852799997,1.0
HD 17156,1,1,21.2164294,0.1632,0.1632,12.26262489,0.0,1036.12060682,0.0,0.6772,6046.0,1.517,1.285,0.208,1.3266722965136764,0.0,0.0,84.49419403385174,1.0
HD 173416,1,1,322.03,1.158,1.158,13.4,0.0,585.12209729,0.0,0.208,4683.0,13.5,2.0,-0.22,2.5078963320298726,0.0,0.0,43.66582815597015,1.0
HD 174205,1,1,582.0,1.7,1.7,13.0,0.0,1334.8793094,0.0,0.4,4308.0,26.6,1.8,-0.28,2.7649229846498886,0.0,0.0,102.6830238,1.0
HD 175167,1,1,1175.0,2.4,2.4,12.3,0.0,4703.8604236,0.0,0.51,5635.0,1.75,1.09,0.28,3.070037866607755,0.0,0.0,382.42767671544715,1.0
HD 175541,1,1,298.43,0.975,0.975,14.1,0.0,190.06234,0.0,0.11,5013.0,4.19,1.39,-0.07,2.4748424789198213,0.0,0.0,13.479598581560284,1.0
HD 17674,1,1,623.8,1.42,1.42,13.9,0.0,276.5121,0.0,0.13,5904.0,1.18,0.98,-0.16,2.795045370421125,0.0,0.0,19.89295683453237,1.0
HD 176986,1,3,28.226679999999998,0.062956,0.28149,2.49,0.0,1197.50002926,1075.403036720707,0.0885,4931.0,0.782,0.789,0.03,1.4506597997738524,0.218534,13.727840976690125,480.92370653012046,3.0
HD 177565,1,1,44.505,0.246,0.246,4.0,0.0,15.1,0.0,0.0593,5627.0,0.971489,1.0,0.0812,1.6484088053725232,0.0,0.0,3.775,1.0
HD 177830,2,2,260.500005,0.5137,1.14,10.685,3.9810111780802626,292.4026,346.10062654092377,0.2,4901.0,3.26,1.7,0.42,2.4158077359713297,0.6262999999999999,3.193357815743255,27.36570893776322,1.0
HD 178911 B,3,1,71.484,0.34,0.34,12.6,0.0,2552.1749,0.0,0.11,5588.0,1.08,1.24,0.24,1.8542088461464694,0.0,0.0,202.5535634920635,0.3333333333333333
HD 179949,1,1,3.092514,0.0443,0.0443,13.9,0.0,291.12,0.0,0.022,6168.0,1.266865,1.21,0.137,0.4903116743832873,0.0,0.0,20.94388489208633,1.0
HD 180053,1,1,213.72,0.843,0.843,13.3,0.0,697.31902,0.0,0.081,5131.0,4.06,1.75,0.25,2.3298451655108683,0.0,0.0,52.4300015037594,1.0
HD 18015,1,1,2278.0,3.87,3.87,13.1,0.0,1048.8337431,0.0,0.148,5603.0,3.13,1.49,-0.14,3.3575537197430814,0.0,0.0,80.06364451145038,1.0
HD 180314,1,1,394.73,1.448,1.448,12.0,0.0,7216.92963775,0.0,0.247,4917.0,9.2,2.6,0.2,2.59630013460261,0.0,0.0,601.4108031458334,1.0
HD 180617,2,1,105.911,0.343,0.343,3.53,0.0,12.214,0.0,0.101,3534.0,0.481,0.484,-0.04,2.02494106861748,0.0,0.0,3.4600566572237965,0.5
HD 180902,2,1,510.9,1.4,1.4,13.5,0.0,535.54355,0.0,0.107,4961.0,4.16,1.41,0.04,2.7083359026822635,0.0,0.0,39.66989259259259,0.5
HD 181234,1,1,7593.40512,7.427,7.427,12.5,0.0,2980.91262925,0.0,0.726,5386.0,1.059423,0.94,0.32,3.880436570783626,0.0,0.0,238.47301034,1.0
HD 181342,1,1,564.1,1.592,1.592,13.2,0.0,807.2882,0.0,0.022,4945.0,4.71,1.69,0.26,2.7513560997253936,0.0,0.0,61.15819696969697,1.0
HD 18143,1,2,14496.35137,0.088,17.53,7.89,6.519524522539968,1594.2272895150002,2239.295628049231,0.20900000000000002,5078.0,0.87,0.85,0.28,4.161258707112727,17.442,0.11466574934067195,202.0566906863118,2.0
HD 181433,1,3,2641.3248333333336,0.0828,6.74,13.2,0.0,1591.2608910466668,682.0503815201886,0.3600666666666667,4918.0,0.79,0.86,0.4012,3.421821814553825,6.6572000000000005,0.45063990867031184,120.55006750353537,3.0
HD 181720,1,1,956.0,1.85,1.85,14.0,0.0,127.132,0.0,0.26,5736.0,1.5,1.03,-0.62,2.9804578922761,0.0,0.0,9.080857142857143,1.0
HD 183263,1,2,2646.4262249999997,1.46,5.585,12.8,0.4242640687119289,2031.082434935,1312.2488129415963,0.217,5948.0,1.23,1.06,0.2776,3.4226597915742194,4.125,0.48484848484848486,158.67831522929686,2.0
HD 183579,1,1,17.471291,0.1322,0.1322,3.49,0.0,20.4,0.0,0.061,5784.0,0.96,0.996,-0.038,1.2423249973390142,0.0,0.0,5.845272206303724,1.0
HD 184010,1,3,535.7666666666667,0.94,1.92,12.733333333333334,1.3650396819628856,112.29937047333334,26.654670083926675,0.0,4971.0,4.86,1.35,-0.17,2.728975689986904,0.98,3.061224489795918,8.819322288481676,3.0
HD 18438,1,1,803.0,2.1,2.1,12.1,0.0,6674.396547,0.0,0.1,3860.0,88.475,1.84,-0.4,2.904715545278681,0.0,0.0,551.6030204132231,1.0
HD 185269,3,1,6.83776,0.077,0.077,13.8,0.0,321.0083,0.0,0.229,5923.0,2.0,1.3,0.11,0.8349138533332224,0.0,0.0,23.261471014492752,0.3333333333333333
HD 185283,1,1,4060.0,4.6,4.6,13.6,0.0,413.1769291,0.0,0.07,4848.0,0.743303,0.8,-0.06,3.6085260335771943,0.0,0.0,30.38065655147059,1.0
HD 18599,2,1,4.1374354,0.048,0.048,2.6,0.0,24.1,0.0,0.34,5145.0,0.767,0.863,0.0,0.616731225963823,0.0,0.0,9.26923076923077,0.5
HD 187085,1,1,1019.74,2.1,2.1,13.9,0.0,265.70588,0.0,0.251,6117.0,1.27,1.189,0.12,3.0084894551353805,0.0,0.0,19.115530935251797,1.0
HD 187123,1,2,1906.5482914,0.0426,4.89,13.7,0.7071067811865476,539.192764045,527.4659697353441,0.13115,5790.0,1.15043,1.04,0.09,3.280247810093786,4.8473999999999995,0.41259231753104764,39.35713606167884,2.0
HD 18742,1,1,766.0,1.82,1.82,13.1,0.0,1080.622,0.0,0.04,4940.0,5.13,1.36,-0.04,2.884228769632604,0.0,0.0,82.4902290076336,1.0
HD 188015,2,1,461.2,1.203,1.203,13.6,0.0,476.72,0.0,0.137,5746.0,1.125296,1.09,0.289,2.6638892986226614,0.0,0.0,35.05294117647059,0.5
HD 188641,1,1,14583.81038,12.027,12.027,11.9,0.0,9333.03117155,0.0,0.034,5897.32,1.94492,1.07,-0.08,4.1638710089481386,0.0,0.0,784.2883337436974,1.0
HD 189567,1,2,23.988,0.111,0.197,2.6950000000000003,0.21920310216782993,7.75,1.0606601717798212,0.1745,5726.0,1.04,0.83,-0.24,1.3799940401657418,0.08600000000000001,23.25581395348837,2.8756957328385897,2.0
HD 189733,2,1,2.21857567,0.03126,0.03126,12.66617,0.0,359.1479,0.0,0.0,5052.0,0.75,0.79,-0.02,0.34607424599059544,0.0,0.0,28.35489338924079,0.5
HD 190007,1,1,11.724128,0.092,0.092,4.06,0.0,15.5,0.0,0.136,4610.0,0.79,0.77,0.16,1.0690805512701704,0.0,0.0,3.817733990147784,1.0
HD 190228,1,1,1143.59858,2.406,2.406,12.9,0.0,1598.67688721,0.0,0.559,5360.0,2.58658,1.415,-0.24,3.058273607425242,0.0,0.0,123.92844086899224,1.0
HD 190360,2,2,1454.55865,0.1296,3.963,9.47,5.699280656363573,279.68899816000004,359.58179494946876,0.24170000000000003,5552.0,1.201,0.991,0.25,3.1627312373450818,3.8334,0.5217300568685762,29.534213110876454,1.0
HD 190647,1,1,1176.45,2.231,2.231,13.4,0.0,630.89255,0.0,0.224,5656.0,1.376,1.069,0.23,3.070573474065772,0.0,0.0,47.081533582089556,1.0
HD 190984,1,1,4885.0,5.5,5.5,13.0,0.0,1137.82569706,0.0,0.57,5988.0,1.53,0.91,-0.48,3.688864568054792,0.0,0.0,87.52505362000001,1.0
HD 191806,1,1,1603.38923,2.749,2.749,12.5,0.0,2966.61035094,0.0,0.213,6010.0,1.40223,1.07,0.3,3.2050389621057755,0.0,0.0,237.3288280752,1.0
HD 191939,1,6,559.8221842666667,0.0804,3.71,6.59,5.04906228917806,176.9743020266667,364.1102757055601,0.026166666666666668,5348.0,0.94,0.81,-0.15,2.7480501044082803,3.6296,1.6530747189772979,26.854977545776432,6.0
HD 192263,1,1,24.3556,0.15,0.15,14.2,0.0,177.9848,0.0,0.05,4976.0,0.74,0.66,0.03,1.3865988328804622,0.0,0.0,12.534140845070423,1.0
HD 192310,1,2,300.26,0.32,1.18,4.76,0.6929646455628169,20.45,5.020458146424488,0.225,5166.0,0.857922,0.8,-0.04,2.477497480263115,0.8599999999999999,2.3255813953488373,4.296218487394958,2.0
HD 192699,1,1,340.94,1.063,1.063,13.4,0.0,666.17168,0.0,0.082,5041.0,4.41,1.38,-0.15,2.532677956817581,0.0,0.0,49.71430447761194,1.0
HD 194490,1,1,13092.18348,11.116,11.116,12.4,0.0,3561.90295725,0.0,0.251,5861.32,1.14911,1.06,0.08,4.117012083085186,0.0,0.0,287.25023848790323,1.0
HD 195019,2,1,18.20132,0.14,0.14,13.0,0.0,1264.9634,0.0,0.01,5751.0,1.48,1.21,0.05,1.2601028851239897,0.0,0.0,97.30487692307693,0.5
HD 196050,3,1,1392.0,2.65,2.65,12.9,0.0,1493.7935129,0.0,0.2,5879.0,1.42,1.27,0.229,3.1436392352745433,0.0,0.0,115.7979467364341,0.3333333333333333
HD 196067,2,2,1709.1505439999999,4.71,4.71,7.805,6.498311319104372,1816.8219199,2554.6663784906245,0.39896,6072.0,1.71,1.16,0.213,3.232780317576797,0.0,0.0,232.77667135169764,1.0
HD 19615,1,1,402.0,1.1,1.1,12.6,0.0,2701.5414595,0.0,0.2,4263.0,32.3,1.1,-0.31,2.60422605308447,0.0,0.0,214.40805234126987,1.0
HD 196885 A,2,1,1333.0,2.37,2.37,13.2,0.0,819.97,0.0,0.48,6254.0,1.31,1.28,0.22,3.1248301494138593,0.0,0.0,62.1189393939394,0.5
HD 197037,2,1,1035.7,2.07,2.07,13.9,0.0,251.0,0.0,0.22,6150.0,1.105,1.11,-0.2,3.015233976246708,0.0,0.0,18.057553956834532,0.5
HD 199509,1,1,99.62167,0.426,0.426,7.43,0.0,43.22466335,0.0,0.373,5796.02,0.92,1.04,-0.3075,1.9983538177186464,0.0,0.0,5.817585915208614,1.0
HD 19994,3,1,466.2,1.305,1.305,13.6,0.0,435.41,0.0,0.063,6188.0,1.79647,1.365,0.27,2.668572269184558,0.0,0.0,32.01544117647059,0.3333333333333333
HD 20003,1,2,22.88605,0.0974,0.1964,3.66,0.3252691193458118,13.05,1.965756851698601,0.22999999999999998,5494.0,0.921637,0.875,0.04,1.3595708424240178,0.09899999999999999,20.202020202020204,3.5655737704918034,2.0
HD 200964,1,2,729.4,1.565,1.96,13.6,0.141421356237309,447.027895,86.52480308184036,0.16499999999999998,4982.0,4.92,1.39,-0.15,2.8629657589777624,0.395,5.063291139240506,32.86969816176471,2.0
HD 202206,2,1,1260.0,2.41,2.41,12.2,0.0,5689.157,0.0,0.22,5766.0,1.04,1.07,0.3,3.100370545117563,0.0,0.0,466.32434426229514,0.5
HD 202772 A,2,1,3.308958,0.05208,0.05208,17.317905,0.0,323.23311,0.0,0.038,6272.0,2.591,1.72,0.3,0.5196912547742379,0.0,0.0,18.66467739602452,0.5
HD 20329,1,1,0.926118,0.018,0.018,1.72,0.0,7.42,0.0,0.0,5596.0,1.13,0.9,-0.07,-0.03333367478247137,0.0,0.0,4.313953488372093,1.0
HD 203387,1,2,1496.803735,1.771,5.067,12.85,0.3535533905932738,1742.49424138,900.0781804864246,0.46699999999999997,5174.32,10.5852,2.817,0.05,3.1751648581957657,3.2960000000000003,0.6067961165048543,135.60266469883268,2.0
HD 2039,1,1,1120.0,2.2,2.2,12.7,0.0,1999.1507,0.0,0.71,5945.0,1.19,1.23,0.3,3.0492180226701815,0.0,0.0,157.4134409448819,1.0
HD 204313,1,3,3133.906933333333,0.211,7.457,9.803333333333333,4.770223614604806,2117.3728474333334,2490.0886972437324,0.13733333333333334,5767.0,1.1,1.03,0.18,3.496086095214919,7.2459999999999996,0.41402152911951423,215.98498953757226,3.0
HD 204941,2,1,1733.0,2.55,2.55,10.1,0.0,73.1009,0.0,0.37,5026.0,0.78,0.58,-0.19,3.238798562713917,0.0,0.0,7.237712871287129,0.5
HD 205739,1,1,279.8,0.896,0.896,13.6,0.0,435.41,0.0,0.27,6176.0,1.33,1.22,0.19,2.446847710155809,0.0,0.0,32.01544117647059,1.0
HD 206610,1,1,673.2,1.74,1.74,13.4,0.0,647.10188,0.0,0.1,4842.0,6.12,1.55,0.14,2.8281441073037863,0.0,0.0,48.29118507462687,1.0
HD 207496,1,1,6.441008,0.0629,0.0629,2.25,0.0,6.1,0.0,0.231,4819.0,0.769,0.8,0.095,0.8089538385680672,0.0,0.0,2.711111111111111,1.0
HD 20781,2,5,33.467325,0.0529,0.3374,2.615,1.1621101496846158,7.975,5.389628929713065,0.09,5256.0,0.833609,0.7,-0.11,1.5246210011487555,0.2845,17.574692442882252,3.0497131931166344,2.5
HD 20782,2,5,597.0643,1.3649,1.3649,13.6,0.0,472.83,0.0,0.95,5782.13,1.12681,1.04,-0.0537,2.7760211043813845,0.0,0.0,34.76691176470588,2.5
HD 207832,3,2,657.885,0.586,2.112,14.1,0.141421356237309,205.00035,38.20575720496845,0.2335,5726.0,0.89,1.05,0.14,2.818149984449331,1.5260000000000002,1.310615989515072,14.539031914893616,0.6666666666666666
HD 207897,1,1,16.20166,0.117,0.117,2.34302132,0.0,14.8,0.0,0.0,5106.0,0.7827,0.8208,-0.03,1.2095595140430015,0.0,0.0,6.316630528995784,1.0
HD 20794,1,4,225.6535,0.1257,1.3541,1.95,0.35279833710870373,4.5225,1.309360530946309,0.22025,5368.0,0.93,0.79,-0.42,2.3534420740356388,1.2284000000000002,3.25626831650928,2.3192307692307694,4.0
HD 208487,1,1,129.36,0.53,0.53,14.3,0.0,146.20106722,0.0,0.37,6134.0,1.16,1.15,0.09,2.1118000068983447,0.0,0.0,10.223850854545454,1.0
HD 208527,1,1,875.5,2.1,2.1,12.5,0.0,3146.4,0.0,0.08,4035.0,51.1,1.6,-0.09,2.942256150419465,0.0,0.0,251.71200000000002,1.0
HD 20868,1,1,380.85001,0.95,0.95,13.7,0.0,397.2875,0.0,0.75,4802.0,0.76,0.39,0.05,2.580753971332698,0.0,0.0,28.99908759124088,1.0
HD 208897,1,1,358.27,1.063,1.063,13.7,0.0,379.48711796,0.0,0.02,4860.0,4.98,1.25,0.21,2.554210443723098,0.0,0.0,27.699789632116786,1.0
HD 209458,1,1,3.52474859,0.04707,0.04707,15.58051,0.0,232.0159,0.0,0.0,6091.0,1.19,1.23,0.01,0.5471281454778968,0.0,0.0,14.891418830320701,1.0
HD 210193,1,1,649.918,1.487,1.487,14.3,0.0,153.1,0.0,0.24,5790.0,1.05971,1.04,0.13,2.8128585652674563,0.0,0.0,10.706293706293705,1.0
HD 210277,1,1,442.19,1.13,1.13,13.6,0.0,410.0007,0.0,0.48,5538.0,1.07,1.01,0.22,2.6456089169086248,0.0,0.0,30.14711029411765,1.0
HD 210702,1,1,355.5,1.079,1.079,13.6,0.0,481.5100366,0.0,0.071,4912.0,4.54,1.33,-0.02,2.550839605065785,0.0,0.0,35.40514975,1.0
HD 211403,1,1,223.8,0.768,0.768,12.8,0.0,1760.76937478,0.0,0.084,6273.0,1.206,1.2,0.18,2.3498600821923312,0.0,0.0,137.56010740468747,1.0
HD 211810,1,1,1558.0,2.656,2.656,14.0,0.0,212.9461,0.0,0.68,5652.0,1.13,1.03,0.17,3.1925674533365456,0.0,0.0,15.210435714285714,1.0
HD 212301,2,1,2.24571,0.03,0.03,14.2,0.0,162.0933,0.0,0.0,6239.0,1.16,1.55,0.18,0.3513536728820782,0.0,0.0,11.415021126760564,0.5
HD 212771,1,1,380.7,1.19,1.19,13.3,0.0,759.6137,0.0,0.076,5003.0,5.27,1.56,-0.21,2.580582876814367,0.0,0.0,57.11381203007519,1.0
HD 213240,2,1,882.70001,1.89,1.89,12.8,0.0,1655.88600047,0.0,0.42,5979.0,1.51,1.57,0.15,2.9458131315074074,0.0,0.0,129.36609378671875,0.5
HD 213472,1,1,17000.0,13.0,13.0,13.1,0.0,1112.3994245,0.0,0.53,5729.54,1.433902,1.048132,0.1249,4.230448921378274,0.0,0.0,84.91598660305343,1.0
HD 213519,1,1,11.12214,0.099,0.099,2.99,0.0,9.2170238,0.0,0.413,5840.0,1.08287,1.05,0.01,1.046188357459529,0.0,0.0,3.0826166555183945,1.0
HD 213885,1,2,2.8965325,0.02012,0.056798,3.2275,2.0965716062181134,14.39,7.863027406794408,0.0,5978.0,1.1011,1.068,-0.04,0.46187840578224554,0.036678,54.52860025083156,4.458559256390395,2.0
HD 21411,1,1,84.288,0.362,0.362,9.52,0.0,65.9,0.0,0.4,5605.0,0.825605,0.89,-0.265,1.925765748945671,0.0,0.0,6.922268907563026,1.0
HD 214823,2,1,1854.84424,3.08,3.08,12.1,0.0,5914.78665427,0.0,0.161,6215.0,2.04,1.115,0.17,3.268307445730749,0.0,0.0,488.8253433280992,0.5
HD 21520,1,1,25.1292,0.1726,0.1726,2.697,0.0,17.7,0.0,0.0,5871.0,1.044,1.09,0.049,1.4001786628418458,0.0,0.0,6.562847608453837,1.0
HD 215497,1,2,284.96702,0.05,1.31,13.0,0.0,850.0320745199999,1044.809852947929,0.315,5110.0,0.85,0.67,0.2,2.4547946008477988,1.26,1.5873015873015872,65.3870826553846,2.0
HD 216435,1,1,1311.0,2.56,2.56,13.7,0.0,400.4,0.0,0.07,5999.0,1.800029,1.3,0.244,3.117602691690084,0.0,0.0,29.226277372262775,1.0
HD 216437,1,1,1359.0,2.57,2.57,13.0,0.0,1334.8793094,0.0,0.31,5909.0,1.394,1.22,0.2,3.1332194567324945,0.0,0.0,102.6830238,1.0
HD 216520,1,2,94.94,0.198,0.528,3.105,0.10606601717798238,9.85,0.5798275605729691,0.105,5103.0,0.76,0.82,-0.16,1.9774492273823412,0.33,6.0606060606060606,3.1723027375201287,2.0
HD 216536,1,1,148.60001,0.61,0.61,13.8,0.0,333.7215,0.0,0.38,4639.0,9.83,0.81,-0.17,2.1720188386502945,0.0,0.0,24.182717391304347,1.0
HD 216770,1,1,118.45,0.46,0.46,14.1,0.0,181.1631,0.0,0.37,5399.0,0.93,0.74,0.27,2.073535065058784,0.0,0.0,12.848446808510637,1.0
HD 21693,1,2,38.20715,0.1455,0.2586,3.57,1.0889444430272832,12.8,6.462955980045044,0.095,5430.0,0.914378,0.8,0.0,1.582144643408486,0.1131,17.68346595932803,3.585434173669468,2.0
HD 217107,1,2,2572.9135083,0.07359,5.922,13.25,0.49497474683058273,924.245007555,657.1357302715685,0.2601,5622.0,1.2245,1.045,0.37,3.41042518710448,5.848409999999999,0.34197328846643793,69.75434019283018,2.0
HD 217786,2,2,651.94115,0.038,2.446,7.455,6.851864709697646,2204.93457356,3107.910401470506,0.355,5966.0,1.27,1.14,-0.135,2.8142083942230522,2.4080000000000004,0.830564784053156,295.765871704896,1.0
HD 217958,1,1,2560.19774,3.758,3.758,14.2,0.0,166.54208527,0.0,0.156,5930.64,1.32619,1.08,0.2865,3.40827350987214,0.0,0.0,11.728315864084507,1.0
HD 218566,1,1,225.7,0.69,0.69,9.32,0.0,63.566,0.0,0.3,4730.0,0.85,0.76,0.28,2.353531559077762,0.0,0.0,6.82038626609442,1.0
HD 219077,1,1,5478.68861,5.935,5.935,12.5,0.0,3057.50927534,0.0,0.768,5362.0,1.91,0.92,-0.13,3.738676617317025,0.0,0.0,244.6007420272,1.0
HD 219134,1,6,403.43891766666667,0.03876,3.11,3.668833333333333,4.482055261447215,25.23973666666667,40.812213165944165,0.068,4699.0,0.778,0.81,0.11,2.605777790040962,3.07124,1.9536083145569867,6.879499386726026,6.0
HD 219139,1,1,275.5,0.94,0.94,14.0,0.0,247.90615746,0.0,0.11,4831.0,11.22,1.46,-0.2,2.4401216031878037,0.0,0.0,17.707582675714285,1.0
HD 219415,1,1,2093.3,3.2,3.2,13.8,0.0,317.83,0.0,0.4,4820.0,2.9,1.0,-0.04,3.3208314734452453,0.0,0.0,23.031159420289853,1.0
HD 219666,1,1,6.034468,0.06356,0.06356,4.898,0.0,17.6,0.0,0.05,5540.0,1.059,1.02,0.04,0.7806389886258209,0.0,0.0,3.5933033891384243,1.0
HD 219828,1,2,2396.8539,0.049,5.657,8.395,5.3810826048296265,2560.7434752,3594.4695177650415,0.451,5891.0,1.56,1.04,0.19,3.3796415624618668,5.608,0.3566333808844508,305.03198036926744,2.0
HD 220074,1,1,672.09998,1.6,1.6,12.2,0.0,5288.6912,0.0,0.14,3787.0,54.92,2.2,-0.25,2.8274338824772713,0.0,0.0,433.4992786885246,1.0
HD 220197,1,1,1728.0,2.729,2.729,9.32,0.0,63.566,0.0,0.187,5683.0,0.98,0.91,-0.55,3.2375437381428744,0.0,0.0,6.82038626609442,1.0
HD 220689,1,1,2266.4,3.396,3.396,13.7,0.0,381.3940884,0.0,0.054,5921.0,1.068,1.016,-0.07,3.355336561512381,0.0,0.0,27.838984554744528,1.0
HD 220773,1,1,3724.7,4.94,4.94,13.6,0.0,460.8,0.0,0.51,5940.0,1.679696,1.16,0.09,3.5710912989389794,0.0,0.0,33.88235294117647,1.0
HD 220842,2,1,218.47,0.74,0.74,13.1,0.0,1010.6994,0.0,0.404,5960.0,1.41647,1.13,-0.17,2.3393918086795895,0.0,0.0,77.15262595419847,0.5
HD 221287,1,1,456.1,1.25,1.25,13.1,0.0,982.05,0.0,0.08,6304.0,1.13864,1.25,-0.03,2.6590600722409383,0.0,0.0,74.96564885496183,1.0
HD 221416,1,1,14.2767,0.1228,0.1228,9.17,0.0,60.5,0.0,0.115,5080.0,2.943,1.212,-0.08,1.1546278336717117,0.0,0.0,6.597600872410033,1.0
HD 221420,1,1,10090.0,10.15,10.15,12.0,0.0,7278.2705203,0.0,0.14,5847.0,1.947,1.351,0.33,4.003891166236911,0.0,0.0,606.5225433583333,1.0
HD 221585,1,1,1173.0,2.306,2.306,13.5,0.0,511.7063,0.0,0.123,5620.0,1.850575,1.19,0.29,3.0692980121155293,0.0,0.0,37.90417037037037,1.0
HD 222076,1,1,871.0,1.83,1.83,13.5,0.0,495.8148,0.0,0.08,4806.0,4.1,1.07,0.05,2.9400181550076634,0.0,0.0,36.727022222222224,1.0
HD 222155,1,1,3999.0,5.14,5.14,13.4,0.0,581.62598481,0.0,0.16,5701.0,1.85,1.21,-0.18,3.6019514041335214,0.0,0.0,43.40492423955224,1.0
HD 222237,1,1,14892.0,10.8,10.8,12.8,0.0,1649.52943233,0.0,0.56,4751.0,0.71,0.76,-0.32,4.172953027546354,0.0,0.0,128.86948690078123,1.0
HD 222582,2,1,572.38,1.34,1.34,12.6,0.0,2660.2371,0.0,0.73,5790.0,1.13,1.12,0.01,2.7576844503124303,0.0,0.0,211.12992857142856,0.5
HD 224018,1,3,61.76369666666667,0.0952,0.53,1.9100000000000001,0.8660831368869849,6.233333333333333,3.608785575970584,0.04,5784.0,1.147,1.013,0.05,1.7907332813997254,0.4348,6.899724011039558,3.263525305410122,3.0
HD 224538,1,1,1202.05199,2.375,2.375,12.7,0.0,2075.73732612,0.0,0.476,6097.0,1.54,1.23,0.27,3.079923251761417,0.0,0.0,163.4438839464567,1.0
HD 224693,1,1,26.6904,0.191,0.191,14.0,0.0,222.481,0.0,0.104,5894.0,1.93,1.31,0.27,1.4263550824608322,0.0,0.0,15.891499999999999,1.0
HD 22532,1,1,872.6,1.9,1.9,13.4,0.0,673.79622284,0.0,0.03,5038.0,5.69,1.57,-0.19,2.9408152086508013,0.0,0.0,50.2833002119403,1.0
HD 22781,1,1,528.07,1.167,1.167,12.3,0.0,4338.2,0.0,0.8191,5027.0,0.743475,0.75,-0.37,2.722691495637447,0.0,0.0,352.6991869918699,1.0
HD 22946,1,3,20.346089333333335,0.05727,0.2958,2.099,0.6533276360295804,16.666666666666668,8.805511531610946,0.14300000000000002,6169.0,1.117,1.098,-0.08,1.3084809470175514,0.23853000000000002,12.577034335303734,7.940289026520565,3.0
HD 23079,1,2,370.7444565,1.6,1.6,8.0,7.353910524340094,426.84178131,591.9640320908909,0.08524000000000001,5994.0,1.08,1.16,-0.129,2.569074666026895,0.0,0.0,53.35522266375,2.0
HD 23127,1,1,1211.17,2.37,2.37,13.5,0.0,485.32641,0.0,0.406,5843.0,1.49,1.208,0.29,3.083205105059057,0.0,0.0,35.95010444444444,1.0
HD 231701,1,1,141.63,0.567,0.567,13.7,0.0,359.1479,0.0,0.13,6101.0,1.53,1.21,0.05,2.1511552551509174,0.0,0.0,26.21517518248175,1.0
HD 233604,1,1,192.0,0.747,0.747,12.7,0.0,2089.644,0.0,0.05,4791.0,10.9,1.5,-0.36,2.2833012287035497,0.0,0.0,164.53889763779526,1.0
HD 233832,2,1,2058.0,2.827,2.827,13.5,0.0,565.7374,0.0,0.359,4981.0,0.68,0.71,-0.66,3.313445370426414,0.0,0.0,41.906474074074076,0.5
HD 23472,1,5,14.302188179999998,0.04298,0.1646,1.315,0.5863377866042747,2.754,3.3294789382124046,0.069,4684.0,0.71,0.67,-0.2,1.155402487940479,0.12162,41.111659266568,2.094296577946768,5.0
HD 235088,1,1,7.4341325,0.0706,0.0706,1.982,0.0,4.15,0.0,0.0,5075.0,0.772,0.849,-0.02,0.8712302973443237,0.0,0.0,2.0938446014127146,1.0
HD 23596,2,1,1535.11912,2.694,2.694,12.4,0.0,3786.607641,0.0,0.282,6040.0,1.53,1.1,0.33,3.186142080889084,0.0,0.0,305.3715839516129,0.5
HD 238090,1,1,13.671,0.0932,0.0932,2.52,0.0,6.89,0.0,0.3,3933.0,0.57,0.578,-0.03,1.1358002833021112,0.0,0.0,2.734126984126984,1.0
HD 238914,1,1,4100.0,5.7,5.7,12.8,0.0,1906.98,0.0,0.56,4769.0,12.73,1.47,-0.25,3.6127838567197355,0.0,0.0,148.9828125,1.0
HD 240210,1,1,501.75,1.16,1.16,12.8,0.0,1655.82,0.0,0.15,4297.0,25.456816,0.82,-0.18,2.7004873811595234,0.0,0.0,129.36093749999998,1.0
HD 240237,1,1,745.70001,1.92,1.92,12.2,0.0,5050.3187,0.0,0.4,3926.0,71.23,8.76,-0.25,2.8725641489146354,0.0,0.0,413.96054918032786,1.0
HD 24040,1,2,2091.7,1.3,4.92,11.125,2.510229073212244,826.5127724050001,1078.5206462244416,0.075,5802.0,1.3,1.11,0.19,3.320499396405866,3.62,0.5524861878453039,74.29328291280899,2.0
HD 24064,1,1,535.59998,1.29,1.29,12.3,0.0,4096.8287,0.0,0.35,4052.0,40.0,1.61,-0.49,2.728840552122851,0.0,0.0,333.07550406504066,1.0
HD 24085,1,1,2.0455,0.034,0.034,3.46,0.0,11.8,0.0,0.22,6034.0,1.412551,1.22,0.17,0.3107994838343926,0.0,0.0,3.410404624277457,1.0
HD 25015,1,1,6134.427,6.248,6.248,12.5,0.0,2884.92845034,0.0,0.341,5160.0,0.83,0.86,0.04,3.787774002701165,0.0,0.0,230.7942760272,1.0
HD 25171,2,1,1802.29,2.971,2.971,13.9,0.0,290.81445,0.0,0.042,6125.0,1.23,1.076,-0.12,3.255824673028448,0.0,0.0,20.921902877697843,0.5
HD 25463,1,2,5.04659615,0.0443,0.076,1.9544538349999998,0.8356648821956477,6.5,3.111269837220809,0.0,6353.0,1.4182,1.251,-0.018,0.7029985520401951,0.0317,63.09148264984227,3.3257372896710047,2.0
HD 25723,1,1,457.01,1.49,1.49,13.3,0.0,794.5710175,0.0,0.04,4766.0,13.76,2.12,-0.03,2.659925703127408,0.0,0.0,59.74218176691729,1.0
HD 25912,1,2,13175.243875,0.242,17.848,9.55,3.7476659402887003,2645.444745665,3687.2865685856655,0.0505,5920.58,0.995896,1.08,0.12,4.119758662790583,17.605999999999998,0.11359763716914689,277.00992101204184,2.0
HD 260655,1,2,4.237705,0.02933,0.04749,1.3864999999999998,0.20718228688765844,2.615,0.6717514421272198,0.0385,3803.0,0.439,0.439,-0.43,0.6271307208194743,0.01816,110.13215859030838,1.8860439956725572,2.0
HD 26161,1,1,10942.29013,10.087,10.087,11.9,0.0,9045.39646322,0.0,0.922,6057.62,1.455981,1.12,-0.0095,4.039108225720885,0.0,0.0,760.1173498504202,1.0
HD 2638,3,1,3.4442,0.04,0.04,14.3,0.0,133.4886,0.0,0.0,5186.0,0.94,0.77,0.13,0.5370883624025355,0.0,0.0,9.334867132867132,0.3333333333333333
HD 2685,1,1,4.12688,0.0568,0.0568,16.14096,0.0,371.8611,0.0,0.091,6801.0,1.56,1.43,0.02,0.6156218407951487,0.0,0.0,23.03835087875814,1.0
HD 27442,2,1,428.1,1.271,1.271,13.5,0.0,495.8,0.0,0.06,4846.0,3.18,1.23,0.42,2.631545227834309,0.0,0.0,36.72592592592593,0.5
HD 27631,1,1,2198.14,3.242,3.242,13.5,0.0,495.81231492,0.0,0.141,5737.0,0.923,0.944,-0.12,3.3420553492754626,0.0,0.0,36.72683814222222,1.0
HD 27894,1,3,1691.21061,0.125,5.362,11.68,3.0602614267411856,770.6280301933333,1122.1509056513419,0.135,4875.0,0.891767,0.81,0.3,3.228197694567182,5.237,0.5728470498376933,65.97842724257991,3.0
HD 27969,1,1,654.5,1.552,1.552,12.9,0.0,1525.5763536,0.0,0.182,5966.0,1.27,1.16,0.18,2.8159096508867747,0.0,0.0,118.2617328372093,1.0
HD 28109,1,3,54.392691333333325,0.1357,0.411,3.31,0.7405403432629446,7.066666666666666,1.8583146486355135,0.005466666666666667,6189.0,1.425,1.227,0.1,1.735540548101776,0.2753,10.897203051216854,2.134944612286002,3.0
HD 28185,1,2,4737.96,1.034,8.5,12.8,0.0,1883.133311475,33.710793276512725,0.1065,5602.0,1.048,0.974,0.19,3.675591389891895,7.466,0.2678810608090008,147.11978995898437,2.0
HD 28254,2,1,1333.0,2.45,2.45,13.0,0.0,1207.7479466,0.0,0.95,5664.0,1.48,1.1,0.06,3.1248301494138593,0.0,0.0,92.9036882,0.5
HD 28471,1,3,6.990133333333333,0.042,0.1,2.0233333333333334,0.25696951829610704,4.783333333333334,1.0059986746180798,0.12533333333333332,5766.0,1.08,0.98,-0.04,0.8444854597769622,0.058,51.72413793103448,2.3640856672158157,3.0
HD 285507,1,1,6.0881,0.06,0.06,13.8,0.0,311.4734,0.0,0.09,4503.0,0.69,0.82,0.13,0.7844817773189411,0.0,0.0,22.57053623188406,1.0
HD 285968,1,1,8.7836,0.066,0.066,2.83,0.0,8.4,0.0,0.0,3703.49,0.478214,0.5,-0.1,0.9436725500399643,0.0,0.0,2.9681978798586575,1.0
HD 28678,1,1,380.2,1.18,1.18,13.5,0.0,490.09386,0.0,0.149,4972.0,6.48,1.53,-0.11,2.5800121125294244,0.0,0.0,36.30324888888889,1.0
HD 29021,1,1,1365.0,2.294,2.294,12.9,0.0,1420.69297929,0.0,0.453,5560.0,0.85,0.86,-0.3,3.1351326513767748,0.0,0.0,110.13123870465117,1.0
HD 290327,1,1,2443.0,3.43,3.43,13.3,0.0,772.3269,0.0,0.08,5505.0,0.95,0.84,-0.14,3.3879234669734366,0.0,0.0,58.06969172932331,1.0
HD 29399,1,1,892.7,1.913,1.913,13.5,0.0,498.99059899,0.0,0.05,4845.0,4.5,1.17,0.14,2.9507055347738613,0.0,0.0,36.96226659185185,1.0
HD 2952,1,1,312.08,1.117,1.117,13.9,0.0,284.77425267,0.0,0.269,4853.0,10.9,1.91,0.0,2.494265937303735,0.0,0.0,20.487356307194243,1.0
HD 29985,1,1,20608.14049,13.39,13.39,12.8,0.0,1739.47487151,0.0,0.261,4678.0,0.574666,0.75,-0.22,4.314038806366043,0.0,0.0,135.89647433671874,1.0
HD 30177,1,2,7299.993039999999,3.604,10.258,12.649999999999999,0.07071067811865513,2312.678403535,506.3361150125136,0.123,5580.0,1.019,0.98,0.3699,3.863322446053191,6.653999999999999,0.3005710850616171,182.82042715691702,2.0
HD 30562,1,1,1157.0,2.34,2.34,13.6,0.0,467.20775829,0.0,0.76,5882.0,1.61,1.12,0.2,3.0633333589517497,0.0,0.0,34.35351163897059,1.0
HD 30669,1,1,1684.0,2.69,2.69,14.3,0.0,149.37,0.0,0.18,5400.0,0.91,0.92,0.13,3.226342087163631,0.0,0.0,10.445454545454545,1.0
HD 307842,1,1,2.7970365,0.038,0.038,1.93,0.0,9.67,0.0,0.0,5558.0,0.907,0.91,-0.13,0.4466981337455566,0.0,0.0,5.010362694300518,1.0
HD 30856,2,1,847.0,1.85,1.85,13.5,0.0,491.68301,0.0,0.061,4895.0,4.4,1.17,-0.06,2.9278834103307068,0.0,0.0,36.420963703703706,0.5
HD 31253,1,1,466.0,1.26,1.26,14.1,0.0,197.0546,0.0,0.3,6130.0,1.75,1.7,0.17,2.66838591669,0.0,0.0,13.97550354609929,1.0
HD 31527,1,3,113.14416666666666,0.1254,0.8098,3.5100000000000002,0.31796226191169286,12.15,1.8670029459001927,0.12666666666666668,5898.0,1.073694,0.96,-0.17,2.0536321681026517,0.6843999999999999,4.383401519579194,3.4615384615384612,3.0
HD 3167,1,4,33.96156025,0.01796,0.3885,2.355,0.6583059066016852,7.21,3.1685117431795433,0.08249999999999999,5261.0,0.88,0.837,0.04,1.5309876342338684,0.37054000000000004,10.795055864414097,3.061571125265393,4.0
HD 32518,1,1,157.35,0.594,0.594,13.2,0.0,905.49313154,0.0,0.028,4580.0,10.22,1.13,-0.15,2.196866747249239,0.0,0.0,68.59796451060606,1.0
HD 32963,1,1,2372.0,3.41,3.41,13.4,0.0,657.90480249,0.0,0.07,5727.0,1.111044,0.94,0.11,3.375114684692225,0.0,0.0,49.09737332014925,1.0
HD 330075,1,1,3.38773,0.04,0.04,14.3,0.0,152.5584,0.0,0.0,5000.0,0.84,0.47,0.05,0.5299087900344824,0.0,0.0,10.668419580419581,1.0
HD 331093,1,1,621.62,1.44,1.44,13.6,0.0,476.7426105,0.0,0.59,5544.0,1.1112,1.03,0.17,2.7935249790069934,0.0,0.0,35.054603713235295,1.0
HD 33142,1,3,410.03333333333336,0.452,1.955,12.306666666666667,2.5884615765611305,248.96558548333334,170.98853222166068,0.107,5025.4,4.17,1.52,0.06,2.612819163778972,1.5030000000000001,1.996007984031936,20.23013966549296,3.0
HD 332231,1,1,18.712024,0.145,0.145,9.07303305,0.0,74.1,0.0,0.0,6128.0,1.266,1.1642,0.043,1.2721207658265818,0.0,0.0,8.167059415704433,1.0
HD 33283,2,1,18.1991,0.1508,0.1508,12.5,0.0,104.56607,0.0,0.399,5935.0,1.97,1.38,0.35,1.2600499113533015,0.0,0.0,8.3652856,0.5
HD 33564,1,1,388.0,1.1,1.1,12.5,0.0,2892.1,0.0,0.34,6250.0,1.4367,1.25,-0.12,2.5888317255942073,0.0,0.0,231.368,1.0
HD 33844,1,2,733.70001,1.6,2.24,13.45,0.07071067811865513,597.5204,58.432334548775316,0.14,4861.0,5.39,1.84,0.27,2.865518524994012,0.6400000000000001,3.1249999999999996,44.425308550185875,2.0
HD 34445,1,6,1301.2524999999998,0.2687,6.36,8.854999999999999,4.023111979550159,86.68676666666666,92.63182396307798,0.081,5879.0,1.38,1.14,0.18,3.114361576897199,6.0913,0.9850114097154958,9.789584039149258,6.0
HD 35759,1,1,82.467,0.389,0.389,13.0,0.0,1195.0408,0.0,0.389,6060.0,1.759974,1.15,0.04,1.9162801960043374,0.0,0.0,91.92621538461539,1.0
HD 35843,1,2,28.43065,0.088,0.25,2.415,0.1767766952966369,8.58,3.8749451609022807,0.0765,5666.0,0.897,0.94,-0.27,1.4537867889266802,0.162,12.345679012345679,3.5527950310559007,2.0
HD 360,1,1,273.1,0.98,0.98,14.0,0.0,238.37130525,0.0,0.139,4770.0,10.86,1.69,-0.06,2.4363217001397333,0.0,0.0,17.02652180357143,1.0
HD 36384,1,1,490.0,1.3,1.3,12.7,0.0,2097.6674862,0.0,0.2,3940.0,38.4,1.14,-0.16,2.690196080028514,0.0,0.0,165.17066820472442,1.0
HD 3651,1,1,62.25,0.295,0.295,10.1,0.0,72.46524,0.0,0.645,5221.0,0.871954,0.799,0.1453,1.794139355767774,0.0,0.0,7.174776237623762,1.0
HD 37124,1,3,967.2926666666666,0.53364,2.807,14.033333333333333,0.057735026918962117,214.32336333333333,6.994667388606359,0.11299999999999999,5698.64,0.949168,0.85,-0.44,2.9855578952702198,2.27336,1.3196326142801844,15.272448693586698,3.0
HD 37605,1,2,1387.50646,0.277,3.74,13.149999999999999,0.07071067811865388,934.4202,112.36987413226018,0.35225,5329.0,0.91,0.94,0.27,3.1422350138025137,3.463,0.5775339301183945,71.05857034220533,2.0
HD 3765,1,1,1211.0,2.108,2.108,8.56,0.0,54.98431441,0.0,0.298,5049.8,0.83061,0.851785,0.1716,3.0831441431430524,0.0,0.0,6.423401216121495,1.0
HD 38283,1,1,363.20001,1.02,1.02,14.0,0.0,127.132,0.0,0.41,5981.0,1.49,1.37,-0.18,2.5601458518064946,0.0,0.0,9.080857142857143,1.0
HD 38529,2,2,1070.9577800000002,0.115,3.226,13.3,1.1313708498984765,1752.823664605,2186.706790536457,0.3065,5697.0,2.857838,0.98,0.51,3.029772350127424,3.1109999999999998,0.6428801028608165,131.79125297781954,1.0
HD 38801,1,1,685.25,1.623,1.623,12.5,0.0,3082.31534,0.0,0.017,5338.0,2.029,1.207,0.25,2.835849044211536,0.0,0.0,246.58522720000002,1.0
HD 39091,1,3,739.9026133000001,0.06839,3.28,6.012966666666667,5.510764593351212,1499.4635129,2582.4204977485633,0.28733333333333333,5998.0,1.17,1.07,0.09,2.869174561231354,3.21161,0.9341109287864965,249.37166560599593,3.0
HD 39194,1,3,17.847273333333334,0.05895,0.1949,2.2533333333333334,0.34961884007206095,5.756666666666667,1.5251994405104317,0.11266666666666668,5205.0,0.783742,0.86,-0.61,1.2515718749725468,0.13595,22.066936373666792,2.554733727810651,3.0
HD 40307,1,5,56.78454000000001,0.0468,0.6,2.3449999999999998,0.3040559159102157,969.039751368,916.7808236661092,0.128,4956.0,0.716684,0.77,-0.31,1.7542301120032557,0.5532,9.038322487346347,413.236567747548,5.0
HD 40956,1,1,578.6,1.4,1.4,13.2,0.0,858.141,0.0,0.24,4869.0,8.56,2.0,0.14,2.762378429311964,0.0,0.0,65.01068181818182,1.0
HD 40979,3,1,264.14999,0.85,0.85,12.9,0.0,1484.2661,0.0,0.25,6165.0,1.21,1.45,0.2,2.421850598581751,0.0,0.0,115.05938759689923,0.3333333333333333
HD 4113,3,1,526.5239,1.28,1.28,13.5,0.0,541.26177712,0.0,0.899,5688.0,1.077514,1.008,0.2,2.7214180894864386,0.0,0.0,40.09346497185185,0.3333333333333333
HD 42012,1,1,857.5,1.67,1.67,13.5,0.0,508.528,0.0,0.2,5405.0,0.82,0.83,-0.09,2.9332341287148083,0.0,0.0,37.668740740740745,1.0
HD 4203,1,2,3565.94,1.17,6.95,13.3,0.0,699.21045,13.506375916766183,0.38,5596.0,1.42,1.25,0.4,3.5521740315235384,5.78,0.3460207612456747,52.57221428571429,2.0
HD 4208,1,1,832.97,1.662,1.662,13.9,0.0,257.4423,0.0,0.042,5717.0,0.846,0.883,-0.28,2.920629360267441,0.0,0.0,18.521028776978415,1.0
HD 42618,1,1,149.61,0.554,0.554,3.89,0.0,14.4,0.0,0.19,5727.0,0.999,1.015,-0.09,2.1749606229380256,0.0,0.0,3.7017994858611827,1.0
HD 4308,1,1,15.56,0.12,0.12,4.12,0.0,15.8915,0.0,0.0,5686.0,1.02,0.93,-0.35,1.1920095926536702,0.0,0.0,3.8571601941747575,1.0
HD 4313,1,1,356.21,1.157,1.157,13.4,0.0,612.45841,0.0,0.147,4943.0,5.14,1.63,0.14,2.5517061073895997,0.0,0.0,45.705851492537306,1.0
HD 43197,1,2,4802.44711,0.882,8.54,13.399999999999999,1.1313708498984751,1338.216507675,1643.963018788138,0.4455,5508.0,1.0,0.96,0.4,3.6814625906161607,7.6579999999999995,0.26116479498563594,99.86690355783583,2.0
HD 43691,3,1,36.9987,0.238,0.238,13.2,0.0,810.4665,0.0,0.0796,6093.0,1.6,1.32,0.33,1.5681864648036152,0.0,0.0,61.39897727272727,0.3333333333333333
HD 44219,1,1,472.0,1.26,1.26,14.1,0.0,184.34047606,0.0,0.41,5752.0,1.32,1.2,0.03,2.673941998634088,0.0,0.0,13.073792628368794,1.0
HD 45184,1,2,9.5104,0.0644,0.11,3.215,0.43133513652379374,10.5,2.39002092041053,0.07,5869.0,1.075139,1.03,0.04,0.9781987834084437,0.0456,43.859649122807014,3.265940902021773,2.0
HD 45350,1,1,963.6,1.92,1.92,13.5,0.0,568.89,0.0,0.778,5566.0,1.26442,0.98,0.23,2.983896791326306,0.0,0.0,42.14,1.0
HD 45364,1,2,285.61,0.6793,0.902,11.614999999999998,3.6557420587344516,117.326356445,80.8384822714913,0.043000000000000003,5466.0,0.89,0.82,-0.17,2.455773409227347,0.2227,8.98069151324652,10.10127907404219,2.0
HD 45652,1,1,44.073,0.237,0.237,14.3,0.0,137.62039,0.0,0.607,5294.0,0.94,0.92,0.26,1.644172613457543,0.0,0.0,9.623803496503495,1.0
HD 457,1,1,20324.58153,15.369,15.369,11.9,0.0,8445.3364308,0.0,0.565,6114.04,1.28194,1.15,0.34,4.308021612515415,0.0,0.0,709.6921370420168,1.0
HD 46375,2,1,3.023573,0.0398,0.0398,10.0,0.0,71.8,0.0,0.063,5285.0,0.914196,0.92,0.24,0.48052045850983127,0.0,0.0,7.18,0.5
HD 47186,1,2,678.8422499999999,0.05,2.395,9.01,5.642712113868649,66.83405,63.0540551812887,0.1445,5657.0,1.08,0.96,0.24,2.831768864244997,2.345,0.8528784648187633,7.41776359600444,2.0
HD 4732,2,2,1777.9699999999998,1.129,4.725,13.25,0.21213203435596475,850.349902925,309.91455951995204,0.2265,4898.0,5.03,1.39,-0.01,3.249924428768967,3.5959999999999996,0.5561735261401558,64.17735116415095,1.0
HD 47366,1,2,518.805,1.207,1.84,13.45,0.07071067811865513,572.72678941,125.85362823231408,0.11599999999999999,4866.0,7.3,1.81,-0.02,2.715004152959355,0.633,3.1595576619273302,42.581917428252794,2.0
HD 47536,1,1,712.13,1.93,1.93,12.6,0.0,2330.0,0.0,0.2,4380.0,23.47,2.1,-0.65,2.8525592817394934,0.0,0.0,184.92063492063494,1.0
HD 4760,1,1,434.0,1.14,1.14,12.3,0.0,4417.837,0.0,0.23,4076.0,42.4,1.05,-0.91,2.637489729512511,0.0,0.0,359.1737398373984,1.0
HD 48265,1,2,5598.255,1.814,10.4,12.75,0.21213203435596475,1883.133311475,662.978934438083,0.3105,5733.0,1.901,1.312,0.3,3.7480526766543725,8.586,0.23293733985557885,147.6967303117647,2.0
HD 48948,1,3,65.77337666666666,0.0652,0.4894,2.6333333333333333,0.5907057925340952,7.579999999999999,2.8675948109870757,0.22000000000000006,4593.0,0.679,0.686,-0.21,1.8180501381958418,0.4242,7.072135785007072,2.8784810126582276,3.0
HD 4917,1,1,400.5,1.167,1.167,13.5,0.0,513.29545,0.0,0.066,4802.0,5.01,1.32,0.18,2.6026025204202563,0.0,0.0,38.021885185185184,1.0
HD 49674,1,1,4.94737,0.06,0.06,6.2,0.0,31.783,0.0,0.09,5602.0,1.02,1.03,0.32,0.6943743912514695,0.0,0.0,5.126290322580645,1.0
HD 50499,1,2,5533.5,3.833,9.02,13.35,0.21213203435596475,725.60589,290.81323425428934,0.133,6102.0,1.351,1.253,0.26,3.7429999142824846,5.186999999999999,0.38557933294775404,54.35250112359551,2.0
HD 50554,1,1,1293.0,2.353,2.353,12.8,0.0,1859.29618095,0.0,0.501,5987.0,1.02,1.04,-0.04,3.111598524880394,0.0,0.0,145.25751413671875,1.0
HD 51608,1,2,55.008599999999994,0.1059,0.3809,3.745,0.1767766952966369,13.54,1.0889444430272845,0.115,5358.0,0.916136,0.8,-0.07,1.74043059205008,0.275,7.2727272727272725,3.6154873164218957,2.0
HD 52265,1,1,119.27,0.52,0.52,13.7,0.0,384.5743,0.0,0.27,6136.0,1.32,1.204,0.21,2.076531219253812,0.0,0.0,28.07111678832117,1.0
HD 5278,1,2,27.604577999999997,0.1202,0.2416,3.47,1.442497833620557,13.1,7.495331880577404,0.07500000000000001,6203.0,1.194,1.126,-0.12,1.4409811123284582,0.12140000000000001,16.474464579901152,3.77521613832853,2.0
HD 5319,1,2,754.6500000000001,1.57,1.93,13.65,0.21213203435596475,414.609235,113.04409337705378,0.1375,4871.0,4.06,1.27,0.15,2.8777455763814292,0.3599999999999999,5.555555555555557,30.37430293040293,2.0
HD 55696,1,1,1827.0,3.18,3.18,12.9,0.0,1357.12729789,0.0,0.705,6012.0,1.52,1.29,0.37,3.2617385473525378,0.0,0.0,105.20366650310076,1.0
HD 5583,1,1,139.35,0.53,0.53,12.8,0.0,1837.0574,0.0,0.076,4830.0,9.09,1.01,-0.5,2.144106973049323,0.0,0.0,143.52010937499998,1.0
HD 5608,2,1,768.7,1.79,1.79,13.7,0.0,371.22357938,0.0,0.11,4807.0,5.43,1.29,0.04,2.8857568810692675,0.0,0.0,27.096611633576643,0.5
HD 564,1,1,492.3,1.2,1.2,12.5,0.0,104.88,0.0,0.096,5902.0,1.01,0.961,-0.2,2.6922298357727557,0.0,0.0,8.3904,1.0
HD 56414,1,1,29.04992,0.229,0.229,3.71,0.0,13.3,0.0,0.68,8500.0,1.751,1.89,0.0,1.4631449407330142,0.0,0.0,3.5849056603773586,1.0
HD 5891,1,1,177.11,0.64,0.64,12.6,0.0,2425.0429,0.0,0.07,4673.0,10.64,1.93,-0.37,2.2482430830546196,0.0,0.0,192.46372222222223,1.0
HD 59686 A,2,1,299.36,1.086,1.086,12.7,0.0,2199.3836,0.0,0.05,4658.0,13.2,1.9,0.15,2.476193770155935,0.0,0.0,173.17981102362208,0.5
HD 60292,1,1,495.4,1.5,1.5,12.7,0.0,2065.895,0.0,0.27,4348.0,27.0,1.7,-0.17,2.694956002249818,0.0,0.0,162.66889763779528,1.0
HD 60532,1,2,401.0,0.77,1.6,13.55,0.3535533905932738,567.32655,325.8726349835545,0.14500000000000002,6245.0,2.57,1.5,-0.26,2.603144372620182,0.8300000000000001,2.4096385542168672,41.86911808118081,2.0
HD 6061,2,1,5.2549,0.06,0.06,2.42763557,0.0,10.0,0.0,0.0,5934.0,1.0072,1.0269,-0.05,0.7205644558806424,0.0,0.0,4.119234420345884,0.5
HD 62364,1,2,39988.972775,6.15,36.984,12.05,0.07071067811865513,6944.55069295,1384.3899105554547,0.69,6255.0,1.401,1.157,-0.11,4.601940248247575,30.834000000000003,0.06486346241162352,576.3112608257261,2.0
HD 62509,1,1,589.64,1.64,1.64,13.3,0.0,731.0,0.0,0.02,4892.63,8.9,2.0,0.1027,2.7705869375206515,0.0,0.0,54.962406015037594,1.0
HD 63433,1,3,10.620283533333334,0.0503,0.146,1.9683333333333335,0.8230384762168373,12.847999999999999,10.514031909786082,0.20333333333333334,5553.0,0.934,0.956,-0.07,1.0261361114081973,0.0957,31.347962382445143,6.527349703640981,3.0
HD 63454,1,1,2.81805,0.04,0.04,12.31,0.0,79.4575,0.0,0.0,4812.0,0.77,0.42,0.1,0.4499486944267991,0.0,0.0,6.454711616571892,1.0
HD 63765,1,1,358.0,0.94,0.94,14.2,0.0,168.4499,0.0,0.24,5449.0,0.83,0.65,-0.16,2.5538830266438746,0.0,0.0,11.862669014084508,1.0
HD 63935,1,2,15.230753499999999,0.083,0.148,2.9901327,0.10518957246483698,10.8,0.4242640687119276,0.0,5513.0,0.9598,0.9406,0.107,1.1827213894028388,0.06499999999999999,30.769230769230774,3.611879833961884,2.0
HD 64121,1,1,623.0,1.51,1.51,13.2,0.0,813.64072192,0.0,0.11,5078.0,5.44,1.64,-0.21,2.7944880466591697,0.0,0.0,61.639448630303036,1.0
HD 6434,1,1,21.998,0.14,0.14,14.2,0.0,155.7367,0.0,0.17,5769.0,1.12,1.1,-0.55,1.3423831977109555,0.0,0.0,10.967373239436622,1.0
HD 65216,3,2,2973.8,1.301,5.75,13.5,0.141421356237309,528.392375,165.18371497442243,0.22000000000000003,5612.0,0.88,0.874,-0.1685,3.473311757118982,4.449,0.44953922229714544,39.140175925925924,0.6666666666666666
HD 66141,1,1,480.5,1.2,1.2,12.8,0.0,1906.9,0.0,0.07,4323.0,21.4,1.1,-0.323,2.681693392004564,0.0,0.0,148.9765625,1.0
HD 66428,1,2,6374.330815,3.395,9.408,12.95,0.7778174593052026,2019.799526485,2063.5500257634353,0.33899999999999997,5716.0,1.13,1.01,0.23,3.804434598736215,6.013,0.3326126725428239,155.9690754042471,2.0
HD 67087,1,2,1363.1,1.08,3.86,13.0,0.141421356237309,1256.5,400.92954493277244,0.465,6330.0,1.55,1.36,0.25,3.134527717797338,2.78,0.7194244604316548,96.65384615384616,2.0
HD 68402,1,1,1103.0,2.18,2.18,12.6,0.0,2510.8444153,0.0,0.03,5950.0,1.02,1.12,0.29,3.0425755124401905,0.0,0.0,199.2733662936508,1.0
HD 68475,1,1,7832.0,7.27,7.27,12.8,0.0,1639.99458012,0.0,0.62,5022.0,0.79099,0.83,0.07,3.8938726787950815,0.0,0.0,128.124576571875,1.0
HD 6860,1,1,663.87,2.03,2.03,11.9,0.0,8981.83078182,0.0,0.28,3802.0,86.4,2.49,-0.03,2.8220830435093447,0.0,0.0,754.7756959512604,1.0
HD 68988,1,2,8003.138555,0.07,13.2,12.8,0.8485281374238584,2701.543028605,2935.084182225467,0.28500000000000003,5932.0,1.19,1.28,0.35,3.9032603357182816,13.129999999999999,0.15232292460015234,211.05804910976562,2.0
HD 69123,1,1,1193.3,2.482,2.482,13.1,0.0,982.08977763,0.0,0.19,4842.0,7.72,1.68,0.05,3.076749640624,0.0,0.0,74.96868531526718,1.0
HD 69830,1,3,79.07566666666666,0.0785,0.63,3.6933333333333334,0.6711433031278294,13.366666666666667,4.17652167878168,0.10000000000000002,5385.0,0.886947,0.86,-0.05,1.8980428620285967,0.5515,5.43970988213962,3.61913357400722,3.0
HD 70573,1,1,851.8,1.76,1.76,12.8,0.0,1900.0,0.0,0.4,5737.0,0.976919,1.0,-0.18,2.93033763573773,0.0,0.0,148.4375,1.0
HD 70642,1,1,2124.54,3.318,3.318,13.0,0.0,1239.5307873,0.0,0.175,5732.0,0.984,1.078,0.22,3.327264912227482,0.0,0.0,95.3485221,1.0
HD 72490,1,1,858.0,1.88,1.88,13.5,0.0,561.92344,0.0,0.124,4934.0,4.96,1.21,-0.13,2.9334872878487053,0.0,0.0,41.62395851851852,1.0
HD 72659,1,2,19524.5,4.607,21.5,12.649999999999999,0.7778174593052014,3557.77118796,3688.4102616913474,0.17665,5929.0,1.36,1.033,-0.02,4.290579920909319,16.893,0.1183922334694844,281.24673422608697,2.0
HD 72892,1,1,39.44603,0.228,0.228,12.8,0.0,1737.88572948,0.0,0.419,5688.0,1.22,1.01,0.25,1.596003300679717,0.0,0.0,135.772322615625,1.0
HD 73256,1,1,2690.0,3.8,3.8,12.2,0.0,5085.254512,0.0,0.16,5570.0,0.944723,1.0,0.29,3.429752280002408,0.0,0.0,416.8241403278689,1.0
HD 73267,1,2,9164.88602,2.229,12.688,12.9,0.141421356237309,1476.154036315,218.67067905293865,0.175,5387.0,0.909,0.93,0.03,3.9621270681860854,10.459,0.19122287025528253,114.43054545077518,2.0
HD 73344,1,3,1968.1836666666668,0.131,6.7,9.861333333333333,6.0444094280031475,313.1641445533333,434.0495079889234,0.11133333333333333,6252.6,1.22,1.2,0.143,3.294065623413391,6.569,0.45669051606028316,31.756775069632234,3.0
HD 73526,1,2,283.70000000000005,0.65,1.03,13.2,0.1414213562373109,847.0032,186.55343649603452,0.23500000000000001,5601.0,1.53,1.14,0.22,2.452859335795852,0.38,5.2631578947368425,64.16690909090909,2.0
HD 73534,1,1,1750.0,2.99,2.99,13.7,0.0,353.42696,0.0,0.126,4917.0,2.58,1.16,0.232,3.2430380486862944,0.0,0.0,25.797588321167886,1.0
HD 73583,1,2,12.638891000000001,0.0604,0.1242,2.59,0.2828427124746188,9.95,0.3535533905932738,0.08499999999999999,4511.0,0.65,0.73,0.0,1.101708968431315,0.0638,31.347962382445143,3.841698841698842,2.0
HD 74156,1,2,1250.06145,0.28,3.678,13.0,0.7071067811865476,1643.17286419,1570.9229666784206,0.5065,6068.0,1.510576,1.1,0.131,3.096931362400023,3.3979999999999997,0.5885815185403179,126.39791263,2.0
HD 7449,2,1,1270.55195,2.438,2.438,12.6,0.0,2597.92939882,0.0,0.752,6024.0,0.97,1.196,-0.105,3.103992427070042,0.0,0.0,206.18487292222224,0.5
HD 74698,1,2,1732.0085,0.121,4.5,9.56,6.279108216936542,74.5,72.8319984622144,0.15000000000000002,5783.0,1.333,1.039,0.07,3.2385500190289247,4.379,0.4567252797442339,7.7928870292887025,2.0
HD 75289,2,1,3.50927,0.05,0.05,14.2,0.0,155.7367,0.0,0.03,6117.0,1.23,1.29,0.26,0.545216783718136,0.0,0.0,10.967373239436622,0.5
HD 75302,1,1,4356.0,5.3,5.3,12.8,0.0,1716.2733978,0.0,0.39,5697.46,0.940904,1.06,0.0857,3.6390878710837375,0.0,0.0,134.083859203125,1.0
HD 75784,1,2,4120.6,1.032,8.4,13.3,0.7071067811865476,1055.1956,1042.7924319473748,0.293,4867.0,3.4,1.26,0.25,3.6149604581974435,7.368,0.2714440825190011,79.33801503759398,2.0
HD 75898,1,2,3569.91,1.2025,7.39,12.899999999999999,0.4242640687119276,1754.4128066399999,1334.9474137499028,0.0925,6122.0,1.55,1.295,0.29,3.552657267373799,6.1875,0.32323232323232326,136.0009927627907,2.0
HD 76700,1,1,3.97097,0.05,0.05,9.6,0.0,66.7443,0.0,0.09,5644.0,1.37,0.99,0.31,0.5988966060556552,0.0,0.0,6.95253125,1.0
HD 76920,1,1,415.891,1.091,1.091,13.1,0.0,994.80291391,0.0,0.8782,4664.0,8.33,1.0,-0.19,2.618979522210019,0.0,0.0,75.93915373358779,1.0
HD 77338,1,1,5.7361,0.06,0.06,4.12,0.0,15.9,0.0,0.09,5341.0,0.97,1.37,0.32,0.7586167139759268,0.0,0.0,3.8592233009708736,1.0
HD 77946,1,1,6.527363,0.073,0.073,2.89646124,0.0,10.9,0.0,0.211,6007.0,1.3174,1.1973,0.215,0.8147377653715184,0.0,0.0,3.763212795486951,1.0
HD 79181,1,1,273.1,0.9,0.9,14.1,0.0,203.41018048,0.0,0.259,4862.0,11.06,1.28,-0.28,2.4363217001397333,0.0,0.0,14.426253934751774,1.0
HD 79498,2,1,1807.0,2.98,2.98,13.6,0.0,425.8922,0.0,0.575,5748.0,1.05,1.08,0.18,3.256958152560932,0.0,0.0,31.315602941176472,0.5
HD 80606,2,1,111.436765,0.4603,0.4603,11.56766808,0.0,1323.46926959,0.0,0.93183,5565.0,1.05,1.05,0.35,2.047028496066289,0.0,0.0,114.4110688893487,0.5
HD 80653,1,2,460.9597865,0.01661,1.961,7.2065,7.910403561133908,862.585840935,1211.7912933845041,0.4265,5959.0,1.22,1.18,0.255,2.663663039786795,1.94439,1.0286002293778511,119.69553055366683,2.0
HD 80869,1,1,1752.92067,2.905,2.905,12.8,0.0,1609.80088146,0.0,0.924,5837.0,1.062,1.06,0.17,3.243762262151508,0.0,0.0,125.7656938640625,1.0
HD 80883,1,1,6383.78352,6.462,6.462,12.8,0.0,1748.0562385,0.0,0.203,5177.91,0.814842,0.88,-0.2638,3.8050781512650556,0.0,0.0,136.5668936328125,1.0
HD 80913,1,1,10839.83341,9.95,9.95,12.0,0.0,7505.2000029,0.0,0.313,6013.24,1.6542,1.11,-0.68,4.035022607878228,0.0,0.0,625.433333575,1.0
HD 81040,1,1,1002.7,1.946,1.946,12.6,0.0,2301.07766668,0.0,0.525,5755.0,0.91,0.99,-0.04,3.001171014941401,0.0,0.0,182.62521164126986,1.0
HD 81688,1,1,183.93,0.648,0.648,13.5,0.0,525.68818518,0.0,0.04,4797.0,11.13,1.07,-0.32,2.2646525708468968,0.0,0.0,38.93986556888889,1.0
HD 81817,1,2,822.0898050000001,2.325,3.233,12.0,0.0,7427.17312898,341.37796658510194,0.096,4140.0,83.8,4.3,-0.17,2.9149192624130342,0.9079999999999999,2.2026431718061676,618.9310940816666,2.0
HD 82886,1,1,705.0,1.58,1.58,13.3,0.0,740.5439,0.0,0.07,4953.0,5.26,2.53,-0.31,2.848189116991399,0.0,0.0,55.67999248120301,1.0
HD 82943,1,2,330.774,0.74345,1.18306,13.45,0.07071067811865388,578.4265,62.47500543817496,0.26415,5935.0,1.1826,1.08,0.26,2.5195313651480427,0.43960999999999995,4.549487045335639,43.00568773234201,2.0
HD 8326,1,1,158.991,0.533,0.533,9.58,0.0,66.6,0.0,0.2,4914.0,0.783181,0.8,0.0399,2.2013725409181655,0.0,0.0,6.951983298538622,1.0
HD 83443,1,2,4121.992814,0.0406,8.0,13.85,0.3535533905932738,302.254815055,246.76300678690137,0.386,5442.0,0.94,1.0,0.34,3.6151072303245946,7.9594,0.2512752217503832,21.823452350541515,2.0
HD 8535,2,1,1313.0,2.45,2.45,14.0,0.0,216.1244,0.0,0.15,6136.0,1.19,1.13,0.06,3.118264726089479,0.0,0.0,15.437457142857143,0.5
HD 85390,1,1,799.52,1.373,1.373,6.16,0.0,31.46517,0.0,0.5,5186.0,0.8,0.758,-0.07,2.9028293320985115,0.0,0.0,5.107982142857143,1.0
HD 8574,1,1,227.0,0.76,0.76,13.4,0.0,645.1949,0.0,0.3,6064.0,1.38,1.34,0.01,2.3560258571931225,0.0,0.0,48.148873134328355,1.0
HD 86065,1,1,25775.78859,15.947,15.947,12.5,0.0,2877.30056857,0.0,0.219,4927.56,0.780347,0.81,-0.0202,4.41121196105726,0.0,0.0,230.1840454856,1.0
HD 86081,2,1,2.1378431,0.0346,0.0346,13.6,0.0,470.3884,0.0,0.0119,5939.0,1.46,1.21,0.22,0.3299758284197025,0.0,0.0,34.58738235294118,0.5
HD 86226,1,2,815.99221,0.049,2.73,8.23,8.584276323604687,75.13675,96.00636255543172,0.067,5863.0,1.053,1.019,0.018,2.911686012711995,2.681,0.7459903021260723,9.129617253948968,2.0
HD 86264,1,1,1488.79123,2.763,2.763,12.5,0.0,3117.26101586,0.0,0.821,6210.0,1.88,1.26,0.202,3.172833801838304,0.0,0.0,249.3808812688,1.0
HD 86728,1,1,31.1515,0.1916,0.1916,3.03,0.0,9.43,0.0,0.067,5610.0,1.237,0.967,0.2,1.4934789635485934,0.0,0.0,3.1122112211221125,1.0
HD 8673,2,1,1644.69097,2.97,2.97,12.3,0.0,4210.59073594,0.0,0.73,6389.05,1.50225,1.28,0.1474,3.2160843079810197,0.0,0.0,342.32445007642275,0.5
HD 86950,1,1,1270.0,2.72,2.72,13.0,0.0,1144.188,0.0,0.17,4805.0,8.8,1.66,0.04,3.103803720955957,0.0,0.0,88.01446153846155,1.0
HD 87646,3,1,13.481,0.117,0.117,12.4,0.0,3941.092,0.0,0.05,5770.0,1.55,1.12,-0.17,1.1297221086958777,0.0,0.0,317.83,0.3333333333333333
HD 87816,1,2,4040.085,1.618,10.14,12.55,0.21213203435596414,3009.83501429,1227.0728752650623,0.485,4989.0,9.0,2.41,0.14,3.6063905023983844,8.522,0.2346866932644919,239.82749117848604,2.0
HD 87883,1,1,3006.0,3.77,3.77,12.7,0.0,2005.49724817,0.0,0.72,4980.0,0.798557,0.8,0.11,3.4779889762508893,0.0,0.0,157.9131691472441,1.0
HD 88072,1,1,18538.79293,13.895,13.895,12.6,0.0,2511.79790052,0.0,0.156,5785.33,1.032,1.04,0.0426,4.268081453599948,0.0,0.0,199.34903972380954,1.0
HD 88133,1,1,3.414884,0.0479,0.0479,13.8,0.0,324.1866,0.0,0.031,5392.0,2.2,1.26,0.34,0.5333759557436019,0.0,0.0,23.49178260869565,1.0
HD 88986,1,1,146.05,0.58,0.58,2.49,0.0,17.2,0.0,0.24,5861.0,1.543,1.25,0.06,2.1645015613095686,0.0,0.0,6.907630522088352,1.0
HD 89307,1,1,2166.0,3.27,3.27,13.4,0.0,642.01338214,0.0,0.2,5955.0,1.1,1.27,-0.13,3.3356584522893016,0.0,0.0,47.911446428358204,1.0
HD 89345,1,1,11.8143,0.1066,0.1066,7.39794,0.0,34.9613,0.0,0.22,5576.0,1.747,1.157,0.421,1.0724079946824485,0.0,0.0,4.725815564873465,1.0
HD 89744,2,1,256.78,0.917,0.917,12.6,0.0,2653.8805,0.0,0.677,6291.0,2.13257,1.86,0.2238,2.40956119452185,0.0,0.0,210.62543650793654,0.5
HD 89839,1,1,3391.2,4.713,4.713,12.8,0.0,1748.0562385,0.0,0.185,6314.0,1.28588,1.21,0.04,3.5303534035601647,0.0,0.0,136.5668936328125,1.0
HD 90156,1,1,49.77,0.25,0.25,4.43,0.0,17.98,0.0,0.31,5599.0,0.920286,0.84,-0.24,1.696967640744023,0.0,0.0,4.058690744920994,1.0
HD 9174,1,1,1179.0,2.2,2.2,13.7,0.0,352.7913,0.0,0.12,5577.0,1.67,1.03,0.39,3.071513805095089,0.0,0.0,25.751189781021896,1.0
HD 92788,1,2,5968.55025,0.97,10.5,13.0,0.0,1180.7384499999998,20.226577343806824,0.405,5744.0,1.14,1.15,0.27,3.775868854599129,9.53,0.20986358866736624,90.8260346153846,2.0
HD 93083,1,1,143.58,0.477,0.477,13.4,0.0,117.59,0.0,0.14,4995.0,0.850835,0.7,0.15,2.157093948997081,0.0,0.0,8.775373134328358,1.0
HD 93351,1,2,7006.37678,0.035,11.154,6.995,7.502402948389269,2078.756695985,2934.861662651074,0.329,5408.0,0.911435,0.94,-0.23,3.845493488544759,11.119,0.17987229067362173,297.17751193495354,2.0
HD 93385,1,3,22.124200000000002,0.0756,0.2565,2.4433333333333334,0.5150080905513365,6.666666666666667,2.2810816147900823,0.19499999999999998,5977.0,1.18484,1.04,0.02,1.3448675757826543,0.1809,16.58374792703151,2.728512960436562,3.0
HD 93963 A,2,2,2.3413749,0.02061,0.04726,2.294652125,1.166879553347575,10.6,11.030865786510141,0.0,5908.0,1.0311,1.0844,0.11,0.3694709583209189,0.026650000000000004,75.04690431519698,4.619436595427292,1.0
HD 9446,1,2,111.476,0.189,0.654,13.7,0.4242640687119276,400.449,251.69748719047635,0.13,5793.0,1.0,1.0,0.09,2.047181376895464,0.465,4.301075268817204,29.229854014598544,2.0
HD 94771,1,1,2164.0,3.48,3.48,14.2,0.0,169.0,0.0,0.39,5631.0,1.903,1.2,0.22,3.3352572564345317,0.0,0.0,11.901408450704226,1.0
HD 94834,1,1,1576.0,2.74,2.74,13.7,0.0,400.4658,0.0,0.14,4798.0,4.2,1.11,0.12,3.1975562131535367,0.0,0.0,29.231080291970805,1.0
HD 94890,1,2,1658.4,2.07,4.33,12.9,0.5656854249492386,1754.4128066399999,1523.7278560983736,0.135,4867.0,10.71,1.74,-0.02,3.2196892890858044,2.2600000000000002,0.8849557522123893,136.00099276279067,2.0
HD 95089,1,2,1124.7,1.36,3.33,13.399999999999999,0.4242640687119276,748.48965,492.18004869929973,0.20149999999999998,4918.0,5.08,1.54,0.05,3.0510366951412133,1.97,1.015228426395939,55.857436567164186,2.0
HD 95127,1,1,482.0,1.28,1.28,12.4,0.0,3378.5329,0.0,0.11,4218.0,41.01,3.7,-0.18,2.6830470382388496,0.0,0.0,272.4623306451613,1.0
HD 95338,1,1,55.082694,0.262,0.262,4.27174254,0.0,42.9,0.0,0.197,5097.0,0.868,0.848,0.08,1.741015172701856,0.0,0.0,10.042740075809906,1.0
HD 95544,1,1,2041.54152,3.166,3.166,12.8,0.0,1913.64483855,0.0,0.049,5722.0,1.088,1.01,0.11,3.309958216844627,0.0,0.0,149.50350301171875,1.0
HD 95872,1,1,4375.0,5.15,5.15,13.0,0.0,1188.6842,0.0,0.06,5312.0,0.84,0.7,0.41,3.640978057358332,0.0,0.0,91.43724615384615,1.0
HD 96063,1,1,362.5,1.11,1.11,13.7,0.0,403.6441,0.0,0.17,5020.0,4.75,1.37,-0.3,2.5593080109070123,0.0,0.0,29.46307299270073,1.0
HD 96127,1,1,647.29999,1.42,1.42,12.1,0.0,6661.7168,0.0,0.3,3943.0,51.1,10.94,-0.24,2.8111056003086072,0.0,0.0,550.5551074380165,1.0
HD 96167,2,1,498.04,1.332,1.332,14.0,0.0,227.88411,0.0,0.685,5733.0,1.94,1.27,0.34,2.697264224449781,0.0,0.0,16.277436428571427,0.5
HD 96700,1,3,43.834833333333336,0.0777,0.424,2.7433333333333336,0.9735159646011632,8.366666666666667,4.623130252689548,0.2336666666666667,5845.0,1.16,0.89,-0.18,1.641819359640185,0.3463,8.663008951775916,3.0498177399756985,3.0
HD 96992,1,1,514.0,1.24,1.24,13.7,0.0,362.3262,0.0,0.41,4725.0,7.43,0.96,-0.45,2.710963118995276,0.0,0.0,26.447167883211677,1.0
HD 97037,1,1,6449.08337,6.925,6.925,12.1,0.0,6707.76852973,0.0,0.357,5874.1,1.26356,1.06,-0.0773,3.809497991280174,0.0,0.0,554.3610355148761,1.0
HD 97658,1,1,9.4897116,0.0805,0.0805,2.12,0.0,8.3,0.0,0.05,5212.0,0.728,0.85,-0.23,0.977253014067778,0.0,0.0,3.915094339622642,1.0
HD 98219,1,1,433.8,1.26,1.26,13.4,0.0,624.21812,0.0,0.079,4925.0,4.6,1.41,-0.02,2.6372895476781744,0.0,0.0,46.58344179104478,1.0
HD 98649,1,1,5384.0,5.97,5.97,12.5,0.0,3082.9355479,0.0,0.852,5759.0,1.01,0.97,-0.06,3.7311050512159203,0.0,0.0,246.634843832,1.0
HD 98736,2,1,968.8,1.864,1.864,13.3,0.0,740.5439,0.0,0.226,5271.0,0.93,0.92,0.36,2.9862341301349957,0.0,0.0,55.67999248120301,0.5
HD 99109,1,1,439.29999,1.11,1.11,14.3,0.0,139.8452,0.0,0.09,5282.0,0.98,0.76,0.35,2.6427611933792634,0.0,0.0,9.779384615384615,1.0
HD 99283,1,1,310.4,1.08,1.08,13.8,0.0,308.29355479,0.0,0.2,4886.0,11.21,1.76,-0.16,2.4919217125861506,0.0,0.0,22.340112665942026,1.0
HD 99492,2,2,56.14165,0.12,0.12,4.93,0.7212489168102785,21.7,5.374011537017762,0.0485,4929.0,0.822539,0.85,0.3,1.7492851723768819,0.0,0.0,4.401622718052739,1.0
HD 99706,1,2,1059.5,1.98,1.98,13.25,0.6363961030678917,1099.6918,1002.3392772597609,0.3305,4862.0,5.52,1.46,0.14,3.0251009610468134,0.0,0.0,82.99560754716981,2.0
HIP 105854,1,1,184.2,0.81,0.81,12.6,0.0,2606.1,0.0,0.02,4780.0,10.305119,2.1,0.31,2.26528962586083,0.0,0.0,206.83333333333334,1.0
HIP 107773,1,1,144.3,0.72,0.72,13.4,0.0,629.3034,0.0,0.09,4945.0,11.6,2.42,0.03,2.159266331093494,0.0,0.0,46.96294029850746,1.0
HIP 109384,1,1,499.48,1.134,1.134,13.5,0.0,495.8148,0.0,0.549,5180.0,0.831075,0.78,-0.26,2.6985181030454157,0.0,0.0,36.727022222222224,1.0
HIP 109600,2,1,232.08,0.706,0.706,13.2,0.0,851.7844,0.0,0.163,5530.0,0.971958,0.87,-0.12,2.3656377157946076,0.0,0.0,64.52912121212121,0.5
HIP 113103,1,2,10.927975499999999,0.06899,0.10479,2.1145,0.4037579720575185,5.175,1.6617009357883865,0.17,4930.0,0.742,0.761,-0.1,1.0385397126710285,0.0358,55.865921787709496,2.4473870891463703,2.0
HIP 114933,1,1,1481.6,2.84,2.84,13.4,0.0,616.58710958,0.0,0.21,4823.0,5.27,1.39,0.06,3.170730969337859,0.0,0.0,46.01396340149253,1.0
HIP 116454,2,1,9.1004157,0.0792,0.0792,2.469,0.0,9.7,0.0,0.215,5048.0,0.758,0.8,0.0,0.9590612310125975,0.0,0.0,3.9287160793843663,0.5
HIP 12961,1,1,57.435,0.25,0.25,13.2,0.0,114.4188,0.0,0.17,3901.0,0.65,0.69,-0.14,1.759176625403369,0.0,0.0,8.66809090909091,1.0
HIP 14810,1,3,378.74029733333333,0.0696,1.94,13.566666666666668,0.5507570547286096,614.4713333333333,553.2829091229218,0.16186333333333333,5544.0,1.07,1.01,0.24,2.5783415157847696,1.8704,1.60393498716852,45.29272727272726,3.0
HIP 21152,2,1,22000.0,17.0,17.0,12.0,0.0,7627.881768,0.0,0.36,6655.0,1.59186,1.4,0.13,4.342422680822207,0.0,0.0,635.656814,0.5
HIP 39017,1,1,31000.0,22.1,22.1,12.0,0.0,7500.7504052,0.0,0.55,7201.0,1.51987,1.52,-0.26,4.491361693834273,0.0,0.0,625.0625337666667,1.0
HIP 5158,1,2,4681.74,0.89,7.7,12.899999999999999,0.9899494936611661,2615.5816,3061.180655583254,0.33,4962.0,0.75,0.78,0.1,3.6704072915262094,6.8100000000000005,0.29368575624082227,202.7582635658915,2.0
HIP 54597,1,1,3274.0,4.0,4.0,13.3,0.0,762.7881768,0.0,0.03,4799.0,0.66,0.8,-0.22,3.5150786750759226,0.0,0.0,57.352494496240595,1.0
HIP 56640,1,1,2675.57603,4.55,4.55,12.7,0.0,2151.69831539,0.0,0.118,4769.0,4.93,1.75,-0.03,3.4274172965325906,0.0,0.0,169.425064203937,1.0
HIP 57274,1,3,157.2884,0.07,1.01,14.2,0.0,1218.9487539966667,1853.8195371433144,0.17,4510.0,0.78,0.29,0.01,2.196696694640104,0.94,3.191489361702128,85.84146154906104,3.0
HIP 63242,1,1,124.6,0.565,0.565,12.5,0.0,2917.56,0.0,0.23,4830.0,10.275655,1.54,-0.31,2.095518042323151,0.0,0.0,233.4048,1.0
HIP 65 A,2,1,0.9809734,0.01782,0.01782,22.75427,0.0,1021.18779,0.0,0.0,4590.0,0.7242,0.781,0.18,-0.00834276875648569,0.0,0.0,44.87895195055697,0.5
HIP 65407,1,2,47.7125,0.177,0.316,14.100000000000001,0.2828427124746199,192.60498,80.00735038216925,0.13,5460.0,0.952252,0.93,0.25,1.6786321729571552,0.139,14.388489208633093,13.659927659574468,2.0
HIP 65891,1,1,1079.55726,2.794,2.794,12.8,0.0,1871.37366042,0.0,0.128,5000.0,8.93,2.49,0.16,3.0332456823743046,0.0,0.0,146.2010672203125,1.0
HIP 66074,1,1,310.9,0.799,0.799,12.9,0.0,1589.142035,0.0,0.948,4300.0,0.69,0.705,0.12,2.492620722043192,0.0,0.0,123.1893050387597,1.0
HIP 67522,1,2,10.64718255,0.0748,0.1228,8.96158007,1.4504481604305564,59.85,16.334166645409255,0.07050000000000001,5675.0,1.38,1.22,0.0,1.027234700275391,0.048,41.666666666666664,6.6785097641826905,2.0
HIP 67537,1,1,2523.64713,4.807,4.807,12.3,0.0,4309.11754211,0.0,0.586,4985.0,8.69,2.316,0.15,3.4020286294122646,0.0,0.0,350.33475952113815,1.0
HIP 67851,1,2,1608.82,0.42,4.55,13.2,0.7071067811865476,1285.139163705,1300.562404608567,0.215,4840.0,5.45,1.28,0.01,3.206507456541724,4.13,0.48426150121065376,97.3590275534091,2.0
HIP 74890,1,1,822.3,2.1,2.1,13.3,0.0,762.792,0.0,0.07,4850.0,5.77,1.74,0.2,2.915030290259161,0.0,0.0,57.35278195488722,1.0
HIP 75092,1,1,926.4,2.02,2.02,13.5,0.0,568.91284853,0.0,0.42,4891.0,4.53,1.28,-0.01,2.966798546383361,0.0,0.0,42.14169248370371,1.0
HIP 79431,1,1,111.7,0.36,0.36,13.4,0.0,667.415,0.0,0.29,3191.0,0.478625,0.49,0.4,2.048053173115609,0.0,0.0,49.8070895522388,1.0
HIP 8152,1,2,15.178317,0.093,0.139,2.5303417550000002,0.0083674420291542,9.8,1.2727922061357841,0.1,5618.0,0.9603,0.9373,0.007,1.1812236188496923,0.04600000000000001,43.478260869565204,3.8729946184680495,2.0
HIP 8541,2,2,1040.34059,0.923,3.729,13.25,0.9192388155425123,1353.631185415,1552.943876938018,0.2645,4672.0,6.84,2.009,-0.19,3.0171755432817475,2.806,0.7127583749109052,102.16084418226414,1.0
HIP 90988,1,1,455.73816,1.36,1.36,13.4,0.0,668.07531151,0.0,0.081,4883.0,3.94,1.613,0.17,2.6587153945766904,0.0,0.0,49.856366530597015,1.0
HIP 91258,1,1,5.0505,0.06,0.06,13.7,0.0,346.4347,0.0,0.02,5519.0,0.89,0.97,0.23,0.7033343754437699,0.0,0.0,25.287204379562045,1.0
HIP 94235,2,1,7.713057,0.0787,0.0787,3.0,0.0,379.0,0.0,0.32,5991.0,1.08,1.094,0.0,0.8872265408392505,0.0,0.0,126.33333333333333,0.5
HIP 9618,1,2,36.668244,0.145,0.269,3.628470265,0.2827168545386353,7.65,0.9192388155425123,0.0,5649.0,0.9593,0.942,-0.018,1.5642901125957145,0.12400000000000003,16.129032258064512,2.1083264960971095,2.0
HIP 97166,1,2,13.360457,0.091,0.124,2.6150669,0.1908242200330451,13.55,7.848885271170679,0.145,5216.0,0.8418,0.9342,0.248,1.125821313617354,0.033,60.6060606060606,5.181511799946686,2.0
HIP 97233,1,1,1062.26506,2.491,2.491,12.1,0.0,6098.17364511,0.0,0.63,5020.0,5.34,1.81,0.29,3.0262328969077363,0.0,0.0,503.9812929842975,1.0
HN Lib,1,1,36.116,0.1417,0.1417,2.2,0.0,5.46,0.0,0.079,3347.0,0.299,0.291,-0.18,1.5576996443512143,0.0,0.0,2.4818181818181815,1.0
HR 5183,2,1,27000.0,18.0,18.0,13.1,0.0,1052.01202717,0.0,0.84,5794.0,1.53,1.07,0.1,4.431363764158987,0.0,0.0,80.30626161603054,0.5
HR 810,1,1,302.79999,0.92,0.92,12.7,0.0,1970.5361234,0.0,0.14,6167.0,1.13,1.34,0.16,2.4811558564854166,0.0,0.0,155.16032467716536,1.0
HR 858,2,3,6.929887666666667,0.04888,0.1046,1.9946666666666666,0.013650396819628782,4.816666666666666,1.9813715788143658,0.0,6354.0,1.258,1.204,0.025,0.8407261947644465,0.05572,53.84063173007897,2.414772727272727,1.5
HR 8799,1,4,74203.9,16.4,68.0,13.0286325,0.05726499999999997,2794.575,536.343536519894,0.4166666666666667,7204.58,1.49338,1.5,-0.47,4.870426731478067,51.6,0.07751937984496124,214.494882713132,4.0
HS Psc,1,1,3.986,0.0435,0.0435,13.6,0.0,464.02947422,0.0,0.27,4203.0,0.65,0.69,-0.05,0.6005372943644688,0.0,0.0,34.11981428088235,1.0
IC 4651 9122,1,1,734.0,2.038,2.038,12.7,0.0,2002.329,0.0,0.18,4740.1,10.267424,2.1,0.12,2.8656960599160706,0.0,0.0,157.66370078740158,1.0
K2-10,1,1,19.30553,0.137,0.137,3.773,0.0,25.2,0.0,0.31,5533.0,0.956,0.88,-0.07,1.2856817289290312,0.0,0.0,6.679035250463821,1.0
K2-100,1,1,1.6739035,0.0301,0.0301,3.88,0.0,21.8,0.0,0.0,5945.0,1.24,1.15,0.22,0.22373041744128377,0.0,0.0,5.618556701030928,1.0
K2-101,1,1,14.6762429,0.1124,0.1124,2.0,0.0,4.66,0.0,0.1,4927.0,0.76,0.82,0.07,1.1666148909591276,0.0,0.0,2.33,1.0
K2-104,1,1,1.9741954,0.0242,0.0242,1.79,0.0,3.86,0.0,0.09,3712.0,0.48,0.51,0.18,0.29539013563958216,0.0,0.0,2.1564245810055866,1.0
K2-105,1,1,8.26726,0.0796,0.0796,3.4,0.0,15.4,0.0,0.0,5373.0,0.905,0.94,0.22,0.9173615961241669,0.0,0.0,4.529411764705882,1.0
K2-107,1,1,3.313959,0.0475,0.0475,15.98,0.0,266.9772,0.0,0.0,6061.0,1.81,1.3,0.14,0.520347131064638,0.0,0.0,16.706958698372965,1.0
K2-108,1,1,4.733999,0.0581,0.0581,5.33,0.0,59.4,0.0,0.18,5599.0,1.76,1.17,0.36,0.67522816185362,0.0,0.0,11.144465290806753,1.0
K2-110,1,1,13.86375,0.10207,0.10207,2.592,0.0,15.9,0.0,0.13,5010.0,0.713,0.738,-0.34,1.1418807183008257,0.0,0.0,6.1342592592592595,1.0
K2-111,1,2,10.51615,0.0565,0.11569,2.575,1.0677312395916867,8.33,3.8890872965260113,0.08549999999999999,5775.0,1.25,0.84,-0.46,1.0218567721573835,0.05919,33.78949146815341,3.2349514563106796,2.0
K2-113,1,1,5.817685,0.0642,0.0642,12.14,0.0,410.0007,0.0,0.0,5660.0,1.24,1.04,0.27,0.7647502025649864,0.0,0.0,33.772710049423395,1.0
K2-114,1,1,11.390931,0.0944,0.0944,10.59248676,0.0,638.83509807,0.0,0.079,4899.0,0.832,0.863,0.42,1.0565592211501267,0.0,0.0,60.31020973114721,1.0
K2-115,1,1,20.2729914,0.1415,0.1415,11.80305668,0.0,321.00669107,0.0,0.063,5870.0,0.855,0.918,-0.198,1.3069178361453975,0.0,0.0,27.196911763877086,1.0
K2-116,1,1,4.655411,0.048,0.048,0.69,0.0,0.257,0.0,0.06,4348.35,0.6694,0.694512,0.01,0.667958028422124,0.0,0.0,0.37246376811594206,1.0
K2-117,1,2,3.3678084999999998,0.0189,0.0492,2.045,0.0212132034355966,4.84,0.0848528137423861,0.105,3778.0,0.51,0.54,-0.05,0.527347388719011,0.0303,66.006600660066,2.3667481662591685,2.0
K2-118,1,1,50.92092,0.245,0.245,2.54,0.0,6.99,0.0,0.2,4726.29,0.734626,0.756446,0.129,1.7068962415510196,0.0,0.0,2.751968503937008,1.0
K2-119,1,1,7.727283,0.0698,0.0698,2.53,0.0,6.94,0.0,0.07,4740.0,0.71,0.76,-0.05,0.8880268179118775,0.0,0.0,2.7430830039525693,1.0
K2-12,1,1,8.28246,0.0792,0.0792,2.44,0.0,5.2,0.0,0.5,5672.0,1.117,0.965,0.0,0.9181593471412328,0.0,0.0,2.1311475409836067,1.0
K2-121,1,1,5.185738,0.0525,0.0525,7.16,0.0,51.0,0.0,0.22,4526.0,0.675,0.71,0.04,0.7148105710471767,0.0,0.0,7.122905027932961,1.0
K2-122,2,1,2.2193023,0.0373,0.0373,1.16,0.0,1.65,0.0,0.21,4009.0,0.59,0.63,0.32,0.3462164632414251,0.0,0.0,1.4224137931034484,0.5
K2-123,1,1,30.951524,0.1649,0.1649,2.76,0.0,8.05,0.0,0.06,4035.0,0.59,0.62,0.03,1.4906820377986443,0.0,0.0,2.916666666666667,1.0
K2-124,1,1,6.413651,0.049,0.049,2.9,0.0,8.75,0.0,0.08,3570.0,0.388,0.39,0.023,0.8071053240211821,0.0,0.0,3.0172413793103448,1.0
K2-126,1,1,7.385655,0.0656,0.0656,1.97,0.0,4.54,0.0,0.06,4339.0,0.65,0.69,0.02,0.8683890169494466,0.0,0.0,2.3045685279187818,1.0
K2-127,1,1,3.588163,0.0411,0.0411,8.37,0.0,52.9,0.0,0.12,4575.0,0.66,0.72,-0.11,0.5548721635784737,0.0,0.0,6.320191158900837,1.0
K2-128,1,1,5.675819,0.056,0.056,1.42,0.0,2.6,0.0,0.23,4469.51,0.777569,0.711248,-0.26,0.7540285374981581,0.0,0.0,1.830985915492958,1.0
K2-130,1,1,2.49412,0.032,0.032,1.25,0.0,2.1,0.0,0.17,4356.47,0.744261,0.69563,-0.24,0.39691734492604086,0.0,0.0,1.6800000000000002,1.0
K2-131,1,1,0.3693038,0.00936,0.00936,1.69,0.0,7.9,0.0,0.0,5120.0,0.7595,0.803,-0.04,-0.43261622359586493,0.0,0.0,4.674556213017752,1.0
K2-132,1,1,9.1751,0.0916,0.0916,14.5717,0.0,155.7367,0.0,0.29,4840.0,3.85,1.08,-0.01,0.9626108063531754,0.0,0.0,10.687613662098451,1.0
K2-136,2,3,16.952443333333335,0.0707,0.1538,1.8596666666666668,1.0252659817497767,8.466666666666667,8.367994582534894,0.08600000000000001,4500.0,0.677,0.742,-0.02,1.2292323013421147,0.0831,36.101083032490976,4.552787237856246,1.5
K2-137,1,1,0.179719,0.0058,0.0058,0.64,0.0,158.915,0.0,0.0,3697.0,0.29,0.463,-0.059,-0.7454060065918665,0.0,0.0,248.30468749999997,1.0
K2-138,1,6,12.384155,0.03385,0.23109,2.5843333333333334,0.664592105480246,6.041666666666667,4.066504231728607,0.05566666666666666,5356.3,0.863,0.935,0.14,1.0928663789996242,0.19724,30.41979314540661,2.337804720753257,6.0
K2-139,1,1,28.380619,0.1796,0.1796,9.11,0.0,123.00021,0.0,0.12,5370.0,0.88,0.96,0.24,1.4530218634735559,0.0,0.0,13.50166959385291,1.0
K2-14,1,1,8.36802,0.0627,0.0627,4.81,0.0,20.7,0.0,0.14,3789.0,0.45,0.47,-0.37,0.922622709510682,0.0,0.0,4.303534303534303,1.0
K2-140,1,1,6.569188,0.068,0.068,13.56286665,0.0,295.58041851,0.0,0.0,5585.0,1.06,0.96,0.1,0.8175116908819576,0.0,0.0,21.79335874470166,1.0
K2-141,1,2,4.0144122,0.00747,0.0683,4.255,3.882016228714146,6.484999999999999,2.1425335469952396,0.046,4570.0,0.681,0.708,0.0,0.6036219638152514,0.06083,32.87851389117212,1.5240893066980024,2.0
K2-146,1,2,3.32479,0.0248,0.0327,2.12,0.09899494936611658,6.63,1.2162236636408623,0.10200000000000001,3385.0,0.33,0.331,-0.02,0.5217642196477312,0.0079,253.1645569620253,3.1273584905660377,2.0
K2-147,1,1,0.961939,0.01575,0.01575,1.47286006,0.0,2.77,0.0,0.38,3690.0,0.578,0.563,-0.02,-0.01685246725881233,0.0,0.0,1.8806946262090916,1.0
K2-157,1,3,30.935752499999996,0.00962,0.309,4.058333333333334,2.7437216209618156,18.413333333333334,15.422014567926375,0.35,5334.0,0.86,0.89,0.02,1.4904606845267931,0.29938,10.02070946623021,4.537166324435318,3.0
K2-167,1,1,9.978541,0.0932,0.0932,2.36509493,0.0,6.5,0.0,0.48,6310.0,1.499,1.084,-0.456,0.9990670460999999,0.0,0.0,2.7483040606746383,1.0
K2-17,1,1,17.96753,0.119,0.119,2.23,0.0,5.6,0.0,0.18,4320.0,0.66,0.71,0.15,1.2544883786615852,0.0,0.0,2.5112107623318383,1.0
K2-18,1,2,20.9508115,0.06,0.1429,2.51,0.19798989873223333,8.215,0.9970205614730321,0.33499999999999996,3457.0,0.411,0.359,0.12,1.3212008494095475,0.0829,24.125452352231605,3.2729083665338647,2.0
K2-180,1,1,8.865663,0.0756,0.0756,2.46597575,0.0,11.41003981,0.0,0.075,5365.0,0.719,0.735,-0.578,0.9477112189527113,0.0,0.0,4.62698784041165,1.0
K2-181,1,1,6.8941,0.0706,0.0706,2.69,0.0,7.7,0.0,0.4,5528.0,1.06,0.96,0.18,0.8384775786270802,0.0,0.0,2.862453531598513,1.0
K2-182,1,1,4.7369696,0.05174,0.05174,2.71257333,0.0,20.97667486,0.0,0.071,5128.0,0.789,0.823,0.022,0.6755005976064422,0.0,0.0,7.733127295769733,1.0
K2-19,1,3,7.442925333333334,0.03478,0.0982,3.8379999999999996,2.773238540046636,16.04,13.017096450437787,0.18333333333333335,5350.0,0.824,0.892,0.03,0.8717436622158447,0.06342,47.30368968779565,4.179260031266285,3.0
K2-199,1,2,5.2999445,0.0382,0.0662,2.29,0.7919595949289333,9.65,3.8890872965260113,0.025,4491.0,0.682,0.711,-0.01,0.7242713217762705,0.027999999999999997,71.42857142857143,4.213973799126638,2.0
K2-203,1,1,9.6952,0.0824,0.0824,1.26549392,0.0,2.14,0.0,0.23,5026.0,0.765,0.793,-0.021,0.9865567724658308,0.0,0.0,1.6910393374311907,1.0
K2-204,1,1,7.055908,0.0738,0.0738,3.17214154,0.0,10.2,0.0,0.28,5783.0,1.253,1.076,0.21,0.8485529095170717,0.0,0.0,3.215493341447809,1.0
K2-208,1,1,4.19097,0.04878,0.04878,1.67462172,0.0,3.45,0.0,0.37,5500.0,0.872,0.881,-0.064,0.6223145520576361,0.0,0.0,2.0601667581380707,1.0
K2-21,1,2,12.413478999999999,0.076,0.107,2.165,0.45961940777125604,5.4,1.9233304448274087,0.155,4222.06,0.646783,0.676023,-0.11,1.0938935138725387,0.031,64.51612903225806,2.4942263279445727,2.0
K2-211,1,1,0.669561,0.01419,0.01419,1.33162691,0.0,2.33,0.0,0.19,5117.0,0.818,0.851,0.134,-0.17420985068096206,0.0,0.0,1.7497393470367764,1.0
K2-216,1,1,2.1748,0.028,0.028,1.75,0.0,8.0,0.0,0.0,4503.0,0.72,0.7,0.0,0.33741932432967314,0.0,0.0,4.571428571428571,1.0
K2-22,2,1,0.381073,0.009,0.009,2.3,0.0,444.962,0.0,0.19,3879.0,0.58,0.595292,0.032,-0.4189918210163619,0.0,0.0,193.46173913043478,0.5
K2-222,1,1,15.38857,0.1206,0.1206,2.35,0.0,8.7,0.0,0.16,5942.0,1.115,0.989,-0.315,1.1871982644082366,0.0,0.0,3.7021276595744674,1.0
K2-225,1,1,15.8723,0.1409,0.1409,3.60929179,0.0,12.7,0.0,0.23,5520.0,1.7,1.482,0.486,1.2006398634235915,0.0,0.0,3.518695838110667,1.0
K2-226,1,1,3.27109,0.04095,0.04095,1.53899305,0.0,2.98,0.0,0.22,5288.0,0.889,0.856,-0.05,0.5146924933654763,0.0,0.0,1.9363310315144049,1.0
K2-229,1,2,4.455743,0.0131,0.0769,1.515,0.7283199846221438,4.775,3.1466251762801365,0.0,5315.0,0.79,0.87,-0.09,0.6489201334895874,0.0638,31.347962382445143,3.151815181518152,2.0
K2-232,1,1,11.168454,0.10356,0.10356,11.209,0.0,126.49634,0.0,0.258,6154.0,1.161,1.188,0.1,1.047993059799791,0.0,0.0,11.285247568917834,1.0
K2-233,1,3,11.298640999999998,0.03293,0.1516,1.6500000000000001,0.6178503054947858,5.766666666666667,4.077172222672638,0.06,4796.0,0.71,0.79,-0.082,1.053026209705148,0.11867000000000001,25.280188758742728,3.494949494949495,3.0
K2-237,1,1,2.18053332,0.03552,0.03552,16.06246934,0.0,434.15360396,0.0,0.03,6180.0,1.236,1.256,0.337,0.3385627273688011,0.0,0.0,27.029069738289692,1.0
K2-238,1,1,3.20466,0.046,0.046,14.5717,0.0,273.3338,0.0,0.0,5630.0,1.59,1.19,0.34,0.505781959609405,0.0,0.0,18.757852549805445,1.0
K2-24,1,2,31.614435,0.154,0.247,6.45,1.4849242404917495,17.2,2.54558441227157,0.065,5625.0,1.16,1.07,0.34,1.4998854246886995,0.093,21.50537634408602,2.6666666666666665,2.0
K2-25,1,1,3.48456408,0.0287,0.0287,3.44,0.0,24.5,0.0,0.428,3207.0,0.2932,0.2634,0.15,0.5421484554636109,0.0,0.0,7.122093023255814,1.0
K2-250,1,1,4.01392,0.04606,0.04606,2.71257333,0.0,7.81,0.0,0.21,5003.0,0.797,0.809,-0.02,0.6035687124701561,0.0,0.0,2.879184836636287,1.0
K2-260,1,1,2.62669762,0.04392,0.04392,18.41635529,0.0,546.66486004,0.0,0.053,6860.0,1.755,1.637,0.334,0.41941008058054896,0.0,0.0,29.68366169264972,1.0
K2-261,1,1,11.6334681,0.1086,0.1086,9.26982704,0.0,68.96876432,0.0,0.274,5490.0,1.663,1.107,0.372,1.0657092033066236,0.0,0.0,7.440134969335956,1.0
K2-263,1,1,50.818947,0.2573,0.2573,2.41,0.0,14.9,0.0,0.15,5368.0,0.85,0.88,-0.08,1.7060256619574181,0.0,0.0,6.182572614107883,1.0
K2-264,1,2,12.750152,0.05023,0.11283,2.4495,0.3090056633785215,6.605,1.4071424945612288,0.475,3660.0,0.473,0.496,-0.013,1.1055153622105829,0.0626,31.948881789137378,2.6964686670749134,2.0
K2-265,2,1,2.36902,0.03359,0.03359,1.70824866,0.0,7.3418362,0.0,0.16,5420.0,0.92,0.901,0.033,0.3745687271866627,0.0,0.0,4.297873238197067,0.5
K2-266,2,4,10.662880999999999,0.01306,0.1249,2.41625,1.1650134119399655,8.6894886225,6.01994402698887,0.044000000000000004,4285.0,0.703,0.686,-0.12,1.0278745624162733,0.11184,35.7653791130186,3.596270511122608,2.0
K2-27,3,1,6.771347,0.06702,0.06702,4.74,0.0,30.2,0.0,0.251,5246.0,0.876,0.88,0.12,0.8306750699374057,0.0,0.0,6.371308016877637,0.3333333333333333
K2-277,1,1,6.326768,0.0664,0.0664,2.18575124,0.0,7.4,0.0,0.52,5680.0,0.973,0.974,0.078,0.8011819093497565,0.0,0.0,3.385563674665924,1.0
K2-28,1,1,2.260455,0.0214,0.0214,2.32,0.0,5.99,0.0,0.0,3214.0,0.288,0.257,0.26,0.3541958657404909,0.0,0.0,2.5818965517241383,1.0
K2-280,1,1,19.89526,0.1461,0.1461,7.5,0.0,37.1,0.0,0.35,5500.0,1.28,1.03,0.33,1.2987496190706187,0.0,0.0,4.946666666666667,1.0
K2-284,1,1,4.795069,0.04771,0.04771,2.78,0.0,8.15,0.0,0.078,4140.0,0.607,0.63,0.0,0.6807948609547837,0.0,0.0,2.9316546762589932,1.0
K2-285,1,4,8.95712575,0.03817,0.18041,2.6374999999999997,0.6573367985033748,10.64,3.8064156367900757,0.0,4975.0,0.787,0.83,0.0,0.9521686713616929,0.14223999999999998,28.121484814398205,4.034123222748816,4.0
K2-287,1,1,14.893291,0.1206,0.1206,9.494023,0.0,100.11645,0.0,0.478,5695.0,1.07,1.056,0.2,1.1729906752682782,0.0,0.0,10.545208285254839,1.0
K2-29,2,1,3.2588321,0.04217,0.04217,13.33871,0.0,232.0159,0.0,0.066,5358.0,0.86,0.94,0.16,0.5130619855274627,0.0,0.0,17.394178297601492,0.5
K2-290,3,2,28.78925,0.0923,0.305,7.168127,5.809768919351095,128.45021,166.2411012418054,0.0,6302.0,1.511,1.194,-0.06,1.4592303510502205,0.2127,9.402914903620122,17.91963367836535,0.6666666666666666
K2-291,1,1,2.225177,0.03261,0.03261,1.589,0.0,6.49,0.0,0.0,5520.0,0.899,0.934,0.08,0.3473645623128732,0.0,0.0,4.084329767149151,1.0
K2-292,1,1,16.9841,0.13,0.13,2.63,0.0,24.5,0.0,0.04,5725.0,1.09,1.0,0.07,1.2300425382305011,0.0,0.0,9.315589353612168,1.0
K2-295,1,1,4.024867,0.0451,0.0451,10.054473,0.0,106.47305,0.0,0.0,4444.0,0.7,0.74,0.14,0.6047515338665137,0.0,0.0,10.589620162091041,1.0
K2-3,1,3,26.4191375,0.0747,0.2014,1.7060000000000002,0.3280731625720092,3.33,1.5600961508830158,0.082,3844.0,0.546,0.549,-0.157,1.4219186351897508,0.12669999999999998,23.677979479084456,1.9519343493552168,3.0
K2-30,1,1,4.098503,0.04839,0.04839,11.646151,0.0,184.02357,0.0,0.0,5425.0,0.844,0.9,-0.15,0.6126252573152748,0.0,0.0,15.801235103340153,1.0
K2-31,2,1,1.25785,0.022,0.022,11.88154,0.0,563.83042,0.0,0.0,5280.0,0.78,0.91,0.08,0.0996288541009923,0.0,0.0,47.454321577842606,0.5
K2-32,2,4,16.42982,0.04899,0.18422,3.28225,1.6749026588630955,7.975,5.338773267333987,0.043,5271.0,0.86,0.83,-0.06,1.2156328054658005,0.13523,29.579235376765514,2.4297356995963133,2.0
K2-321,1,1,2.2979749,0.02839,0.02839,2.05124347,0.0,4.86,0.0,0.44,3750.0,0.595,0.578,0.148,0.3613452807269276,0.0,0.0,2.3692945625806185,1.0
K2-329,1,1,12.4551225,0.1016,0.1016,8.675766,0.0,82.6358,0.0,0.0697,5282.0,0.822,0.901,0.098,1.0953480033147098,0.0,0.0,9.524899588117062,1.0
K2-34,1,1,2.9956348,0.0442,0.0442,13.75,0.0,539.67534,0.0,0.0,6168.0,1.42,1.16,0.01,0.4764888671007989,0.0,0.0,39.24911563636363,1.0
K2-35,1,2,4.004158,0.031,0.055,1.625,0.4313351365237939,3.34,1.470782104868019,0.125,4402.71,0.619575,0.701968,0.04,0.6025112059637032,0.024,83.33333333333333,2.0553846153846154,2.0
K2-36,1,2,3.381751,0.02288,0.05528,2.315,1.2515790027001894,6.1,2.545584412271572,0.091,4916.0,0.718,0.79,-0.047,0.5291416271212521,0.0324,61.7283950617284,2.634989200863931,2.0
K2-38,1,2,7.28848,0.04994,0.09514,1.915,0.5303300858899106,7.800000000000001,0.7071067811865478,0.179,5731.0,1.06,1.03,0.26,0.8626369663917813,0.045200000000000004,44.24778761061947,4.073107049608355,2.0
K2-39,1,1,4.60543,0.05708,0.05708,6.27704,0.0,28.6047,0.0,0.0,4881.0,2.97,0.66,0.32,0.6632701856531421,0.0,0.0,4.5570364375565555,1.0
K2-4,1,1,10.003417,0.078,0.078,2.1,0.0,5.06,0.0,0.08,4014.73,0.569359,0.635026,-0.12,1.0001483730763696,0.0,0.0,2.4095238095238094,1.0
K2-419 A,2,1,20.35847252,0.1208,0.1208,10.55,0.0,196.0,0.0,0.042,3711.0,0.541,0.562,-0.11,1.3087451901175262,0.0,0.0,18.5781990521327,0.5
K2-54,1,1,9.7833,0.0761,0.0761,2.6116925,0.0,7.33,0.0,0.24,3990.0,0.643,0.615,-0.02,0.9904853711528234,0.0,0.0,2.8066091241599076,1.0
K2-55,1,1,2.849271,0.03486,0.03486,4.43,0.0,44.0,0.0,0.07,4300.0,0.715,0.688,0.376,0.45473375784157194,0.0,0.0,9.932279909706548,1.0
K2-57,1,1,9.0073,0.0752,0.0752,2.30905002,0.0,5.94,0.0,0.25,4413.0,0.671,0.699,0.08,0.954594627734857,0.0,0.0,2.5724864981487063,1.0
K2-60,1,1,3.00265,0.045,0.045,7.655747,0.0,135.39558,0.0,0.0,5500.0,1.12,0.97,0.01,0.4775047121765561,0.0,0.0,17.685482553172147,1.0
K2-66,1,1,5.06963,0.05983,0.05983,2.49,0.0,21.3,0.0,0.0,5887.0,1.67,1.11,-0.047,0.7049762641021736,0.0,0.0,8.55421686746988,1.0
K2-7,1,1,28.6781,0.1867,0.1867,4.03523305,0.0,15.3,0.0,0.24,5700.0,1.533,1.056,0.049,1.45755037479041,0.0,0.0,3.7916025692741586,1.0
K2-77,1,1,8.2000844,0.0753,0.0753,2.4996027,0.0,603.877,0.0,0.29,5160.0,0.792,0.847,0.13,0.9138183224161115,0.0,0.0,241.5891933546079,1.0
K2-79,1,1,10.9947,0.0988,0.0988,4.09,0.0,9.2,0.0,0.23,5897.0,1.265,1.066,0.035,1.0411833837539197,0.0,0.0,2.2493887530562344,1.0
K2-85,1,1,0.68453862616,0.013,0.013,1.4,0.0,3.2,0.0,0.24,4232.0,0.71,0.7,0.14,-0.164602041094849,0.0,0.0,2.285714285714286,1.0
K2-90,1,2,8.31701,0.035,0.096,1.9500000000000002,0.9192388155425119,4.755,3.5567471093683336,0.13,4484.0,0.619,0.629,-0.225,0.9199672236599181,0.061,32.78688524590164,2.4384615384615382,2.0
K2-95,1,1,10.1346454,0.0525,0.0525,3.31,0.0,11.0,0.0,0.16,3566.0,0.4,0.41,0.1,1.0058085578127067,0.0,0.0,3.323262839879154,1.0
K2-97,1,1,8.407115,0.0854,0.0854,13.45077684,0.0,174.48779544,0.0,0.207,4673.0,4.14,1.17,0.328,0.9246469881241723,0.0,0.0,12.972321042536903,1.0
K2-98,1,1,10.1367349,0.0986,0.0986,5.06645928,0.0,34.00763955,0.0,0.119,6260.0,1.518,1.246,-0.044,1.005898088797743,0.0,0.0,6.712308867110839,1.0
K2-99,1,2,270.22391500000003,0.153,1.43,12.24075977,0.5080424054160296,1473.134666445,1692.2818224809373,0.215,6069.0,2.55,1.44,0.2,2.4317237817434894,1.277,1.5661707126076743,120.3466691712552,2.0
KELT-1,1,1,1.217514,0.02466,0.02466,12.442,0.0,8654.15,0.0,0.0099,6516.0,1.471,1.335,0.052,0.0854739637986139,0.0,0.0,695.5593955955634,1.0
KELT-11,1,1,4.73620865,0.0623,0.0623,15.13212395,0.0,65.15482343,0.0,0.0,5375.0,2.69,1.44,0.17,0.6754308266429928,0.0,0.0,4.305728901328488,1.0
KELT-12,1,1,5.031623,0.06708,0.06708,19.95202,0.0,301.9385,0.0,0.0,6279.0,2.37,1.591,0.19,0.7017080936547573,0.0,0.0,15.133229617853228,1.0
KELT-14,1,1,1.7100566,0.03005,0.03005,19.537287,0.0,408.09372,0.0,0.0,5720.0,1.52,1.239,0.32,0.2330104850476364,0.0,0.0,20.887942118063783,1.0
KELT-15,2,1,3.32944,0.04613,0.04613,19.50366,0.0,416.3573,0.0,0.0,6003.0,1.78,2.06,0.05,0.5223711928571244,0.0,0.0,21.347649620635305,0.5
KELT-16,2,1,0.9689951,0.02044,0.02044,15.860735,0.0,874.0325,0.0,0.0,6236.0,1.36,1.211,-0.002,-0.01367841907755443,0.0,0.0,55.10668326530895,0.5
KELT-18,2,1,2.8717518,0.0455,0.0455,17.59813,0.0,375.0394,0.0,0.0,6670.0,1.908,1.524,0.09,0.45814690195313273,0.0,0.0,21.311321146053587,0.5
KELT-2 A,2,1,4.11379,0.05497,0.05497,15.13215,0.0,540.311,0.0,0.0,6327.0,1.93,1.54,0.0,0.6142421181392138,0.0,0.0,35.70616204571063,0.5
KELT-20,1,1,3.4741085,0.0542,0.0542,19.514869,0.0,1074.90106,0.0,0.0,8720.0,1.565,1.76,-0.29,0.5408433777885296,0.0,0.0,55.08113121333276,1.0
KELT-21,1,1,3.6127647,0.05224,0.05224,17.777474,0.0,1242.7153,0.0,0.0,7598.0,1.638,1.458,-0.405,0.5578396768131566,0.0,0.0,69.90393010840573,1.0
KELT-23 A,2,1,2.255251,0.03302,0.03302,14.829507,0.0,298.12454,0.0,0.0,5899.0,0.996,0.944,-0.105,0.35319488406261357,0.0,0.0,20.10346938708077,0.5
KELT-24,2,1,5.55149296,0.0665,0.0665,12.71098411,0.0,1458.83238813,0.0,0.0319,6426.0,1.338,1.268,0.138,0.7444097934104361,0.0,0.0,114.76942898404741,0.5
KELT-3,2,1,2.70339,0.04123,0.04123,17.48604,0.0,616.5902,0.0,0.0,6304.0,1.7,1.96,0.05,0.4319087029795491,0.0,0.0,35.26185459944047,0.5
KELT-4 A,3,1,2.9895932,0.04317,0.04317,19.044091,0.0,286.68266,0.0,0.0,6206.0,1.603,1.201,-0.116,0.47561209701517104,0.0,0.0,15.053627920597522,0.3333333333333333
KELT-6,1,2,641.92285,0.07939,2.39,13.78585,1.1113597279908967,672.21045,716.9197969638201,0.215,6102.0,1.73,1.42,-0.28,2.8074828351830905,2.31061,0.8655722947619893,48.76089976316295,2.0
KELT-7,1,1,2.73477,0.04415,0.04415,17.9344,0.0,441.7837,0.0,0.0,6768.0,1.81,1.76,0.0,0.4369208071114585,0.0,0.0,24.633313631902936,1.0
KELT-8,1,1,3.24406,0.0455,0.0455,18.15858,0.0,209.7678,0.0,0.04,5754.0,1.46,0.81,0.27,0.5110888780384835,0.0,0.0,11.551993603024025,1.0
KELT-9,2,1,1.4811235,0.03462,0.03462,21.196219,0.0,915.3504,0.0,0.0,10170.0,2.362,2.52,-0.03,0.17059127265512028,0.0,0.0,43.184607594401626,0.5
KIC 3526061,1,1,3552.0,5.14,5.14,12.1,0.0,5768.58558705,0.0,0.85,4829.0,5.86,1.42,0.12,3.5504729571065634,0.0,0.0,476.7426105,1.0
KIC 5437945,1,2,330.45581785,0.75318,1.19671,5.96,0.6222539674441624,29.85,5.303300858899107,0.0,6340.0,1.24,1.07,-0.38,2.5191134022585286,0.44353,4.50927783915406,5.008389261744966,2.0
KIC 9663113,1,2,296.56249206499996,0.17012,1.55346,4.4,0.28284271247461895,17.799999999999997,1.9798989873223323,0.0,6065.0,1.03,0.98,-0.28,2.472116222487149,1.38334,1.445776164934145,4.045454545454544,2.0
KOBE-1,1,2,19.105449999999998,0.07006,0.16071,3.2350000000000003,0.45961940777125565,10.600000000000001,2.54558441227157,0.0,4135.0,0.619,0.629,-0.01,1.281157271295052,0.09065,22.06287920573635,3.2766615146831533,2.0
KOI-12,1,2,1258.927591,0.154,4.2,12.893535,1.2636493154550434,3670.9365000000003,4697.060738728476,0.495,6635.0,1.4,1.5,0.0815,3.1000007517651484,4.046,0.49431537320810676,284.7114076938559,2.0
KOI-1257,2,1,86.647661,0.382,0.382,10.54,0.0,460.83,0.0,0.772,5520.0,1.13,0.99,0.27,1.9377568436973254,0.0,0.0,43.722011385199245,0.5
KOI-13,3,1,1.763588,0.03641,0.03641,16.948008,0.0,2949.4624,0.0,0.00064,7650.0,1.74,1.72,0.2,0.24639713508992045,0.0,0.0,174.03003350010218,0.3333333333333333
KOI-134,1,2,50.538850000000004,0.2305,0.363,10.949222635,1.54039342286076,208.177606585,195.52260100377364,0.2,6160.0,1.667,1.407,0.427,1.7036253554244885,0.13249999999999998,15.094339622641511,19.01300334505437,2.0
KOI-142,1,3,478.72713,0.09586,2.466329866,10.179333333333334,5.855483014520095,396.2489988533334,503.18882027126847,0.17428333333333335,5466.0,0.897,0.99,0.27,2.6800880401316802,2.370469866,1.265571877976364,38.9268123832602,3.0
KOI-1599,1,2,17.02515,0.112293,0.14728,1.9,0.0,6.8,3.111269837220809,0.0127,5833.0,0.972,1.02,0.06,1.231090946951067,0.03498699999999999,57.164089518964204,3.5789473684210527,2.0
KOI-1783,1,2,209.33889999999997,0.52661,0.86695,7.15,2.4183051916579923,43.0,39.59797974644666,0.0,5922.0,1.143,1.076,0.11,2.3208499377777505,0.34034,5.876476464711759,6.013986013986013,2.0
KOI-2513,1,1,19.00547,0.5,0.5,2.80224517,0.0,7310.053361,0.0,0.36,5900.0,1.2,0.91,-0.37,1.278878614053965,0.0,0.0,2608.641613253276,1.0
KOI-3503,1,2,26.5065,0.14247,0.18688,1.2,0.014142135623730963,9.78,0.8202438661763952,0.0,6001.0,1.255,0.858,-0.5428,1.4233523859361483,0.04440999999999998,45.03490204908807,8.15,2.0
KOI-351,1,8,106.13811825,0.074,0.97062,3.9,3.644497378632223,31.14875,69.58211807179444,0.0071,6080.0,1.2,1.2,-0.12,2.0258713836430395,0.8966200000000001,8.92239744819433,7.986858974358975,8.0
KOI-3680,1,1,141.241671,0.534,0.534,11.09691,0.0,613.4119,0.0,0.496,5830.0,0.96,1.01,0.16,2.149962846966579,0.0,0.0,55.277721455792644,1.0
KOI-4777,1,1,0.412,0.008,0.008,0.51,0.0,99.2,0.0,0.0,3515.0,0.4,0.41,0.1,-0.3851027839668654,0.0,0.0,194.50980392156862,1.0
KOI-7368,1,1,6.8430344,0.0678,0.0678,2.22,0.0,5.56,0.0,0.0,5241.0,0.874,0.879,0.0578,0.8352487232043523,0.0,0.0,2.5045045045045042,1.0
KOI-7892,1,3,39.23350013333333,0.0996,0.0996,3.161557523333333,0.8636933570641849,10.446666666666667,4.848714606298595,0.0,6474.0,1.26,1.04,-0.16,1.5936570545171178,0.0,0.0,3.304278536628493,3.0
KOI-7913 A,2,1,24.278553,0.1456,0.1456,2.34,0.0,6.08,0.0,0.0,4324.0,0.788,0.76,-0.06,1.3852227992548691,0.0,0.0,2.5982905982905984,0.5
KOI-94,2,4,22.707538749999998,0.05119,0.3046,5.965,4.0541378039397395,41.775,44.098403221280776,0.18025,6182.0,1.52,1.277,0.0228,1.3561700639766507,0.25340999999999997,15.784696736513952,7.003352891869237,2.0
KOI-984,1,2,12.90008925,0.0504,0.1467,9.2,6.929646455628166,113.45,136.2594767346477,0.25,5295.0,0.818,0.928,0.12,1.1105927150006774,0.0963,20.768431983385256,12.331521739130435,2.0
KPS-1,1,1,1.706291,0.0269,0.0269,11.54527,0.0,346.4347,0.0,0.0,5165.0,0.907,0.892,0.22,0.23205310005359472,0.0,0.0,30.006634751720835,1.0
Kapteyn,1,1,121.54,0.311,0.311,2.54,0.0,7.0,0.0,0.23,3550.0,0.291,0.281,-0.89,2.0847192320112975,0.0,0.0,2.7559055118110236,1.0
Kepler-10,1,3,65.73059723333334,0.01685,0.5379,2.438333333333333,1.0125751000954613,8.843333333333334,4.865596914391216,0.10866666666666668,5708.0,1.065,0.91,-0.15,1.8177675783318317,0.52105,5.7576048363880625,3.6267942583732062,3.0
Kepler-100,1,4,28.981232,0.07309,0.312391586,2.605,1.8125948251057098,9.5506795675,9.879128245284665,0.13910925000000002,5837.0,1.51,1.13,0.1,1.462116843503305,0.239301586,16.71530919147356,3.66628774184261,4.0
Kepler-1000,1,1,120.0181272,0.5326,0.5326,4.76,0.0,20.3,0.0,0.0,6453.0,1.51,1.4,0.35,2.07924684561745,0.0,0.0,4.264705882352941,1.0
Kepler-1001,1,2,11.743489915000001,0.08296,0.11147,2.363996395,1.1115769582651451,6.6049999999999995,4.942676400493967,0.0,5491.0,0.88,0.9,-0.03,1.0697971791598864,0.028509999999999994,70.15082427218522,2.793997492538477,2.0
Kepler-1002,1,1,4.336429331,0.0564,0.0564,1.71,0.0,3.57,0.0,0.0,6144.0,1.57,1.22,0.04,0.6371322732659861,0.0,0.0,2.087719298245614,1.0
Kepler-1003,1,1,3.554856915,0.04333,0.04333,1.78,0.0,3.82,0.0,0.0,6109.0,1.17,1.11,0.01,0.5508221248192219,0.0,0.0,2.1460674157303368,1.0
Kepler-1004,1,1,5.28789787,0.06791,0.06791,6.28,0.0,32.5,0.0,0.0,4972.0,3.39,1.11,-0.04,0.7232830586326966,0.0,0.0,5.175159235668789,1.0
Kepler-1005,1,1,6.49801525,0.06717,0.06717,1.5,0.0,2.86,0.0,0.0,5782.0,1.06,1.0,0.02,0.8127807262430479,0.0,0.0,1.9066666666666665,1.0
Kepler-1006,1,1,19.76172042,0.1464,0.1464,1.54,0.0,2.99,0.0,0.0,5328.0,0.74,0.78,-0.4,1.2958247507975615,0.0,0.0,1.9415584415584417,1.0
Kepler-1007,1,1,5.185002073,0.048,0.048,1.44,0.0,2.67,0.0,0.0,4587.0,0.7,0.73,0.03,0.7147489343590581,0.0,0.0,1.8541666666666667,1.0
Kepler-1008,2,1,12.43931193,0.09755,0.09755,1.28,0.0,2.18,0.0,0.0,5066.0,0.78,0.81,-0.01,1.0947963583878677,0.0,0.0,1.703125,0.5
Kepler-1009,1,1,11.35011917,0.0796,0.0796,2.17,0.0,5.35,0.0,0.0,4027.0,0.57,0.59,-0.12,1.055000421405944,0.0,0.0,2.4654377880184333,1.0
Kepler-101,1,2,4.7587206,0.0474,0.0684,3.51,3.1961226509631944,27.44,33.46029288574743,0.043,5667.0,1.56,1.17,0.33,0.6774902067024425,0.021000000000000005,95.23809523809521,7.817663817663819,2.0
Kepler-1010,1,1,34.2685705,0.193,0.193,2.32,0.0,5.99,0.0,0.0,5253.0,0.82,0.86,-0.01,1.5348959883834585,0.0,0.0,2.5818965517241383,1.0
Kepler-1011,1,1,5.753221974,0.0633,0.0633,2.87,0.0,8.6,0.0,0.0,5416.0,0.88,0.91,0.08,0.7599111305392456,0.0,0.0,2.9965156794425085,1.0
Kepler-1012,1,1,5.50860439,0.06066,0.06066,1.29,0.0,2.21,0.0,0.0,5556.0,0.91,0.95,0.05,0.7410415838800741,0.0,0.0,1.7131782945736433,1.0
Kepler-1013,1,1,18.93054959,0.137,0.137,2.15,0.0,5.27,0.0,0.0,4954.0,0.76,0.81,0.04,1.2771632225448613,0.0,0.0,2.4511627906976745,1.0
Kepler-1014,1,1,16.57110363,0.121,0.121,2.39,0.0,6.3,0.0,0.0,5388.0,0.84,0.88,-0.06,1.2193514332508446,0.0,0.0,2.6359832635983262,1.0
Kepler-1015,1,1,16.00494214,0.1345,0.1345,3.55,0.0,12.3,0.0,0.0,6769.0,1.81,1.49,0.06,1.2042541084505265,0.0,0.0,3.4647887323943665,1.0
Kepler-1016,1,2,53.804830621,0.03044,0.43519,2.93,1.0606601717798212,9.245,5.451793282948282,0.0,5821.0,1.0,0.99,-0.03,1.7308212685635254,0.40475,4.941321803582459,3.155290102389078,2.0
Kepler-1017,1,1,7.23400469,0.07196,0.07196,1.99,0.0,4.62,0.0,0.0,5473.0,0.87,0.93,0.04,0.8593787859904972,0.0,0.0,2.321608040201005,1.0
Kepler-1018,1,1,49.1013514,0.253,0.253,2.58,0.0,7.18,0.0,0.0,5518.0,0.88,0.91,-0.05,1.691093445228593,0.0,0.0,2.782945736434108,1.0
Kepler-1019,1,1,1.411229847,0.0221,0.0221,1.46,0.0,2.73,0.0,0.0,4433.0,0.67,0.7,0.01,0.1495977530558323,0.0,0.0,1.86986301369863,1.0
Kepler-102,1,5,13.25388308,0.05521,0.1656,1.0424,0.6859368046693515,2.96,1.5709869509324386,0.095,4909.0,0.724,0.803,0.11,1.1223431351146838,0.11038999999999999,45.29395778603135,2.83960092095165,5.0
Kepler-1020,1,1,96.9151496,0.37594,0.37594,2.28,0.0,5.82,0.0,0.0,5227.0,0.8,0.87,0.0,1.9863916704812843,0.0,0.0,2.5526315789473686,1.0
Kepler-1021,1,1,13.47469571,0.1034,0.1034,2.33,0.0,6.04,0.0,0.0,5431.0,0.86,0.89,-0.05,1.1295189665890153,0.0,0.0,2.592274678111588,1.0
Kepler-1022,1,1,10.99469878,0.0805,0.0805,2.36,0.0,6.17,0.0,0.0,4445.0,0.68,0.71,0.06,1.0411833355634919,0.0,0.0,2.614406779661017,1.0
Kepler-1023,1,1,62.1387714,0.30284,0.30284,2.63,0.0,7.41,0.0,0.0,5494.0,0.89,0.93,0.05,1.7933626621877792,0.0,0.0,2.817490494296578,1.0
Kepler-1024,1,1,66.4162133,0.3033,0.3033,3.91,0.0,14.5,0.0,0.0,5143.0,0.78,0.81,-0.1,1.8222741108017328,0.0,0.0,3.7084398976982094,1.0
Kepler-1025,1,1,37.3229493,0.21607,0.21607,1.98,0.0,4.58,0.0,0.0,6089.0,1.13,1.09,-0.03,1.5719759548522352,0.0,0.0,2.313131313131313,1.0
Kepler-1026,1,1,36.5156053,0.1977,0.1977,2.21,0.0,5.52,0.0,0.0,4948.0,0.75,0.79,-0.02,1.5624785041085405,0.0,0.0,2.497737556561086,1.0
Kepler-1027,2,1,1.907805199,0.02911,0.02911,0.89,0.0,0.64,0.0,0.0,5436.0,0.82,0.91,-0.06,0.2805340279580052,0.0,0.0,0.7191011235955056,0.5
Kepler-1028,1,1,2.51462432,0.0354,0.0354,1.33,0.0,2.33,0.0,0.0,5522.0,0.87,0.9,-0.09,0.4004731114842201,0.0,0.0,1.7518796992481203,1.0
Kepler-1029,1,1,4.417696479,0.047,0.047,1.26,0.0,2.13,0.0,0.0,5030.0,0.77,0.82,0.01,0.6451958740470399,0.0,0.0,1.6904761904761905,1.0
Kepler-103,1,2,97.78755435,0.133,0.6679,4.4698,1.3917275667313627,35.07,33.09259735953042,0.137,6047.0,1.492,1.212,0.15,1.9902835846335882,0.5349,3.7390166386240415,7.845988634838247,2.0
Kepler-1030,1,1,19.32952416,0.1338,0.1338,2.48,0.0,6.71,0.0,0.0,4983.0,0.76,0.8,-0.01,1.2862211630182123,0.0,0.0,2.7056451612903225,1.0
Kepler-1031,1,1,1.22621732,0.0218,0.0218,0.87,0.0,0.59,0.0,0.0,6011.0,1.12,1.09,0.03,0.0885674461308854,0.0,0.0,0.6781609195402298,1.0
Kepler-1032,1,1,3.290117953,0.0361,0.0361,1.87,0.0,4.16,0.0,0.0,4647.0,0.71,0.77,0.16,0.5172114679860725,0.0,0.0,2.2245989304812834,1.0
Kepler-1033,1,1,7.56052806,0.0761,0.0761,2.51,0.0,6.85,0.0,0.0,5547.0,0.92,0.94,0.06,0.8785521295666965,0.0,0.0,2.7290836653386457,1.0
Kepler-1034,1,1,12.12400943,0.0965,0.0965,2.26,0.0,5.73,0.0,0.0,5198.0,0.8,0.83,-0.06,1.0836462654880106,0.0,0.0,2.535398230088496,1.0
Kepler-1035,1,1,2.714077555,0.03883,0.03883,1.17,0.0,1.71,0.0,0.0,5763.0,0.97,0.98,-0.03,0.4336222535032726,0.0,0.0,1.4615384615384617,1.0
Kepler-1036,1,1,122.8808058,0.47726,0.47726,3.01,0.0,9.32,0.0,0.0,5533.0,0.89,0.95,0.04,2.089484050615058,0.0,0.0,3.0963455149501664,1.0
Kepler-1037,1,1,1.063788673,0.0198,0.0198,1.28,0.0,2.18,0.0,0.0,5105.0,0.78,0.82,-0.03,0.02685536173208347,0.0,0.0,1.703125,1.0
Kepler-1038,1,2,77.793998999,0.0692,0.5238,2.4731169,1.49465841386292,7.395,6.7952961672027214,0.0,5335.0,0.83,0.87,-0.04,1.8909460969622038,0.45460000000000006,4.399472063352397,2.9901538418988602,2.0
Kepler-1039,1,1,0.934884242,0.01714,0.01714,1.46,0.0,2.73,0.0,0.0,4870.0,0.74,0.79,0.01,-0.029242160435428665,0.0,0.0,1.86986301369863,1.0
Kepler-104,2,3,28.950382333333334,0.094,0.257,3.27,0.268886593194975,10.761509706666667,7.696262518837442,0.0,5711.0,1.349,0.818,-0.42,1.4616543036130394,0.163,18.404907975460123,3.2909815616717637,1.5
Kepler-1040,1,1,201.1214,0.67249,0.67249,2.08,0.0,4.98,0.0,0.0,5694.0,0.96,0.98,0.01,2.3034582834631956,0.0,0.0,2.394230769230769,1.0
Kepler-1041,1,1,24.7576421,0.1688,0.1688,2.94,0.0,8.96,0.0,0.0,5957.0,1.08,1.06,0.01,1.3937092804239715,0.0,0.0,3.047619047619048,1.0
Kepler-1042,1,1,10.13202575,0.0756,0.0756,2.19,0.0,5.43,0.0,0.0,4815.0,0.72,0.75,-0.1,1.0056962848560447,0.0,0.0,2.4794520547945207,1.0
Kepler-1043,1,1,38.5053398,0.2159,0.2159,2.55,0.0,7.04,0.0,0.0,5629.0,0.9,0.92,-0.11,1.585520960284294,0.0,0.0,2.7607843137254906,1.0
Kepler-1044,1,1,6.77408868,0.0741,0.0741,2.67,0.0,7.61,0.0,0.0,5985.0,1.11,1.08,0.04,0.830850877720859,0.0,0.0,2.850187265917603,1.0
Kepler-1045,1,1,26.41045478,0.1616,0.1616,2.69,0.0,7.7,0.0,0.0,5301.0,0.82,0.86,-0.03,1.421775879690224,0.0,0.0,2.862453531598513,1.0
Kepler-1046,1,1,14.37508035,0.11858,0.11858,1.71,0.0,3.57,0.0,0.0,5913.0,1.04,1.04,0.0,1.157610280872214,0.0,0.0,2.087719298245614,1.0
Kepler-1047,1,2,29.688832355,0.04413,0.29871,1.54,0.7778174593052023,2.9785,2.8871169875846734,0.0,5754.0,1.13,1.08,0.29,1.4725931173753575,0.25458,7.856076675308352,1.934090909090909,2.0
Kepler-1048,1,1,6.92101021,0.059,0.059,1.61,0.0,3.22,0.0,0.0,4651.0,0.7,0.75,0.01,0.8401694899203384,0.0,0.0,2.0,1.0
Kepler-1049,1,1,3.273460736,0.0349,0.0349,0.95,0.0,0.809,0.0,0.0,3864.0,0.49,0.51,-0.33,0.5150071360810476,0.0,0.0,0.8515789473684211,1.0
Kepler-105,1,2,6.2690617,0.06016,0.07229,1.9849999999999999,0.7707463914933367,8.2,3.6769552621700474,0.02,5933.0,1.026,0.991,-0.09,0.7972025441789924,0.012129999999999995,164.88046166529273,4.130982367758186,2.0
Kepler-1050,1,2,18.25360575,0.12353,0.15264,1.54,0.08485281374238578,2.99,0.2828427124746191,0.0,6010.0,1.13,1.09,0.03,1.2613486661980398,0.029109999999999997,68.7049124012367,1.9415584415584417,2.0
Kepler-1051,1,1,25.96200249,0.18395,0.18395,3.4,0.0,11.5,0.0,0.0,6675.0,1.73,1.43,0.04,1.4143381872352918,0.0,0.0,3.3823529411764706,1.0
Kepler-1052,1,2,107.88777830000001,0.20988,0.6135,2.615,0.4454772721475253,7.405,2.1283914113715077,0.0,5888.0,1.03,1.03,0.0,2.0329722498960976,0.40362000000000003,4.955155839651157,2.831739961759082,2.0
Kepler-1053,1,1,2.414351654,0.0315,0.0315,0.98,0.0,0.904,0.0,0.0,4529.0,0.69,0.74,0.1,0.3828005260219548,0.0,0.0,0.9224489795918368,1.0
Kepler-1054,1,1,4.30655689,0.05542,0.05542,2.63,0.0,7.41,0.0,0.0,6209.0,1.34,1.22,0.09,0.6341301886588595,0.0,0.0,2.817490494296578,1.0
Kepler-1055,1,1,2.295036233,0.0335,0.0335,1.23,0.0,2.04,0.0,0.0,5723.0,0.94,0.98,-0.02,0.3607895463733878,0.0,0.0,1.6585365853658538,1.0
Kepler-1056,1,1,27.495606,0.1629,0.1629,3.01,0.0,9.32,0.0,0.0,6127.0,1.2,1.12,0.02,1.4392632959239082,0.0,0.0,3.0963455149501664,1.0
Kepler-1057,1,1,14.08827448,0.1138,0.1138,3.36,0.0,11.2,0.0,0.0,5987.0,1.1,1.07,0.01,1.1488578043439561,0.0,0.0,3.333333333333333,1.0
Kepler-1058,1,1,110.96546,0.3679,0.3679,2.72,0.0,7.85,0.0,0.0,4644.0,0.69,0.73,-0.06,2.0451878178339036,0.0,0.0,2.8860294117647056,1.0
Kepler-1059,1,1,3.764191048,0.044,0.044,1.73,0.0,3.64,0.0,0.0,4906.0,0.72,0.75,-0.15,0.5756716575252997,0.0,0.0,2.1040462427745665,1.0
Kepler-106,1,4,21.89009,0.06491,0.24006,1.7075,0.9515382283439799,8.7525,2.6481109619248717,0.0,5858.0,1.04,1.0,-0.12,1.340247547151441,0.17515,22.837567799029404,5.125915080527086,4.0
Kepler-1060,1,1,46.8779367,0.2495,0.2495,2.38,0.0,6.26,0.0,0.0,5797.0,0.99,0.99,-0.03,1.6709684882590874,0.0,0.0,2.630252100840336,1.0
Kepler-1061,1,1,2.757982666,0.0388,0.0388,1.98,0.0,4.58,0.0,0.0,6067.0,1.07,1.09,-0.03,0.4405915322951586,0.0,0.0,2.313131313131313,1.0
Kepler-1062,1,1,9.30412078,0.0748,0.0748,1.76,0.0,3.75,0.0,0.0,4597.0,0.7,0.75,0.11,0.9686753394834037,0.0,0.0,2.1306818181818183,1.0
Kepler-1063,2,1,14.07971466,0.1176,0.1176,1.49,0.0,2.83,0.0,0.0,5945.0,1.14,1.09,0.09,1.148593853467801,0.0,0.0,1.8993288590604027,0.5
Kepler-1064,1,1,16.54080322,0.1183,0.1183,1.55,0.0,3.02,0.0,0.0,5153.0,0.79,0.85,0.0,1.2185565950317603,0.0,0.0,1.9483870967741934,1.0
Kepler-1065,1,2,2.9898081684999998,0.0344,0.0455,2.665,1.506137443927346,8.295,7.219560235914651,0.0,5635.0,0.93,0.94,-0.01,0.475643324098827,0.011099999999999999,180.1801801801802,3.1125703564727956,2.0
Kepler-1066,1,1,1.931559839,0.0298,0.0298,2.36,0.0,6.17,0.0,0.0,5762.0,0.98,0.98,-0.03,0.2859081669695542,0.0,0.0,2.614406779661017,1.0
Kepler-1067,1,2,3.093984581,0.0164,0.06069,1.27341214,0.6695058689800704,2.0685000000000002,2.3072894270117046,0.0,5592.0,0.93,0.95,0.03,0.4905181450442465,0.044289999999999996,45.15692029803568,1.624375907080641,2.0
Kepler-1068,1,1,16.92344113,0.13038,0.13038,3.63,0.0,12.8,0.0,0.0,5806.0,1.01,1.01,0.03,1.2284886750045252,0.0,0.0,3.5261707988980717,1.0
Kepler-1069,1,1,23.8990296,0.16587,0.16587,1.6,0.0,3.19,0.0,0.0,5722.0,0.98,0.99,0.04,1.3783802671439025,0.0,0.0,1.99375,1.0
Kepler-107,1,4,7.6972517,0.04544,0.12638,1.724,0.8540120998362182,8.9,4.3089055068157,0.0975,5854.0,1.447,1.238,0.321,0.886335688213868,0.08093999999999998,49.419322955275526,5.162412993039443,4.0
Kepler-1070,1,1,6.2216147,0.06753,0.06753,1.73,0.0,3.64,0.0,0.0,6261.0,1.32,1.21,0.03,0.7939031120691816,0.0,0.0,2.1040462427745665,1.0
Kepler-1071,1,1,6.1799844,0.0629,0.0629,2.38,0.0,6.26,0.0,0.0,5215.0,0.81,0.86,0.01,0.7909873788100993,0.0,0.0,2.630252100840336,1.0
Kepler-1072,1,1,1.569066502,0.02742,0.02742,1.58,0.0,3.12,0.0,0.0,6199.0,1.32,1.2,0.07,0.19564135075046968,0.0,0.0,1.9746835443037976,1.0
Kepler-1073,1,3,5.069822832333333,0.0352,0.0805,1.8092364966666665,0.43178086109972486,4.016666666666667,1.6508280750378987,0.0,5792.0,1.0,1.0,0.0,0.7049927829458813,0.0453,66.2251655629139,2.220089343801634,3.0
Kepler-1074,1,1,5.94566534,0.0536,0.0536,1.25,0.0,2.1,0.0,0.0,4002.0,0.57,0.6,-0.06,0.7742004606910521,0.0,0.0,1.6800000000000002,1.0
Kepler-1075,1,1,1.52372816,0.0208,0.0208,1.42,0.0,2.6,0.0,0.0,3959.0,0.54,0.56,-0.17,0.18290749381301105,0.0,0.0,1.830985915492958,1.0
Kepler-1076,1,1,6.14727918,0.0611,0.0611,0.8,0.0,0.437,0.0,0.0,4868.0,0.74,0.79,-0.01,0.7886829371456178,0.0,0.0,0.54625,1.0
Kepler-1077,1,1,34.3511874,0.2101,0.2101,2.77,0.0,8.1,0.0,0.0,5816.0,1.02,1.02,0.03,1.5359417536912043,0.0,0.0,2.9241877256317688,1.0
Kepler-1078,1,1,3.00725242,0.0388,0.0388,1.9,0.0,4.27,0.0,0.0,5612.0,0.92,0.94,-0.01,0.4781698830430543,0.0,0.0,2.2473684210526312,1.0
Kepler-1079,1,1,13.24503188,0.1092,0.1092,1.63,0.0,3.29,0.0,0.0,5758.0,1.36,1.08,0.21,1.1220530079553654,0.0,0.0,2.0184049079754605,1.0
Kepler-108,2,2,119.7537075,0.292,0.721,8.415,0.33234018715767716,53.45,3.606244584051396,0.13,5854.0,2.192,1.247,0.3261,2.0782889677806873,0.429,4.662004662004662,6.351752822341059,1.0
Kepler-1080,1,1,77.2548396,0.3781,0.3781,3.28,0.0,10.8,0.0,0.0,5956.0,1.16,1.1,0.09,1.8879256951614631,0.0,0.0,3.2926829268292686,1.0
Kepler-1081,1,1,3.856918547,0.04662,0.04662,1.01,0.0,1.01,0.0,0.0,5345.0,0.84,0.88,0.01,0.5862404672399169,0.0,0.0,1.0,1.0
Kepler-1082,1,1,1.543206604,0.02571,0.02571,1.12,0.0,1.46,0.0,0.0,5923.0,1.14,1.03,-0.06,0.1884240731600775,0.0,0.0,1.3035714285714284,1.0
Kepler-1083,1,1,33.4177993,0.1899,0.1899,3.36,0.0,11.2,0.0,0.0,5049.0,0.77,0.81,-0.02,1.5239778464150704,0.0,0.0,3.333333333333333,1.0
Kepler-1084,1,1,2.05333679,0.0324,0.0324,1.11,0.0,1.41,0.0,0.0,6113.0,1.28,1.12,-0.02,0.31246018855352703,0.0,0.0,1.2702702702702702,1.0
Kepler-1085,1,2,138.04942640000002,0.29798,0.73361,5.244088704999999,2.7943605514351852,25.950000000000003,21.566756826189703,0.0,6000.0,1.14,1.11,0.08,2.1400346064708824,0.43562999999999996,4.591052039574869,4.94842888055228,2.0
Kepler-1086,2,2,90.15029589,0.1198,0.503,2.69,0.3535533905932738,7.745000000000001,1.7182694782833106,0.0,4350.0,0.66,0.7,0.06,1.9549671564958402,0.3832,5.219206680584551,2.8791821561338296,1.0
Kepler-1087,1,1,0.693842855,0.01554,0.01554,0.61,0.0,0.165,0.0,0.0,5589.0,0.94,0.96,0.01,-0.15873887959451052,0.0,0.0,0.27049180327868855,1.0
Kepler-1088,1,1,23.12748644,0.16163,0.16163,1.42,0.0,2.6,0.0,0.0,5975.0,1.08,1.08,0.05,1.364128434994734,0.0,0.0,1.830985915492958,1.0
Kepler-1089,1,1,5.132485618,0.0497,0.0497,1.83,0.0,4.01,0.0,0.0,3753.0,0.49,0.52,-0.09,0.7103277410855929,0.0,0.0,2.191256830601093,1.0
Kepler-109,1,2,13.85214035,0.0701,0.1546,2.5700000000000003,0.11313708498984723,6.55,2.3334523779156062,0.10400000000000001,5950.0,1.387,1.094,-0.02,1.1415168831749791,0.08449999999999999,23.66863905325444,2.5486381322957197,2.0
Kepler-1090,1,2,120.55368966,0.22622,0.63323,2.7713289249999997,0.7372704361923862,8.295,3.684026329981913,0.0,5321.0,0.82,0.86,-0.04,2.0811805069113687,0.40701,4.913884179749884,2.993148855471929,2.0
Kepler-1091,1,1,1.434741564,0.0252,0.0252,1.46,0.0,2.73,0.0,0.0,5851.0,1.03,1.01,0.0,0.15677367985982515,0.0,0.0,1.86986301369863,1.0
Kepler-1092,1,1,58.6017925,0.2996,0.2996,2.07,0.0,4.94,0.0,0.0,5862.0,1.0,0.99,-0.09,1.7679109003346913,0.0,0.0,2.386473429951691,1.0
Kepler-1093,1,2,57.4023773,0.17543,0.41037,1.955,0.007071067811865403,4.48,0.028284271247461613,0.0,6166.0,1.2,1.13,-0.01,1.758929878929198,0.23494,8.512811781731505,2.2915601023017906,2.0
Kepler-1094,1,1,78.1000231,0.3625,0.3625,3.18,0.0,10.2,0.0,0.0,6112.0,1.21,1.14,0.06,1.8926511623305788,0.0,0.0,3.2075471698113205,1.0
Kepler-1095,1,1,4.27103091,0.0514,0.0514,1.21,0.0,1.92,0.0,0.0,5658.0,0.92,0.94,-0.09,0.6305327144832183,0.0,0.0,1.5867768595041323,1.0
Kepler-1096,1,1,2.892217506,0.034,0.034,1.24,0.0,2.07,0.0,0.0,4306.0,0.63,0.66,-0.1,0.461230950484025,0.0,0.0,1.6693548387096773,1.0
Kepler-1097,1,1,187.747029,0.5791,0.5791,3.26,0.0,10.7,0.0,0.0,5211.0,0.79,0.82,-0.11,2.27357307324417,0.0,0.0,3.2822085889570554,1.0
Kepler-1098,1,1,2.543072855,0.0358,0.0358,1.3,0.0,2.24,0.0,0.0,5794.0,0.99,0.99,-0.02,0.40535880220136733,0.0,0.0,1.7230769230769232,1.0
Kepler-1099,1,1,2.168452593,0.0337,0.0337,2.83,0.0,8.4,0.0,0.0,5837.0,1.0,1.01,-0.02,0.336149931984639,0.0,0.0,2.9681978798586575,1.0
Kepler-11,1,6,40.513600000000004,0.091,0.466,2.966666666666667,0.8061926982221229,7.8500000000000005,8.815611152949067,0.041666666666666664,5663.0,1.065,0.961,0.05,1.607600835893265,0.375,16.0,2.646067415730337,6.0
Kepler-110,1,2,22.2054435,0.107,0.198,2.02,0.268700576850888,4.765,1.0677312395916867,0.0,5960.0,1.149,0.989,-0.1498,1.346459451577664,0.09100000000000001,21.978021978021975,2.3589108910891086,2.0
Kepler-1100,1,1,6.42200058,0.06745,0.06745,1.75,0.0,3.71,0.0,0.0,6247.0,1.34,1.21,0.05,0.8076703404535899,0.0,0.0,2.12,1.0
Kepler-1101,1,1,81.3151059,0.3483,0.3483,2.47,0.0,6.66,0.0,0.0,5614.0,0.91,0.94,-0.04,1.9101712319361732,0.0,0.0,2.6963562753036436,1.0
Kepler-1102,1,1,51.3285623,0.2731,0.2731,2.66,0.0,7.56,0.0,0.0,5724.0,0.94,0.96,-0.08,1.7103590999529312,0.0,0.0,2.8421052631578942,1.0
Kepler-1103,1,1,19.79191978,0.15336,0.15336,2.27,0.0,5.77,0.0,0.0,6092.0,1.15,1.11,-0.01,1.2964879220195875,0.0,0.0,2.541850220264317,1.0
Kepler-1104,1,1,5.03728015,0.06321,0.06321,1.23,0.0,2.04,0.0,0.0,6417.0,1.41,1.3,0.13,0.7021961049605007,0.0,0.0,1.6585365853658538,1.0
Kepler-1105,1,1,4.421572182,0.0471,0.0471,2.01,0.0,4.7,0.0,0.0,4299.0,0.68,0.71,0.28,0.6455767192501477,0.0,0.0,2.338308457711443,1.0
Kepler-1106,1,1,1.252752174,0.0239,0.0239,1.65,0.0,3.36,0.0,0.0,6104.0,1.17,1.11,0.0,0.09786516508075613,0.0,0.0,2.0363636363636366,1.0
Kepler-1107,1,1,0.571038518,0.01285,0.01285,1.34,0.0,2.36,0.0,0.0,5268.0,0.82,0.86,0.01,-0.24333459649905037,0.0,0.0,1.761194029850746,1.0
Kepler-1108,1,1,4.51005748,0.0511,0.0511,1.46,0.0,2.73,0.0,0.0,5406.0,0.84,0.88,-0.09,0.6541820769306751,0.0,0.0,1.86986301369863,1.0
Kepler-1109,1,1,37.6467384,0.2466,0.2466,2.19,0.0,5.43,0.0,0.0,5893.0,1.06,1.05,0.04,1.5757273562009735,0.0,0.0,2.4794520547945207,1.0
Kepler-111,1,2,114.0600725,0.046,0.751,4.3320378999999996,3.8919693223447718,112.79994245,155.11086213309054,0.088,5952.0,1.157,1.171,0.22,2.0571336432997613,0.705,2.8368794326241136,26.038540071406118,2.0
Kepler-1110,1,1,9.69312032,0.0754,0.0754,2.66,0.0,7.56,0.0,0.0,4781.0,0.7,0.73,-0.16,0.9864636036366923,0.0,0.0,2.8421052631578942,1.0
Kepler-1111,1,1,8.79617863,0.0872,0.0872,2.0,0.0,4.66,0.0,0.0,6077.0,1.15,1.1,0.02,0.9442940402926161,0.0,0.0,2.33,1.0
Kepler-1112,1,1,14.36267939,0.1239,0.1239,3.02,0.0,9.38,0.0,0.0,6496.0,1.54,1.34,0.04,1.1572354660723605,0.0,0.0,3.1059602649006623,1.0
Kepler-1113,1,1,42.3004954,0.2415,0.2415,2.81,0.0,8.3,0.0,0.0,5931.0,1.17,1.12,0.18,1.6263454536215312,0.0,0.0,2.9537366548042705,1.0
Kepler-1114,1,1,14.97435694,0.11056,0.11056,1.35,0.0,2.39,0.0,0.0,5374.0,0.83,0.87,-0.08,1.1753481810843138,0.0,0.0,1.7703703703703704,1.0
Kepler-1115,1,1,23.5540725,0.2134,0.2134,1.7,0.0,3.53,0.0,0.0,8480.0,1.73,1.6,-0.51,1.3720660074890203,0.0,0.0,2.076470588235294,1.0
Kepler-1116,1,1,41.6977827,0.233,0.233,2.54,0.0,6.99,0.0,0.0,5641.0,0.93,0.95,0.01,1.6201129617661498,0.0,0.0,2.751968503937008,1.0
Kepler-1117,1,1,4.79028459,0.05485,0.05485,1.11,0.0,1.41,0.0,0.0,5612.0,0.93,0.95,0.03,0.6803613155429823,0.0,0.0,1.2702702702702702,1.0
Kepler-1118,1,1,38.6715075,0.2079,0.2079,2.74,0.0,7.95,0.0,0.0,5688.0,0.97,0.96,0.0,1.5873911021524683,0.0,0.0,2.901459854014598,1.0
Kepler-1119,1,1,8.3265153,0.0812,0.0812,1.92,0.0,4.35,0.0,0.0,6083.0,1.17,1.11,0.03,0.9204632844058531,0.0,0.0,2.265625,1.0
Kepler-112,1,2,18.491570499999998,0.076,0.172,2.38,0.028284271247461926,6.26,0.12727922061357835,0.0,5544.0,0.841,0.782,-0.5221,1.2669737976123452,0.09599999999999999,20.833333333333336,2.630252100840336,2.0
Kepler-1120,1,1,2.949029052,0.0369,0.0369,1.38,0.0,2.48,0.0,0.0,4904.0,0.74,0.78,-0.04,0.469679050971988,0.0,0.0,1.7971014492753625,1.0
Kepler-1121,1,1,13.15141081,0.11818,0.11818,1.91,0.0,4.31,0.0,0.0,6231.0,1.59,1.29,0.12,1.1189723440145938,0.0,0.0,2.256544502617801,1.0
Kepler-1122,1,1,42.1917357,0.2315,0.2315,2.04,0.0,4.82,0.0,0.0,5544.0,0.89,0.92,-0.03,1.6252273919243523,0.0,0.0,2.3627450980392157,1.0
Kepler-1123,1,1,4.33946454,0.0497,0.0497,1.67,0.0,3.43,0.0,0.0,5500.0,0.9,0.93,0.05,0.6374361438742485,0.0,0.0,2.0538922155688626,1.0
Kepler-1124,1,1,2.852348975,0.0305,0.0305,1.28,0.0,2.18,0.0,0.0,3658.0,0.34,0.35,-0.59,0.45520265885344346,0.0,0.0,1.703125,1.0
Kepler-1125,1,1,17.6700642,0.1348,0.1348,1.84,0.0,4.04,0.0,0.0,5683.0,0.94,0.95,-0.09,1.247238127415937,0.0,0.0,2.1956521739130435,1.0
Kepler-1126,1,2,154.1310445,0.41251,0.6193,1.5899999999999999,0.19798989873223324,3.17,0.6646803743153545,0.0,5798.0,0.93,0.92,-0.26,2.18789012150336,0.20678999999999997,9.671647565162727,1.9937106918238996,2.0
Kepler-1127,1,1,5.12330347,0.0556,0.0556,1.96,0.0,4.5,0.0,0.0,5664.0,0.95,0.97,0.04,0.7095500813190527,0.0,0.0,2.295918367346939,1.0
Kepler-1128,1,1,61.6178167,0.302,0.302,3.65,0.0,12.9,0.0,0.0,5543.0,0.91,0.94,0.04,1.7897063059260563,0.0,0.0,3.534246575342466,1.0
Kepler-1129,1,2,50.4383695,0.16481,0.35367,2.8449999999999998,0.16263455967290577,8.48,0.8202438661763952,0.0,5831.0,1.0,1.0,-0.04,1.7027610388725325,0.18885999999999997,10.589854918987612,2.9806678383128298,2.0
Kepler-113,1,2,6.839535,0.05123,0.07796,2.0,0.25455844122715726,10.2,2.1213203435596424,0.0,4725.0,0.69,0.75,0.05,0.8350265763109319,0.026730000000000004,74.82229704451926,5.1,2.0
Kepler-1130,2,3,4.330623957666667,0.04238,0.05963,0.7457061899999999,0.08753685056880389,0.35366666666666663,0.13156113914577258,0.0,5403.0,0.81,0.9,-0.06,0.636550474147614,0.01725,173.91304347826085,0.4742707937916764,1.5
Kepler-1131,1,1,3.53232449,0.0459,0.0459,1.59,0.0,3.15,0.0,0.0,5851.0,1.04,1.03,0.05,0.548060592341367,0.0,0.0,1.981132075471698,1.0
Kepler-1132,1,1,62.8916228,0.2881,0.2881,2.35,0.0,6.12,0.0,0.0,5298.0,0.83,0.87,-0.01,1.7985928010251366,0.0,0.0,2.604255319148936,1.0
Kepler-1133,1,1,11.55562343,0.0983,0.0983,1.97,0.0,4.54,0.0,0.0,5569.0,0.9,0.93,-0.02,1.0627933807891767,0.0,0.0,2.3045685279187818,1.0
Kepler-1134,1,1,17.13263989,0.1242,0.1242,2.64,0.0,7.46,0.0,0.0,5281.0,0.81,0.84,-0.1,1.2338242865689328,0.0,0.0,2.8257575757575757,1.0
Kepler-1135,1,1,76.957857,0.3436,0.3436,1.85,0.0,4.08,0.0,0.0,5656.0,0.94,0.96,0.02,1.886252965656149,0.0,0.0,2.2054054054054055,1.0
Kepler-1136,1,1,2.361724329,0.0299,0.0299,1.64,0.0,3.33,0.0,0.0,4512.0,0.68,0.72,0.03,0.37322920344637195,0.0,0.0,2.030487804878049,1.0
Kepler-1137,1,1,23.9210791,0.1871,0.1871,2.2,0.0,5.48,0.0,0.0,6807.0,1.84,1.5,0.05,1.3787807671476746,0.0,0.0,2.4909090909090907,1.0
Kepler-1138,1,1,3.17060005,0.0415,0.0415,1.7,0.0,3.53,0.0,0.0,5582.0,0.92,0.95,0.04,0.501141462136557,0.0,0.0,2.076470588235294,1.0
Kepler-1139,1,1,0.813166719,0.01664,0.01664,1.19,0.0,1.81,0.0,0.0,5550.0,0.91,0.94,0.05,-0.08982040432129272,0.0,0.0,1.5210084033613447,1.0
Kepler-114,1,3,8.335183,0.053,0.08358,1.7966666666666666,0.6574445477250025,2.5966666666666662,1.4159919962109013,0.0,4605.0,0.667,0.77,0.2291,0.9209151392591328,0.030580000000000003,98.10333551340744,1.445269016697588,3.0
Kepler-1140,1,1,24.0862707,0.1478,0.1478,2.77,0.0,8.1,0.0,0.0,4850.0,0.73,0.76,-0.08,1.381769562979327,0.0,0.0,2.9241877256317688,1.0
Kepler-1141,1,1,2.344511944,0.03496,0.03496,0.82,0.0,0.477,0.0,0.0,5791.0,1.07,1.01,0.04,0.370052449572236,0.0,0.0,0.5817073170731707,1.0
Kepler-1142,1,1,18.3027248,0.1343,0.1343,1.47,0.0,2.76,0.0,0.0,5685.0,0.96,0.97,0.02,1.2625157497038573,0.0,0.0,1.8775510204081631,1.0
Kepler-1143,1,2,106.7597479245,0.0371,0.6477,2.635,1.364716087690037,8.015,6.48416918348064,0.0,5053.0,0.77,0.81,-0.06,2.028407539683399,0.6106,3.2754667540124465,3.0417457305502853,2.0
Kepler-1144,1,1,17.14647302,0.1291,0.1291,1.99,0.0,4.62,0.0,0.0,5753.0,0.96,0.98,-0.03,1.2341748004441508,0.0,0.0,2.321608040201005,1.0
Kepler-1145,1,1,3.97076766,0.0443,0.0443,1.4,0.0,2.54,0.0,0.0,5064.0,0.75,0.79,-0.13,0.5988744761014186,0.0,0.0,1.8142857142857145,1.0
Kepler-1146,1,1,2.352265797,0.0325,0.0325,1.23,0.0,2.04,0.0,0.0,4692.0,0.7,0.74,-0.06,0.3714863937852028,0.0,0.0,1.6585365853658538,1.0
Kepler-1147,1,1,10.62784997,0.0961,0.0961,2.61,0.0,7.32,0.0,0.0,5941.0,1.14,1.09,0.11,1.0264454149835336,0.0,0.0,2.8045977011494254,1.0
Kepler-1148,1,1,1.104463509,0.0188,0.0188,1.69,0.0,3.5,0.0,0.0,5054.0,0.77,0.81,-0.02,0.043151371541324986,0.0,0.0,2.0710059171597632,1.0
Kepler-1149,1,1,3.73089898,0.0473,0.0473,1.44,0.0,2.67,0.0,0.0,5833.0,1.01,1.02,0.02,0.5718134899889625,0.0,0.0,1.8541666666666667,1.0
Kepler-115,1,2,5.697284,0.036,0.087,1.8450000000000002,1.0677312395916867,4.295,4.2072853480599575,0.0,5979.0,1.205,1.042,-0.0499,0.755667868843844,0.051,39.21568627450981,2.3279132791327912,2.0
Kepler-1150,2,1,2.787868386,0.0382,0.0382,1.02,0.0,1.04,0.0,0.0,4754.0,0.72,0.76,0.01,0.44527226706472695,0.0,0.0,1.0196078431372548,0.5
Kepler-1151,1,1,65.6478424,0.3197,0.3197,2.22,0.0,5.56,0.0,0.0,5470.0,0.85,0.88,-0.11,1.817220457018455,0.0,0.0,2.5045045045045042,1.0
Kepler-1152,1,1,1.646801908,0.0223,0.0223,0.87,0.0,0.59,0.0,0.0,3964.0,0.53,0.55,-0.25,0.21664136150336408,0.0,0.0,0.6781609195402298,1.0
Kepler-1153,1,1,1.755835327,0.0277,0.0277,1.73,0.0,3.64,0.0,0.0,5470.0,0.88,0.91,0.03,0.2444837826812768,0.0,0.0,2.1040462427745665,1.0
Kepler-1154,1,2,6.82184866,0.0631,0.0875,2.3499999999999996,0.01414213562373112,6.125,0.06363961030678918,0.0,6327.0,1.43,1.26,0.04,0.8339020805278516,0.02439999999999999,81.96721311475413,2.6063829787234045,2.0
Kepler-1155,1,1,33.469743,0.2006,0.2006,2.03,0.0,4.78,0.0,0.0,5842.0,1.03,1.03,0.04,1.5246523776069447,0.0,0.0,2.3546798029556655,1.0
Kepler-1156,1,1,11.89520511,0.09704,0.09704,1.32,0.0,2.3,0.0,0.0,5778.0,1.0,1.0,0.02,1.0753719350133175,0.0,0.0,1.7424242424242422,1.0
Kepler-1157,1,1,4.45743164,0.0448,0.0448,1.09,0.0,1.32,0.0,0.0,4679.0,0.71,0.76,0.05,0.6490846914775807,0.0,0.0,1.2110091743119267,1.0
Kepler-1158,1,1,13.5396293,0.12643,0.12643,2.34,0.0,6.08,0.0,0.0,6203.0,1.95,1.41,0.18,1.1316067740117306,0.0,0.0,2.5982905982905984,1.0
Kepler-1159,1,1,22.70816791,0.1603,0.1603,2.37,0.0,6.21,0.0,0.0,6217.0,1.28,1.19,0.04,1.356182096849696,0.0,0.0,2.620253164556962,1.0
Kepler-116,1,2,9.520182,0.069,0.116,2.86,0.7919595949289333,8.75,4.030508652763321,0.0,6142.0,1.454,1.198,0.07,0.978645250993736,0.047,42.5531914893617,3.0594405594405596,2.0
Kepler-1160,1,1,7.97034958,0.0755,0.0755,2.14,0.0,5.22,0.0,0.0,5519.0,0.89,0.92,0.01,0.9014773699952972,0.0,0.0,2.439252336448598,1.0
Kepler-1161,1,1,10.71252541,0.0784,0.0784,2.13,0.0,5.18,0.0,0.0,4253.0,0.57,0.59,-0.35,1.0298918650745168,0.0,0.0,2.431924882629108,1.0
Kepler-1162,1,2,45.92388545,0.19,0.2832,2.01,0.2828427124746188,4.725,1.12429978208661,0.0,5390.0,0.84,0.89,-0.03,1.6620386249933385,0.0932,21.459227467811157,2.3507462686567164,2.0
Kepler-1163,1,1,6.11786898,0.06868,0.06868,1.03,0.0,1.08,0.0,0.0,6302.0,1.35,1.22,0.02,0.7866001719176511,0.0,0.0,1.0485436893203883,1.0
Kepler-1164,1,1,3.97599768,0.04635,0.04635,1.12,0.0,1.46,0.0,0.0,5183.0,0.79,0.85,-0.03,0.5994461223139347,0.0,0.0,1.3035714285714284,1.0
Kepler-1165,1,2,19.723611205,0.0914,0.1969,2.455466925,1.280523605615262,7.109999999999999,5.784133470105958,0.0,6080.0,1.18,1.13,0.05,1.2949864330607177,0.1055,18.95734597156398,2.895579625858735,2.0
Kepler-1166,1,1,33.2406882,0.1975,0.1975,1.69,0.0,3.5,0.0,0.0,5446.0,0.86,0.9,-0.02,1.521670006639404,0.0,0.0,2.0710059171597632,1.0
Kepler-1167,1,1,1.003933739,0.0175,0.0175,1.71,0.0,3.57,0.0,0.0,4971.0,0.75,0.79,-0.05,0.001705049725038259,0.0,0.0,2.087719298245614,1.0
Kepler-1168,1,1,55.8226539,0.2663,0.2663,2.5,0.0,6.8,0.0,0.0,5157.0,0.82,0.87,0.13,1.746810479711327,0.0,0.0,2.7199999999999998,1.0
Kepler-1169,1,1,6.11009134,0.06931,0.06931,0.94,0.0,0.779,0.0,0.0,6191.0,1.23,1.24,0.26,0.7860477025766742,0.0,0.0,0.8287234042553192,1.0
Kepler-117,1,2,34.7931569,0.1445,0.2804,10.2,3.0278312370407963,307.3275,392.3770884143211,0.0408,6150.0,1.606,1.129,-0.04,1.5414938355325623,0.1359,14.716703458425313,30.130147058823532,2.0
Kepler-1170,1,1,9.98969327,0.088,0.088,2.41,0.0,6.39,0.0,0.0,5069.0,0.76,0.8,-0.09,0.9995521535721771,0.0,0.0,2.6514522821576763,1.0
Kepler-1171,1,1,1.44259224,0.0284,0.0284,2.56,0.0,7.08,0.0,0.0,7044.0,1.95,1.58,-0.01,0.15914359170109857,0.0,0.0,2.765625,1.0
Kepler-1172,1,1,26.0204423,0.168,0.168,3.2,0.0,10.3,0.0,0.0,5558.0,0.89,0.92,-0.04,1.4153146745013845,0.0,0.0,3.21875,1.0
Kepler-1173,1,1,0.7698536,0.0156,0.0156,0.89,0.0,0.64,0.0,0.0,5252.0,0.82,0.86,0.0,-0.11359185503169104,0.0,0.0,0.7191011235955056,1.0
Kepler-1174,1,1,6.89225223,0.0732,0.0732,1.59,0.0,3.15,0.0,0.0,5936.0,1.04,1.04,-0.04,0.8383611625793478,0.0,0.0,1.981132075471698,1.0
Kepler-1175,1,1,37.94563,0.2181,0.2181,2.99,0.0,9.22,0.0,0.0,5453.0,0.86,0.9,-0.04,1.5791617676843206,0.0,0.0,3.0836120401337794,1.0
Kepler-1176,1,1,24.1738579,0.1589,0.1589,2.45,0.0,6.57,0.0,0.0,5844.0,1.02,1.01,-0.01,1.3833459648876307,0.0,0.0,2.6816326530612242,1.0
Kepler-1177,1,1,106.247547,0.4301,0.4301,1.9,0.0,4.27,0.0,0.0,5712.0,0.97,0.98,0.02,2.026318912024355,0.0,0.0,2.2473684210526312,1.0
Kepler-1178,1,1,31.80634,0.1596,0.1596,1.07,0.0,1.24,0.0,0.0,4990.0,0.75,0.8,-0.05,1.5025136971094295,0.0,0.0,1.158878504672897,1.0
Kepler-1179,1,1,2.685057492,0.03497,0.03497,1.32,0.0,2.3,0.0,0.0,5212.0,0.81,0.84,-0.03,0.4289535891756271,0.0,0.0,1.7424242424242422,1.0
Kepler-118,1,2,13.845258,0.073,0.141,4.82,4.0446507883870515,25.1,29.13279938488576,0.0,5274.0,1.094,0.811,0.18,1.141301053034453,0.06799999999999999,29.41176470588236,5.20746887966805,2.0
Kepler-1180,1,1,16.8601286,0.1246,0.1246,1.99,0.0,4.62,0.0,0.0,6077.0,1.14,1.09,0.0,1.2268608828662664,0.0,0.0,2.321608040201005,1.0
Kepler-1181,1,2,6.91411203,0.0621,0.0928,1.7000000000000002,0.1838477631085023,3.55,0.6505382386916236,0.0,6176.0,1.3,1.17,0.03,0.8397364121772635,0.03069999999999999,65.14657980456028,2.0882352941176467,2.0
Kepler-1182,1,1,11.17394617,0.0981,0.0981,2.41,0.0,6.39,0.0,0.0,5924.0,1.05,1.04,0.01,1.0482065748343952,0.0,0.0,2.6514522821576763,1.0
Kepler-1183,1,1,28.5057189,0.1793,0.1793,2.82,0.0,8.35,0.0,0.0,5765.0,0.99,1.0,0.04,1.4549319981682884,0.0,0.0,2.9609929078014185,1.0
Kepler-1184,1,1,53.5991044,0.2863,0.2863,2.68,0.0,7.65,0.0,0.0,5983.0,1.07,1.05,-0.04,1.7291575330250921,0.0,0.0,2.8544776119402986,1.0
Kepler-1185,1,1,104.3518976,0.4297,0.4297,1.33,0.0,2.33,0.0,0.0,5622.0,0.87,0.96,-0.04,2.018500350955049,0.0,0.0,1.7518796992481203,1.0
Kepler-1186,1,1,16.07677615,0.1281,0.1281,2.23,0.0,5.6,0.0,0.0,5635.0,0.93,0.95,0.0,1.2061989647708886,0.0,0.0,2.5112107623318383,1.0
Kepler-1187,1,1,18.87064068,0.1401,0.1401,2.61,0.0,7.32,0.0,0.0,5975.0,1.09,1.06,-0.01,1.275786645213435,0.0,0.0,2.8045977011494254,1.0
Kepler-1188,1,1,17.1369543,0.135,0.135,2.08,0.0,4.98,0.0,0.0,5913.0,1.06,1.04,0.0,1.2339336385767319,0.0,0.0,2.394230769230769,1.0
Kepler-1189,1,1,3.78858982,0.0467,0.0467,1.77,0.0,3.78,0.0,0.0,6012.0,1.16,1.11,0.08,0.5784775879739799,0.0,0.0,2.135593220338983,1.0
Kepler-119,1,2,3.2735925000000003,0.035,0.049,2.2600000000000002,1.8950461735799473,6.6605,8.399721453714998,0.0,5595.0,0.839,0.918,0.01,0.5150246170380701,0.013999999999999999,142.85714285714286,2.9471238938053093,2.0
Kepler-1190,1,1,10.45843441,0.0845,0.0845,1.33,0.0,2.33,0.0,0.0,4730.0,0.72,0.76,-0.02,1.0194666770755476,0.0,0.0,1.7518796992481203,1.0
Kepler-1191,1,1,5.60014851,0.0587,0.0587,1.51,0.0,2.89,0.0,0.0,5308.0,0.81,0.85,-0.08,0.7481995441880402,0.0,0.0,1.913907284768212,1.0
Kepler-1192,1,1,25.2034787,0.1693,0.1693,2.36,0.0,6.17,0.0,0.0,5438.0,0.83,0.86,-0.16,1.4014604882397579,0.0,0.0,2.614406779661017,1.0
Kepler-1193,1,1,2.832652134,0.04004,0.04004,1.32,0.0,2.3,0.0,0.0,5908.0,1.21,1.08,0.12,0.45219324393082155,0.0,0.0,1.7424242424242422,1.0
Kepler-1194,1,1,16.22371307,0.1212,0.1212,1.51,0.0,2.89,0.0,0.0,5590.0,0.92,0.94,0.0,1.2101502568582703,0.0,0.0,1.913907284768212,1.0
Kepler-1195,1,1,8.49642241,0.0726,0.0726,2.08,0.0,4.98,0.0,0.0,4965.0,0.71,0.74,-0.25,0.9292360957538482,0.0,0.0,2.394230769230769,1.0
Kepler-1196,1,1,66.1849031,0.3179,0.3179,2.23,0.0,5.6,0.0,0.0,5756.0,0.97,0.98,0.0,1.8207589373538693,0.0,0.0,2.5112107623318383,1.0
Kepler-1197,1,1,2.03231845,0.02869,0.02869,1.25,0.0,2.1,0.0,0.0,4708.0,0.72,0.78,0.06,0.3079917598332366,0.0,0.0,1.6800000000000002,1.0
Kepler-1198,1,1,7.6847716,0.0732,0.0732,1.47,0.0,2.76,0.0,0.0,5517.0,0.9,0.93,0.03,0.8856309643102319,0.0,0.0,1.8775510204081631,1.0
Kepler-1199,1,1,15.0447198,0.11309,0.11309,1.15,0.0,1.6,0.0,0.0,5889.0,1.17,0.94,-0.27,1.1773841036449246,0.0,0.0,1.3913043478260871,1.0
Kepler-12,1,1,4.4379629,0.0553,0.0553,19.660586,0.0,137.30256,0.0,0.0,5947.0,1.483,1.166,0.07,0.6471836673433474,0.0,0.0,6.983645350143684,1.0
Kepler-120,1,2,9.553543,0.055,0.088,1.8399999999999999,0.4384062043356593,5.73,3.9173715677734737,0.0,4096.0,0.534,0.654,-0.12,0.9801644626826095,0.032999999999999995,60.606060606060616,3.1141304347826093,2.0
Kepler-1200,1,1,1.118549717,0.0188,0.0188,1.06,0.0,1.2,0.0,0.0,4612.0,0.7,0.74,0.04,0.04865529226715541,0.0,0.0,1.1320754716981132,1.0
Kepler-1201,1,1,15.18725932,0.1183,0.1183,2.29,0.0,5.86,0.0,0.0,6177.0,1.24,1.15,0.03,1.181479408517753,0.0,0.0,2.558951965065502,1.0
Kepler-1202,1,1,28.6851324,0.179,0.179,2.94,0.0,8.96,0.0,0.0,5834.0,1.04,1.03,0.06,1.4576568587663665,0.0,0.0,3.047619047619048,1.0
Kepler-1203,1,1,0.588000765,0.0114,0.0114,1.06,0.0,1.2,0.0,0.0,4105.0,0.61,0.64,0.01,-0.23062210889824497,0.0,0.0,1.1320754716981132,1.0
Kepler-1204,1,1,85.7350285,0.3877,0.3877,3.05,0.0,9.53,0.0,0.0,5825.0,1.03,1.03,0.06,1.9331582965572232,0.0,0.0,3.124590163934426,1.0
Kepler-1205,1,1,1.078390352,0.0196,0.0196,1.41,0.0,2.57,0.0,0.0,5226.0,0.81,0.84,-0.04,0.0327759937202645,0.0,0.0,1.822695035460993,1.0
Kepler-1206,1,1,1.216997663,0.0201,0.0201,1.64,0.0,3.33,0.0,0.0,4877.0,0.75,0.8,0.07,0.08528974425539058,0.0,0.0,2.030487804878049,1.0
Kepler-1207,1,1,13.68237119,0.1156,0.1156,1.62,0.0,3.26,0.0,0.0,5909.0,1.06,1.06,0.05,1.1361613682535678,0.0,0.0,2.0123456790123453,1.0
Kepler-1208,1,1,11.08507637,0.0901,0.0901,2.32,0.0,5.99,0.0,0.0,5001.0,0.76,0.8,-0.03,1.0447386895078214,0.0,0.0,2.5818965517241383,1.0
Kepler-1209,1,1,25.369116,0.17515,0.17515,1.51,0.0,2.89,0.0,0.0,6210.0,1.38,1.23,0.12,1.4043053342689988,0.0,0.0,1.913907284768212,1.0
Kepler-121,1,2,22.0927165,0.039,0.216,2.3049999999999997,0.04949747468305806,5.925,0.2192031021678301,0.0,5311.0,0.701,0.859,-0.08,1.3442491196028048,0.177,11.299435028248588,2.5704989154013016,2.0
Kepler-1210,1,1,8.07124073,0.0753,0.0753,1.7,0.0,3.53,0.0,0.0,5568.0,0.92,0.94,0.04,0.9069403006172834,0.0,0.0,2.076470588235294,1.0
Kepler-1211,1,1,11.01816836,0.09763,0.09763,2.55,0.0,7.04,0.0,0.0,5705.0,0.94,0.96,-0.08,1.0421094042017918,0.0,0.0,2.7607843137254906,1.0
Kepler-1212,1,1,12.94130146,0.1082,0.1082,2.14,0.0,5.22,0.0,0.0,6051.0,1.15,1.1,0.03,1.1119779539582266,0.0,0.0,2.439252336448598,1.0
Kepler-1213,1,1,5.34982412,0.06026,0.06026,1.19,0.0,1.81,0.0,0.0,6050.0,1.21,1.14,0.13,0.7283395044569195,0.0,0.0,1.5210084033613447,1.0
Kepler-1214,1,1,18.82634264,0.128,0.128,2.36,0.0,6.17,0.0,0.0,5130.0,0.8,0.85,0.05,1.2747659585965176,0.0,0.0,2.614406779661017,1.0
Kepler-1215,1,1,4.76703963,0.0528,0.0528,1.22,0.0,1.98,0.0,0.0,5616.0,0.93,0.95,0.01,0.6782487623778028,0.0,0.0,1.6229508196721312,1.0
Kepler-1216,1,1,4.37034536,0.0519,0.0519,1.39,0.0,2.51,0.0,0.0,5743.0,0.98,0.99,0.03,0.6405157577978423,0.0,0.0,1.8057553956834531,1.0
Kepler-1217,1,1,2.032325072,0.0326,0.0326,1.99,0.0,4.62,0.0,0.0,5905.0,1.08,1.06,0.07,0.30799317491332595,0.0,0.0,2.321608040201005,1.0
Kepler-1218,1,1,22.9221266,0.15698,0.15698,1.44,0.0,2.67,0.0,0.0,5986.0,1.1,1.06,-0.02,1.3602549068294607,0.0,0.0,1.8541666666666667,1.0
Kepler-1219,1,1,16.10467749,0.14146,0.14146,2.12,0.0,5.14,0.0,0.0,5944.0,1.94,1.25,0.05,1.2069520321227514,0.0,0.0,2.424528301886792,1.0
Kepler-122,1,5,26.8161858,0.064,0.28575,2.952,1.6600813233091927,20.851999999999997,14.117872360947311,0.0,6050.0,1.216,0.982,-0.08,1.4283970060356237,0.22175,22.547914317925592,7.063685636856367,5.0
Kepler-1220,1,1,7.42693741,0.0734,0.0734,1.52,0.0,2.92,0.0,0.0,5842.0,0.99,1.0,-0.04,0.8708097639443896,0.0,0.0,1.9210526315789473,1.0
Kepler-1221,1,1,12.00096042,0.0906,0.0906,1.88,0.0,4.19,0.0,0.0,5194.0,0.82,0.87,0.09,1.0792160034155995,0.0,0.0,2.2287234042553195,1.0
Kepler-1222,1,1,1.916944254,0.02801,0.02801,0.79,0.0,0.418,0.0,0.0,5239.0,0.8,0.84,-0.04,0.2826094834924555,0.0,0.0,0.5291139240506328,1.0
Kepler-1223,1,1,16.301259,0.1186,0.1186,1.22,0.0,1.98,0.0,0.0,4870.0,0.75,0.8,0.04,1.2122211476946012,0.0,0.0,1.6229508196721312,1.0
Kepler-1224,1,1,13.32351601,0.11625,0.11625,1.33,0.0,2.33,0.0,0.0,6155.0,1.22,1.18,0.14,1.1246188481257133,0.0,0.0,1.7518796992481203,1.0
Kepler-1225,1,1,7.01075434,0.0771,0.0771,1.82,0.0,3.97,0.0,0.0,6140.0,1.19,1.13,0.01,0.8457647495036146,0.0,0.0,2.1813186813186816,1.0
Kepler-1226,1,1,17.2923453,0.13945,0.13945,1.45,0.0,2.7,0.0,0.0,5923.0,1.02,1.02,-0.08,1.2378538991023813,0.0,0.0,1.8620689655172415,1.0
Kepler-1227,1,1,94.2887577,0.38555,0.38555,2.29,0.0,5.86,0.0,0.0,5747.0,0.95,0.97,-0.04,1.974459913735025,0.0,0.0,2.558951965065502,1.0
Kepler-1228,1,1,0.577369579,0.01186,0.01186,1.54,0.0,2.99,0.0,0.0,5063.0,0.74,0.78,-0.18,-0.23854610237508095,0.0,0.0,1.9415584415584417,1.0
Kepler-1229,1,1,86.828989,0.3006,0.3006,1.4,0.0,2.54,0.0,0.0,3784.0,0.51,0.54,-0.06,1.938664744310974,0.0,0.0,1.8142857142857145,1.0
Kepler-123,1,2,21.963720000000002,0.135,0.181,2.21,1.0323759005323594,29.044999999999998,37.13017708010561,0.0,6089.0,1.264,1.079,-0.08,1.3417058985580985,0.045999999999999985,43.47826086956523,13.142533936651583,2.0
Kepler-1230,1,1,9.95661537,0.0921,0.0921,2.71,0.0,7.8,0.0,0.0,5961.0,1.08,1.06,0.01,0.9981117303970208,0.0,0.0,2.878228782287823,1.0
Kepler-1231,1,1,10.41725184,0.0914,0.0914,1.42,0.0,2.6,0.0,0.0,5778.0,1.0,1.01,0.06,1.0177531634799446,0.0,0.0,1.830985915492958,1.0
Kepler-1232,1,1,26.7839183,0.16545,0.16545,1.93,0.0,4.38,0.0,0.0,5471.0,0.89,0.92,0.06,1.4278741115702864,0.0,0.0,2.2694300518134716,1.0
Kepler-1233,1,1,45.1263042,0.263,0.263,2.6,0.0,7.27,0.0,0.0,6198.0,1.25,1.16,0.02,1.6544297666849792,0.0,0.0,2.796153846153846,1.0
Kepler-1234,1,1,11.94014029,0.096,0.096,2.81,0.0,8.3,0.0,0.0,4967.0,0.76,0.8,0.01,1.0770094295416697,0.0,0.0,2.9537366548042705,1.0
Kepler-1235,1,1,4.16055856,0.04836,0.04836,0.79,0.0,0.418,0.0,0.0,5541.0,0.9,0.93,0.01,0.619151639098326,0.0,0.0,0.5291139240506328,1.0
Kepler-1236,1,1,31.0571618,0.1803,0.1803,2.14,0.0,5.22,0.0,0.0,5337.0,0.82,0.86,-0.09,1.4921617646276046,0.0,0.0,2.439252336448598,1.0
Kepler-1237,1,1,84.5733226,0.3778,0.3778,2.86,0.0,8.55,0.0,0.0,5472.0,0.9,0.94,0.12,1.9272333928887717,0.0,0.0,2.98951048951049,1.0
Kepler-1238,1,1,4.14787559,0.0541,0.0541,1.93,0.0,4.38,0.0,0.0,6386.0,1.48,1.3,0.05,0.617825721828196,0.0,0.0,2.2694300518134716,1.0
Kepler-1239,1,1,5.19104016,0.0625,0.0625,2.9,0.0,8.75,0.0,0.0,6564.0,1.57,1.4,0.22,0.7152543887707635,0.0,0.0,3.0172413793103448,1.0
Kepler-124,1,3,16.06090633333333,0.039,0.17,1.1966666666666665,0.5154932912592882,1.8116666666666665,1.7327747497390804,0.0,4984.0,0.636,0.706,-0.46,1.2057700493149635,0.131,22.900763358778626,1.5139275766016713,3.0
Kepler-1240,1,1,4.8663815,0.05791,0.05791,1.15,0.0,1.6,0.0,0.0,5682.0,0.96,0.98,0.04,0.6872061524473075,0.0,0.0,1.3913043478260871,1.0
Kepler-1241,1,1,18.5525701,0.1336,0.1336,2.63,0.0,7.41,0.0,0.0,5261.0,0.8,0.84,-0.09,1.2684040812250146,0.0,0.0,2.817490494296578,1.0
Kepler-1242,1,1,13.62798432,0.1039,0.1039,2.26,0.0,5.73,0.0,0.0,4895.0,0.74,0.77,-0.05,1.1344316252083293,0.0,0.0,2.535398230088496,1.0
Kepler-1243,1,1,16.8320729,0.1256,0.1256,1.75,0.0,3.71,0.0,0.0,5667.0,0.94,0.96,0.01,1.2261376034146605,0.0,0.0,2.12,1.0
Kepler-1244,1,1,3.70428172,0.0502,0.0502,1.35,0.0,2.39,0.0,0.0,6680.0,1.77,1.46,0.05,0.5687040084604452,0.0,0.0,1.7703703703703704,1.0
Kepler-1245,1,2,3.6453388605,0.0372,0.0484,1.44,0.0,2.67,0.0,0.0,5306.0,0.83,0.86,-0.01,0.5617379053302728,0.011200000000000002,178.57142857142856,1.8541666666666667,2.0
Kepler-1246,1,1,11.32271513,0.0848,0.0848,1.36,0.0,2.42,0.0,0.0,4611.0,0.69,0.73,-0.03,1.053950580967652,0.0,0.0,1.7794117647058822,1.0
Kepler-1247,1,1,13.71220213,0.1091,0.1091,2.33,0.0,6.04,0.0,0.0,5303.0,0.82,0.86,-0.05,1.13710720651149,0.0,0.0,2.592274678111588,1.0
Kepler-1248,1,1,7.46725407,0.0806,0.0806,1.18,0.0,1.76,0.0,0.0,6149.0,1.21,1.21,0.24,0.8731609282563179,0.0,0.0,1.4915254237288136,1.0
Kepler-1249,1,1,24.3347127,0.167,0.167,2.38,0.0,6.26,0.0,0.0,6202.0,1.28,1.19,0.06,1.386226223250937,0.0,0.0,2.630252100840336,1.0
Kepler-125,1,2,4.9694265,0.041,0.051,1.5550000000000002,1.1525840533340725,3.27,4.1577878733769,0.0,3810.0,0.512,0.542101,-0.14,0.6963062715790581,0.009999999999999995,200.0000000000001,2.102893890675241,2.0
Kepler-1250,1,1,2.607543834,0.0393,0.0393,1.92,0.0,4.35,0.0,0.0,5717.0,0.98,0.99,0.04,0.416231617848064,0.0,0.0,2.265625,1.0
Kepler-1251,1,1,45.0904643,0.2478,0.2478,1.84,0.0,4.04,0.0,0.0,5545.0,0.89,0.92,-0.04,1.6540847072934808,0.0,0.0,2.1956521739130435,1.0
Kepler-1252,1,1,15.0540329,0.1078,0.1078,1.67,0.0,3.43,0.0,0.0,5949.0,1.09,1.06,0.03,1.1776528608328922,0.0,0.0,2.0538922155688626,1.0
Kepler-1253,1,1,68.8861915,0.31444,0.31444,1.33,0.0,2.33,0.0,0.0,5850.0,1.1,0.97,-0.14,1.838132174645369,0.0,0.0,1.7518796992481203,1.0
Kepler-1254,1,3,6.43971605,0.0422,0.0833,1.3866666666666667,0.14153915830374764,2.5100000000000002,0.44192759587968683,0.0,4985.0,0.75,0.78,-0.1,0.8088667181925979,0.0411,72.99270072992701,1.810096153846154,3.0
Kepler-1255,1,1,36.2919336,0.2226,0.2226,2.32,0.0,5.99,0.0,0.0,6018.0,1.12,1.08,0.02,1.5598101076174542,0.0,0.0,2.5818965517241383,1.0
Kepler-1256,1,1,12.4127754,0.10733,0.10733,1.49,0.0,2.83,0.0,0.0,6129.0,1.36,1.17,0.05,1.0938688972233557,0.0,0.0,1.8993288590604027,1.0
Kepler-1257,1,1,2.668313762,0.0376,0.0376,1.52,0.0,2.92,0.0,0.0,5502.0,0.87,0.9,-0.09,0.42623689611907584,0.0,0.0,1.9210526315789473,1.0
Kepler-1258,1,1,0.984940167,0.01824,0.01824,0.86,0.0,0.566,0.0,0.0,5839.0,0.99,0.99,-0.07,-0.006590151158216211,0.0,0.0,0.6581395348837209,1.0
Kepler-1259,1,1,0.663085258,0.0141,0.0141,1.43,0.0,2.63,0.0,0.0,5053.0,0.77,0.8,-0.07,-0.17843062740456758,0.0,0.0,1.8391608391608392,1.0
Kepler-126,1,3,44.21619533333334,0.099,0.448,1.8666666666666665,0.5493025881363871,19.99562325333333,29.993353028763334,0.09333333333333334,6239.0,1.358,1.108,-0.16,1.6455813701552597,0.349,8.595988538681949,10.71194102857143,3.0
Kepler-1260,1,1,19.1187753,0.1444,0.1444,1.77,0.0,3.78,0.0,0.0,5961.0,1.08,1.06,0.01,1.2814600690338533,0.0,0.0,2.135593220338983,1.0
Kepler-1261,1,1,48.4308991,0.239,0.239,2.26,0.0,5.73,0.0,0.0,5006.0,0.77,0.82,0.03,1.6851225316223015,0.0,0.0,2.535398230088496,1.0
Kepler-1262,1,1,8.67900242,0.083,0.083,1.82,0.0,3.97,0.0,0.0,5771.0,0.98,0.99,-0.02,0.9384698094636817,0.0,0.0,2.1813186813186816,1.0
Kepler-1263,1,1,4.55139967,0.0499,0.0499,1.14,0.0,1.55,0.0,0.0,5213.0,0.8,0.84,-0.03,0.6581449736857713,0.0,0.0,1.3596491228070178,1.0
Kepler-1264,1,1,0.968526023,0.01839,0.01839,1.18,0.0,1.76,0.0,0.0,5791.0,0.98,0.99,-0.02,-0.013888705875721021,0.0,0.0,1.4915254237288136,1.0
Kepler-1265,1,1,6.49441289,0.0612,0.0612,1.35,0.0,2.39,0.0,0.0,4630.0,0.69,0.71,-0.1,0.8125398959543503,0.0,0.0,1.7703703703703704,1.0
Kepler-1266,1,2,16.67052906,0.0506,0.16431,2.13011981,0.6362266661409849,5.32,2.630437226013957,0.0,5044.0,0.76,0.8,-0.07,1.2219493829229406,0.11371,17.58860258552458,2.4975121000353497,2.0
Kepler-1267,1,1,13.0313945,0.1057,0.1057,3.01,0.0,9.32,0.0,0.0,6096.0,1.2,1.15,0.07,1.1149908924009746,0.0,0.0,3.0963455149501664,1.0
Kepler-1268,1,1,40.9903986,0.2383,0.2383,2.03,0.0,4.78,0.0,0.0,5904.0,1.09,1.06,0.05,1.6126821415157895,0.0,0.0,2.3546798029556655,1.0
Kepler-1269,1,1,37.3331536,0.23611,0.23611,1.63,0.0,3.29,0.0,0.0,5998.0,1.15,1.1,0.07,1.5720946771277662,0.0,0.0,2.0184049079754605,1.0
Kepler-127,1,3,30.819830666666665,0.125,0.28,2.2333333333333334,0.7217571151941167,5.853333333333333,2.8698664312705096,0.17666666666666667,6106.0,1.359,1.248,0.2142,1.4888302482456615,0.15500000000000003,19.354838709677416,2.6208955223880595,3.0
Kepler-1270,1,1,6.03356196,0.07045,0.07045,3.32,0.0,11.0,0.0,0.0,5047.0,3.38,1.28,-0.02,0.7805737769592229,0.0,0.0,3.313253012048193,1.0
Kepler-1271,1,1,3.0255955,0.04233,0.04233,1.48,0.0,2.79,0.0,0.0,6143.0,1.23,1.13,-0.01,0.4808108655706955,0.0,0.0,1.885135135135135,1.0
Kepler-1272,1,1,51.1309704,0.2705,0.2705,2.37,0.0,6.21,0.0,0.0,5926.0,1.09,1.06,0.06,1.7086840351549748,0.0,0.0,2.620253164556962,1.0
Kepler-1273,1,1,28.625653,0.1857,0.1857,2.49,0.0,6.76,0.0,0.0,5566.0,0.91,0.94,0.03,1.4567554024592815,0.0,0.0,2.7148594377510036,1.0
Kepler-1274,1,1,6.98152703,0.08161,0.08161,1.42,0.0,2.6,0.0,0.0,6179.0,2.17,1.45,0.11,0.8439504237937236,0.0,0.0,1.830985915492958,1.0
Kepler-1275,1,1,3.65691115,0.0488,0.0488,1.48,0.0,2.79,0.0,0.0,6296.0,1.36,1.23,0.04,0.5631144086471835,0.0,0.0,1.885135135135135,1.0
Kepler-1276,1,1,12.5720095,0.10863,0.10863,1.19,0.0,1.81,0.0,0.0,6188.0,1.21,1.14,-0.02,1.0994047005189451,0.0,0.0,1.5210084033613447,1.0
Kepler-1277,1,1,40.8365012,0.21857,0.21857,1.6,0.0,3.19,0.0,0.0,5578.0,0.92,0.94,-0.01,1.6110485254171771,0.0,0.0,1.99375,1.0
Kepler-1278,1,1,3.23941344,0.04417,0.04417,1.01,0.0,1.01,0.0,0.0,6074.0,1.16,1.11,0.02,0.5104663797026753,0.0,0.0,1.0,1.0
Kepler-1279,1,1,23.4774101,0.1785,0.1785,1.75,0.0,3.71,0.0,0.0,6221.0,1.33,1.21,0.06,1.3706501862162854,0.0,0.0,2.12,1.0
Kepler-128,1,2,18.9,0.12545,0.16517,1.471,0.07071067811865459,3.585,0.28991378028648457,0.0185,6072.0,1.659,1.184,-0.03,1.276461804173244,0.039720000000000005,50.35246727089627,2.4371176070700202,2.0
Kepler-1280,1,1,66.5579057,0.33982,0.33982,1.87,0.0,4.16,0.0,0.0,6227.0,1.32,1.2,0.04,1.8231996480596648,0.0,0.0,2.2245989304812834,1.0
Kepler-1281,1,1,3.11602791,0.0415,0.0415,1.64,0.0,3.33,0.0,0.0,5353.0,0.83,0.87,-0.04,0.4936013389571076,0.0,0.0,2.030487804878049,1.0
Kepler-1282,1,1,2.131946513,0.0335,0.0335,1.55,0.0,3.02,0.0,0.0,5504.0,0.89,0.92,0.01,0.3287763047633803,0.0,0.0,1.9483870967741934,1.0
Kepler-1283,1,1,12.9460978,0.1062,0.1062,1.91,0.0,4.31,0.0,0.0,6175.0,1.25,1.16,0.04,1.112138883528497,0.0,0.0,2.256544502617801,1.0
Kepler-1284,1,1,0.664073806,0.0143,0.0143,1.21,0.0,1.92,0.0,0.0,5123.0,0.79,0.84,0.03,-0.17778364991326262,0.0,0.0,1.5867768595041323,1.0
Kepler-1285,1,1,14.7967458,0.12758,0.12758,0.97,0.0,0.871,0.0,0.0,6170.0,1.28,1.2,0.16,1.1701662129286894,0.0,0.0,0.8979381443298969,1.0
Kepler-1286,1,1,11.25402929,0.0991,0.0991,2.15,0.0,5.27,0.0,0.0,5753.0,0.98,1.0,0.03,1.0513080411244269,0.0,0.0,2.4511627906976745,1.0
Kepler-1287,1,1,11.47685909,0.0976,0.0976,1.54,0.0,2.99,0.0,0.0,5715.0,0.94,0.96,-0.05,1.059823049514894,0.0,0.0,1.9415584415584417,1.0
Kepler-1288,1,1,2.76122421,0.04135,0.04135,1.12,0.0,1.46,0.0,0.0,6132.0,1.29,1.2,0.14,0.44110167256188354,0.0,0.0,1.3035714285714284,1.0
Kepler-1289,1,1,7.99019627,0.0785,0.0785,1.52,0.0,2.92,0.0,0.0,6080.0,1.17,1.1,0.02,0.902557447390469,0.0,0.0,1.9210526315789473,1.0
Kepler-129,1,3,914.6633333333333,0.13,4.0,5.84,5.854639186149733,900.3252593666666,1504.8934327521888,0.12,5770.0,1.653,1.178,0.29,2.9612612696063296,3.87,0.7751937984496123,154.16528413812784,3.0
Kepler-1290,1,1,4.69500134,0.0557,0.0557,1.42,0.0,2.6,0.0,0.0,5660.0,0.93,0.95,-0.02,0.6716357205541048,0.0,0.0,1.830985915492958,1.0
Kepler-1291,1,1,8.63043276,0.0779,0.0779,1.66,0.0,3.39,0.0,0.0,5216.0,0.8,0.84,-0.04,0.9360325733012806,0.0,0.0,2.0421686746987953,1.0
Kepler-1292,1,1,3.27646405,0.0443,0.0443,1.82,0.0,3.97,0.0,0.0,5556.0,0.93,0.95,0.08,0.5154054071548836,0.0,0.0,2.1813186813186816,1.0
Kepler-1293,1,1,5.57654784,0.06763,0.06763,0.97,0.0,0.871,0.0,0.0,6241.0,1.28,1.18,0.0,0.7463654322710439,0.0,0.0,0.8979381443298969,1.0
Kepler-1294,1,1,115.6862258,0.4684,0.4684,3.19,0.0,10.3,0.0,0.0,5776.0,0.97,0.99,-0.03,2.06328165268411,0.0,0.0,3.2288401253918497,1.0
Kepler-1295,1,1,3.81371974,0.0464,0.0464,1.55,0.0,3.02,0.0,0.0,5486.0,0.89,0.92,0.04,0.5813487747499301,0.0,0.0,1.9483870967741934,1.0
Kepler-1296,1,1,8.3839865,0.0896,0.0896,0.91,0.0,0.693,0.0,0.0,5359.0,0.83,0.87,-0.04,0.9234505703338038,0.0,0.0,0.7615384615384615,1.0
Kepler-1297,1,1,1.68189002,0.0283,0.0283,0.97,0.0,0.871,0.0,0.0,5818.0,0.99,0.99,-0.04,0.2257975935613361,0.0,0.0,0.8979381443298969,1.0
Kepler-1298,1,1,7.12811928,0.0814,0.0814,1.31,0.0,2.27,0.0,0.0,6339.0,2.0,1.45,0.13,0.8529749584547967,0.0,0.0,1.732824427480916,1.0
Kepler-1299,1,1,19.9400874,0.1357,0.1357,2.98,0.0,9.17,0.0,0.0,5609.0,0.91,0.94,-0.01,1.2997270575490838,0.0,0.0,3.077181208053691,1.0
Kepler-130,2,3,41.161347666666664,0.079,0.377,1.8533333333333333,0.9579839942991393,4.373333333333333,3.9594738707729005,0.3166666666666667,5884.0,1.127,0.927,-0.199,1.61448958559028,0.298,10.067114093959733,2.3597122302158273,1.5
Kepler-1300,1,1,22.2419092,0.16005,0.16005,1.37,0.0,2.45,0.0,0.0,6130.0,1.79,1.29,0.05,1.3471720634602602,0.0,0.0,1.7883211678832116,1.0
Kepler-1301,1,1,9.08237046,0.0815,0.0815,1.4,0.0,2.54,0.0,0.0,5188.0,0.81,0.85,0.01,0.958199212325186,0.0,0.0,1.8142857142857145,1.0
Kepler-1302,1,1,8.83922659,0.0795,0.0795,1.43,0.0,2.63,0.0,0.0,5236.0,0.82,0.86,0.04,0.9464142670052131,0.0,0.0,1.8391608391608392,1.0
Kepler-1303,1,1,7.56127224,0.0751,0.0751,1.42,0.0,2.6,0.0,0.0,5771.0,1.0,1.01,0.04,0.8785948749093663,0.0,0.0,1.830985915492958,1.0
Kepler-1304,1,1,16.1288853,0.1202,0.1202,2.29,0.0,5.86,0.0,0.0,5259.0,0.81,0.85,-0.05,1.2076043534529766,0.0,0.0,2.558951965065502,1.0
Kepler-1305,1,1,13.5630972,0.1109,0.1109,1.88,0.0,4.19,0.0,0.0,5701.0,0.96,0.97,0.01,1.1323588741385604,0.0,0.0,2.2287234042553195,1.0
Kepler-1306,1,1,16.29595382,0.123,0.123,1.91,0.0,4.31,0.0,0.0,5727.0,0.97,0.98,0.0,1.212079785276129,0.0,0.0,2.256544502617801,1.0
Kepler-1307,1,1,18.01621096,0.1369,0.1369,2.47,0.0,6.66,0.0,0.0,5884.0,1.08,1.06,0.06,1.2556634585524409,0.0,0.0,2.6963562753036436,1.0
Kepler-1308,1,1,2.104338119,0.025,0.025,0.52,0.0,0.0933,0.0,0.0,3468.0,0.34,0.35,-0.13,0.3231155222773867,0.0,0.0,0.1794230769230769,1.0
Kepler-1309,1,1,28.8432647,0.1679,0.1679,2.37,0.0,6.21,0.0,0.0,5235.0,0.8,0.85,-0.03,1.4600444155810606,0.0,0.0,2.620253164556962,1.0
Kepler-131,1,2,20.80445,0.12789,0.17391,1.625,1.1101576464628797,12.19,5.572001435749994,0.0,5685.0,1.03,1.02,0.12,1.3181562389887413,0.046020000000000005,43.459365493263796,7.501538461538461,2.0
Kepler-1310,1,1,0.679336272,0.01452,0.01452,1.44,0.0,2.67,0.0,0.0,5549.0,0.88,0.91,-0.07,-0.16791519637807167,0.0,0.0,1.8541666666666667,1.0
Kepler-1311,1,3,70.40647841333333,0.03753,0.68434,4.039458683333333,4.8661354564039,23.849999999999998,37.8020356594721,0.0,5748.0,1.4,1.05,0.09,1.847612622348292,0.64681,4.638147214792598,5.904256453569949,3.0
Kepler-1312,1,2,3.2822226335,0.02103,0.06053,1.56366367,0.7584941118794118,3.065,2.821356056934324,0.0,5719.0,0.92,0.99,-0.02,0.5161680359557298,0.0395,50.63291139240506,1.9601401879471947,2.0
Kepler-1313,1,1,3.833091178,0.04619,0.04619,1.76,0.0,3.75,0.0,0.0,5453.0,0.85,0.92,0.0,0.5835491499695377,0.0,0.0,2.1306818181818183,1.0
Kepler-1314,1,1,5.424749281,0.0504,0.0504,5.11,0.0,22.9,0.0,0.0,4188.0,0.59,0.6,-0.22,0.7343796709271307,0.0,0.0,4.481409001956947,1.0
Kepler-1315,1,2,3.704720088,0.01617,0.0635,1.6119944149999998,0.3280896480878124,3.2699999999999996,1.117228714274745,0.0,4861.0,0.75,0.8,0.07,0.5687554002156637,0.04733,42.25649693640398,2.0285430083205345,2.0
Kepler-1316,1,1,87.9732136,0.39765,0.39765,3.54,0.0,12.3,0.0,0.0,5884.0,1.12,1.04,0.03,1.9443504567344025,0.0,0.0,3.4745762711864407,1.0
Kepler-1317,1,1,0.568874427,0.0128,0.0128,1.56,0.0,3.05,0.0,0.0,5144.0,0.79,0.83,-0.01,-0.24498358892938885,0.0,0.0,1.9551282051282048,1.0
Kepler-1318,1,1,213.257663,0.6085,0.6085,3.11,0.0,9.85,0.0,0.0,4598.0,0.7,0.73,-0.01,2.3289046456488056,0.0,0.0,3.167202572347267,1.0
Kepler-1319,2,1,2.886762645,0.0296,0.0296,1.34,0.0,2.36,0.0,0.33,3655.0,0.54,0.56,0.44,0.46041107684766486,0.0,0.0,1.761194029850746,0.5
Kepler-132,2,4,35.2225616,0.067,0.43927,1.305,0.16862186493255651,2.22,0.5607138307550475,0.0,6003.0,1.178,0.929,-0.2159,1.5468209373294515,0.37227,10.744889461949661,1.7011494252873565,2.0
Kepler-1320,1,1,0.868386528,0.0163,0.0163,1.7,0.0,3.53,0.0,0.0,4817.0,0.74,0.8,0.1,-0.061286922735632555,0.0,0.0,2.076470588235294,1.0
Kepler-1321,1,3,6.358572004,0.0267,0.0781,3.3161459399999997,1.393666690330027,11.753333333333332,8.457483865390069,0.0,4094.0,0.53,0.54,-0.45,0.8033595935704022,0.0514,58.36575875486381,3.5442750548346895,3.0
Kepler-1322,1,2,3.7114236965,0.0183,0.0652,1.882462635,0.3853203536569104,4.255,1.4637110370561535,0.0,5488.0,0.87,0.9,-0.07,0.5695405362804205,0.0469,42.64392324093817,2.2603370292128004,2.0
Kepler-1323,1,1,0.929906678,0.01911,0.01911,1.52,0.0,2.92,0.0,0.0,6169.0,1.4,1.18,0.02,-0.03156063344956384,0.0,0.0,1.9210526315789473,1.0
Kepler-1324,1,1,4.115844679,0.0466,0.0466,1.51,0.0,2.89,0.0,0.0,4776.0,0.73,0.78,0.05,0.6144589772842742,0.0,0.0,1.913907284768212,1.0
Kepler-1325,1,1,33.8786838,0.2004,0.2004,2.86,0.0,8.55,0.0,0.0,5550.0,0.91,0.93,0.01,1.5299265294774198,0.0,0.0,2.98951048951049,1.0
Kepler-1326,1,1,42.3514267,0.2743,0.2743,4.18,0.0,16.3,0.0,0.0,6725.0,1.74,1.45,0.02,1.6268680450681612,0.0,0.0,3.8995215311004787,1.0
Kepler-1327,1,1,14.88801098,0.11151,0.11151,1.8,0.0,3.89,0.0,0.0,5885.0,1.03,1.02,-0.03,1.17283668041769,0.0,0.0,2.161111111111111,1.0
Kepler-1328,1,1,4.52158888,0.052,0.052,0.98,0.0,0.904,0.0,0.0,5780.0,0.99,1.0,0.0,0.655291072103935,0.0,0.0,0.9224489795918368,1.0
Kepler-1329,1,1,9.33646594,0.0747,0.0747,2.17,0.0,5.35,0.0,0.0,4500.0,0.69,0.72,0.02,0.970182517214853,0.0,0.0,2.4654377880184333,1.0
Kepler-133,1,2,19.823781,0.083,0.204,2.3,0.7636753236814713,6.1,3.323401871576773,0.0,5736.0,1.425,1.02,0.282,1.2971864912607567,0.12099999999999998,16.528925619834713,2.6521739130434785,2.0
Kepler-1330,1,1,10.10769068,0.0889,0.0889,1.65,0.0,3.36,0.0,0.0,5608.0,0.94,0.97,0.08,1.0046519429803042,0.0,0.0,2.0363636363636366,1.0
Kepler-1331,1,1,0.789161653,0.0142,0.0142,1.05,0.0,1.16,0.0,0.0,4508.0,0.69,0.72,0.05,-0.10283402617594695,0.0,0.0,1.1047619047619046,1.0
Kepler-1332,1,1,11.87456832,0.09915,0.09915,1.37,0.0,2.45,0.0,0.0,5581.0,0.9,0.95,0.0,1.074617830536938,0.0,0.0,1.7883211678832116,1.0
Kepler-1333,1,1,109.6471842,0.4382,0.4382,2.81,0.0,8.3,0.0,0.0,5628.0,0.92,0.94,-0.04,2.0399974832355734,0.0,0.0,2.9537366548042705,1.0
Kepler-1334,1,1,15.64591713,0.1229,0.1229,2.29,0.0,5.86,0.0,0.0,5614.0,0.91,0.94,-0.03,1.194401025636516,0.0,0.0,2.558951965065502,1.0
Kepler-1335,1,1,6.26406846,0.0615,0.0615,1.45,0.0,2.7,0.0,0.0,4903.0,0.74,0.77,-0.07,0.7968564954799254,0.0,0.0,1.8620689655172415,1.0
Kepler-1336,1,2,14.487946555,0.06272,0.15845,1.845,0.19091883092036785,4.075,0.7141778489984133,0.0,5512.0,1.3,0.94,0.05,1.161006835227634,0.09573000000000001,20.892092343048155,2.2086720867208673,2.0
Kepler-1337,1,1,24.4002549,0.1441,0.1441,2.41,0.0,6.39,0.0,0.0,4523.0,0.67,0.7,-0.09,1.3873943632684511,0.0,0.0,2.6514522821576763,1.0
Kepler-1338,1,1,0.935118057,0.01937,0.01937,0.92,0.0,0.721,0.0,0.0,5909.0,1.05,1.04,0.0,-0.02913355675631055,0.0,0.0,0.783695652173913,1.0
Kepler-1339,1,1,1.341555127,0.02356,0.02356,0.71,0.0,0.285,0.0,0.0,5586.0,0.93,0.94,0.01,0.12760852334414843,0.0,0.0,0.4014084507042253,1.0
Kepler-134,1,2,7.711606999999999,0.06,0.092,1.63,0.5232590180780451,3.395,1.7889801564019654,0.0,5983.0,1.176,0.956,-0.2067,0.8871448888822788,0.032,62.5,2.0828220858895707,2.0
Kepler-1340,1,1,0.665026916,0.01523,0.01523,1.55,0.0,3.02,0.0,0.0,6331.0,1.42,1.27,0.07,-0.17716077690183596,0.0,0.0,1.9483870967741934,1.0
Kepler-1341,2,1,132.9968322,0.47267,0.47267,2.99,0.0,9.22,0.0,0.0,4662.0,0.72,0.79,0.19,2.123841296798334,0.0,0.0,3.0836120401337794,0.5
Kepler-1342,1,1,2.215710358,0.0313,0.0313,1.66,0.0,3.39,0.0,0.0,5527.0,0.9,0.93,0.03,0.3455129879409942,0.0,0.0,2.0421686746987953,1.0
Kepler-1343,1,1,3.35183158,0.0449,0.0449,1.93,0.0,4.38,0.0,0.0,5759.0,0.93,0.95,-0.16,0.525282188444442,0.0,0.0,2.2694300518134716,1.0
Kepler-1344,1,1,4.7683049,0.05501,0.05501,1.84,0.0,4.04,0.0,0.0,5981.0,1.13,1.09,0.06,0.6783640177376095,0.0,0.0,2.1956521739130435,1.0
Kepler-1345,1,1,44.6169557,0.26412,0.26412,2.36,0.0,6.17,0.0,0.0,6449.0,1.55,1.32,0.04,1.6494999342177492,0.0,0.0,2.614406779661017,1.0
Kepler-1346,1,1,3.40165668,0.044,0.044,1.58,0.0,3.12,0.0,0.0,6133.0,1.21,1.14,0.04,0.5316904793219636,0.0,0.0,1.9746835443037976,1.0
Kepler-1347,1,1,14.00947528,0.104,0.104,1.03,0.0,1.08,0.0,0.0,5193.0,0.79,0.82,-0.11,1.1464218692423678,0.0,0.0,1.0485436893203883,1.0
Kepler-1348,1,1,27.5722742,0.1834,0.1834,1.94,0.0,4.42,0.0,0.0,5911.0,1.04,1.04,-0.01,1.4404725888035363,0.0,0.0,2.2783505154639174,1.0
Kepler-1349,1,1,2.12823928,0.03421,0.03421,0.7,0.0,0.271,0.0,0.0,6086.0,1.28,1.16,0.03,0.3280204545166248,0.0,0.0,0.3871428571428572,1.0
Kepler-135,1,2,8.725619,0.067,0.103,1.4849999999999999,0.45961940777125593,2.79,1.6122034611053286,0.0,6090.0,1.275,1.047,-0.105,0.940796245802984,0.03599999999999999,55.55555555555557,1.878787878787879,2.0
Kepler-1350,1,2,3.131824731,0.0222,0.0413,2.125,0.5586143571373726,5.2700000000000005,2.305168106668145,0.0,3827.0,0.53,0.55,-0.06,0.49579744927050107,0.019100000000000002,104.71204188481674,2.4800000000000004,2.0
Kepler-1351,1,1,0.916140768,0.0156,0.0156,0.65,0.0,0.208,0.0,0.0,4439.0,0.67,0.7,-0.03,-0.038037790449387085,0.0,0.0,0.31999999999999995,1.0
Kepler-1352,1,1,1.877882748,0.02883,0.02883,0.89,0.0,0.64,0.0,0.0,6118.0,1.16,1.11,0.0,0.27366847212269063,0.0,0.0,0.7191011235955056,1.0
Kepler-1353,1,1,24.7543966,0.153,0.153,1.8,0.0,3.89,0.0,0.0,4776.0,0.72,0.76,-0.06,1.3936523446653137,0.0,0.0,2.161111111111111,1.0
Kepler-1354,1,1,76.613377,0.3521,0.3521,2.97,0.0,9.11,0.0,0.0,6168.0,1.24,1.16,0.03,1.8843046057953847,0.0,0.0,3.067340067340067,1.0
Kepler-1355,1,1,1.289588112,0.0224,0.0224,1.46,0.0,2.73,0.0,0.0,5352.0,0.83,0.88,-0.04,0.11045102095869086,0.0,0.0,1.86986301369863,1.0
Kepler-1356,1,1,0.634002937,0.0136,0.0136,1.53,0.0,2.96,0.0,0.0,5106.0,0.78,0.82,-0.02,-0.1979087302571649,0.0,0.0,1.934640522875817,1.0
Kepler-1357,1,1,3.0091324,0.041,0.041,1.28,0.0,2.18,0.0,0.0,5597.0,0.9,0.93,-0.06,0.4784412968542015,0.0,0.0,1.703125,1.0
Kepler-1358,1,1,7.06317341,0.0656,0.0656,1.12,0.0,1.46,0.0,0.0,5181.0,0.79,0.82,-0.08,0.8489998688706787,0.0,0.0,1.3035714285714284,1.0
Kepler-1359,1,1,59.4970952,0.26657,0.26657,2.83,0.0,8.4,0.0,0.0,4709.0,0.72,0.78,0.11,1.7744957628813849,0.0,0.0,2.9681978798586575,1.0
Kepler-136,2,2,13.9890675,0.106,0.133,2.02,0.04242640687119281,12.21,10.733880938411792,0.0,6165.0,1.355,1.204,0.0002,1.1457887657354386,0.02700000000000001,74.07407407407405,6.044554455445545,1.0
Kepler-1360,1,1,40.5286413,0.2866,0.2866,3.4,0.0,11.5,0.0,0.0,6778.0,1.83,1.51,0.06,1.6077620445064738,0.0,0.0,3.3823529411764706,1.0
Kepler-1361,1,1,3.57554956,0.04304,0.04304,0.86,0.0,0.566,0.0,0.0,5131.0,0.79,0.83,0.0,0.5533428020903145,0.0,0.0,0.6581395348837209,1.0
Kepler-1362,1,1,136.205626,0.4626,0.4626,2.6,0.0,7.27,0.0,0.0,4857.0,0.74,0.8,0.06,2.134195046565703,0.0,0.0,2.796153846153846,1.0
Kepler-1363,1,1,2.94194094,0.0363,0.0363,1.25,0.0,2.1,0.0,0.0,4839.0,0.72,0.76,-0.09,0.4686339499382285,0.0,0.0,1.6800000000000002,1.0
Kepler-1364,1,1,13.32196237,0.1284,0.1284,2.15,0.0,5.27,0.0,0.0,6805.0,1.79,1.49,0.04,1.1245682025887853,0.0,0.0,2.4511627906976745,1.0
Kepler-1365,1,2,6.237307449999999,0.05701,0.07839,0.8600000000000001,0.08485281374238574,0.579,0.20081832585697945,0.0,5770.0,1.05,1.0,0.03,0.794997151867,0.021380000000000003,93.54536950420953,0.6732558139534882,2.0
Kepler-1366,1,1,2.164570968,0.0273,0.0273,1.43,0.0,2.63,0.0,0.0,4070.0,0.6,0.62,-0.02,0.33537182923697156,0.0,0.0,1.8391608391608392,1.0
Kepler-1367,1,1,1.574090272,0.0236,0.0236,0.92,0.0,0.721,0.0,0.0,4106.0,0.6,0.62,-0.06,0.19702963495270392,0.0,0.0,0.783695652173913,1.0
Kepler-1368,1,1,0.675649486,0.0153,0.0153,1.65,0.0,3.36,0.0,0.0,5906.0,1.08,1.07,0.1,-0.17027854928801703,0.0,0.0,2.0363636363636366,1.0
Kepler-1369,1,1,25.873148,0.1741,0.1741,2.69,0.0,7.7,0.0,0.0,5761.0,0.99,0.99,0.0,1.4128492727773925,0.0,0.0,2.862453531598513,1.0
Kepler-137,1,2,13.58607,0.077,0.13,1.6749999999999998,0.2899137802864845,3.475,1.0111626970967635,0.0,5187.0,0.802,0.85,0.05,1.1330938478916444,0.053000000000000005,37.73584905660377,2.0746268656716422,2.0
Kepler-1370,1,2,13.852794764999999,0.08084,0.15763,1.5550000000000002,0.4030508652763322,3.0949999999999998,1.3364318164425748,0.0,6202.0,1.29,1.19,0.05,1.1415374000123042,0.07679,26.04505795025394,1.9903536977491958,2.0
Kepler-1371,1,2,2.725808295,0.02937,0.04214,0.685,0.0636396103067893,0.2555,0.08414570696119915,0.0,5361.0,0.83,0.87,-0.07,0.4354953088166005,0.012769999999999997,156.61707126076746,0.37299270072992696,2.0
Kepler-1372,1,1,1.311555568,0.024,0.024,1.27,0.0,2.15,0.0,0.0,5677.0,0.97,0.98,0.05,0.11778669550931722,0.0,0.0,1.6929133858267715,1.0
Kepler-1373,1,1,1.29123275,0.02598,0.02598,1.16,0.0,1.65,0.0,0.0,6299.0,1.33,1.22,0.03,0.11100453268461498,0.0,0.0,1.4224137931034484,1.0
Kepler-1374,1,1,10.65276707,0.0918,0.0918,2.29,0.0,5.86,0.0,0.0,5323.0,0.81,0.85,-0.13,1.0274624309807607,0.0,0.0,2.558951965065502,1.0
Kepler-1375,1,1,3.3004192,0.0471,0.0471,1.74,0.0,3.68,0.0,0.0,6704.0,1.78,1.47,0.09,0.5185691049337853,0.0,0.0,2.1149425287356323,1.0
Kepler-1376,1,1,5.30880656,0.0598,0.0598,1.05,0.0,1.16,0.0,0.0,5659.0,0.97,0.98,0.07,0.7249969009947416,0.0,0.0,1.1047619047619046,1.0
Kepler-1377,1,1,0.740928422,0.0153,0.0153,1.25,0.0,2.1,0.0,0.0,5218.0,0.82,0.86,0.05,-0.1302237453700892,0.0,0.0,1.6800000000000002,1.0
Kepler-1378,1,1,11.95398936,0.0885,0.0885,2.2,0.0,5.48,0.0,0.0,4407.0,0.67,0.7,0.03,1.0775128649412513,0.0,0.0,2.4909090909090907,1.0
Kepler-1379,1,1,0.881841146,0.0171,0.0171,1.3,0.0,2.24,0.0,0.0,5188.0,0.79,0.83,-0.04,-0.054609641205026135,0.0,0.0,1.7230769230769232,1.0
Kepler-138,1,4,21.3543,0.0753,0.1803,1.11425,0.4614458256393702,1.2249999999999999,1.1383174718270237,0.03975,3841.0,0.535,0.535,-0.18,1.329485339700095,0.10499999999999998,38.0952380952381,1.0993942113529278,4.0
Kepler-1380,1,1,10.3108245,0.0917,0.0917,1.43,0.0,2.63,0.0,0.0,5570.0,0.94,0.96,0.1,1.0132933948163265,0.0,0.0,1.8391608391608392,1.0
Kepler-1381,1,1,25.3842686,0.1728,0.1728,2.25,0.0,5.69,0.0,0.0,5747.0,0.94,0.96,-0.1,1.404564654541484,0.0,0.0,2.528888888888889,1.0
Kepler-1382,1,1,16.3583055,0.14023,0.14023,1.88,0.0,4.19,0.0,0.0,6161.0,1.72,1.36,0.3,1.213738314609537,0.0,0.0,2.2287234042553195,1.0
Kepler-1383,1,1,13.9093583,0.11397,0.11397,1.41,0.0,2.57,0.0,0.0,6370.0,1.44,1.26,0.03,1.1433070945357227,0.0,0.0,1.822695035460993,1.0
Kepler-1384,1,1,15.36262753,0.1126,0.1126,1.94,0.0,4.42,0.0,0.0,4919.0,0.74,0.78,-0.06,1.186465501124479,0.0,0.0,2.2783505154639174,1.0
Kepler-1385,1,1,2.88879862,0.04262,0.04262,0.85,0.0,0.543,0.0,0.0,5732.0,1.29,1.15,0.41,0.46071726795320384,0.0,0.0,0.6388235294117648,1.0
Kepler-1386,1,1,6.73972381,0.068,0.068,1.24,0.0,2.07,0.0,0.0,5733.0,1.03,1.02,0.11,0.8286420997622309,0.0,0.0,1.6693548387096773,1.0
Kepler-1387,1,1,2.279526656,0.031,0.031,0.93,0.0,0.749,0.0,0.0,5046.0,0.77,0.82,0.02,0.3578446750578421,0.0,0.0,0.8053763440860214,1.0
Kepler-1388,1,4,19.1027665025,0.0519,0.1861,2.5425,0.2514458192136032,7.03,1.183863730896987,0.0,4098.0,0.61,0.63,0.02,1.2810962672354518,0.13419999999999999,29.80625931445604,2.7649950835791546,4.0
Kepler-1389,1,1,99.2530951,0.38249,0.38249,1.77,0.0,3.78,0.0,0.0,5078.0,0.74,0.81,-0.14,1.9967440586481728,0.0,0.0,2.135593220338983,1.0
Kepler-139,1,5,516.5569989844,0.0755533961,3.23579639,5.677,4.847119763323369,87.2,163.0818812744077,0.00328025,5594.0,1.3,1.078,0.35,2.7131182503059814,3.1602429939,1.5821568182102315,15.360225471199579,5.0
Kepler-1390,1,1,6.48021673,0.0662,0.0662,1.18,0.0,1.76,0.0,0.0,5753.0,0.98,0.98,-0.01,0.8115895310355705,0.0,0.0,1.4915254237288136,1.0
Kepler-1391,1,1,54.4092333,0.30045,0.30045,1.68,0.0,3.46,0.0,0.0,5840.0,1.1,1.03,0.04,1.7356726061498802,0.0,0.0,2.0595238095238098,1.0
Kepler-1392,1,1,15.1410397,0.1189,0.1189,1.96,0.0,4.5,0.0,0.0,5479.0,0.85,0.88,-0.11,1.1801556981805346,0.0,0.0,2.295918367346939,1.0
Kepler-1393,1,1,2.44357812,0.0337,0.0337,0.8,0.0,0.437,0.0,0.0,5697.0,0.92,0.95,-0.09,0.38802622776877604,0.0,0.0,0.54625,1.0
Kepler-1394,1,1,3.93766373,0.05474,0.05474,1.39,0.0,2.51,0.0,0.0,6481.0,2.55,1.64,0.06,0.5952386253518586,0.0,0.0,1.8057553956834531,1.0
Kepler-1395,1,1,3.78470649,0.04974,0.04974,0.8,0.0,0.437,0.0,0.0,6138.0,1.23,1.17,0.12,0.5780322049150883,0.0,0.0,0.54625,1.0
Kepler-1396,1,1,18.2206421,0.1406,0.1406,2.07,0.0,4.94,0.0,0.0,6195.0,1.27,1.18,0.04,1.2605636775531823,0.0,0.0,2.386473429951691,1.0
Kepler-1397,1,1,47.449955,0.25861,0.25861,1.72,0.0,3.61,0.0,0.0,6026.0,1.12,1.09,0.0,1.6762358048926909,0.0,0.0,2.0988372093023258,1.0
Kepler-1398,1,2,3.4632163699999996,0.03909,0.05087,0.9650000000000001,0.09192388155425114,0.873,0.29274220741123075,0.0,6126.0,1.18,1.13,0.01,0.5394796256417445,0.011779999999999999,169.77928692699493,0.9046632124352331,2.0
Kepler-1399,1,1,1.638653058,0.0276,0.0276,1.25,0.0,2.1,0.0,0.0,5735.0,0.96,0.97,-0.03,0.2144870127860189,0.0,0.0,1.6800000000000002,1.0
Kepler-14,2,1,6.790123,0.0771,0.0771,12.733,0.0,2669.66,0.0,0.035,6395.0,2.048,1.512,0.12,0.8318776413994189,0.0,0.0,209.66465090709178,0.5
Kepler-140,1,2,47.303776,0.045,0.414,1.705,0.134350288425444,3.555,0.4737615433949868,0.0,6077.0,1.288,1.044,-0.039,1.674895809458953,0.369,5.420054200542006,2.0850439882697946,2.0
Kepler-1400,1,1,9.06689421,0.0771,0.0771,1.62,0.0,3.26,0.0,0.0,5044.0,0.78,0.83,0.04,0.9574585485322616,0.0,0.0,2.0123456790123453,1.0
Kepler-1401,1,1,11.20066445,0.0975,0.0975,1.68,0.0,3.46,0.0,0.0,5964.0,1.1,1.07,0.04,1.0492437868138507,0.0,0.0,2.0595238095238098,1.0
Kepler-1402,1,1,2.03387914,0.0322,0.0322,0.76,0.0,0.363,0.0,0.0,5416.0,0.87,0.9,0.03,0.30832514210167944,0.0,0.0,0.4776315789473684,1.0
Kepler-1403,1,1,5.19492202,0.064,0.064,2.14,0.0,5.22,0.0,0.0,6060.0,1.15,1.11,0.03,0.7155790328291196,0.0,0.0,2.439252336448598,1.0
Kepler-1404,1,1,15.9314739,0.1143,0.1143,2.01,0.0,4.7,0.0,0.0,5261.0,0.8,0.84,-0.09,1.2022559564054152,0.0,0.0,2.338308457711443,1.0
Kepler-1405,1,1,28.2274184,0.1778,0.1778,3.96,0.0,14.9,0.0,0.0,5925.0,1.07,1.05,0.03,1.45067116061583,0.0,0.0,3.7626262626262625,1.0
Kepler-1406,1,1,11.62905828,0.0987,0.0987,1.1,0.0,1.37,0.0,0.0,5892.0,1.12,1.05,0.04,1.0655445470277791,0.0,0.0,1.2454545454545454,1.0
Kepler-1407,1,1,20.0711504,0.1502,0.1502,2.25,0.0,5.69,0.0,0.0,6010.0,1.15,1.1,0.05,1.3025722652654523,0.0,0.0,2.528888888888889,1.0
Kepler-1408,1,1,2.99793191,0.04218,0.04218,0.89,0.0,0.64,0.0,0.0,6170.0,1.35,1.21,0.0,0.47682176478741595,0.0,0.0,0.7191011235955056,1.0
Kepler-1409,1,1,0.764864926,0.01553,0.01553,1.04,0.0,1.12,0.0,0.0,5160.0,0.79,0.83,-0.03,-0.11641525382983979,0.0,0.0,1.076923076923077,1.0
Kepler-141,1,2,5.0591405,0.039,0.067,1.0499999999999998,0.5091168824543143,1.4135,1.6355379848844842,0.0,4910.0,0.787,0.878,0.2643,0.7040767405920845,0.028000000000000004,71.42857142857142,1.3461904761904764,2.0
Kepler-1410,1,1,60.866168,0.2543,0.2543,1.78,0.0,3.82,0.0,0.0,4092.0,0.6,0.63,0.01,1.784375960388769,0.0,0.0,2.1460674157303368,1.0
Kepler-1411,1,1,86.1150888,0.4001,0.4001,2.82,0.0,8.35,0.0,0.0,5664.0,0.92,0.95,-0.04,1.9350792537585222,0.0,0.0,2.9609929078014185,1.0
Kepler-1412,1,1,3.6146051,0.04608,0.04608,0.83,0.0,0.498,0.0,0.0,5880.0,1.27,1.06,0.04,0.5580608570222475,0.0,0.0,0.6,1.0
Kepler-1413,1,1,13.1829642,0.1066,0.1066,1.82,0.0,3.97,0.0,0.0,5196.0,0.8,0.84,-0.05,1.120013072698293,0.0,0.0,2.1813186813186816,1.0
Kepler-1414,1,1,3.51576315,0.0426,0.0426,1.23,0.0,2.04,0.0,0.0,4951.0,0.75,0.8,-0.02,0.5460196098281315,0.0,0.0,1.6585365853658538,1.0
Kepler-1415,1,1,0.63642408,0.01416,0.01416,1.29,0.0,2.21,0.0,0.0,5267.0,0.84,0.89,0.12,-0.1962533965721583,0.0,0.0,1.7131782945736433,1.0
Kepler-1416,1,1,1.49514952,0.0257,0.0257,0.88,0.0,0.615,0.0,0.0,6019.0,1.15,1.09,0.03,0.17468462574668978,0.0,0.0,0.6988636363636364,1.0
Kepler-1417,1,1,20.3505213,0.14062,0.14062,1.0,0.0,0.972,0.0,0.0,5839.0,1.02,1.02,0.02,1.3085755386135083,0.0,0.0,0.972,1.0
Kepler-1418,1,1,22.4764425,0.131,0.131,1.66,0.0,3.39,0.0,0.0,4770.0,0.72,0.77,0.0,1.3517275735837684,0.0,0.0,2.0421686746987953,1.0
Kepler-1419,1,1,42.5215895,0.2391,0.2391,2.86,0.0,8.55,0.0,0.0,5796.0,1.01,1.01,0.04,1.628609490521451,0.0,0.0,2.98951048951049,1.0
Kepler-142,1,3,16.198324,0.032,0.242,2.3366666666666664,0.4611218204914329,6.16,2.098356499739737,0.0,5790.0,1.269,0.978,0.05,1.2094700815052108,0.21,14.285714285714286,2.6362339514978603,3.0
Kepler-1420,1,1,6.69960006,0.0671,0.0671,1.28,0.0,2.18,0.0,0.0,5187.0,0.79,0.82,-0.1,0.8260488777874908,0.0,0.0,1.703125,1.0
Kepler-1421,1,1,6.9131112,0.07576,0.07576,0.93,0.0,0.749,0.0,0.0,6335.0,1.42,1.25,0.05,0.8396735427290956,0.0,0.0,0.8053763440860214,1.0
Kepler-1422,1,1,18.6051942,0.1499,0.1499,2.02,0.0,4.74,0.0,0.0,6194.0,1.23,1.15,0.0,1.2696342075232727,0.0,0.0,2.3465346534653464,1.0
Kepler-1423,1,1,23.955378,0.1586,0.1586,1.06,0.0,1.2,0.0,0.0,4939.0,0.75,0.79,-0.02,1.3794030281275376,0.0,0.0,1.1320754716981132,1.0
Kepler-1424,1,1,29.6091744,0.19068,0.19068,1.16,0.0,1.65,0.0,0.0,5838.0,1.07,1.02,0.01,1.4714262980166875,0.0,0.0,1.4224137931034484,1.0
Kepler-1425,1,1,14.4541302,0.11435,0.11435,0.94,0.0,0.779,0.0,0.0,5718.0,0.95,0.97,-0.03,1.1599919624400241,0.0,0.0,0.8287234042553192,1.0
Kepler-1426,1,1,14.2563227,0.1187,0.1187,1.56,0.0,3.05,0.0,0.0,5831.0,1.02,1.02,0.03,1.1540075173074984,0.0,0.0,1.9551282051282048,1.0
Kepler-1427,1,1,0.968972376,0.0197,0.0197,1.1,0.0,1.37,0.0,0.0,5793.0,1.01,1.01,0.06,-0.013688603879858341,0.0,0.0,1.2454545454545454,1.0
Kepler-1428,1,1,10.67607169,0.11051,0.11051,1.64,0.0,3.33,0.0,0.0,6184.0,1.36,1.28,0.35,1.028411481419973,0.0,0.0,2.030487804878049,1.0
Kepler-1429,1,1,4.48487493,0.055,0.055,1.29,0.0,2.21,0.0,0.0,5902.0,1.07,1.05,0.04,0.6517503363504078,0.0,0.0,1.7131782945736433,1.0
Kepler-143,1,2,21.545047,0.127,0.181,2.89,0.6788225099390857,8.845,3.471894295625949,0.0,5848.0,1.359,0.982,-0.01,1.3333474458283496,0.05399999999999999,37.037037037037045,3.0605536332179932,2.0
Kepler-1430,1,1,2.46050993,0.0304,0.0304,1.18,0.0,1.76,0.0,0.0,4796.0,0.72,0.77,-0.03,0.391025122077071,0.0,0.0,1.4915254237288136,1.0
Kepler-1431,1,1,5.86601526,0.0648,0.0648,1.47,0.0,2.76,0.0,0.0,5806.0,1.03,1.03,0.07,0.7683431884306182,0.0,0.0,1.8775510204081631,1.0
Kepler-1432,1,1,23.9109011,0.1696,0.1696,2.22,0.0,5.56,0.0,0.0,6031.0,1.13,1.09,0.02,1.37859594313307,0.0,0.0,2.5045045045045042,1.0
Kepler-1433,1,1,4.13592271,0.0516,0.0516,1.56,0.0,3.05,0.0,0.0,6097.0,1.19,1.14,0.07,0.61657241428943,0.0,0.0,1.9551282051282048,1.0
Kepler-1434,1,1,8.05333618,0.0917,0.0917,1.11,0.0,1.41,0.0,0.0,6291.0,2.04,1.47,0.19,0.9059758287424376,0.0,0.0,1.2702702702702702,1.0
Kepler-1435,1,1,4.45343281,0.05456,0.05456,0.86,0.0,0.566,0.0,0.0,6356.0,1.32,1.21,-0.03,0.6486949043970133,0.0,0.0,0.6581395348837209,1.0
Kepler-1436,1,1,9.705716,0.0907,0.0907,1.31,0.0,2.27,0.0,0.0,5972.0,1.09,1.06,-0.01,0.9870275792276317,0.0,0.0,1.732824427480916,1.0
Kepler-1437,1,1,10.9295461,0.0951,0.0951,1.37,0.0,2.45,0.0,0.0,5557.0,0.9,0.93,-0.02,1.0386021262352865,0.0,0.0,1.7883211678832116,1.0
Kepler-1438,1,1,2.31942009,0.0346,0.0346,0.94,0.0,0.779,0.0,0.0,5530.0,0.96,0.97,0.2,0.3653794145483023,0.0,0.0,0.8287234042553192,1.0
Kepler-1439,1,1,8.07392849,0.0594,0.0594,1.46,0.0,2.73,0.0,0.0,3578.0,0.43,0.46,-0.03,0.9070848985873087,0.0,0.0,1.86986301369863,1.0
Kepler-144,1,2,7.994969,0.066,0.094,1.34,0.014142135623730963,2.3600000000000003,0.042426406871192736,0.0,6075.0,1.235,1.154,-0.1848,0.9028167841354067,0.027999999999999997,71.42857142857143,1.7611940298507465,2.0
Kepler-1440,1,1,39.859484,0.23431,0.23431,1.26,0.0,2.13,0.0,0.0,5698.0,0.96,0.98,0.04,1.600531672251996,0.0,0.0,1.6904761904761905,1.0
Kepler-1441,1,1,39.4419839,0.2346,0.2346,1.31,0.0,2.27,0.0,0.0,5802.0,1.0,1.0,0.01,1.5959587514809757,0.0,0.0,1.732824427480916,1.0
Kepler-1442,1,1,81.4162941,0.40814,0.40814,3.93,0.0,14.7,0.0,0.0,6394.0,1.44,1.34,0.26,1.910711330313715,0.0,0.0,3.7404580152671754,1.0
Kepler-1443,1,1,2.41811321,0.03783,0.03783,0.97,0.0,0.871,0.0,0.0,6289.0,1.27,1.19,0.0,0.3834766295799031,0.0,0.0,0.8979381443298969,1.0
Kepler-1444,1,1,33.42035034,0.20906,0.20906,2.18,0.0,5.39,0.0,0.0,5810.0,1.05,1.03,0.06,1.524010998218393,0.0,0.0,2.472477064220183,1.0
Kepler-1445,1,1,10.60052251,0.09587,0.09587,0.96,0.0,0.84,0.0,0.0,6150.0,1.26,1.13,-0.03,1.02532727258713,0.0,0.0,0.875,1.0
Kepler-1446,1,1,0.689967832,0.01405,0.01405,0.82,0.0,0.477,0.0,0.0,4865.0,0.75,0.81,0.11,-0.16117115666934712,0.0,0.0,0.5817073170731707,1.0
Kepler-1447,1,1,56.6747285,0.2836,0.2836,2.9,0.0,8.75,0.0,0.0,5722.0,0.95,0.97,-0.03,1.753389448318021,0.0,0.0,3.0172413793103448,1.0
Kepler-1448,1,1,12.27065865,0.1058,0.1058,1.61,0.0,3.22,0.0,0.0,5774.0,0.93,0.95,-0.16,1.0888678749016816,0.0,0.0,2.0,1.0
Kepler-1449,1,1,13.2274528,0.1176,0.1176,1.68,0.0,3.46,0.0,0.0,5979.0,1.1,1.08,0.04,1.1214762204980941,0.0,0.0,2.0595238095238098,1.0
Kepler-145,1,2,32.9165,0.17308,0.26244,3.4850000000000003,1.1808683245815343,58.25,29.910616844190965,0.27,6022.0,1.85,1.32,-0.0014,1.5174136506138662,0.08936,22.381378692927484,16.714490674318505,2.0
Kepler-1450,1,1,54.5094166,0.2401,0.2401,1.71,0.0,3.57,0.0,0.0,4524.0,0.68,0.71,-0.02,1.736471533912551,0.0,0.0,2.087719298245614,1.0
Kepler-1451,1,1,35.622233,0.2101,0.2101,3.35,0.0,11.2,0.0,0.0,5782.0,0.99,1.0,0.01,1.5517211399779227,0.0,0.0,3.343283582089552,1.0
Kepler-1452,1,1,42.913751,0.25764,0.25764,2.7,0.0,7.75,0.0,0.0,6101.0,2.06,1.41,0.14,1.632596476951785,0.0,0.0,2.8703703703703702,1.0
Kepler-1453,1,1,47.1611696,0.262,0.262,2.67,0.0,7.61,0.0,0.0,5665.0,0.94,0.97,0.01,1.6735845670873302,0.0,0.0,2.850187265917603,1.0
Kepler-1454,1,1,47.0319479,0.2447,0.2447,1.88,0.0,4.19,0.0,0.0,5448.0,0.86,0.9,-0.02,1.672392966088258,0.0,0.0,2.2287234042553195,1.0
Kepler-1455,1,1,49.276764,0.2149,0.2149,2.16,0.0,5.31,0.0,0.0,4075.0,0.6,0.62,-0.02,1.6926421800190332,0.0,0.0,2.458333333333333,1.0
Kepler-1456,1,1,18.1373829,0.1132,0.1132,1.14,0.0,1.55,0.0,0.0,4231.0,0.62,0.64,-0.09,1.258574621528604,0.0,0.0,1.3596491228070178,1.0
Kepler-1457,1,1,51.1110243,0.26391,0.26391,1.99,0.0,4.62,0.0,0.0,5866.0,1.01,1.01,-0.05,1.7085145846018863,0.0,0.0,2.321608040201005,1.0
Kepler-1458,1,1,47.9872764,0.24869,0.24869,2.76,0.0,8.05,0.0,0.0,5653.0,0.94,0.96,0.02,1.681126101505302,0.0,0.0,2.916666666666667,1.0
Kepler-1459,1,1,62.8691611,0.2829,0.2829,1.36,0.0,2.42,0.0,0.0,4828.0,0.74,0.78,0.01,1.7984376653434817,0.0,0.0,1.7794117647058822,1.0
Kepler-146,1,2,53.945485,0.2,0.364,3.42,0.4101219330881976,11.63,2.3617366491630687,0.0,5948.0,1.208,1.079,-0.0261,1.731955102000573,0.16399999999999998,12.195121951219514,3.4005847953216377,2.0
Kepler-1460,1,1,29.9633247,0.1614,0.1614,1.96,0.0,4.5,0.0,0.0,4422.0,0.67,0.7,-0.02,1.4765900005746333,0.0,0.0,2.295918367346939,1.0
Kepler-1461,1,1,29.3494775,0.1715,0.1715,2.03,0.0,4.78,0.0,0.0,4919.0,0.74,0.79,-0.04,1.4676003740372392,0.0,0.0,2.3546798029556655,1.0
Kepler-1462,1,1,65.6488341,0.3094,0.3094,3.82,0.0,14.0,0.0,0.0,5756.0,1.0,1.0,0.06,1.8172270175780851,0.0,0.0,3.6649214659685865,1.0
Kepler-1463,1,1,25.15864,0.1694,0.1694,1.86,0.0,4.12,0.0,0.0,5679.0,0.95,0.96,0.0,1.4006871607613385,0.0,0.0,2.21505376344086,1.0
Kepler-1464,1,2,18.55322651,0.06101,0.20066,1.33,0.4666904755831214,2.181,1.7097841969090721,0.0,5828.0,1.01,1.02,0.03,1.2684194467617738,0.13965,14.321518080916578,1.6398496240601503,2.0
Kepler-1465,1,1,31.8277111,0.1939,0.1939,1.77,0.0,3.78,0.0,0.0,4726.0,0.71,0.75,-0.06,1.5028054073177444,0.0,0.0,2.135593220338983,1.0
Kepler-1466,1,1,31.1750448,0.17981,0.17981,1.55,0.0,3.02,0.0,0.0,5884.0,1.02,1.01,-0.07,1.4938070862525468,0.0,0.0,1.9483870967741934,1.0
Kepler-1467,1,1,47.0569043,0.2388,0.2388,3.3,0.0,10.9,0.0,0.0,5332.0,0.82,0.86,-0.07,1.6726233531491885,0.0,0.0,3.303030303030303,1.0
Kepler-1468,1,3,10.45865932,0.0466,0.1456,2.07062382,1.1301146875667873,5.446666666666666,5.001053222405589,0.0,5893.0,1.05,1.04,0.03,1.019476016534766,0.099,30.3030303030303,2.6304472179145835,3.0
Kepler-1469,1,1,21.8635301,0.1466,0.1466,2.8,0.0,8.25,0.0,0.0,5507.0,0.89,0.92,0.02,1.339720284748908,0.0,0.0,2.9464285714285716,1.0
Kepler-147,1,2,23.0135035,0.113,0.216,1.98,0.636396103067893,4.720000000000001,2.4890158697766473,0.0,6012.0,1.468,1.145,0.1,1.3619827392637558,0.103,19.417475728155342,2.383838383838384,2.0
Kepler-1470,1,1,16.2950903,0.116,0.116,1.07,0.0,1.24,0.0,0.0,4961.0,0.76,0.8,-0.01,1.212056771470881,0.0,0.0,1.158878504672897,1.0
Kepler-1471,1,2,7.62174104,0.0453,0.0981,1.645,0.33234018715767727,3.38,1.1455129855222075,0.0,5660.0,0.93,0.95,-0.03,0.8820541888851653,0.05280000000000001,37.878787878787875,2.0547112462006076,2.0
Kepler-1472,1,1,38.1312831,0.2322,0.2322,1.9,0.0,4.27,0.0,0.0,6159.0,1.25,1.16,0.03,1.5812814193275424,0.0,0.0,2.2473684210526312,1.0
Kepler-1473,1,1,14.4273551,0.11606,0.11606,1.19,0.0,1.81,0.0,0.0,6046.0,1.09,1.09,-0.01,1.15918672120032,0.0,0.0,1.5210084033613447,1.0
Kepler-1474,1,1,36.4333452,0.2108,0.2108,2.16,0.0,5.31,0.0,0.0,5870.0,1.04,1.04,0.04,1.5614990486836637,0.0,0.0,2.458333333333333,1.0
Kepler-1475,1,1,82.177374,0.373,0.373,2.92,0.0,8.85,0.0,0.0,6214.0,1.28,1.18,0.03,1.9147522591510764,0.0,0.0,3.030821917808219,1.0
Kepler-1476,1,1,10.35863224,0.0932,0.0932,1.67,0.0,3.43,0.0,0.0,5663.0,0.96,0.98,0.06,1.0153024146914922,0.0,0.0,2.0538922155688626,1.0
Kepler-1477,1,1,11.55530021,0.0911,0.0911,1.18,0.0,1.76,0.0,0.0,5100.0,0.78,0.81,-0.06,1.0627812330563873,0.0,0.0,1.4915254237288136,1.0
Kepler-1478,1,1,26.0840594,0.1681,0.1681,1.73,0.0,3.64,0.0,0.0,5904.0,1.06,1.04,0.03,1.4163751805349178,0.0,0.0,2.1040462427745665,1.0
Kepler-1479,1,1,14.53261362,0.11341,0.11341,1.83,0.0,4.01,0.0,0.0,5796.0,0.98,0.99,-0.02,1.1623437270762935,0.0,0.0,2.191256830601093,1.0
Kepler-148,1,3,19.25209825,0.028,0.2607,4.693333333333333,3.5679312399951506,24.263333333333332,28.08428445471476,0.0,5272.0,0.851,0.86,0.14,1.284478069363308,0.2327,12.89213579716373,5.1697443181818175,3.0
Kepler-1480,2,1,22.12679948,0.1525,0.1525,1.67,0.0,3.43,0.0,0.0,5156.0,0.81,0.85,0.07,1.3449186001587985,0.0,0.0,2.0538922155688626,0.5
Kepler-1481,1,1,5.94220998,0.059,0.059,1.23,0.0,2.04,0.0,0.0,4908.0,0.75,0.8,0.04,0.7739479944121158,0.0,0.0,1.6585365853658538,1.0
Kepler-1482,1,1,12.25383217,0.09968,0.09968,1.01,0.0,1.01,0.0,0.0,5381.0,0.84,0.88,-0.04,1.0882719278857642,0.0,0.0,1.0,1.0
Kepler-1483,1,1,9.5085156,0.0958,0.0958,1.52,0.0,2.92,0.0,0.0,6337.0,1.4,1.25,0.04,0.9781127233468094,0.0,0.0,1.9210526315789473,1.0
Kepler-1484,1,1,30.4549136,0.1939,0.1939,2.11,0.0,5.1,0.0,0.0,5730.0,0.92,0.94,-0.17,1.4836573717541546,0.0,0.0,2.4170616113744074,1.0
Kepler-1485,1,1,19.9157725,0.14732,0.14732,1.47,0.0,2.76,0.0,0.0,6087.0,1.12,1.11,0.02,1.2991971566394258,0.0,0.0,1.8775510204081631,1.0
Kepler-1486,1,1,54.6495759,0.2846,0.2846,2.32,0.0,5.99,0.0,0.0,5965.0,1.12,1.08,0.06,1.7375867960203155,0.0,0.0,2.5818965517241383,1.0
Kepler-1487,1,2,21.560087415,0.0898,0.2588,5.05,4.129503602129438,26.94,30.773287117238553,0.0,6541.0,1.63,1.38,0.04,1.3336505173577056,0.16899999999999998,11.83431952662722,5.334653465346535,2.0
Kepler-1488,1,2,22.988631541,0.06959,0.24153,1.755783745,0.147384041240733,3.745,0.5303300858899106,0.0,5820.0,1.31,1.05,0.06,1.3615131195128145,0.17193999999999998,11.6319646388275,2.1329506043467785,2.0
Kepler-1489,1,2,41.487746,0.3679,0.3679,1.1400000000000001,0.8909545442950499,1.9335,2.6113453429219198,0.0,5655.0,0.9,0.93,-0.13,1.6179198405567823,0.0,0.0,1.6960526315789473,2.0
Kepler-149,1,3,81.515101,0.184,0.571,3.2600000000000002,1.434398828778105,11.540000000000001,7.249606885893883,0.0,5381.0,0.953,1.013,0.3805,1.9112380709910166,0.38699999999999996,7.751937984496125,3.539877300613497,3.0
Kepler-1490,1,1,92.4362973,0.3729,0.3729,3.04,0.0,9.48,0.0,0.0,5515.0,0.87,0.9,-0.08,1.9658425407189648,0.0,0.0,3.118421052631579,1.0
Kepler-1491,1,2,39.0779706,0.127,0.3045,1.975,0.657609306503489,4.71,2.5738686835190334,0.0,5728.0,0.99,1.0,0.06,1.591932001819854,0.1775,11.267605633802818,2.3848101265822783,2.0
Kepler-1492,1,1,16.75255007,0.1262,0.1262,1.49,0.0,2.83,0.0,0.0,4712.0,0.72,0.77,0.06,1.2240809246286783,0.0,0.0,1.8993288590604027,1.0
Kepler-1493,1,1,15.0217983,0.1197,0.1197,1.41,0.0,2.57,0.0,0.0,5863.0,1.29,1.06,0.06,1.1767219263444229,0.0,0.0,1.822695035460993,1.0
Kepler-1494,1,1,91.080482,0.3982,0.3982,3.07,0.0,9.64,0.0,0.0,5659.0,0.94,0.96,0.01,1.959425320245547,0.0,0.0,3.140065146579805,1.0
Kepler-1495,1,1,85.273256,0.3677,0.3677,2.94,0.0,8.96,0.0,0.0,5831.0,1.04,1.03,0.06,1.9308128460234792,0.0,0.0,3.047619047619048,1.0
Kepler-1496,1,1,64.6588017,0.3211,0.3211,2.22,0.0,5.56,0.0,0.0,6182.0,1.27,1.18,0.05,1.8106276517153768,0.0,0.0,2.5045045045045042,1.0
Kepler-1497,1,1,8.74199772,0.0817,0.0817,1.66,0.0,3.39,0.0,0.0,5675.0,0.95,0.96,0.01,0.9416106888853258,0.0,0.0,2.0421686746987953,1.0
Kepler-1498,1,1,48.051405,0.2528,0.2528,1.33,0.0,2.33,0.0,0.0,5256.0,0.81,0.86,-0.01,1.6817060907522488,0.0,0.0,1.7518796992481203,1.0
Kepler-1499,1,1,44.2008,0.23225,0.23225,1.19,0.0,1.81,0.0,0.0,5097.0,0.78,0.82,-0.01,1.645430129811566,0.0,0.0,1.5210084033613447,1.0
Kepler-15,1,1,4.942782,0.05714,0.05714,10.76,0.0,209.76,0.0,0.06,5515.0,0.992,1.018,0.36,0.6939714564480604,0.0,0.0,19.49442379182156,1.0
Kepler-150,1,5,138.2813678,0.044,1.24,2.898,0.9943188623374295,9.262,4.516217443835051,0.0,5560.0,0.939,0.956,0.12,2.1407636666836063,1.196,4.1806020066889635,3.1959972394755005,5.0
Kepler-1500,1,1,15.0330105,0.1236,0.1236,1.2,0.0,1.87,0.0,0.0,5845.0,1.0,1.0,-0.05,1.1770459608008252,0.0,0.0,1.5583333333333336,1.0
Kepler-1501,1,1,14.5564533,0.11592,0.11592,1.56,0.0,3.05,0.0,0.0,6229.0,1.3,1.2,0.04,1.1630555714142894,0.0,0.0,1.9551282051282048,1.0
Kepler-1502,1,1,41.7083629,0.2482,0.2482,3.18,0.0,10.2,0.0,0.0,6666.0,1.72,1.44,0.05,1.6202231436351002,0.0,0.0,3.2075471698113205,1.0
Kepler-1503,1,1,96.16987,0.3771,0.3771,2.27,0.0,5.77,0.0,0.0,5069.0,0.74,0.77,-0.19,1.983039028978193,0.0,0.0,2.541850220264317,1.0
Kepler-1504,1,1,82.304003,0.3704,0.3704,2.13,0.0,5.18,0.0,0.0,5393.0,0.81,0.85,-0.17,1.9154209584022253,0.0,0.0,2.431924882629108,1.0
Kepler-1505,1,1,30.8609366,0.18298,0.18298,0.93,0.0,0.749,0.0,0.0,5686.0,0.86,0.93,-0.18,1.4894091023505673,0.0,0.0,0.8053763440860214,1.0
Kepler-1506,1,1,14.0329154,0.1168,0.1168,1.32,0.0,2.3,0.0,0.0,5676.0,0.93,0.95,-0.05,1.1471479069941566,0.0,0.0,1.7424242424242422,1.0
Kepler-1507,1,1,16.0506213,0.11946,0.11946,0.84,0.0,0.52,0.0,0.0,5410.0,0.85,0.89,-0.03,1.2054918480766665,0.0,0.0,0.6190476190476191,1.0
Kepler-1508,1,1,20.7056504,0.1629,0.1629,1.33,0.0,2.33,0.0,0.0,6158.0,1.22,1.14,0.01,1.3160888769873766,0.0,0.0,1.7518796992481203,1.0
Kepler-1509,1,1,25.4338197,0.1707,0.1707,1.85,0.0,4.08,0.0,0.0,5780.0,0.99,1.0,0.03,1.4054115882551346,0.0,0.0,2.2054054054054055,1.0
Kepler-151,1,2,19.951785,0.116,0.16,2.575,0.6858935777509514,7.305,3.231477990022522,0.0,5460.0,0.83,0.87,0.1245,1.2999817562118179,0.044,45.45454545454546,2.836893203883495,2.0
Kepler-1510,1,1,84.703921,0.4089,0.4089,3.36,0.0,11.2,0.0,0.0,6200.0,1.28,1.19,0.04,1.927903514572141,0.0,0.0,3.333333333333333,1.0
Kepler-1511,1,1,23.2382792,0.1753,0.1753,1.68,0.0,3.46,0.0,0.0,6064.0,1.29,1.17,0.14,1.3662039653011717,0.0,0.0,2.0595238095238098,1.0
Kepler-1512,1,1,20.35972599,0.13693,0.13693,1.18,0.0,1.76,0.0,0.0,4372.0,0.67,0.73,0.2,1.308771928781039,0.0,0.0,1.4915254237288136,1.0
Kepler-1513,1,2,501.14209999999997,0.56971,0.56971,9.797,1.701298915534833,66.42613706,25.620202891563867,0.2155,5491.0,0.95,0.943,0.17,2.6999608885330835,0.0,0.0,6.780252838624069,2.0
Kepler-1514,1,2,114.1730105,0.0997,0.753,6.79769805,7.950530386042003,839.9412,1185.3955050374032,0.36050000000000004,6145.0,1.289,1.196,0.119,2.0575634526293802,0.6533,3.061380682687892,123.56259336938332,2.0
Kepler-1515,1,1,214.3114164,0.75235,0.75235,9.55,0.0,66.2,0.0,0.0,6511.0,1.41,1.3,0.07,2.3310453065876153,0.0,0.0,6.931937172774869,1.0
Kepler-1516,1,1,7.25931979,0.0718,0.0718,1.75,0.0,3.71,0.0,0.0,5904.0,1.07,1.04,0.03,0.8608959285114755,0.0,0.0,2.12,1.0
Kepler-1517,1,1,5.546083665,0.078,0.078,9.76,0.0,68.7,0.0,0.0,7010.0,1.95,1.58,0.01,0.7439864168058098,0.0,0.0,7.038934426229509,1.0
Kepler-1518,1,2,7.37140242,0.0593,0.0905,2.9749999999999996,0.1060660171779819,9.14,0.5515432893255072,0.0,6846.0,1.88,1.54,0.06,0.8675501208747979,0.0312,64.1025641025641,3.072268907563026,2.0
Kepler-1519,1,1,240.7989397,0.7655,0.7655,7.06,0.0,39.6,0.0,0.0,5644.0,0.91,0.94,-0.07,2.3816545702790886,0.0,0.0,5.609065155807366,1.0
Kepler-152,1,2,53.231514,0.124,0.356,2.59,0.2828427124746188,7.25,1.3435028842544403,0.0,5088.0,0.724,0.779,-0.12,1.726168818464601,0.23199999999999998,8.620689655172415,2.799227799227799,2.0
Kepler-1520,1,1,0.653553572,0.0129,0.0129,5.77,0.0,28.1,0.0,0.0,4677.0,0.71,0.76,0.04,-0.18471880736362564,0.0,0.0,4.870017331022531,1.0
Kepler-1521,1,1,47.14840805,0.23476,0.23476,2.5,0.0,6.8,0.0,0.0,5042.0,0.76,0.81,-0.05,1.6734670335150788,0.0,0.0,2.7199999999999998,1.0
Kepler-1522,1,1,1.847889171,0.0288,0.0288,1.73,0.0,3.64,0.0,0.0,5706.0,0.93,0.96,-0.07,0.26667592041953103,0.0,0.0,2.1040462427745665,1.0
Kepler-1523,1,1,0.93875077,0.01867,0.01867,1.58,0.0,3.12,0.0,0.0,5708.0,0.96,0.97,0.0,-0.027449693762354264,0.0,0.0,1.9746835443037976,1.0
Kepler-1524,1,1,70.9674603,0.3392,0.3392,3.54,0.0,12.3,0.0,0.0,6179.0,1.25,1.17,0.04,1.8510592634868623,0.0,0.0,3.4745762711864407,1.0
Kepler-1525,1,1,2.416601183,0.03557,0.03557,0.91,0.0,0.693,0.0,0.0,5748.0,1.04,1.07,0.27,0.38320498374909717,0.0,0.0,0.7615384615384615,1.0
Kepler-1526,1,1,3.908632005,0.0418,0.0418,2.43,0.0,6.48,0.0,0.0,4601.0,0.69,0.73,-0.01,0.5920247838318331,0.0,0.0,2.6666666666666665,1.0
Kepler-1527,1,1,160.129918,0.6276,0.6276,4.77,0.0,20.4,0.0,0.0,6224.0,1.32,1.21,0.07,2.2044724812536813,0.0,0.0,4.276729559748428,1.0
Kepler-1528,1,1,1.791110205,0.0296,0.0296,1.46,0.0,2.73,0.0,0.0,5857.0,1.03,1.03,0.03,0.2531223083230227,0.0,0.0,1.86986301369863,1.0
Kepler-1529,1,1,5.33905686,0.0525,0.0525,2.1,0.0,5.06,0.0,0.0,5048.0,0.77,0.81,-0.03,0.7274645460410419,0.0,0.0,2.4095238095238094,1.0
Kepler-153,1,2,32.8862735,0.129,0.237,2.7249999999999996,0.27577164466275345,7.895,1.350573952066305,0.0,5404.0,0.892,0.756,-0.27,1.5170146642981743,0.10799999999999998,18.518518518518523,2.897247706422019,2.0
Kepler-1530,1,3,5.706931376666667,0.03553,0.08276,2.18956705,0.9432310511412924,5.830000000000001,4.304172394316938,0.0,5477.0,0.88,0.92,0.03,0.7564026503807124,0.04723,63.51894982002964,2.6626268421421493,3.0
Kepler-1531,1,1,1.138543376,0.02204,0.02204,1.11,0.0,1.41,0.0,0.0,6260.0,1.27,1.16,-0.03,0.05634958093148671,0.0,0.0,1.2702702702702702,1.0
Kepler-1532,1,1,1.093663559,0.0206,0.0206,1.35,0.0,2.39,0.0,0.0,5559.0,0.88,0.91,-0.1,0.03888374161176548,0.0,0.0,1.7703703703703704,1.0
Kepler-1533,1,1,308.5471,0.93416,0.93416,3.46,0.0,11.8,0.0,0.0,6431.0,1.51,1.31,0.03,2.4893214688838805,0.0,0.0,3.410404624277457,1.0
Kepler-1534,1,1,5.71668872,0.0599,0.0599,1.89,0.0,4.23,0.0,0.0,5442.0,0.86,0.9,-0.01,0.757144545044987,0.0,0.0,2.2380952380952386,1.0
Kepler-1535,1,1,138.9442,0.5329,0.5329,2.55,0.0,7.04,0.0,0.0,6021.0,1.11,1.08,0.0,2.1428404225738573,0.0,0.0,2.7607843137254906,1.0
Kepler-1536,1,1,364.758031,0.8507,0.8507,3.14,0.0,10.0,0.0,0.0,4434.0,0.67,0.71,0.05,2.562004862678135,0.0,0.0,3.184713375796178,1.0
Kepler-1537,1,1,1.444453798,0.0245,0.0245,1.18,0.0,1.76,0.0,0.0,5079.0,0.77,0.81,-0.08,0.1597036551490276,0.0,0.0,1.4915254237288136,1.0
Kepler-1538,1,1,175.138819,0.6095,0.6095,2.82,0.0,8.35,0.0,0.0,5837.0,1.03,1.03,0.02,2.243382416837272,0.0,0.0,2.9609929078014185,1.0
Kepler-1539,1,1,133.3036741,0.4765,0.4765,2.7,0.0,7.75,0.0,0.0,5176.0,0.8,0.84,-0.01,2.124842119551641,0.0,0.0,2.8703703703703702,1.0
Kepler-154,1,5,25.949149663999997,0.04766,0.303,2.41,1.0018981984213766,6.912000000000001,4.7514071599895535,0.0,5690.0,1.001,0.933,0.02,1.4141231308826157,0.25534,19.581734158377063,2.8680497925311204,5.0
Kepler-1540,2,1,125.4131177,0.4426,0.4426,2.49,0.0,6.76,0.0,0.0,4540.0,0.69,0.74,0.1,2.098342964299931,0.0,0.0,2.7148594377510036,0.5
Kepler-1541,1,1,8.40691199,0.07555,0.07555,1.16,0.0,1.65,0.0,0.0,5282.0,0.81,0.86,-0.04,0.9246365009133658,0.0,0.0,1.4224137931034484,1.0
Kepler-1542,1,4,4.4843234925,0.0387,0.0629,0.76,0.08981462390204985,0.381,0.15732980222026172,0.0,5564.0,0.99,0.94,0.06,0.6516969344180644,0.0242,165.28925619834712,0.5013157894736842,4.0
Kepler-1543,1,1,6.96710269,0.0867,0.0867,2.71,0.0,7.8,0.0,0.0,6561.0,1.65,1.39,0.07,0.8430522117648945,0.0,0.0,2.878228782287823,1.0
Kepler-1544,1,1,168.811174,0.54465,0.54465,1.78,0.0,3.82,0.0,0.0,4886.0,0.74,0.81,0.02,2.2274011901920536,0.0,0.0,2.1460674157303368,1.0
Kepler-1545,1,1,163.692349,0.5442,0.5442,2.7,0.0,7.75,0.0,0.0,5201.0,0.8,0.84,-0.06,2.214028380910209,0.0,0.0,2.8703703703703702,1.0
Kepler-1546,1,1,19.5974971,0.1366,0.1366,3.13,0.0,9.96,0.0,0.0,5623.0,0.93,0.95,0.01,1.2922006088529667,0.0,0.0,3.1821086261980835,1.0
Kepler-1547,1,1,0.692979676,0.01556,0.01556,0.9,0.0,0.666,0.0,0.0,6078.0,1.18,1.12,0.04,-0.15927950237301877,0.0,0.0,0.74,1.0
Kepler-1548,1,1,124.828679,0.4679,0.4679,2.64,0.0,7.46,0.0,0.0,5706.0,0.97,0.99,0.05,2.0963143746138178,0.0,0.0,2.8257575757575757,1.0
Kepler-1549,1,1,214.886545,0.6687,0.6687,2.57,0.0,7.13,0.0,0.0,5324.0,0.84,0.88,0.02,2.3322092232383405,0.0,0.0,2.77431906614786,1.0
Kepler-155,1,2,29.2964935,0.056,0.242,2.165,0.10606601717798238,5.335,0.44547727214752547,0.0,4508.0,0.62,0.635,-0.142,1.4668156427181913,0.186,10.75268817204301,2.464203233256351,2.0
Kepler-1550,1,1,225.582809,0.7681,0.7681,3.02,0.0,9.38,0.0,0.0,5991.0,1.11,1.07,0.01,2.3533060002718083,0.0,0.0,3.1059602649006623,1.0
Kepler-1551,1,1,24.4973698,0.1772,0.1772,2.66,0.0,7.56,0.0,0.0,6136.0,1.22,1.14,0.01,1.3891194581332853,0.0,0.0,2.8421052631578942,1.0
Kepler-1552,1,1,184.771853,0.6011,0.6011,2.47,0.0,6.66,0.0,0.0,5202.0,0.78,0.85,-0.07,2.266635814190334,0.0,0.0,2.6963562753036436,1.0
Kepler-1553,1,1,4.24261881,0.0481,0.0481,1.15,0.0,1.6,0.0,0.0,5288.0,0.81,0.85,-0.09,0.6276340131122607,0.0,0.0,1.3913043478260871,1.0
Kepler-1554,1,1,198.088774,0.59527,0.59527,2.9,0.0,8.75,0.0,0.0,5297.0,0.81,0.84,-0.1,2.2968598640897877,0.0,0.0,3.0172413793103448,1.0
Kepler-1555,1,1,8.10501635,0.0805,0.0805,1.61,0.0,3.22,0.0,0.0,5866.0,1.06,1.04,0.03,0.9087538952743076,0.0,0.0,2.0,1.0
Kepler-1556,1,1,8.82713457,0.0829,0.0829,1.96,0.0,4.5,0.0,0.0,5608.0,0.95,0.97,0.08,0.9458197474735902,0.0,0.0,2.295918367346939,1.0
Kepler-1557,1,1,3.74032496,0.049,0.049,1.53,0.0,2.96,0.0,0.0,6099.0,1.17,1.11,0.02,0.5729093354101156,0.0,0.0,1.934640522875817,1.0
Kepler-1558,1,1,3.50470358,0.04278,0.04278,0.68,0.0,0.244,0.0,0.0,5101.0,0.79,0.83,0.0,0.544651292198777,0.0,0.0,0.35882352941176465,1.0
Kepler-1559,1,1,0.971915428,0.01835,0.01835,0.72,0.0,0.299,0.0,0.0,5316.0,0.82,0.86,-0.04,-0.01237152391208502,0.0,0.0,0.4152777777777778,1.0
Kepler-156,1,2,10.4401285,0.054,0.117,2.425,0.1767766952966369,6.470000000000001,0.8061017305526637,0.0,5094.0,0.807,0.864,0.2535,1.0187058441161936,0.063,31.746031746031747,2.6680412371134024,2.0
Kepler-1560,1,1,3.03195744,0.04175,0.04175,0.89,0.0,0.64,0.0,0.0,5815.0,1.02,1.02,0.04,0.48172310075194286,0.0,0.0,0.7191011235955056,1.0
Kepler-1561,1,1,1.005207007,0.0194,0.0194,1.09,0.0,1.32,0.0,0.0,5957.0,1.11,1.07,0.04,0.0022555072691540024,0.0,0.0,1.2110091743119267,1.0
Kepler-1562,1,1,64.2737752,0.3308,0.3308,3.55,0.0,12.3,0.0,0.0,5760.0,1.05,1.02,0.11,1.8080338094852666,0.0,0.0,3.4647887323943665,1.0
Kepler-1563,1,1,3.43276598,0.0442,0.0442,0.75,0.0,0.347,0.0,0.0,5765.0,0.99,1.0,0.02,0.5356441975245323,0.0,0.0,0.4626666666666666,1.0
Kepler-1564,1,1,18.0540381,0.1327,0.1327,1.47,0.0,2.76,0.0,0.0,5528.0,0.9,0.93,0.03,1.256574354629889,0.0,0.0,1.8775510204081631,1.0
Kepler-1565,1,1,1.538188437,0.0241,0.0241,1.19,0.0,1.81,0.0,0.0,4940.0,0.73,0.76,-0.16,0.18700954231607486,0.0,0.0,1.5210084033613447,1.0
Kepler-1566,1,1,0.539915238,0.01198,0.01198,0.79,0.0,0.418,0.0,0.0,5254.0,0.81,0.84,-0.07,-0.26767441528495733,0.0,0.0,0.5291139240506328,1.0
Kepler-1567,1,1,153.979578,0.552,0.552,2.73,0.0,7.9,0.0,0.0,5655.0,0.93,0.95,-0.03,2.1874631250570284,0.0,0.0,2.8937728937728937,1.0
Kepler-1568,1,1,20.925392,0.15157,0.15157,1.3,0.0,2.24,0.0,0.0,5956.0,1.19,1.09,0.09,1.3206736024761598,0.0,0.0,1.7230769230769232,1.0
Kepler-1569,1,1,5.79180156,0.06669,0.06669,1.68,0.0,3.46,0.0,0.0,6319.0,1.4,1.25,0.06,0.7628136735493537,0.0,0.0,2.0595238095238098,1.0
Kepler-157,1,3,7.432858913333333,0.028,0.11,1.6733333333333336,0.49571497186723484,3.56,1.8227177510519836,0.0,5774.0,1.044,0.95,-0.0593,0.871155889328938,0.082,36.58536585365854,2.1274900398406373,3.0
Kepler-1570,1,1,26.548955,0.16699,0.16699,1.07,0.0,1.24,0.0,0.0,5550.0,0.89,0.92,-0.04,1.4240474313811307,0.0,0.0,1.158878504672897,1.0
Kepler-1571,1,1,3.38555488,0.04287,0.04287,1.52,0.0,2.92,0.0,0.0,6297.0,1.39,1.23,0.04,0.5296298581239882,0.0,0.0,1.9210526315789473,1.0
Kepler-1572,1,1,5.49548621,0.05838,0.05838,0.94,0.0,0.779,0.0,0.0,5618.0,0.95,0.97,0.08,0.7400061224153265,0.0,0.0,0.8287234042553192,1.0
Kepler-1573,1,1,2.6157554,0.0364,0.0364,1.2,0.0,1.87,0.0,0.0,5808.0,1.0,1.01,0.02,0.41759713055557696,0.0,0.0,1.5583333333333336,1.0
Kepler-1574,1,1,6.9424334,0.0743,0.0743,1.29,0.0,2.21,0.0,0.0,5892.0,1.08,1.06,0.08,0.8415117221779695,0.0,0.0,1.7131782945736433,1.0
Kepler-1575,1,1,2.55314213,0.0366,0.0366,1.31,0.0,2.27,0.0,0.0,5667.0,0.92,0.95,-0.07,0.407074992068869,0.0,0.0,1.732824427480916,1.0
Kepler-1576,1,1,6.98471973,0.07211,0.07211,1.04,0.0,1.12,0.0,0.0,5876.0,1.06,1.05,0.05,0.8441489842288001,0.0,0.0,1.076923076923077,1.0
Kepler-1577,1,1,6.30560247,0.0657,0.0657,1.13,0.0,1.51,0.0,0.0,4862.0,0.74,0.78,0.0,0.7997265876412881,0.0,0.0,1.336283185840708,1.0
Kepler-1578,1,1,1.450886907,0.0252,0.0252,1.04,0.0,1.12,0.0,0.0,5545.0,0.86,0.9,-0.13,0.16163356159003514,0.0,0.0,1.076923076923077,1.0
Kepler-1579,1,1,0.849907889,0.014,0.014,0.84,0.0,0.52,0.0,0.0,4584.0,0.7,0.75,0.11,-0.07062813954061971,0.0,0.0,0.6190476190476191,1.0
Kepler-158,1,3,15.301885,0.111,0.158,1.4833333333333334,0.9188217092196577,3.1523999999999996,2.724137529567845,0.0,4623.0,0.624,0.655,-0.3,1.1847449337373976,0.047,63.829787234042556,2.125213483146067,3.0
Kepler-1580,1,1,56.6449279,0.33571,0.33571,2.11,0.0,5.1,0.0,0.0,6228.0,2.15,1.47,0.12,1.7531610283448775,0.0,0.0,2.4170616113744074,1.0
Kepler-1581,1,1,6.28385491,0.06865,0.06865,0.8,0.0,0.437,0.0,0.0,6022.0,1.23,1.12,0.07,0.7982261489150675,0.0,0.0,0.54625,1.0
Kepler-1582,1,1,4.83817712,0.0316,0.0316,1.49,0.0,2.83,0.0,0.0,3208.0,0.3,0.28,0.48,0.6846817633294163,0.0,0.0,1.8993288590604027,1.0
Kepler-1583,1,1,9.32807355,0.08307,0.08307,0.6,0.0,0.156,0.0,0.0,5645.0,0.91,0.94,-0.07,0.969791961753834,0.0,0.0,0.26,1.0
Kepler-1584,1,1,13.3997099,0.1168,0.1168,1.61,0.0,3.22,0.0,0.0,6069.0,1.13,1.1,0.0,1.1270953961115986,0.0,0.0,2.0,1.0
Kepler-1585,1,1,3.5827463,0.0445,0.0445,1.79,0.0,3.86,0.0,0.0,5538.0,0.91,0.94,0.08,0.5542160561675072,0.0,0.0,2.1564245810055866,1.0
Kepler-1586,1,1,15.6049212,0.12208,0.12208,1.52,0.0,2.92,0.0,0.0,6681.0,1.75,1.45,0.06,1.1932615799547908,0.0,0.0,1.9210526315789473,1.0
Kepler-1587,1,1,9.4060467,0.08747,0.08747,1.33,0.0,2.33,0.0,0.0,5933.0,1.22,1.08,0.07,0.9734071306403346,0.0,0.0,1.7518796992481203,1.0
Kepler-1588,1,1,7.84931739,0.07419,0.07419,0.76,0.0,0.363,0.0,0.0,5817.0,0.99,0.96,-0.14,0.8948318902934873,0.0,0.0,0.4776315789473684,1.0
Kepler-1589,1,1,0.991665274,0.0205,0.0205,1.09,0.0,1.32,0.0,0.0,6166.0,1.25,1.18,0.08,-0.003634894565554385,0.0,0.0,1.2110091743119267,1.0
Kepler-159,1,2,26.8677075,0.082,0.218,2.895,0.7283199846221442,8.879999999999999,3.70523953341751,0.0,4625.0,0.663,0.628,-0.04,1.429230611629505,0.136,14.705882352941176,3.0673575129533677,2.0
Kepler-1590,1,1,7.61760804,0.07116,0.07116,1.14,0.0,1.55,0.0,0.0,6053.0,1.16,1.11,0.03,0.8818186225065371,0.0,0.0,1.3596491228070178,1.0
Kepler-1591,1,1,8.18504949,0.0794,0.0794,1.27,0.0,2.15,0.0,0.0,6082.0,1.16,1.1,0.01,0.9130213096696379,0.0,0.0,1.6929133858267715,1.0
Kepler-1592,1,1,3.05710069,0.04,0.04,1.54,0.0,2.99,0.0,0.0,6213.0,1.28,1.18,0.04,0.485309743073892,0.0,0.0,1.9415584415584417,1.0
Kepler-1593,1,1,174.509835,0.55494,0.55494,3.17,0.0,10.2,0.0,0.0,4995.0,0.77,0.81,0.02,2.241819907890425,0.0,0.0,3.217665615141956,1.0
Kepler-1594,1,1,2.71603809,0.0396,0.0396,1.06,0.0,1.2,0.0,0.0,5946.0,1.08,1.06,0.03,0.43393585624205017,0.0,0.0,1.1320754716981132,1.0
Kepler-1595,1,1,4.56380468,0.051,0.051,1.23,0.0,2.04,0.0,0.0,5203.0,0.8,0.84,-0.02,0.6593270493716451,0.0,0.0,1.6585365853658538,1.0
Kepler-1596,1,1,66.373379,0.3237,0.3237,1.9,0.0,4.27,0.0,0.0,5706.0,0.92,0.95,-0.11,1.8219939276872401,0.0,0.0,2.2473684210526312,1.0
Kepler-1597,1,1,2.94654179,0.04136,0.04136,1.06,0.0,1.2,0.0,0.0,6377.0,1.39,1.25,0.02,0.46931260495524596,0.0,0.0,1.1320754716981132,1.0
Kepler-1598,1,1,4.34195123,0.05207,0.05207,0.95,0.0,0.809,0.0,0.0,5940.0,1.09,1.07,0.04,0.6376849410297705,0.0,0.0,0.8515789473684211,1.0
Kepler-1599,1,1,122.363553,0.4823,0.4823,1.62,0.0,3.26,0.0,0.0,5767.0,0.99,0.99,0.02,2.0876520788544166,0.0,0.0,2.0123456790123453,1.0
Kepler-16,2,1,228.776,0.7048,0.7048,8.4493,0.0,105.833,0.0,0.0069,4450.0,0.6489,0.6897,-0.3,2.3594104623663177,0.0,0.0,12.525653012675606,0.5
Kepler-160,1,3,16.002942,0.05511,0.17,2.7375,1.4460333675264896,39.06333333333333,53.00950889541737,0.0,5471.0,1.118,1.003,0.2,1.204199831212933,0.11489000000000002,26.111933153451123,14.269710806697109,3.0
Kepler-1600,1,2,196.8342989635,0.06961,0.98141,2.5360325599999998,0.8399968092560273,7.195,3.910300499961609,0.0,5214.0,0.82,0.86,0.07,2.2941007777979876,0.9117999999999999,2.1934634788330776,2.83710868444055,2.0
Kepler-1601,1,1,2.20921951,0.03281,0.03281,0.82,0.0,0.477,0.0,0.0,5869.0,1.07,1.04,0.05,0.34423886989833885,0.0,0.0,0.5817073170731707,1.0
Kepler-1602,1,1,11.17931605,0.09744,0.09744,1.34,0.0,2.36,0.0,0.0,6296.0,1.36,1.22,0.02,1.0484152342483448,0.0,0.0,1.761194029850746,1.0
Kepler-1603,1,1,2.27163926,0.0351,0.0351,1.29,0.0,2.21,0.0,0.0,6241.0,1.31,1.21,0.07,0.3563393658460846,0.0,0.0,1.7131782945736433,1.0
Kepler-1604,1,1,0.683684256,0.01406,0.01406,1.41,0.0,2.57,0.0,0.0,4976.0,0.76,0.81,0.02,-0.16514442099370252,0.0,0.0,1.822695035460993,1.0
Kepler-1605,1,1,85.7565495,0.36567,0.36567,1.08,0.0,1.28,0.0,0.0,5280.0,0.82,0.86,-0.01,1.9332672984301211,0.0,0.0,1.1851851851851851,1.0
Kepler-1606,1,1,196.435224,0.6421,0.6421,2.07,0.0,4.94,0.0,0.0,5422.0,0.86,0.9,0.01,2.2932193664305465,0.0,0.0,2.386473429951691,1.0
Kepler-1607,1,1,13.6473676,0.11978,0.11978,0.92,0.0,0.721,0.0,0.0,6116.0,1.21,1.14,0.05,1.1350488896885083,0.0,0.0,0.783695652173913,1.0
Kepler-1608,1,1,16.4735686,0.1126,0.1126,1.73,0.0,3.64,0.0,0.0,4992.0,0.72,0.75,-0.24,1.2167876887514266,0.0,0.0,2.1040462427745665,1.0
Kepler-1609,1,1,114.34219,0.4679,0.4679,2.22,0.0,5.56,0.0,0.0,6132.0,1.27,1.18,0.1,2.05820650601545,0.0,0.0,2.5045045045045042,1.0
Kepler-161,1,2,5.9927975,0.054,0.068,2.085,0.049497474683058526,3.12,0.6929646455628163,0.0,5078.0,0.806,0.853,0.24,0.7776296028894737,0.014000000000000005,142.8571428571428,1.4964028776978417,2.0
Kepler-1610,1,2,26.84350212,0.0777,0.2323,1.85,0.33941125496954255,4.12,1.272792206135785,0.0,5383.0,0.87,0.91,0.1,1.4288391751397147,0.15460000000000002,12.936610608020697,2.227027027027027,2.0
Kepler-1611,1,1,5.1762429,0.0586,0.0586,0.81,0.0,0.457,0.0,0.0,5605.0,0.93,0.94,0.01,0.7140146478102778,0.0,0.0,0.5641975308641975,1.0
Kepler-1612,1,1,3.91795101,0.0482,0.0482,1.03,0.0,1.08,0.0,0.0,5643.0,0.94,0.96,0.03,0.5930590012810539,0.0,0.0,1.0485436893203883,1.0
Kepler-1613,1,1,1.5184299,0.02755,0.02755,2.08,0.0,4.98,0.0,0.0,6005.0,1.12,1.08,0.01,0.18139474703076602,0.0,0.0,2.394230769230769,1.0
Kepler-1614,1,1,3.9466141,0.0471,0.0471,1.49,0.0,2.83,0.0,0.0,5121.0,0.76,0.79,-0.17,0.5962246631490032,0.0,0.0,1.8993288590604027,1.0
Kepler-1615,1,1,47.3126192,0.2788,0.2788,2.06,0.0,4.9,0.0,0.0,5865.0,1.05,1.04,0.06,1.674976991012434,0.0,0.0,2.3786407766990294,1.0
Kepler-1616,1,1,6.76284377,0.07318,0.07318,1.02,0.0,1.04,0.0,0.0,6266.0,1.34,1.21,0.02,0.8301293548051137,0.0,0.0,1.0196078431372548,1.0
Kepler-1617,1,1,27.4785572,0.17707,0.17707,1.2,0.0,1.87,0.0,0.0,6167.0,1.22,1.15,0.01,1.438993925748195,0.0,0.0,1.5583333333333336,1.0
Kepler-1618,1,1,6.10826019,0.07109,0.07109,1.26,0.0,2.13,0.0,0.0,6620.0,1.65,1.41,0.04,0.7859175281673787,0.0,0.0,1.6904761904761905,1.0
Kepler-1619,1,1,23.6225913,0.15413,0.15413,0.76,0.0,0.363,0.0,0.0,5852.0,1.0,1.0,-0.07,1.3733275361887385,0.0,0.0,0.4776315789473684,1.0
Kepler-162,1,2,13.1830765,0.069,0.137,2.145,1.251579002700189,5.779999999999999,5.161879502661797,0.0,5816.0,0.958,1.053,0.1,1.12001677225037,0.068,29.41176470588235,2.6946386946386944,2.0
Kepler-1620,1,1,101.951829,0.4322,0.4322,1.61,0.0,3.22,0.0,0.0,6157.0,1.23,1.15,0.03,2.008395021359694,0.0,0.0,2.0,1.0
Kepler-1621,1,1,92.263714,0.4204,0.4204,2.16,0.0,5.31,0.0,0.0,6158.0,1.24,1.15,0.03,1.96503093279166,0.0,0.0,2.458333333333333,1.0
Kepler-1622,1,1,10.8118737,0.10136,0.10136,1.47,0.0,2.76,0.0,0.0,6436.0,1.5,1.31,0.04,1.0339009638012495,0.0,0.0,1.8775510204081631,1.0
Kepler-1623,1,1,4.36128348,0.0518,0.0518,1.31,0.0,2.27,0.0,0.0,5772.0,1.0,1.0,0.04,0.6396143163910355,0.0,0.0,1.732824427480916,1.0
Kepler-1624,1,1,3.290314,0.0327,0.0327,6.59,0.0,35.3,0.0,0.0,3768.0,0.552,0.541,0.269,0.5172373453542839,0.0,0.0,5.3566009104704095,1.0
Kepler-1625,1,1,287.378949,0.87762,0.87762,6.06,0.0,30.6,0.0,0.0,5677.0,0.94,0.96,0.01,2.4584549521490207,0.0,0.0,5.04950495049505,1.0
Kepler-1626,1,1,4.13962966,0.0537,0.0537,2.02,0.0,4.74,0.0,0.0,6826.0,1.85,1.51,0.04,0.6169614899584339,0.0,0.0,2.3465346534653464,1.0
Kepler-1627,1,1,7.20283653,0.0643,0.0643,3.69,0.0,13.2,0.0,0.0,5445.0,0.84,0.87,-0.1,0.8575035584772916,0.0,0.0,3.5772357723577235,1.0
Kepler-1628,1,1,76.378033,0.2952,0.2952,6.43,0.0,33.8,0.0,0.0,3724.0,0.52,0.55,0.17,1.88296846958789,0.0,0.0,5.256609642301711,1.0
Kepler-1629,1,1,3.87595807,0.0485,0.0485,0.77,0.0,0.381,0.0,0.0,5776.0,1.01,1.01,0.05,0.5883790702192532,0.0,0.0,0.4948051948051948,1.0
Kepler-163,1,2,14.5790995,0.078,0.152,1.6549999999999998,0.8555992052357224,3.4450000000000003,3.231477990022522,0.0,5776.0,0.917,0.882,0.1412,1.1637306999587327,0.074,27.027027027027028,2.0815709969788525,2.0
Kepler-1630,1,1,509.997402,1.1218,1.1218,2.19,0.0,5.43,0.0,0.0,4736.0,0.63,0.66,-0.46,2.707567963745117,0.0,0.0,2.4794520547945207,1.0
Kepler-1631,1,1,4.09513932,0.0511,0.0511,1.35,0.0,2.39,0.0,0.0,5679.0,0.95,0.97,0.04,0.6122686814024145,0.0,0.0,1.7703703703703704,1.0
Kepler-1632,1,1,448.303558,0.6762,0.6762,2.47,0.0,6.66,0.0,0.0,6137.0,1.19,1.12,0.0,2.651572185695225,0.0,0.0,2.6963562753036436,1.0
Kepler-1633,1,1,186.404271,0.3875,0.3875,1.58,0.0,3.12,0.0,0.0,6256.0,1.32,1.2,0.02,2.270455858932566,0.0,0.0,1.9746835443037976,1.0
Kepler-1634,1,1,374.876239,1.0525,1.0525,3.19,0.0,10.3,0.0,0.0,5474.0,0.89,0.92,0.02,2.573887914152642,0.0,0.0,3.2288401253918497,1.0
Kepler-1635,1,1,469.63111,1.12664,1.12664,3.64,0.0,12.9,0.0,0.0,5347.0,0.85,0.89,0.06,2.6717568583711966,0.0,0.0,3.543956043956044,1.0
Kepler-1636,1,1,425.47785,1.12191,1.12191,3.23,0.0,10.5,0.0,0.0,5797.0,1.02,1.01,0.03,2.6288769560230407,0.0,0.0,3.2507739938080498,1.0
Kepler-1637,1,1,6.10960324,0.0596,0.0596,0.89,0.0,0.64,0.0,0.0,5789.0,1.02,1.02,0.07,0.7860130079064691,0.0,0.0,0.7191011235955056,1.0
Kepler-1638,1,1,259.33683,0.745,0.745,1.87,0.0,4.16,0.0,0.0,5710.0,0.95,0.97,-0.01,2.4138641979492066,0.0,0.0,2.2245989304812834,1.0
Kepler-1639,1,1,9.878482,0.0932,0.0932,2.58,0.0,7.18,0.0,0.0,6150.0,1.18,1.12,-0.03,0.994690212839225,0.0,0.0,2.782945736434108,1.0
Kepler-164,1,4,34.963606,0.058,0.4025,2.7075,1.168884796148306,8.435,5.957429535182659,0.0,5888.0,1.148,1.036,0.0,1.543616217587658,0.34450000000000003,11.611030478955007,3.115420129270545,4.0
Kepler-1640,1,1,7.5844126,0.0836,0.0836,4.82,0.0,20.7,0.0,0.0,6324.0,1.43,1.27,0.1,0.87992195104798,0.0,0.0,4.2946058091286305,1.0
Kepler-1641,1,2,26.164739,0.1473,0.2065,3.0300000000000002,0.11313708498984755,9.43,0.5939696961966998,0.0,6152.0,1.19,1.12,-0.02,1.417716406898152,0.0592,33.78378378378378,3.112211221122112,2.0
Kepler-1642,1,2,9.42856575,0.0678,0.1016,2.93,0.3818376618407357,8.93,1.9374725804511408,0.0,5355.0,0.84,0.88,-0.01,0.974445633963811,0.0338,59.1715976331361,3.04778156996587,2.0
Kepler-1643,1,1,5.342657,0.0531,0.0531,2.32,0.0,5.99,0.0,0.0,4916.0,0.855,0.845,-0.01,0.7277572932566617,0.0,0.0,2.5818965517241383,1.0
Kepler-1644,1,1,21.0907758,0.142,0.142,1.88,0.0,4.19,0.0,0.0,5499.0,0.86,0.89,-0.1,1.3240925550577545,0.0,0.0,2.2287234042553195,1.0
Kepler-1645,1,1,16.1779561,0.1285,0.1285,1.78,0.0,3.82,0.0,0.0,5812.0,1.02,1.02,0.04,1.2089236525938243,0.0,0.0,2.1460674157303368,1.0
Kepler-1646,1,1,4.48558383,0.0295,0.0295,1.23,0.0,2.04,0.0,0.0,3299.0,0.26,0.24,0.04,0.6518189775129389,0.0,0.0,1.6585365853658538,1.0
Kepler-1647,2,1,1107.5923,2.7205,2.7205,11.8739,0.0,483.0,0.0,0.0581,6210.0,1.7903,1.2207,-0.14,3.044379927861606,0.0,0.0,40.67745222715367,0.5
Kepler-1649,1,2,14.112184500000001,0.0514,0.0649,1.0385,0.030405591591021647,1.115,0.12020815280171303,0.0,3240.0,0.2317,0.1977,-0.15,1.1495942457078214,0.013499999999999998,148.14814814814818,1.073663938372653,2.0
Kepler-165,1,2,11.746918999999998,0.072,0.11,2.275,0.06363961030678918,5.795,0.27577164466275395,0.0,5211.0,0.77,0.746,-0.25,1.06992397411773,0.038000000000000006,52.63157894736841,2.5472527472527475,2.0
Kepler-1650,1,1,1.53818001,0.0167,0.0167,0.96,0.0,0.84,0.0,0.01,3410.0,0.334,0.326,-0.11,0.18700716301745568,0.0,0.0,0.875,1.0
Kepler-1651,2,1,9.87863917,0.0692,0.0692,1.84,0.0,4.04,0.0,0.13,3713.0,0.503,0.522,-0.16,0.9946971225568032,0.0,0.0,2.1956521739130435,0.5
Kepler-1652,1,1,38.09722,0.1654,0.1654,1.6,0.0,3.19,0.0,0.0,3638.0,0.382,0.404,-0.3,1.580893285840735,0.0,0.0,1.99375,1.0
Kepler-1653,1,1,140.2524,0.4706,0.4706,2.17,0.0,5.35,0.0,0.0,4807.0,0.693,0.719,-0.18,2.1469103016418427,0.0,0.0,2.4654377880184333,1.0
Kepler-1654,1,1,1047.8356,2.026,2.026,9.180171,0.0,158.915,0.0,0.26,5597.0,1.179,1.011,-0.088,3.0202931494286984,0.0,0.0,17.310679724811227,1.0
Kepler-1655,1,1,11.8728787,0.1029,0.1029,2.213,0.0,5.4,0.0,0.19,6148.0,1.03,1.03,-0.24,1.0745560308291098,0.0,0.0,2.4401265250790782,1.0
Kepler-1656,1,2,975.281,0.1974,3.053,9.286999999999999,6.665188519464398,87.1,55.57859300126265,0.6825,5569.0,1.1,1.03,0.19,2.9891297635621106,2.8556,0.7003782042302844,9.378701410573921,2.0
Kepler-166,1,3,14.488179642666667,0.02449,0.195,2.1266666666666665,0.3478984526170438,5.223333333333334,1.3929225869851247,0.0,5413.0,0.742,0.811,-0.08,1.1610138222683961,0.17051,17.594275995542784,2.4561128526645772,3.0
Kepler-1660 A,2,1,239.5044,0.8,0.8,12.9,0.0,1586.59940774,0.0,0.05541,6305.24,1.491,1.1366,-0.36,2.37931349636506,0.0,0.0,122.9922021503876,0.5
Kepler-1661,2,1,175.06,0.633,0.633,3.87,0.0,17.0,0.0,0.057,5100.0,0.762,0.841,-0.12,2.2431869241314715,0.0,0.0,4.3927648578811365,0.5
Kepler-1663,1,1,17.6046,0.1072,0.1072,3.30395896,0.0,10.9,0.0,0.0,3844.0,0.62859,0.610816,0.06,1.2456261617682425,0.0,0.0,3.2990724557910367,1.0
Kepler-1664,1,1,14.3868,0.1137,0.1137,3.03320653,0.0,9.45,0.0,0.0,5735.81,1.072,0.944,0.3698,1.157964206244588,0.0,0.0,3.1155148541764475,1.0
Kepler-1665,1,1,11.9548,0.096,0.096,2.83910787,0.0,8.44,0.0,0.0,5049.84,0.777785,0.842,-0.013,1.0775423149040781,0.0,0.0,2.972764821366227,1.0
Kepler-1666,1,2,33.28165,0.1761,0.2383,3.059192655,0.2495448208033066,9.58,1.3010764773832473,0.0,6293.0,1.14586,1.23,-0.2,1.5222048491130313,0.062200000000000005,32.15434083601286,3.1315451756012407,2.0
Kepler-1667,1,1,83.5781,0.35905,0.35905,2.98385261,0.0,9.19,0.0,0.0,5941.54,1.08751,1.09,-0.2603,1.9220924940043669,0.0,0.0,3.0799108405022726,1.0
Kepler-1668,1,1,15.434,0.124,0.124,4.34764405,0.0,17.4,0.0,0.0,5542.0,1.01738,0.98,0.07,1.188478495913935,0.0,0.0,4.002167564752684,1.0
Kepler-1669,1,3,5.283630605,0.0228,0.0745,1.9672159666666669,0.7823103264368262,4.8,3.1189581593859192,0.0,4303.0,0.714145,0.67,-0.23,0.7229324471298554,0.051699999999999996,58.02707930367505,2.4399964626829056,3.0
Kepler-167,2,4,276.20877497500004,0.04825,1.883,3.6975,4.313777115243671,82.5266727675,158.9881819920528,0.0725,4884.0,0.749,0.777,0.02,2.44123747171794,1.83475,2.180133533178907,22.319586955375257,2.0
Kepler-1670,1,1,20.4998,0.1528,0.1528,3.3564801,0.0,11.2,0.0,0.0,5838.0,1.51889,1.05,-0.08,1.3117496240157502,0.0,0.0,3.3368289595996705,1.0
Kepler-1671,1,1,4.16787,0.04946,0.04946,1.32557381,0.0,2.32,0.0,0.0,5135.55,0.929771,0.866,0.2502,0.6199141644269927,0.0,0.0,1.750185453648937,1.0
Kepler-1672,1,1,150.878,0.55374,0.55374,2.97022762,0.0,9.11,0.0,0.0,6131.95,1.08841,1.16,-0.25,2.1786259185353485,0.0,0.0,3.0671050052386217,1.0
Kepler-1673,1,1,33.7888,0.21363,0.21363,2.9355194,0.0,8.93,0.0,0.0,6014.95,1.13166,1.11,0.228,1.5287727681989127,0.0,0.0,3.0420510932409437,1.0
Kepler-1674,1,1,62.5611,0.3017,0.3017,3.2057749,0.0,10.4,0.0,0.0,5473.91,0.877273,0.96,0.0562,1.7963043762367372,0.0,0.0,3.2441454326690247,1.0
Kepler-1675,1,1,63.0382,0.32185,0.32185,3.12483349,0.0,9.93,0.0,0.0,5853.19,1.12865,1.06,0.2537,1.7996038037640476,0.0,0.0,3.177769321718323,1.0
Kepler-1676,1,1,29.9221,0.1954,0.1954,3.3769596,0.0,11.3,0.0,0.0,5878.3,1.06066,1.07,0.135,1.4759920700215514,0.0,0.0,3.346205267010005,1.0
Kepler-1677,1,1,22.064,0.1599,0.1599,2.70216183,0.0,7.76,0.0,0.0,6013.72,1.24959,1.11,0.108,1.3436842488317746,0.0,0.0,2.871774707882688,1.0
Kepler-1678,1,1,147.974,0.5302,0.5302,3.30422249,0.0,10.9,0.0,0.0,5754.0,0.834976,1.03,0.0,2.170185413716036,0.0,0.0,3.29880933653472,1.0
Kepler-1679,1,1,9.75376,0.0892,0.0892,2.0692036,0.0,4.93,0.0,0.0,5501.0,0.873196,0.96,-0.04,0.9891720651823477,0.0,0.0,2.3825591643084327,1.0
Kepler-168,1,2,8.8093165,0.056,0.116,2.075,0.8697413408594533,5.215,3.514320702497142,0.0,6282.0,1.107,1.113,0.09,0.9449422135432907,0.060000000000000005,33.33333333333333,2.5132530120481924,2.0
Kepler-1680,1,1,8.77424,0.07642,0.07642,1.35954736,0.0,2.42,0.0,0.0,5021.0,0.723259,0.834,-0.07,0.9432095093999207,0.0,0.0,1.7800041919834257,1.0
Kepler-1681,1,1,69.8956,0.32,0.32,2.55321772,0.0,7.05,0.0,0.0,5756.4,0.759,0.893,0.1064,1.8444498373212816,0.0,0.0,2.7612216321293586,1.0
Kepler-1682,1,1,14.8334,0.1134,0.1134,2.88940836,0.0,8.7,0.0,0.0,5619.12,0.842301,0.99,-0.048,1.1712407081421947,0.0,0.0,3.0109970333165363,1.0
Kepler-1683,1,1,15.0337,0.1182,0.1182,1.87477762,0.0,4.17,0.0,0.0,5429.0,0.900327,0.95,0.16,1.1770658795774618,0.0,0.0,2.2242638036184794,1.0
Kepler-1684,1,1,47.7055,0.2253,0.2253,2.87084792,0.0,8.6,0.0,0.0,4706.54,0.666755,0.75,0.1267,1.678568452037019,0.0,0.0,2.9956306428102257,1.0
Kepler-1685,1,1,20.4905,0.1485,0.1485,2.57673985,0.0,7.16,0.0,0.0,5484.0,0.835451,0.96,0.21,1.311552555989851,0.0,0.0,2.7787050369093333,1.0
Kepler-1686,1,1,9.30987,0.08827,0.08827,1.42553017,0.0,2.62,0.0,0.0,5714.96,1.19951,1.02,0.0775,0.968943616676635,0.0,0.0,1.8379126974211988,1.0
Kepler-1687,1,1,5.77954,0.0532,0.0532,1.65623882,0.0,3.38,0.0,0.0,4132.0,0.726119,0.65,-0.14,0.7618932738164391,0.0,0.0,2.0407684925535072,1.0
Kepler-1688,1,1,5.62012,0.0577,0.0577,1.26174569,0.0,2.13,0.0,0.0,4632.11,0.746,0.814,-0.046,0.7497455886618448,0.0,0.0,1.6881373297974174,1.0
Kepler-1689,1,1,8.483,0.0784,0.0784,0.94678642,0.0,0.799,0.0,0.0,5731.43,0.996208,1.023,-0.1455,0.9285494670016639,0.0,0.0,0.8439073302297683,1.0
Kepler-169,1,5,23.730302000000002,0.04,0.359,1.6740000000000002,0.6686777998408503,3.6380000000000003,2.5389013371929208,0.0,4997.0,0.763,0.825,0.17,1.37530326523373,0.319,15.67398119122257,2.173237753882915,5.0
Kepler-1690,1,1,234.636,0.7097,0.7097,2.81109223,0.0,8.3,0.0,0.0,5404.0,0.862346,0.94,0.0,2.3703946463212215,0.0,0.0,2.952589001322095,1.0
Kepler-1691,1,1,3.8482,0.0495,0.0495,1.83470985,0.0,4.02,0.0,0.0,6000.0,1.13152,1.11,0.16,0.5852576352574622,0.0,0.0,2.1910821484933978,1.0
Kepler-1692,1,1,5.95966,0.0646,0.0646,1.11177184,0.0,1.42,0.0,0.0,5146.0,0.866139,0.87,0.36,0.7752214838449698,0.0,0.0,1.2772404812843612,1.0
Kepler-1693,1,2,8.7318049635,0.0588,0.1011,1.13318351,0.2209010352550861,1.552,0.9305525240414965,0.0,5432.34,0.878295,0.95,0.026,0.9411040265994364,0.0423,47.28132387706856,1.3695928208485844,2.0
Kepler-1694,1,1,3.89526,0.0449,0.0449,1.17986031,0.0,1.76,0.0,0.0,4954.0,0.756284,0.82,0.14,0.5905364511733445,0.0,0.0,1.4917020134358108,1.0
Kepler-1695,1,1,4.7329,0.0529,0.0529,1.11948901,0.0,1.46,0.0,0.0,5473.19,0.987155,0.96,-0.0347,0.6751273284893354,0.0,0.0,1.3041664428666433,1.0
Kepler-1696,1,1,65.9409,0.3244,0.3244,2.80982017,0.0,8.29,0.0,0.0,5712.0,1.19811,1.02,-0.04,1.8191548703528777,0.0,0.0,2.950366748915465,1.0
Kepler-1697,1,1,33.4969,0.2008,0.2008,1.25954761,0.0,2.12,0.0,0.0,4681.53,0.772344,0.747,0.0341,1.5250046167326712,0.0,0.0,1.6831439980264025,1.0
Kepler-1698,1,1,1.2107,0.02065,0.02065,1.07315686,0.0,1.25,0.0,0.0,4975.03,0.741698,0.822,0.08,0.08303654241196466,0.0,0.0,1.1647877832137232,1.0
Kepler-1699,1,1,3.49082,0.0418,0.0418,1.56671124,0.0,3.08,0.0,0.0,5575.53,0.725,0.81,0.225,0.5429274555107823,0.0,0.0,1.9659015148190293,1.0
Kepler-17,1,1,1.4857108,0.02591,0.02591,14.68,0.0,778.65,0.0,0.011,5781.0,1.01034,1.04,0.26,0.1719342803616592,0.0,0.0,53.04155313351499,1.0
Kepler-170,1,2,12.298227500000001,0.08,0.131,3.0300000000000002,0.24041630560342653,45.574999999999996,52.361257146863835,0.0,5679.0,1.035,1.066,0.39,1.0898425226231505,0.051000000000000004,39.2156862745098,15.04125412541254,2.0
Kepler-1700,1,1,234.239,0.76094,0.76094,2.90129941,0.0,8.76,0.0,0.0,6031.0,1.0937,1.12,0.07,2.3696592053166134,0.0,0.0,3.019336773656187,1.0
Kepler-1701,1,1,169.134,0.5738,0.5738,2.22186207,0.0,5.57,0.0,0.0,5146.0,0.840217,0.87,0.03,2.228230920005332,0.0,0.0,2.506906290542149,1.0
Kepler-1702,1,1,18.5012,0.1275,0.1275,1.60190793,0.0,3.2,0.0,0.0,5093.0,0.725742,0.85,-0.24,1.2671998979422971,0.0,0.0,1.9976179280166246,1.0
Kepler-1704,1,1,988.88112,2.027,2.027,11.94877343,0.0,1322.16617312,0.0,0.92,5746.0,1.697,1.132,0.196,2.99514408529666,0.0,0.0,110.65287837832908,1.0
Kepler-1705,1,2,10.157509999999998,0.08,0.08,2.04,0.014142135623730807,4.945,0.6717514421272199,0.0305,6312.0,1.259,1.139,-0.2,1.0067872585586441,0.0,0.0,2.4240196078431375,2.0
Kepler-1708,1,1,737.1131,1.64,1.64,9.96,0.0,1462.0106722,0.0,0.4,6157.0,1.117,1.088,0.0,2.8675341295651724,0.0,0.0,146.7882201004016,1.0
Kepler-1709,1,1,65.70459747,0.32704,0.32704,3.12424875,0.0,9.93,0.0,0.0,5918.0,1.043,1.003,-0.04,1.8175957589965428,0.0,0.0,3.1783640787245253,1.0
Kepler-171,1,3,18.408651000000003,0.05,0.223,2.263333333333333,0.341516227042484,5.796666666666667,1.4459714151162646,0.0,5642.0,0.839,0.978,0.17,1.2650219642388427,0.173,17.341040462427745,2.561119293078056,3.0
Kepler-1710,1,1,14.91110039,0.11583,0.11583,3.19744103,0.0,3.49494179,0.0,0.0,5650.0,0.899,0.932,-0.04,1.1735096941351564,0.0,0.0,1.0930433922654705,1.0
Kepler-1711,1,1,21.06080055,0.1463,0.1463,1.923,0.0,4.36,0.0,0.0,5706.0,1.034,0.94,0.0,1.3234748752938936,0.0,0.0,2.2672906916276654,1.0
Kepler-1712,1,1,13.81499958,0.0903,0.0903,2.28372556,0.0,5.83,0.0,0.0,3732.0,0.509,0.515,0.02,1.1403508760492231,0.0,0.0,2.5528461484662803,1.0
Kepler-1713,1,1,18.01160049,0.14185,0.14185,1.71673535,0.0,3.59,0.0,0.0,6477.0,1.459,1.3,0.1,1.2555523054398692,0.0,0.0,2.091178468480887,1.0
Kepler-1714,1,1,10.27530003,0.10549,0.10549,3.26437302,0.0,10.7,0.0,0.0,6150.0,2.086,1.448,0.22,1.0117945117618337,0.0,0.0,3.277811676068809,1.0
Kepler-1715,1,1,35.59730148,0.22429,0.22429,4.14042267,0.0,16.0,0.0,0.0,6212.0,1.209,1.082,-0.04,1.5514170767154256,0.0,0.0,3.864339772828072,1.0
Kepler-1716,1,1,35.58100128,0.18836,0.18836,2.4247685,0.0,6.46,0.0,0.0,4894.0,0.684,0.753,-0.24,1.551218165340381,0.0,0.0,2.664171858055728,1.0
Kepler-1717,1,1,30.65279961,0.2014,0.2014,2.98929758,0.0,9.21,0.0,0.0,6200.0,1.64,1.158,-0.06,1.4864701460534218,0.0,0.0,3.0809913544974004,1.0
Kepler-1718,1,1,135.1880035,0.48418,0.48418,2.5685207,0.0,7.12,0.0,0.0,5731.0,0.906,0.846,-0.32,2.130938154291179,0.0,0.0,2.7720236009777923,1.0
Kepler-1719,1,1,6.149559975,0.06868,0.06868,3.95000623,0.0,14.8,0.0,0.0,5687.0,1.775,1.08,0.04,0.7888440414231846,0.0,0.0,3.7468295334815207,1.0
Kepler-172,1,4,14.76879,0.04,0.211,2.5549999999999997,0.3000555504124749,7.102500000000001,1.4087198680598876,0.0,5526.0,1.085,1.081,0.39,1.1693449152273625,0.17099999999999999,23.391812865497077,2.7798434442270064,4.0
Kepler-1720,1,1,12.70639992,0.1043,0.1043,3.21585295,0.0,10.4,0.0,0.0,5573.0,0.839,0.939,-0.04,1.104022520156801,0.0,0.0,3.233978717839073,1.0
Kepler-1721,1,1,4.592380047,0.0519,0.0519,3.11856756,0.0,9.9,0.0,0.0,5351.0,0.796,0.89,-0.04,0.6620378213509887,0.0,0.0,3.174534400659257,1.0
Kepler-1722,1,1,9.178569794,0.0819,0.0819,2.86719266,0.0,8.58,0.0,0.0,5506.0,0.788,0.876,-0.2,0.9627750146474736,0.0,0.0,2.9924741785576416,1.0
Kepler-1723,1,1,39.75289917,0.2249,0.2249,2.88046569,0.0,8.65,0.0,0.0,6072.0,1.01,0.96,-0.3,1.5993688071464331,0.0,0.0,3.0029866455378613,1.0
Kepler-1724,1,1,6.45442009,0.0683,0.0683,2.83677238,0.0,8.43,0.0,0.0,6092.0,0.943,1.016,-0.22,0.8098572283178974,0.0,0.0,2.971687139734489,1.0
Kepler-1725,1,1,16.71990013,0.13263,0.13263,2.8125177,0.0,8.31,0.0,0.0,6020.0,1.085,1.049,0.0,1.2232336790169065,0.0,0.0,2.9546480720814667,1.0
Kepler-1726,1,1,18.39629936,0.12794,0.12794,2.50861954,0.0,6.84,0.0,0.0,5316.0,0.804,0.876,0.0,1.2647304681632676,0.0,0.0,2.7265991876950775,1.0
Kepler-1727,1,1,9.029299736,0.0796,0.0796,3.17321625,0.0,10.2,0.0,0.0,5349.0,0.82,0.824,-0.12,0.9556540700716721,0.0,0.0,3.2144043129742577,1.0
Kepler-1728,1,1,4.782999992,0.0535,0.0535,2.95501875,0.0,9.04,0.0,0.0,5170.0,0.807,0.891,0.18,0.6797003801455673,0.0,0.0,3.0592022470246594,1.0
Kepler-1729,1,1,4.220970154,0.0418,0.0418,3.89404186,0.0,14.4,0.0,0.0,3837.0,0.517,0.544,-0.06,0.6254122813183661,0.0,0.0,3.697957165771197,1.0
Kepler-173,1,2,6.1347594999999995,0.048,0.074,1.86,0.8061017305526643,4.345000000000001,3.019345955666558,0.0,6031.0,0.949,1.067,0.0357,0.7877975418193072,0.025999999999999995,76.92307692307693,2.3360215053763445,2.0
Kepler-1730,1,1,13.81019974,0.1131,0.1131,4.48524519,0.0,18.4,0.0,0.0,5942.0,1.142,1.009,-0.04,1.1401999599220418,0.0,0.0,4.1023398321731435,1.0
Kepler-1731,1,1,21.76129913,0.1399,0.1399,2.93295657,0.0,8.92,0.0,0.0,4859.0,0.72,0.781,0.0,1.3376848187903276,0.0,0.0,3.041299721666182,1.0
Kepler-1732,1,1,32.31240082,0.2015,0.2015,4.09903273,0.0,15.7,0.0,0.0,5821.0,1.494,1.043,0.04,1.5093692274123212,0.0,0.0,3.8301719049703706,1.0
Kepler-1733,1,1,9.229579926,0.0933,0.0933,3.63582354,0.0,12.8,0.0,0.0,6320.0,1.252,1.273,0.24,0.9651819350484679,0.0,0.0,3.5205228909431616,1.0
Kepler-1734,1,1,6.796850204,0.0714,0.0714,3.08851092,0.0,9.74,0.0,0.0,6061.0,0.97,1.05,-0.1,0.8323076985976939,0.0,0.0,3.1536233001241905,1.0
Kepler-1735,1,1,7.71792984,0.0621,0.0621,1.19429134,0.0,1.84,0.0,0.0,3975.0,0.509,0.535,-0.34,0.8875008262903993,0.0,0.0,1.5406625991276133,1.0
Kepler-1736,1,1,37.81029892,0.2188,0.2188,3.8765856,0.0,14.3,0.0,0.0,6085.0,0.973,0.976,-0.28,1.577610110813828,0.0,0.0,3.6888131658952665,1.0
Kepler-1737,1,1,64.61750031,0.297,0.297,5.395,0.0,25.1,0.0,0.0,5043.0,0.881,0.834,0.3,1.8103501535799364,0.0,0.0,4.6524559777571834,1.0
Kepler-1738,1,1,7.674630165,0.0781,0.0781,2.82472883,0.0,8.37,0.0,0.0,6063.0,1.001,1.079,-0.02,0.8850574563095277,0.0,0.0,2.9631162861038236,1.0
Kepler-1739,1,1,7.343709946,0.0697,0.0697,2.43056832,0.0,6.48,0.0,0.0,5757.0,0.762,0.865,-0.5,0.8659155152330399,0.0,0.0,2.6660431417126347,1.0
Kepler-174,1,3,101.778683,0.1,0.677,1.88,0.35679125549822543,4.253333333333333,1.3174343753422153,0.0,4880.0,0.622,0.602,-0.56,2.007656826871986,0.5770000000000001,5.1993067590987865,2.2624113475177303,3.0
Kepler-1740,1,1,8.172400475,0.0779,0.0779,3.32321414,0.0,11.0,0.0,0.0,5705.0,0.905,0.943,-0.06,0.9123496403663252,0.0,0.0,3.3100485062331853,1.0
Kepler-1741,1,1,2.757590055,0.0296,0.0296,1.273,0.0,2.16,0.0,0.0,3683.0,0.424,0.454,-0.22,0.44052970415880816,0.0,0.0,1.6967792615868031,1.0
Kepler-1742,1,1,49.47819901,0.2587,0.2587,2.1782413,0.0,5.38,0.0,0.0,5776.0,0.849,0.939,-0.18,1.6944138830699778,0.0,0.0,2.4698824689440975,1.0
Kepler-1743,1,1,7.649710178,0.084,0.084,1.59887007,0.0,3.18,0.0,0.0,5855.0,1.613,1.266,0.4,0.883644981496145,0.0,0.0,1.98890457684282,1.0
Kepler-1744,1,1,37.10110092,0.20945,0.20945,3.76754004,0.0,13.6,0.0,0.0,5986.0,0.85,0.886,-0.5,1.5693867968492008,0.0,0.0,3.6097824722786487,1.0
Kepler-1745,1,1,3.016190052,0.0408,0.0408,1.92872921,0.0,4.38,0.0,0.0,5611.0,1.4,0.995,0.16,0.47945870322373707,0.0,0.0,2.2709253208230304,1.0
Kepler-1746,1,1,321.2120056,0.94082,0.94082,8.93504475,0.0,59.1,0.0,0.0,6018.0,1.286,1.09,0.06,2.506791769073618,0.0,0.0,6.614404477381045,1.0
Kepler-1747,1,1,6.230319977,0.066,0.066,4.26508,0.0,16.8,0.0,0.0,5477.0,0.865,0.983,0.21,0.7945103517437457,0.0,0.0,3.938964802535943,1.0
Kepler-1748,1,1,5.823520184,0.0615,0.0615,2.71275017,0.0,7.81,0.0,0.0,5774.0,0.864,0.916,-0.22,0.76518558505061,0.0,0.0,2.8789971470170435,1.0
Kepler-1749,1,1,14.53409958,0.0956,0.0956,1.61301783,0.0,3.23,0.0,0.0,3957.0,0.553,0.551,-0.16,1.162388131424625,0.0,0.0,2.0024577161679606,1.0
Kepler-175,1,2,22.969386,0.105,0.213,2.83,0.3818376618407357,8.440000000000001,1.9233304448274091,0.0,6064.0,1.01,0.969,0.04,1.361149386123372,0.108,18.51851851851852,2.982332155477032,2.0
Kepler-1750,1,1,205.9120026,0.6785,0.6785,6.00434637,0.0,30.1,0.0,0.0,5644.0,0.969,0.981,0.14,2.313681662358792,0.0,0.0,5.013035248997469,1.0
Kepler-1751,1,1,7.017310143,0.0712,0.0712,1.82417378,0.0,3.98,0.0,0.0,6052.0,0.967,0.974,-0.26,0.8461706714008327,0.0,0.0,2.1818096738568404,1.0
Kepler-1752,1,1,56.35850143,0.2698,0.2698,4.54060463,0.0,18.7,0.0,0.0,5446.0,0.821,0.824,-0.2,1.7509594367202443,0.0,0.0,4.118394250062684,1.0
Kepler-1753,1,1,16.00460052,0.1179,0.1179,2.22678077,0.0,5.59,0.0,0.0,5180.0,0.769,0.86,0.0,1.2042448384848483,0.0,0.0,2.5103504014901294,1.0
Kepler-1754,1,1,8.195949554,0.0718,0.0718,2.43996509,0.0,6.53,0.0,0.0,4723.0,0.747,0.734,0.08,0.9135992766585306,0.0,0.0,2.6762677985692003,1.0
Kepler-1755,1,1,24.81209946,0.1668,0.1668,5.91688317,0.0,29.4,0.0,0.0,6086.0,0.921,1.003,-0.26,1.3946635133780891,0.0,0.0,4.968832264436953,1.0
Kepler-1756,1,1,2.355750084,0.0319,0.0319,1.47199944,0.0,2.77,0.0,0.0,4915.0,0.812,0.781,0.16,0.3721292152760313,0.0,0.0,1.8817941941608347,1.0
Kepler-1757,1,1,19.65640068,0.1335,0.1335,2.94660251,0.0,8.99,0.0,0.0,5288.0,0.74,0.828,-0.24,1.2935039963077712,0.0,0.0,3.0509714050301273,1.0
Kepler-1758,1,1,9.977210045,0.0919,0.0919,2.57059831,0.0,7.13,0.0,0.0,5557.0,1.616,1.035,0.16,0.9990091152898074,0.0,0.0,2.77367333988483,1.0
Kepler-1759,1,1,3.720230103,0.0429,0.0429,0.9037791,0.0,0.676,0.0,0.0,5017.0,0.797,0.76,-0.02,0.5705698026164683,0.0,0.0,0.7479703834709168,1.0
Kepler-176,1,4,23.7776375,0.058,0.25654,1.9974999999999998,0.6448449426024833,73.52693749999999,144.6742371641047,0.0,5232.0,0.891,0.86,0.13,1.3761687017678064,0.19854,20.147073637554147,36.80948060075094,4.0
Kepler-1760,1,1,38.3260994,0.2084,0.2084,2.28995546,0.0,5.86,0.0,0.0,5229.0,0.903,0.821,0.08,1.5834946216217871,0.0,0.0,2.559001737090555,1.0
Kepler-1761,1,1,4.043540001,0.0413,0.0413,1.39109603,0.0,2.51,0.0,0.0,3871.0,0.532,0.573,0.07,0.6067617437561793,0.0,0.0,1.8043326599098986,1.0
Kepler-1762,1,1,29.53910065,0.204,0.204,2.76022913,0.0,8.05,0.0,0.0,6572.0,1.238,1.298,0.07,1.4703972686100506,0.0,0.0,2.9164245505951896,1.0
Kepler-1763,1,1,1.480280042,0.0257,0.0257,1.14651332,0.0,1.59,0.0,0.0,5897.0,1.259,1.026,0.02,0.17034388376682652,0.0,0.0,1.386813369076253,1.0
Kepler-1764,1,1,70.46829987,0.3512,0.3512,4.55527871,0.0,18.8,0.0,0.0,6461.0,1.131,1.162,-0.14,1.8479937937622843,0.0,0.0,4.127080074975259,1.0
Kepler-1765,1,1,10.41889954,0.0917,0.0917,2.49508857,0.0,6.78,0.0,0.0,5692.0,1.064,0.946,0.04,1.017821850542759,0.0,0.0,2.7173384069488162,1.0
Kepler-1766,1,1,105.0149994,0.4161,0.4161,2.27904508,0.0,5.81,0.0,0.0,5868.0,1.042,0.915,-0.22,2.0212513342262985,0.0,0.0,2.5493133290720165,1.0
Kepler-1767,1,1,59.65829849,0.2873,0.2873,3.01299077,0.0,9.34,0.0,0.0,5243.0,0.831,0.887,0.14,1.7756708627212892,0.0,0.0,3.0999099277028317,1.0
Kepler-1768,1,1,15.13589954,0.1286,0.1286,2.23346338,0.0,5.62,0.0,0.0,6050.0,1.572,1.24,0.14,1.1800082365677307,0.0,0.0,2.5162713883403813,1.0
Kepler-1769,1,1,89.1934967,0.40598,0.40598,4.465,0.0,18.2,0.0,0.0,6071.0,1.295,1.061,-0.06,1.950333190135468,0.0,0.0,4.076147816349384,1.0
Kepler-177,1,2,43.13468,0.21101,0.25655,6.115,3.6981684656056437,10.27,6.264966081312811,0.0,5732.0,1.324,0.921,-0.11,1.6348265805181046,0.04554,43.91743522178305,1.6794766966475878,2.0
Kepler-1770,1,1,16.84189987,0.1261,0.1261,2.84141754,0.0,8.45,0.0,0.0,5602.0,1.009,0.941,0.1,1.2263910810185732,0.0,0.0,2.9738677547545507,1.0
Kepler-1771,1,1,88.64399719,0.3815,0.3815,4.05537256,0.0,15.5,0.0,0.0,5661.0,0.934,0.941,0.0,1.9476493313015486,0.0,0.0,3.8220902693093133,1.0
Kepler-1772,1,1,3.215090036,0.04391,0.04391,2.68609988,0.0,7.68,0.0,0.0,5541.0,0.934,0.942,0.12,0.5071931394967745,0.0,0.0,2.8591639712220975,1.0
Kepler-1773,1,1,40.80970001,0.24831,0.24831,3.50469499,0.0,12.1,0.0,0.0,6183.0,1.3,1.241,0.26,1.6107634023086672,0.0,0.0,3.452511569344869,1.0
Kepler-1774,1,1,59.77080154,0.29496,0.29496,3.18179549,0.0,10.2,0.0,0.0,6214.0,1.122,1.101,-0.02,1.7764890798601989,0.0,0.0,3.205737148115701,1.0
Kepler-1775,1,1,85.65399933,0.39565,0.39565,3.64762153,0.0,12.9,0.0,0.0,5818.0,1.647,1.149,0.24,1.9327476457183488,0.0,0.0,3.5365511180103164,1.0
Kepler-1776,1,1,35.01190186,0.2093,0.2093,2.61157023,0.0,7.33,0.0,0.0,5872.0,1.153,1.041,0.1,1.5442157024493948,0.0,0.0,2.80674052560325,1.0
Kepler-1777,1,1,12.18420029,0.10301,0.10301,2.13189678,0.0,5.19,0.0,0.0,5771.0,1.068,0.984,0.06,1.085797029537345,0.0,0.0,2.434451821818503,1.0
Kepler-1778,1,1,10.08740044,0.0956,0.0956,3.01665969,0.0,9.36,0.0,0.0,6310.0,1.095,1.143,-0.06,1.0037792613785042,0.0,0.0,3.1027696067367807,1.0
Kepler-1779,1,1,16.34359932,0.1264,0.1264,3.03295685,0.0,9.44,0.0,0.0,5730.0,1.056,1.008,0.16,1.2133477065829052,0.0,0.0,3.1124742180225873,1.0
Kepler-178,1,3,42.26949466666667,0.085,0.397,3.2433333333333336,0.6120729803980353,10.733333333333334,3.5221915526179637,0.0,5676.0,1.066,0.852,-0.04,1.6260270558538585,0.312,9.615384615384615,3.3093525179856114,3.0
Kepler-1780,1,1,109.4449997,0.4276,0.4276,3.60600667,0.0,12.7,0.0,0.0,5403.0,0.868,0.868,0.0,2.039195924402763,0.0,0.0,3.5219014167824594,1.0
Kepler-1781,1,1,4.88752985,0.0574,0.0574,2.38091029,0.0,6.26,0.0,0.0,5568.0,0.957,1.053,0.44,0.6890894228132731,0.0,0.0,2.6292464803451288,1.0
Kepler-1782,1,1,5.756229877,0.05825,0.05825,2.22927435,0.0,5.6,0.0,0.0,4931.0,0.734,0.794,0.0,0.760138129308892,0.0,0.0,2.5120281853151005,1.0
Kepler-1783,1,1,8.277440071,0.07595,0.07595,1.31946731,0.0,2.3,0.0,0.0,5129.0,1.781,0.887,-0.16,0.9178960451259213,0.0,0.0,1.7431276868844896,1.0
Kepler-1784,1,1,13.59049988,0.1072,0.1072,2.79936489,0.0,8.24,0.0,0.0,5442.0,0.974,0.887,0.1,1.1332354310616344,0.0,0.0,2.9435248078716882,1.0
Kepler-1785,1,1,19.58550072,0.13917,0.13917,2.70422447,0.0,7.77,0.0,0.0,5618.0,0.996,0.911,0.0,1.2919346791339832,0.0,0.0,2.873282187258663,1.0
Kepler-1786,1,1,78.5460968,0.35722,0.35722,3.16305828,0.0,10.1,0.0,0.0,5808.0,1.397,1.058,0.14,1.8951246084677882,0.0,0.0,3.1931122053179495,1.0
Kepler-1787,1,1,39.31370163,0.227,0.227,2.31898181,0.0,5.99,0.0,0.0,6060.0,0.925,1.008,-0.22,1.5945439372771741,0.0,0.0,2.583030179093988,1.0
Kepler-1788,1,1,2.800120115,0.0343,0.0343,2.37850461,0.0,6.25,0.0,0.0,4786.0,0.704,0.686,-0.2,0.44717666140037177,0.0,0.0,2.6277014447325375,1.0
Kepler-1789,1,1,80.23190308,0.3543,0.3543,2.83137505,0.0,8.4,0.0,0.0,5436.0,0.888,0.92,0.12,1.9043470936775093,0.0,0.0,2.9667563822037635,1.0
Kepler-179,1,2,4.568028,0.036,0.064,1.8199999999999998,0.25455844122715726,3.995,0.9404520189781083,0.0,5302.0,0.759,0.893,0.12,0.6597287572798723,0.028000000000000004,71.42857142857142,2.1950549450549453,2.0
Kepler-1790,1,1,31.58889961,0.20989,0.20989,3.1446145,0.0,10.0,0.0,0.0,5866.0,1.367,1.02,0.0,1.4995344976484701,0.0,0.0,3.1800400335239822,1.0
Kepler-1791,1,1,7.720860004,0.0761,0.0761,3.12103321,0.0,9.91,0.0,0.0,5887.0,1.177,0.985,-0.06,0.8876656778214338,0.0,0.0,3.175230551295544,1.0
Kepler-1792,1,1,4.1957798,0.0488,0.0488,2.51990972,0.0,6.89,0.0,0.0,5229.0,1.005,0.878,0.32,0.6228126877783582,0.0,0.0,2.7342249388204274,1.0
Kepler-1793,1,1,8.779999733,0.0787,0.0787,3.79037518,0.0,13.8,0.0,0.0,5191.0,0.764,0.85,-0.06,0.9434945026991973,0.0,0.0,3.640800539433672,1.0
Kepler-1794,1,1,9.762980461,0.0821,0.0821,1.79426276,0.0,3.87,0.0,0.0,5052.0,0.816,0.773,0.02,0.9895824201428833,0.0,0.0,2.156874726642602,1.0
Kepler-1795,1,1,13.36019993,0.1002,0.1002,1.66301611,0.0,3.4,0.0,0.0,4500.0,0.688,0.768,0.28,1.1258129572298028,0.0,0.0,2.0444780898725026,1.0
Kepler-1796,1,1,29.4557991,0.1879,0.1879,2.75047868,0.0,8.0,0.0,0.0,6036.0,0.949,1.018,-0.16,1.469170809112854,0.0,0.0,2.908584624986077,1.0
Kepler-1797,1,1,23.3593998,0.1637,0.1637,3.05774442,0.0,9.58,0.0,0.0,6244.0,1.009,1.069,-0.2,1.3684616797547122,0.0,0.0,3.133028364744755,1.0
Kepler-1798,1,1,16.85589981,0.1082,0.1082,2.30911251,0.0,5.94,0.0,0.0,3967.0,0.587,0.593,0.06,1.2267519411991505,0.0,0.0,2.5724168806309056,1.0
Kepler-1799,1,1,11.9296999,0.1028,0.1028,4.12801189,0.0,15.9,0.0,0.0,5831.0,0.921,1.016,0.0,1.0766295188242982,0.0,0.0,3.8517330917862256,1.0
Kepler-18,1,3,8.668398333333334,0.0447,0.1172,4.823333333333333,2.5560581631358343,13.533333333333331,5.762233363317848,0.0,5345.0,1.108,0.972,0.19,0.9379388599613272,0.07250000000000001,41.37931034482758,2.805805114029025,3.0
Kepler-180,1,2,27.8514495,0.109,0.229,2.255,1.0677312395916867,6.09,4.567909806465098,0.0,5731.0,1.063,0.95,0.03,1.4448478025068803,0.12000000000000001,16.666666666666664,2.7006651884700665,2.0
Kepler-1800,1,1,4.562029839,0.05098,0.05098,0.99679734,0.0,0.961,0.0,0.0,5343.0,2.506,1.33,0.08,0.6591581215523494,0.0,0.0,0.9640876449369337,1.0
Kepler-1801,1,2,63.512041425,0.0915,0.4572,2.80963077,0.14194352631094465,8.3,0.7071067811865478,0.0,5738.0,0.981,0.936,-0.06,1.8028560722000129,0.3657,5.468963631391851,2.9541248226008006,2.0
Kepler-1802,1,2,24.293150425,0.0662,0.1748,1.9965000000000002,0.4603265145524424,4.715,1.8172644276494272,0.0,4245.0,0.637,0.649,0.0,1.3854838393614057,0.10860000000000002,18.416206261510126,2.361632857500626,2.0
Kepler-1804,1,1,12.28849983,0.1017,0.1017,1.59615726,0.0,3.18,0.0,0.0,5109.0,1.671,0.929,0.1,1.0894988678075654,0.0,0.0,1.9922848955371728,1.0
Kepler-1805,1,1,8.847940445,0.0699,0.0699,1.54502915,0.0,3.0,0.0,0.0,3867.0,0.552,0.581,0.1,0.946842190758214,0.0,0.0,1.941710937945734,1.0
Kepler-1806,1,1,9.033320427,0.0813,0.0813,2.35560189,0.0,6.15,0.0,0.0,5311.0,0.788,0.884,-0.04,0.9558474156580622,0.0,0.0,2.610797701474081,1.0
Kepler-1807,1,1,10.86060047,0.0988,0.0988,2.70393215,0.0,7.77,0.0,0.0,6455.0,1.496,1.087,-0.36,1.0358538375546957,0.0,0.0,2.8735928155593697,1.0
Kepler-1808,1,1,23.3404007,0.1467,0.1467,3.02511302,0.0,9.4,0.0,0.0,5530.0,0.892,0.773,-0.34,1.3681083075921756,0.0,0.0,3.1073219208186806,1.0
Kepler-1809,1,1,3.7572999,0.04444,0.04444,1.513,0.0,2.9,0.0,0.0,4901.0,0.716,0.807,0.04,0.5748758609449505,0.0,0.0,1.9167217448777265,1.0
Kepler-181,1,2,3.720011,0.04,0.049,1.63,0.5091168824543143,3.385,1.7465537495307726,0.0,5333.0,0.749,0.81,-0.04,0.570544224084112,0.009000000000000001,222.2222222222222,2.0766871165644174,2.0
Kepler-1810,1,1,101.1330032,0.4137,0.4137,3.91815325,0.0,14.6,0.0,0.0,5492.0,1.016,0.921,0.16,2.0048929040449686,0.0,0.0,3.7262452661850323,1.0
Kepler-1811,1,1,76.42230225,0.3462,0.3462,3.84829873,0.0,14.1,0.0,0.0,5561.0,1.19,0.946,0.16,1.8832201168306721,0.0,0.0,3.6639567219876406,1.0
Kepler-1812,1,1,7.165219784,0.0765,0.0765,2.3249424,0.0,6.01,0.0,0.0,6174.0,1.103,1.162,0.1,0.8552295163683217,0.0,0.0,2.585010278104094,1.0
Kepler-1813,1,1,2.818160057,0.0364,0.0364,1.413,0.0,2.58,0.0,0.0,5167.0,0.787,0.812,-0.04,0.44996565516719644,0.0,0.0,1.8259023354564756,1.0
Kepler-1814,1,2,1.7808208605,0.0133,0.03765,2.064806785,0.43106188925034,4.98,1.7394826817189073,0.0,4922.0,0.823,0.79,0.2,0.2506202343373186,0.024350000000000004,82.13552361396303,2.41184794440706,2.0
Kepler-1815,1,1,12.19139957,0.0984,0.0984,2.7489262,0.0,7.99,0.0,0.0,5516.0,0.967,0.856,-0.06,1.0860535653917687,0.0,0.0,2.9065894893795257,1.0
Kepler-1816,1,1,91.50099945,0.35647,0.35647,1.9679397,0.0,4.53,0.0,0.0,5051.0,0.706,0.786,-0.24,1.9614258378178075,0.0,0.0,2.3018997990639654,1.0
Kepler-1817,1,1,44.29919815,0.2348,0.2348,2.27349126,0.0,5.79,0.0,0.0,5316.0,0.915,0.878,0.16,1.6463958652257333,0.0,0.0,2.546743900832062,1.0
Kepler-1818,1,1,4.644909859,0.055,0.055,1.71360684,0.0,3.58,0.0,0.0,6047.0,1.129,1.021,-0.08,0.6669772903170127,0.0,0.0,2.0891606618470315,1.0
Kepler-1819,1,1,16.48690033,0.1337,0.1337,3.90351256,0.0,14.5,0.0,0.0,6090.0,1.071,1.173,0.21,1.2171390124599129,0.0,0.0,3.7146031368219807,1.0
Kepler-182,1,2,15.255067,0.096,0.157,3.005,0.6010407640085655,9.39,3.1254119728445393,0.0,6250.0,1.146,1.114,0.072,1.1834141193967405,0.061,32.78688524590164,3.1247920133111484,2.0
Kepler-1820,1,1,31.03249931,0.1964,0.1964,3.11883067,0.0,9.9,0.0,0.0,5841.0,0.931,1.047,0.07,1.491816754405651,0.0,0.0,3.174266591395294,1.0
Kepler-1821,1,1,16.45809937,0.1244,0.1244,2.59248115,0.0,7.24,0.0,0.0,5475.0,0.884,0.946,0.14,1.2163796801605138,0.0,0.0,2.7926914724143708,1.0
Kepler-1822,1,1,22.13339996,0.1416,0.1416,2.64755943,0.0,7.5,0.0,0.0,5165.0,0.702,0.782,-0.32,1.3450481319774272,0.0,0.0,2.832797600316757,1.0
Kepler-1823,1,1,21.10339928,0.15332,0.15332,2.0861268,0.0,5.0,0.0,0.0,6000.0,1.126,1.068,0.06,1.32435241594422,0.0,0.0,2.39678623562096,1.0
Kepler-1824,1,1,95.61100006,0.4267,0.4267,2.38127597,0.0,6.26,0.0,0.0,6002.0,1.081,1.135,0.2,1.980507860796346,0.0,0.0,2.6288427208208045,1.0
Kepler-1825,1,1,1.025869966,0.0187,0.0187,1.42200732,0.0,2.61,0.0,0.0,5123.0,0.847,0.828,0.14,0.011092315329768997,0.0,0.0,1.8354335897511411,1.0
Kepler-1826,1,1,1.615360022,0.0213,0.0213,1.47519116,0.0,2.78,0.0,0.0,3821.0,0.486,0.49,-0.28,0.2082693304707512,0.0,0.0,1.884501531313406,1.0
Kepler-1827,1,1,3.700619936,0.04647,0.04647,1.85644292,0.0,4.1,0.0,0.0,5423.0,1.404,0.915,0.08,0.5682744841295009,0.0,0.0,2.2085246768589037,1.0
Kepler-1828,1,1,10.2737999,0.0924,0.0924,2.11598626,0.0,5.13,0.0,0.0,5806.0,0.899,0.996,-0.04,1.0117311028354559,0.0,0.0,2.4244013758388014,1.0
Kepler-1829,1,1,5.186719894,0.0559,0.0559,2.47887001,0.0,6.71,0.0,0.0,5230.0,0.777,0.873,0.0,0.714892794788482,0.0,0.0,2.70687852647828,1.0
Kepler-183,1,2,8.662508,0.064,0.103,2.165,0.14849242404917495,20.3,21.778888860545663,0.0,5888.0,0.958,0.99,0.11,0.9376436486997191,0.03899999999999999,51.28205128205129,9.376443418013857,2.0
Kepler-1830,1,1,56.49330139,0.31769,0.31769,3.32992941,0.0,11.1,0.0,0.0,6160.0,2.046,1.443,0.24,1.7519969550437244,0.0,0.0,3.333403995491904,1.0
Kepler-1831,1,1,5.78387022,0.0655,0.0655,1.97019818,0.0,4.54,0.0,0.0,6063.0,1.012,1.117,0.07,0.7622185395820834,0.0,0.0,2.304336713984783,1.0
Kepler-1832,1,1,3.138789892,0.037,0.037,1.22719556,0.0,2.02,0.0,0.0,5242.0,0.722,0.684,-0.54,0.49676224535949026,0.0,0.0,1.6460294233789439,1.0
Kepler-1833,1,1,6.892129898,0.07545,0.07545,1.30027362,0.0,2.24,0.0,0.0,6164.0,1.446,1.286,0.38,0.8383534541290062,0.0,0.0,1.722714331465096,1.0
Kepler-1834,1,2,2.6848508475,0.015,0.04911,1.3396917,0.1692696254434918,2.355,0.5303300858899106,0.0,4821.0,0.788,0.765,0.16,0.4289201641856883,0.03411,58.63383172090296,1.757867127190532,2.0
Kepler-1835,1,1,11.96409988,0.0997,0.0997,3.53387773,0.0,12.2,0.0,0.0,5903.0,0.961,0.922,-0.26,1.0778800299988482,0.0,0.0,3.4522982774505895,1.0
Kepler-1836,1,1,5.254169941,0.0602,0.0602,2.55303229,0.0,7.05,0.0,0.0,6123.0,0.987,1.053,-0.14,0.7205041155084774,0.0,0.0,2.7614221831875065,1.0
Kepler-1837,1,1,5.906089783,0.065,0.065,2.06673842,0.0,4.92,0.0,0.0,5966.0,0.961,1.049,-0.02,0.7713000447227087,0.0,0.0,2.3805625096958325,1.0
Kepler-1838,1,1,12.14680004,0.11082,0.11082,1.66049425,0.0,3.4,0.0,0.0,5877.0,1.963,1.187,0.04,1.0844618822134082,0.0,0.0,2.0475831217121048,1.0
Kepler-1839,1,1,5.056759834,0.0583,0.0583,1.9493759,0.0,4.46,0.0,0.0,5926.0,0.939,1.03,-0.04,0.7038723277188839,0.0,0.0,2.2879117362638985,1.0
Kepler-184,1,3,20.004313,0.092,0.179,2.2733333333333334,0.27061657993059735,7.243333333333333,1.3800120772418387,0.0,5788.0,0.873,0.872,-0.1958,1.3011236411720395,0.087,34.48275862068966,3.186217008797654,3.0
Kepler-1840,1,1,131.1900024,0.46206,0.46206,2.77771129,0.0,8.13,0.0,0.0,4898.0,0.803,0.774,0.14,2.117900740009536,0.0,0.0,2.926870056390922,1.0
Kepler-1841,1,1,25.88599968,0.1606,0.1606,1.48912557,0.0,2.82,0.0,0.0,5190.0,0.899,0.823,0.12,1.4130649414687084,0.0,0.0,1.8937288142866286,1.0
Kepler-1842,1,1,14.02639961,0.116,0.116,2.35388681,0.0,6.14,0.0,0.0,5970.0,1.131,1.057,0.06,1.1469462077230166,0.0,0.0,2.6084516782691005,1.0
Kepler-1843,1,1,25.54339981,0.17871,0.17871,2.70909809,0.0,7.8,0.0,0.0,5422.0,1.782,1.02,0.02,1.4072787010893508,0.0,0.0,2.8791869990945953,1.0
Kepler-1844,1,1,3.924510002,0.0478,0.0478,3.03648191,0.0,9.46,0.0,0.0,5776.0,0.849,0.939,-0.18,0.5937854402629614,0.0,0.0,3.115447508132858,1.0
Kepler-1845,1,1,11.60649967,0.0885,0.0885,2.43836702,0.0,6.52,0.0,0.0,4703.0,0.701,0.686,-0.14,1.0647012633896868,0.0,0.0,2.673920679914708,1.0
Kepler-1846,1,1,14.82009983,0.11054,0.11054,1.76378826,0.0,3.76,0.0,0.0,4825.0,0.732,0.785,0.08,1.1708511291137618,0.0,0.0,2.1317751599049646,1.0
Kepler-1847,1,1,11.12969971,0.0989,0.0989,2.74516914,0.0,7.97,0.0,0.0,6122.0,0.964,1.041,-0.18,1.0464834468100626,0.0,0.0,2.9032819449514866,1.0
Kepler-1848,1,1,5.604020119,0.05835,0.05835,1.4088539,0.0,2.57,0.0,0.0,4847.0,0.737,0.756,0.0,0.7484996857777265,0.0,0.0,1.8241777944469613,1.0
Kepler-1849,1,1,57.29290009,0.2597,0.2597,2.38685349,0.0,6.29,0.0,0.0,4806.0,0.729,0.709,-0.1,1.758100806212024,0.0,0.0,2.6352685769581945,1.0
Kepler-185,1,2,11.180971,0.026,0.139,1.595,0.6010407640085654,3.225,2.142533546995239,0.0,5208.0,0.806,0.763,-0.14,1.0484795210486466,0.11300000000000002,17.699115044247787,2.021943573667712,2.0
Kepler-1850,1,1,1.385800004,0.0206,0.0206,0.72909663,0.0,0.313,0.0,0.0,4239.0,0.6,0.611,-0.22,0.14170055825094624,0.0,0.0,0.42929837708891894,1.0
Kepler-1851,1,1,12.02289963,0.1016,0.1016,3.90012032,0.0,14.5,0.0,0.0,5982.0,0.879,0.967,-0.28,1.08000922153036,0.0,0.0,3.7178340180028084,1.0
Kepler-1852,1,1,7.970940113,0.0762,0.0762,1.88610592,0.0,4.22,0.0,0.0,5237.0,0.826,0.927,0.24,0.9015095462154573,0.0,0.0,2.237414110868174,1.0
Kepler-1853,1,1,48.88819885,0.2395,0.2395,1.51862272,0.0,2.92,0.0,0.0,4821.0,0.788,0.765,0.16,1.689204037183749,0.0,0.0,1.9227948861452566,1.0
Kepler-1854,1,1,39.83110046,0.20894,0.20894,2.58746104,0.0,7.21,0.0,0.0,5026.0,0.759,0.8,0.0,1.6002223053323363,0.0,0.0,2.786515386527327,1.0
Kepler-1855,1,1,0.727330983,0.0115,0.0115,1.216205,0.0,1.96,0.0,0.0,3460.0,0.356,0.385,0.07,-0.1382679118657535,0.0,0.0,1.6115704178160755,1.0
Kepler-1856,1,1,1.302000046,0.0215,0.0215,1.73447868,0.0,3.66,0.0,0.0,4948.0,0.816,0.782,0.14,0.11461099957591035,0.0,0.0,2.1101441269949768,1.0
Kepler-1857,1,1,8.94340992,0.08308,0.08308,1.96065412,0.0,4.5,0.0,0.0,6074.0,1.005,0.873,-0.54,0.9515031370381102,0.0,0.0,2.295152395364869,1.0
Kepler-1858,1,1,88.07160187,0.3575,0.3575,2.42168247,0.0,6.44,0.0,0.0,4939.0,0.819,0.785,0.16,1.944835895479983,0.0,0.0,2.659308179242839,1.0
Kepler-1859,1,2,3.1630253815,0.0394,0.0473,1.621567875,0.05435123240581798,3.26,0.18384776310850268,0.0,5887.0,1.235,1.09,0.16,0.5001026768987027,0.007900000000000004,253.1645569620252,2.0103999655271907,2.0
Kepler-186,1,5,35.36977854,0.0343,0.432,1.232,0.12255610959882816,1.948,0.49302129771440917,0.008,3788.0,0.472,0.478,-0.28,1.548632340584979,0.3977,12.572290671360323,1.5811688311688312,5.0
Kepler-1860,1,1,12.73719978,0.10625,0.10625,1.13863767,0.0,1.55,0.0,0.0,5420.0,0.868,0.874,0.0,1.105073960670935,0.0,0.0,1.3612758833106233,1.0
Kepler-1861,1,1,40.0306015,0.24082,0.24082,2.20677414,0.0,5.5,0.0,0.0,5855.0,1.373,1.161,0.26,1.6023921158649914,0.0,0.0,2.4923257438570494,1.0
Kepler-1862,1,1,16.05730057,0.1199,0.1199,2.203,0.0,5.49,0.0,0.0,5644.0,0.806,0.9,-0.24,1.2056725368274197,0.0,0.0,2.4920562868815255,1.0
Kepler-1863,1,1,44.99760056,0.23678,0.23678,2.26309256,0.0,5.74,0.0,0.0,5871.0,0.983,1.097,0.21,1.653189356190132,0.0,0.0,2.536352291308845,1.0
Kepler-1864,1,1,3.881510019,0.049,0.049,0.75408365,0.0,0.353,0.0,0.0,5854.0,0.979,1.03,0.06,0.589000711506984,0.0,0.0,0.46811782751157643,1.0
Kepler-1865,1,1,2.524009943,0.0344,0.0344,1.57686072,0.0,3.11,0.0,0.0,5420.0,0.871,0.849,-0.06,0.4020910614205626,0.0,0.0,1.9722731123646735,1.0
Kepler-1866,1,1,11.66009998,0.1016,0.1016,2.08215108,0.0,4.99,0.0,0.0,5791.0,1.083,1.03,0.16,1.0667022743146028,0.0,0.0,2.3965600037053987,1.0
Kepler-1867,1,1,9.887359619,0.0872,0.0872,1.15985997,0.0,1.65,0.0,0.0,5693.0,0.816,0.911,-0.24,0.9950803304246745,0.0,0.0,1.422585521250466,1.0
Kepler-1868,1,1,211.0339966,0.62348,0.62348,3.14950109,0.0,10.1,0.0,0.0,4658.0,0.686,0.743,0.0,2.324352423764377,0.0,0.0,3.2068571216147763,1.0
Kepler-1869,1,2,4.942094305,0.028,0.07976,0.92977677,0.2683848819573596,0.895,0.7990306627407986,0.0,5808.0,0.902,0.987,-0.06,0.6939110283486084,0.05176,38.639876352395675,0.9625966456443088,2.0
Kepler-187,1,2,7.7895635,0.059,0.099,2.04,0.8909545442950498,5.09,3.5638181771802,0.0,6105.0,1.287,1.081,-0.04,0.8915131220047006,0.04000000000000001,49.99999999999999,2.4950980392156863,2.0
Kepler-1870,1,1,3.606940031,0.0452,0.0452,2.10143764,0.0,5.07,0.0,0.0,5508.0,0.84,0.955,0.07,0.5571389217965196,0.0,0.0,2.412634047993925,1.0
Kepler-1871,1,1,1.952700019,0.0308,0.0308,2.42172881,0.0,6.44,0.0,0.0,5741.0,0.946,1.02,0.12,0.29063553048728175,0.0,0.0,2.659257293140102,1.0
Kepler-1872,1,1,3.825910091,0.0465,0.0465,2.38421141,0.0,6.28,0.0,0.0,5223.0,0.885,0.913,0.32,0.5827347598780589,0.0,0.0,2.633994608724736,1.0
Kepler-1873,1,1,0.558842003,0.0128,0.0128,1.62573811,0.0,3.28,0.0,0.0,5151.0,0.792,0.903,0.21,-0.25271095941974353,0.0,0.0,2.017545126010486,1.0
Kepler-1874,1,1,56.57320023,0.2633,0.2633,2.21110724,0.0,5.52,0.0,0.0,4701.0,0.775,0.758,0.24,1.7526107465841216,0.0,0.0,2.496486782793945,1.0
Kepler-1875,1,1,34.45859909,0.2039,0.2039,3.22686692,0.0,10.5,0.0,0.0,6161.0,0.862,0.95,-0.5,1.5372976172835175,0.0,0.0,3.2539302860373307,1.0
Kepler-1876,1,1,6.99205,0.0758,0.0758,0.853,0.0,2.4,0.0,0.098,6104.0,1.477,1.187,0.01,0.844604525268002,0.0,0.0,2.8135990621336457,1.0
Kepler-1877,1,1,2.377569914,0.03472,0.03472,0.624086,0.0,0.179,0.0,0.0,5615.0,0.936,1.022,0.24,0.37613329651080907,0.0,0.0,0.2868194447560112,1.0
Kepler-1878,1,1,4.445879936,0.0521,0.0521,2.92019781,0.0,8.86,0.0,0.0,5918.0,0.865,0.956,-0.26,0.6479577301045937,0.0,0.0,3.0340410398431192,1.0
Kepler-1879,1,1,10.61340046,0.0957,0.0957,2.06512018,0.0,4.92,0.0,0.0,5865.0,1.388,1.023,0.0,1.0258545511407613,0.0,0.0,2.3824279321119217,1.0
Kepler-188,1,2,4.029225,0.032,0.066,2.435,1.0677312395916867,6.880000000000001,4.8366103833159855,0.0,6021.0,1.141,1.021,0.15,0.6052215199398897,0.034,58.8235294117647,2.8254620123203287,2.0
Kepler-1880,1,1,6.309219837,0.054,0.054,2.11686218,0.0,5.13,0.0,0.0,4380.0,0.53,0.524,-0.92,0.7999756601263294,0.0,0.0,2.423398201577771,1.0
Kepler-1881,1,1,159.3939972,0.53325,0.53325,2.98104391,0.0,9.17,0.0,0.0,5135.0,0.874,0.812,0.12,2.2024719617777535,0.0,0.0,3.0761036324352564,1.0
Kepler-1882,1,1,13.78730011,0.11636,0.11636,1.48674404,0.0,2.81,0.0,0.0,5691.0,1.458,1.068,0.26,1.1394792290382174,0.0,0.0,1.8900361625125466,1.0
Kepler-1883,1,1,103.427002,0.4438,0.4438,3.25107395,0.0,10.6,0.0,0.0,6208.0,1.024,1.086,-0.12,2.014633936134026,0.0,0.0,3.260461054723163,1.0
Kepler-1884,1,1,8.988320351,0.0845,0.0845,1.81406781,0.0,3.95,0.0,0.0,5984.0,0.906,0.993,-0.2,0.9536785426291841,0.0,0.0,2.1774268735852824,1.0
Kepler-1885,1,1,2.522559881,0.036,0.036,1.51110555,0.0,2.89,0.0,0.0,5591.0,0.86,0.977,0.07,0.40184148439525175,0.0,0.0,1.9125070383071523,1.0
Kepler-1886,1,1,24.2758007,0.16,0.16,2.58158428,0.0,7.18,0.0,0.0,5745.0,0.837,0.928,-0.2,1.385173563352721,0.0,0.0,2.781237883893529,1.0
Kepler-1887,1,1,19.94750023,0.1421,0.1421,2.92454357,0.0,8.88,0.0,0.0,5749.0,0.864,0.961,-0.1,1.2998884787526528,0.0,0.0,3.036371244761452,1.0
Kepler-1888,1,1,11.39169979,0.0956,0.0956,1.32578716,0.0,2.32,0.0,0.0,5557.0,1.249,0.897,0.0,1.0565885313081982,0.0,0.0,1.7499038080893767,1.0
Kepler-1889,1,1,37.30369949,0.2082,0.2082,2.94360686,0.0,8.98,0.0,0.0,5646.0,0.817,0.864,-0.28,1.5717519038843395,0.0,0.0,3.0506791249970115,1.0
Kepler-189,1,2,15.267398499999999,0.088,0.137,1.795,0.8273149339882605,12.309999999999999,14.693678913056457,0.0,5235.0,0.75,0.803,-0.04,1.1837650414213703,0.049000000000000016,40.81632653061223,6.857938718662952,2.0
Kepler-1890,1,1,4.820590019,0.05712,0.05712,0.86867375,0.0,0.587,0.0,0.0,6046.0,1.396,1.024,-0.16,0.6831001972251218,0.0,0.0,0.6757427630338777,1.0
Kepler-1891,1,1,4.02229023,0.0473,0.0473,1.52139156,0.0,2.93,0.0,0.0,5516.0,0.827,0.873,-0.14,0.6044734040876621,0.0,0.0,1.9258684463847031,1.0
Kepler-1892,1,1,6.331230164,0.0633,0.0633,1.83707938,0.0,4.03,0.0,0.0,5383.0,0.759,0.851,-0.22,0.801488102044322,0.0,0.0,2.193699436112554,1.0
Kepler-1893,1,1,4.179369926,0.0504,0.0504,1.70557445,0.0,3.55,0.0,0.0,5633.0,1.162,0.973,0.16,0.6211108132853449,0.0,0.0,2.081410166527764,1.0
Kepler-1894,1,2,3.9081749384999998,0.0385,0.0576,1.205588795,0.0062383859374080496,1.895,0.03535533905932725,0.0,5772.0,0.901,0.999,0.0,0.5919739954573795,0.0191,104.71204188481676,1.571846062155878,2.0
Kepler-1895,1,1,6.070290089,0.0615,0.0615,2.11934728,0.0,5.14,0.0,0.0,5076.0,0.763,0.86,0.1,0.7832094457773382,0.0,0.0,2.4252750120310624,1.0
Kepler-1896,1,1,44.87020111,0.2529,0.2529,3.09935997,0.0,9.8,0.0,0.0,6122.0,0.996,1.07,-0.1,1.651958016062326,0.0,0.0,3.161943141441554,1.0
Kepler-1897,1,1,24.22030067,0.1546,0.1546,2.81407954,0.0,8.32,0.0,0.0,5165.0,0.761,0.859,0.02,1.3841795301576267,0.0,0.0,2.9565617750804587,1.0
Kepler-1898,1,1,4.765620232,0.05063,0.05063,0.93353523,0.0,0.76,0.0,0.0,5702.0,1.125,0.837,-0.28,0.6781194308517641,0.0,0.0,0.814109607839867,1.0
Kepler-1899,1,1,4.095779896,0.0457,0.0457,1.55098292,0.0,3.02,0.0,0.0,4791.0,0.742,0.759,0.07,0.6123366099499366,0.0,0.0,1.94715232582961,1.0
Kepler-19,1,3,33.65599666666667,0.0846,0.1765736996,3.6496666666666666,1.4257420290267564,13.9,8.229216244576394,0.2233333333333333,5541.0,0.859,0.936,-0.13,1.5270624559958563,0.0919736996,32.61802029327088,3.808566992419399,3.0
Kepler-190,1,2,2.8915115,0.03,0.045,1.51,0.07071067811865482,2.8899999999999997,0.22627416997969493,0.0,5106.0,0.795,0.834,0.06,0.4611249239011075,0.015,133.33333333333334,1.9139072847682117,2.0
Kepler-1900,1,1,2.986229897,0.042,0.042,1.62314676,0.0,3.27,0.0,0.0,6173.0,1.041,1.104,-0.04,0.47512323914090404,0.0,0.0,2.014605259724019,1.0
Kepler-1901,1,1,3.484129906,0.0453,0.0453,1.47418907,0.0,2.77,0.0,0.0,5696.0,0.921,1.022,0.14,0.5420943393342447,0.0,0.0,1.8789991435766107,1.0
Kepler-1902,1,1,3.822220087,0.0385,0.0385,1.17563613,0.0,1.74,0.0,0.0,3729.0,0.514,0.52,0.06,0.5823156905205951,0.0,0.0,1.4800497837711062,1.0
Kepler-1903,1,1,17.0678997,0.1321,0.1321,2.28642395,0.0,5.85,0.0,0.0,6347.0,0.996,1.053,-0.34,1.2321800820508482,0.0,0.0,2.558580616687469,1.0
Kepler-1904,1,1,4.577020168,0.0436,0.0436,1.3904994,0.0,2.51,0.0,0.0,3805.0,0.497,0.526,-0.1,0.6605828260894829,0.0,0.0,1.8051068558533718,1.0
Kepler-1905,1,1,3.42392993,0.0451,0.0451,1.4460734,0.0,2.69,0.0,0.0,5788.0,1.015,1.038,0.16,0.5345248683515739,0.0,0.0,1.8602098620996694,1.0
Kepler-1906,1,1,7.362689972,0.0738,0.0738,2.77615754,0.0,8.13,0.0,0.0,5868.0,0.894,0.987,-0.12,0.8670365135984757,0.0,0.0,2.9285081566372497,1.0
Kepler-1907,1,2,10.2581751325,0.05444,0.10371,1.012600365,0.20204879772226128,1.1095,0.736098159215196,0.0,5159.0,0.8,0.752,-0.16,1.011070109277316,0.049269999999999994,40.5926527298559,1.0956938574676496,2.0
Kepler-1909,1,1,2.391609907,0.0306,0.0306,1.09217411,0.0,1.33,0.0,0.0,4935.0,0.685,0.663,-0.42,0.37869034377241445,0.0,0.0,1.2177545574670325,1.0
Kepler-191,1,3,11.207726338999999,0.06104,0.128,1.8266666666666669,0.47088569030427463,4.1000000000000005,1.7300867030296487,0.0,5282.0,0.789,0.857,0.13,1.0495175181634084,0.06696,44.80286738351254,2.2445255474452557,3.0
Kepler-1910,1,1,5.688769817,0.0536,0.0536,1.184,0.0,1.78,0.0,0.0,4234.0,0.639,0.636,-0.02,0.7550183613949165,0.0,0.0,1.5033783783783785,1.0
Kepler-1911,1,1,5.990799904,0.0636,0.0636,1.011,0.0,1.01,0.0,0.0,5721.0,0.972,0.954,0.0,0.7774848141589015,0.0,0.0,0.9990108803165184,1.0
Kepler-1912,1,1,6.059219837,0.06489,0.06489,1.35670508,0.0,2.41,0.0,0.0,5734.0,0.962,0.977,0.04,0.7824167095957263,0.0,0.0,1.7763624796038946,1.0
Kepler-1913,1,1,14.1960001,0.1209,0.1209,1.51852059,0.0,2.92,0.0,0.0,6214.0,1.076,1.169,0.07,1.1521659937348288,0.0,0.0,1.9229242061182719,1.0
Kepler-1914,1,1,30.82789993,0.1954,0.1954,2.9429803,0.0,8.97,0.0,0.0,5982.0,0.96,1.047,-0.04,1.488943940559224,0.0,0.0,3.0479306980070513,1.0
Kepler-1915,1,1,13.83539963,0.114,0.114,3.21798413,0.0,10.4,0.0,0.0,6020.0,1.057,1.03,-0.06,1.1409917080810341,0.0,0.0,3.231836945075301,1.0
Kepler-1916,1,1,31.25429916,0.2053,0.2053,2.61757235,0.0,7.35,0.0,0.0,6246.0,1.092,1.18,0.07,1.4949097648175376,0.0,0.0,2.80794530856043,1.0
Kepler-1917,1,1,12.90240002,0.103,0.103,1.88971288,0.0,4.23,0.0,0.0,5530.0,0.788,0.882,-0.22,1.1106705024305743,0.0,0.0,2.2384352907622667,1.0
Kepler-1918,1,1,47.0564003,0.2524,0.2524,2.29763023,0.0,5.89,0.0,0.0,5889.0,0.924,0.967,-0.16,1.672618701640673,0.0,0.0,2.5635108396010264,1.0
Kepler-1919,1,1,37.88660049,0.2107,0.2107,2.62390658,0.0,7.38,0.0,0.0,5513.0,0.818,0.868,-0.16,1.578485638405917,0.0,0.0,2.812600134567291,1.0
Kepler-192,1,3,12.540140596666667,0.0686,0.15,2.1833333333333336,1.0077863530199909,5.7299999999999995,4.063582163559634,0.0,5479.0,1.007,1.028,0.357,1.0983024057143316,0.0814,36.85503685503686,2.62442748091603,3.0
Kepler-1920,1,1,30.2541008,0.2043,0.2043,2.95415848,0.0,9.03,0.0,0.0,6277.0,1.161,1.239,0.21,1.4807842495374444,0.0,0.0,3.056708047700948,1.0
Kepler-1921,1,2,11.59601022,0.0454,0.15865,2.15229729,1.0497668948307946,5.6450000000000005,4.348706704297268,0.0,6120.0,2.0,1.251,0.02,1.0643085894431918,0.11325000000000002,17.660044150110373,2.6227789377553883,2.0
Kepler-1922,1,1,13.22259998,0.1077,0.1077,2.29064904,0.0,5.86,0.0,0.0,5931.0,0.863,0.953,-0.28,1.1213168595328176,0.0,0.0,2.558226903236124,1.0
Kepler-1923,1,1,52.60969925,0.2846,0.2846,1.95958179,0.0,4.5,0.0,0.0,5881.0,1.294,1.109,0.16,1.7210658191049186,0.0,0.0,2.2964083576220617,1.0
Kepler-1924,1,1,15.33170033,0.1216,0.1216,2.65446572,0.0,7.53,0.0,0.0,5726.0,1.285,1.018,0.16,1.1855903220420538,0.0,0.0,2.8367290424078258,1.0
Kepler-1925,1,1,46.71640015,0.2588,0.2588,3.00177922,0.0,9.28,0.0,0.0,5856.0,1.092,1.057,0.16,1.6694693697373737,0.0,0.0,3.0914998472139463,1.0
Kepler-1926,1,1,42.87770081,0.2197,0.2197,2.31495961,0.0,5.97,0.0,0.0,5256.0,0.832,0.768,-0.16,1.6322314895508316,0.0,0.0,2.578878687218219,1.0
Kepler-1927,1,1,73.75039673,0.38733,0.38733,3.40627075,0.0,11.5,0.0,0.0,6056.0,2.481,1.408,0.14,1.8677643608832364,0.0,0.0,3.37612622249714,1.0
Kepler-1928,1,1,19.57783,0.194,0.194,1.992,0.0,4.63,0.0,0.43,5720.0,0.92,1.01,0.12,1.2917645530824151,0.0,0.0,2.32429718875502,1.0
Kepler-1929,1,1,59.36249924,0.30883,0.30883,3.07250761,0.0,9.65,0.0,0.0,5786.0,1.471,1.006,-0.02,1.7735121770299347,0.0,0.0,3.1407570704112917,1.0
Kepler-193,1,2,31.042987,0.106,0.286,2.5700000000000003,0.2545584412271569,7.15,1.2020815280171306,0.0,6335.0,1.147,1.051,0.0,1.4919635030244378,0.18,11.11111111111111,2.782101167315175,2.0
Kepler-1930,1,1,13.02680016,0.10233,0.10233,1.52955541,0.0,2.95,0.0,0.0,5083.0,0.844,0.844,0.22,1.1148377508225424,0.0,0.0,1.9286650099194511,1.0
Kepler-1931,1,1,38.5760994,0.23329,0.23329,2.65323514,0.0,7.53,0.0,0.0,6167.0,1.221,1.174,0.12,1.5863183120922721,0.0,0.0,2.8380447275396783,1.0
Kepler-1932,1,1,0.524177015,0.0123,0.0123,1.51482218,0.0,2.91,0.0,0.0,5278.0,0.815,0.911,0.14,-0.2805220266506217,0.0,0.0,1.9210175546809067,1.0
Kepler-1933,1,1,4.943290234,0.05605,0.05605,1.17984089,0.0,1.76,0.0,0.0,5661.0,1.008,0.964,0.1,0.6940161098183141,0.0,0.0,1.491726566622047,1.0
Kepler-1934,1,1,1.419759989,0.02466,0.02466,0.91307734,0.0,0.702,0.0,0.0,5925.0,1.035,0.968,-0.14,0.15221493293029423,0.0,0.0,0.7688286295660344,1.0
Kepler-1935,1,1,3.951400042,0.0463,0.0463,2.50271696,0.0,6.82,0.0,0.0,5570.0,0.899,0.845,-0.18,0.596751000128995,0.0,0.0,2.725038471789475,1.0
Kepler-1936,1,1,126.5569992,0.52662,0.52662,3.16615594,0.0,10.2,0.0,0.0,6501.0,1.854,1.419,0.1,2.1022861686952283,0.0,0.0,3.221572213527802,1.0
Kepler-1937,1,1,9.688599586,0.0915,0.0915,3.0229133,0.0,9.39,0.0,0.0,6457.0,1.196,1.19,-0.06,0.986261007595115,0.0,0.0,3.106274996375186,1.0
Kepler-1938,1,1,13.06260014,0.0938,0.0938,1.82828927,0.0,4.0,0.0,0.0,4522.0,0.655,0.646,-0.22,1.116029632839452,0.0,0.0,2.1878375953056928,1.0
Kepler-1939,1,1,2.790659904,0.0334,0.0334,1.16480773,0.0,1.68,0.0,0.0,4353.0,0.603,0.648,-0.18,0.445706912513025,0.0,0.0,1.442298120737918,1.0
Kepler-194,1,3,24.071762000000003,0.032,0.275,2.1666666666666665,0.576570319504337,5.486666666666667,2.2904657459419324,0.0,6089.0,1.025,0.94,-0.03,1.381507880838801,0.24300000000000002,12.345679012345679,2.532307692307693,3.0
Kepler-1940,1,1,4.950610161,0.0525,0.0525,1.54732469,0.0,3.01,0.0,0.0,5431.0,0.717,0.802,-0.44,0.6946587288779659,0.0,0.0,1.9452930722639732,1.0
Kepler-1941,1,1,31.33510017,0.2054,0.2054,2.64976949,0.0,7.51,0.0,0.0,6404.0,1.142,1.175,-0.06,1.496031087362421,0.0,0.0,2.8342087975358186,1.0
Kepler-1942,1,1,4.626049995,0.0516,0.0516,2.1170287,0.0,5.13,0.0,0.0,5834.0,0.797,0.852,-0.5,0.66521032200038,0.0,0.0,2.423207583345469,1.0
Kepler-1943,1,1,4.850180149,0.05975,0.05975,1.54869189,0.0,3.02,0.0,0.0,6032.0,0.973,1.055,-0.06,0.685757869790639,0.0,0.0,1.9500328112391678,1.0
Kepler-1944,1,1,9.842579842,0.0918,0.0918,2.75971163,0.0,8.05,0.0,0.0,5585.0,0.972,1.064,0.48,0.9931089464289304,0.0,0.0,2.916971437338183,1.0
Kepler-1945,1,1,6.080039978,0.0597,0.0597,1.289,0.0,2.21,0.0,0.0,4991.0,0.804,0.767,0.04,0.7839064348924252,0.0,0.0,1.7145073700543056,1.0
Kepler-1946,1,1,3.035190105,0.0394,0.0394,2.48812698,0.0,6.75,0.0,0.0,5505.0,0.873,0.887,-0.04,0.4821858977067831,0.0,0.0,2.7128840506363545,1.0
Kepler-1947,1,1,6.963630199,0.07375,0.07375,1.0101666,0.0,1.01,0.0,0.0,6040.0,1.686,0.984,-0.44,0.8428357000101994,0.0,0.0,0.999835076709129,1.0
Kepler-1948,1,1,15.57129955,0.1022,0.1022,1.03283226,0.0,1.09,0.0,0.0,3872.0,0.557,0.585,0.12,1.192324859443006,0.0,0.0,1.0553504593282168,1.0
Kepler-1949,1,1,2.208280087,0.0352,0.0352,2.21964541,0.0,5.56,0.0,0.0,6028.0,1.454,1.194,0.14,0.3440541562510528,0.0,0.0,2.50490460095606,1.0
Kepler-195,1,2,21.2023675,0.077,0.197,1.79,0.3394112549695427,3.9000000000000004,1.244507934888324,0.0,5329.0,0.775,0.867,0.04,1.326384357852277,0.12000000000000001,16.666666666666664,2.1787709497206706,2.0
Kepler-1950,1,1,10.77690029,0.0871,0.0871,1.52696349,0.0,2.95,0.0,0.0,5455.0,0.852,0.759,-0.34,1.0324938646977788,0.0,0.0,1.9319387918043804,1.0
Kepler-1951,1,1,20.65780067,0.1435,0.1435,2.32107188,0.0,6.0,0.0,0.0,5468.0,1.306,0.923,0.14,1.3150840825405037,0.0,0.0,2.58501257617235,1.0
Kepler-1952,1,1,27.21080017,0.1724,0.1724,1.23923346,0.0,2.07,0.0,0.0,5973.0,1.305,0.922,-0.34,1.4347413129780688,0.0,0.0,1.6703874345032614,1.0
Kepler-1953,1,1,6.245659828,0.0607,0.0607,1.28574667,0.0,2.2,0.0,0.0,4858.0,0.707,0.786,-0.02,0.7955783265407314,0.0,0.0,1.7110680131102345,1.0
Kepler-1954,1,1,5.883430004,0.0625,0.0625,1.80235934,0.0,3.9,0.0,0.0,5840.0,0.849,0.942,-0.24,0.7696305909575235,0.0,0.0,2.163830437941415,1.0
Kepler-1955,1,1,14.26519966,0.11959,0.11959,1.16654878,0.0,1.69,0.0,0.0,5825.0,1.291,1.049,0.14,1.1542778545510648,0.0,0.0,1.4487178152978737,1.0
Kepler-1956,1,1,5.943719864,0.0563,0.0563,1.08940238,0.0,1.32,0.0,0.0,4391.0,0.682,0.671,0.04,0.7740583323161161,0.0,0.0,1.2116735048807221,1.0
Kepler-1957,1,1,2.186619997,0.0299,0.0299,0.94374867,0.0,0.79,0.0,0.0,4904.0,0.772,0.745,0.0,0.33977331548145473,0.0,0.0,0.8370872723984872,1.0
Kepler-1958,1,1,9.328619957,0.0856,0.0856,2.05124311,0.0,4.86,0.0,0.0,5749.0,0.864,0.961,-0.1,0.9698174005107019,0.0,0.0,2.369294978399708,1.0
Kepler-1959,1,1,6.38669014,0.0617,0.0617,1.14315727,0.0,1.57,0.0,0.0,5071.0,0.811,0.768,-0.02,0.8052758462108179,0.0,0.0,1.373389332510653,1.0
Kepler-196,1,3,63.415874933333335,0.138,0.4545,2.2668855766666667,0.381040405860189,5.826666666666667,1.6520996741520573,0.0,5128.0,0.782,0.839,0.03,1.8021979886851418,0.3165,9.47867298578199,2.5703399971490697,3.0
Kepler-1960,1,1,2.297940016,0.0354,0.0354,1.30749704,0.0,2.26,0.0,0.0,6371.0,1.072,1.117,-0.18,0.36133868794660695,0.0,0.0,1.728493396818703,1.0
Kepler-1961,1,1,5.604710102,0.0588,0.0588,1.6187808,0.0,3.25,0.0,0.0,5401.0,0.777,0.871,-0.16,0.7485531540661012,0.0,0.0,2.0076838074679415,1.0
Kepler-1962,1,1,7.991459846,0.0783,0.0783,1.21463929,0.0,1.95,0.0,0.0,5700.0,1.006,1.003,0.16,0.9026261216356692,0.0,0.0,1.6054148882340205,1.0
Kepler-1963,1,1,1.962260008,0.02915,0.02915,0.74437023,0.0,0.337,0.0,0.0,5726.0,0.979,0.915,-0.1,0.29275655276774293,0.0,0.0,0.4527317004604013,1.0
Kepler-1964,1,1,2.440829992,0.0322,0.0322,1.7810587,0.0,3.83,0.0,0.0,4803.0,0.698,0.752,-0.08,0.38753753111422423,0.0,0.0,2.150406384696922,1.0
Kepler-1965,1,1,41.86869812,0.22971,0.22971,1.35415138,0.0,2.4,0.0,0.0,5852.0,0.837,0.928,-0.3,1.62188945699607,0.0,0.0,1.7723276994334267,1.0
Kepler-1966,1,1,8.617429733,0.0763,0.0763,1.10479327,0.0,1.39,0.0,0.0,5009.0,0.84,0.797,0.16,0.9353777508331298,0.0,0.0,1.2581539349891222,1.0
Kepler-1967,1,1,7.281690121,0.06686,0.06686,0.73022577,0.0,0.315,0.0,0.0,4970.0,1.806,0.996,0.32,0.8622321931912678,0.0,0.0,0.43137343673861306,1.0
Kepler-1968,1,1,7.281099796,0.0696,0.0696,1.50004034,0.0,2.86,0.0,0.0,5008.0,0.788,0.844,0.18,0.8621969836068912,0.0,0.0,1.9066153914234065,1.0
Kepler-1969,1,1,6.647520065,0.0717,0.0717,1.68161001,0.0,3.47,0.0,0.0,6046.0,1.007,1.111,0.07,0.8226596568882422,0.0,0.0,2.063498658645592,1.0
Kepler-197,2,4,14.20907025,0.06,0.164,1.095,0.15673757260678328,2.25325,2.1026734371588307,0.1275,6004.0,1.12,0.857,-0.441,1.1525656614246678,0.10400000000000001,38.46153846153846,2.0577625570776257,2.0
Kepler-1972,1,2,9.436875,0.08006,0.10493,0.835,0.04666904755831214,2.065,0.06363961030678918,0.055,5818.0,1.384,1.12,0.23,0.9748282024608771,0.02486999999999999,80.41817450743872,2.4730538922155687,2.0
Kepler-1977,1,1,4.53702121,0.0486,0.0486,1.66,0.0,3.39,0.0,0.0,4805.0,0.688,0.769,-0.06,0.6567708095425056,0.0,0.0,2.0421686746987953,1.0
Kepler-1978,1,1,10.84969477,0.0914,0.0914,2.67,0.0,7.61,0.0,0.0,5251.0,0.778,0.869,-0.04,1.03541752052839,0.0,0.0,2.850187265917603,1.0
Kepler-198,1,3,22.88976581,0.02342,0.259,2.2733333333333334,0.6671081871280949,5.989999999999999,2.7567553391623276,0.0,5574.0,0.94,0.995,0.1142,1.3596413493392432,0.23558,12.73452754902793,2.6348973607038118,3.0
Kepler-1980,1,1,33.0257179,0.2049,0.2049,2.21,0.0,5.52,0.0,0.0,5819.0,0.99,1.049,0.14,1.5188522669109359,0.0,0.0,2.497737556561086,1.0
Kepler-1981,1,1,453.54212,1.3292,1.3292,9.23,0.0,62.5,0.0,0.0,5874.0,3.006,1.519,0.12,2.65661762576028,0.0,0.0,6.771397616468039,1.0
Kepler-1982,1,1,3.82315697,0.0511,0.0511,0.77,0.0,0.381,0.0,0.0,6202.0,1.122,1.213,0.21,0.5824221295140135,0.0,0.0,0.4948051948051948,1.0
Kepler-1983,1,1,7.32851947,0.0689,0.0689,2.33,0.0,6.04,0.0,0.0,5135.0,0.874,0.812,0.12,0.865016245998028,0.0,0.0,2.592274678111588,1.0
Kepler-1984,1,1,1.992812339,0.0238,0.0238,6.81,0.0,37.3,0.0,0.0,3638.0,0.42,0.45,-0.14,0.2994664035805487,0.0,0.0,5.477239353891336,1.0
Kepler-1985,1,1,3.42064689,0.0426,0.0426,2.27,0.0,5.77,0.0,0.0,5370.0,0.966,0.877,0.14,0.5341082447084448,0.0,0.0,2.541850220264317,1.0
Kepler-1986,1,1,19.5489666,0.1307,0.1307,1.89,0.0,4.23,0.0,0.0,5549.0,0.732,0.776,-0.54,1.2911238046076068,0.0,0.0,2.2380952380952386,1.0
Kepler-1987,1,4,5.095499759,0.0318,0.0765,1.7850000000000001,0.6580020263393319,4.07,2.5434228905158496,0.0,4769.0,0.714,0.799,0.12,0.7071867853850414,0.0447,89.48545861297539,2.280112044817927,4.0
Kepler-1988,1,1,11.49500229,0.1038,0.1038,1.53,0.0,2.96,0.0,0.0,6033.0,1.788,1.127,-0.1,1.060509062124155,0.0,0.0,1.934640522875817,1.0
Kepler-1989,1,1,10.161023528,0.0918,0.0918,4.62,0.0,19.3,0.0,0.0,6032.0,1.06,0.999,-0.14,1.0069374569807419,0.0,0.0,4.177489177489178,1.0
Kepler-199,1,2,45.365505999999996,0.158,0.316,3.1799999999999997,0.0989949493661169,10.225,0.5303300858899106,0.0,5644.0,0.967,0.96,0.0,1.65672575929535,0.158,12.658227848101266,3.215408805031447,2.0
Kepler-1990,1,2,2.9017928800000004,0.0286,0.0504,2.125,1.619274528917194,5.802,6.926818028503419,0.0,5751.0,1.071,1.028,0.21,0.4626664107608437,0.0218,91.74311926605505,2.7303529411764704,2.0
Kepler-1991,1,2,18.025500715,0.1065,0.1528,2.02,0.7778174593052021,4.945,3.0900566337852124,0.0,5478.0,1.053,0.914,0.16,1.2558873374547783,0.046299999999999994,43.19654427645789,2.448019801980198,2.0
Kepler-1992,1,1,15.6112238,0.1169,0.1169,0.91,0.0,0.693,0.0,0.0,5383.0,0.842,0.874,0.0,1.193436949747495,0.0,0.0,0.7615384615384615,1.0
Kepler-1993,1,1,26.6565737,0.1943,0.1943,4.15,0.0,16.1,0.0,0.0,5159.0,3.062,1.373,-0.04,1.4258043266678366,0.0,0.0,3.8795180722891565,1.0
Kepler-1994,1,1,4.61225043,0.053,0.053,0.51,0.0,0.087,0.0,0.0,5495.0,0.961,0.932,0.16,0.6639128800221377,0.0,0.0,0.17058823529411762,1.0
Kepler-1995,1,1,73.7578875,0.3259,0.3259,4.28,0.0,16.9,0.0,0.0,5029.0,0.93,0.847,0.48,1.8678084695934145,0.0,0.0,3.948598130841121,1.0
Kepler-1996,1,2,62.5529539,0.1789,0.3608,2.535,0.38890872965260115,7.015000000000001,1.8172644276494274,0.0,4580.0,0.675,0.748,0.08,1.7962478229371879,0.1819,10.995052226498075,2.767258382642998,2.0
Kepler-1997,1,1,26.7575866,0.1815,0.1815,2.28,0.0,5.82,0.0,0.0,6215.0,1.052,1.111,-0.06,1.427446939679901,0.0,0.0,2.5526315789473686,1.0
Kepler-1998,1,1,3.03267135,0.0405,0.0405,0.6,0.0,0.156,0.0,0.0,5640.0,0.921,0.962,0.06,0.48182534845274827,0.0,0.0,0.26,1.0
Kepler-1999,1,1,8.7396758,0.0713,0.0713,3.29,0.0,10.8,0.0,0.0,4406.0,0.628,0.632,-0.24,0.9414953226936169,0.0,0.0,3.2826747720364744,1.0
Kepler-20,2,6,25.463075583333335,0.04565,0.3474,2.292666666666667,1.4516558361631957,9.386666666666667,7.336785853946308,0.09616666666666666,5495.0,0.9164,0.929,0.07,1.4059108591840772,0.30174999999999996,19.884009942004973,4.0942134341378305,3.0
Kepler-200,1,2,9.408480999999998,0.08,0.09,1.8599999999999999,0.3818376618407355,4.165,1.4354267658086914,0.0,5678.0,0.944,0.972,-0.006,0.9735195122084561,0.009999999999999995,200.0000000000001,2.239247311827957,2.0
Kepler-2000,1,2,13.5005969675,0.0562,0.1228,2.15,0.820243866176395,5.495,3.4011836175072943,0.0,3757.0,0.576,0.581,0.48,1.1303529724919754,0.0666,30.030030030030026,2.5558139534883724,2.0
Kepler-2001,1,2,7.591297096000001,0.0197,0.1084,1.4300000000000002,0.551543289325507,2.545,2.015254326381661,0.0,5081.0,0.77,0.864,0.12,0.8803159884786487,0.0887,22.547914317925592,1.7797202797202796,2.0
Kepler-201,1,2,88.77807050000001,0.175,0.573,2.6550000000000002,0.27577164466275345,7.5600000000000005,1.329360748630709,0.0,6065.0,1.229,1.098,-0.0442,1.9483057018482914,0.39799999999999996,5.025125628140704,2.847457627118644,2.0
Kepler-202,1,2,10.17596,0.045,0.113,1.74,0.1555634918610406,3.685,0.5586143571373726,0.0,4668.0,0.667,0.683,-0.21,1.007575391168586,0.068,29.41176470588235,2.117816091954023,2.0
Kepler-203,1,3,6.621021333333334,0.043,0.1,2.16,0.6255397669213366,263.6433333333333,421.32329348533926,0.0,5821.0,1.114,1.06,0.08,0.8209249872068003,0.05700000000000001,52.63157894736841,122.05709876543209,3.0
Kepler-204,1,2,20.0307835,0.117,0.173,2.16,0.5232590180780452,5.4,2.177888886054567,0.0,5812.0,1.238,1.038,0.07,1.3016979369656527,0.05599999999999998,35.71428571428573,2.5,2.0
Kepler-205,1,2,11.531093,0.032,0.122,1.575,0.0919238815542511,3.1100000000000003,0.3111269837220807,0.0,4321.0,0.546,0.592,-0.1254,1.0618704748030279,0.09,22.22222222222222,1.974603174603175,2.0
Kepler-206,1,3,14.787422666666666,0.078,0.163,1.3866666666666667,0.33201405592735583,2.486666666666667,1.120461214560028,0.0,5764.0,1.185,0.957,0.0213,1.1698924864253186,0.085,35.29411764705882,1.7932692307692308,3.0
Kepler-207,1,3,3.517170333333333,0.029,0.068,2.1266666666666665,1.0253942331285724,5.6499999999999995,4.63466287878633,0.0,5920.0,1.588,1.313,0.29,0.5461934013096794,0.03900000000000001,76.9230769230769,2.656739811912226,3.0
Kepler-208,1,4,9.77162675,0.054,0.132,1.4249999999999998,0.17972200755611423,2.615,0.5922555754627107,0.0,6092.0,1.314,1.082,-0.0423,0.9899668697308678,0.07800000000000001,51.28205128205127,1.835087719298246,4.0
Kepler-209,1,2,28.9188635,0.122,0.231,2.6799999999999997,0.5939696961967003,7.765000000000001,2.8779245994292486,0.0,5513.0,0.935,0.971,0.11,1.4611812213549544,0.10900000000000001,18.348623853211006,2.897388059701493,2.0
Kepler-21,2,1,2.7858212,0.0434,0.0434,1.639,0.0,7.5,0.0,0.0,6305.0,1.902,1.408,-0.03,0.44495323902791506,0.0,0.0,4.575960951799878,0.5
Kepler-210,1,2,5.212873500000001,0.032,0.07,3.2800000000000002,0.4808326112068523,10.88,2.7152900397563426,0.0,4559.0,0.65,0.77,0.2772,0.7170771860974499,0.038000000000000006,52.63157894736841,3.317073170731707,2.0
Kepler-211,1,2,5.0895125,0.048,0.062,1.275,0.021213203435596524,10.215,11.433916651786475,0.0,5123.0,0.816,0.867,0.151,0.706676185342779,0.013999999999999999,142.85714285714286,8.011764705882353,2.0
Kepler-212,1,2,24.031378,0.133,0.207,1.915,1.1667261889578036,4.635,4.68811795926681,0.0,5852.0,1.455,1.166,0.22,1.3807786747005892,0.07399999999999998,27.027027027027035,2.4203655352480418,2.0
Kepler-213,1,2,3.6426610000000004,0.036,0.057,1.98,0.5091168824543141,4.67,1.9940411229460642,0.0,5696.0,1.195,1.07,0.15,0.5614187560127497,0.021000000000000005,95.23809523809521,2.3585858585858586,2.0
Kepler-214,1,2,22.220172,0.13,0.194,2.37,0.33941125496954294,6.25,1.5132085117392122,0.0,6169.0,1.352,1.11,-0.02,1.346747416367305,0.064,31.25,2.6371308016877637,2.0
Kepler-215,1,4,30.76330325,0.084,0.314,1.8825,0.34480670913812955,8.5875,10.010985216251196,0.0,5739.0,1.027,0.788,-0.4425,1.4880329665723213,0.22999999999999998,17.39130434782609,4.561752988047809,4.0
Kepler-216,1,2,12.550155,0.079,0.136,2.6950000000000003,0.4879036790187176,7.800000000000001,2.3758787847867997,0.0,6091.0,1.26,1.126,-0.1489,1.0986490895803243,0.05700000000000001,35.08771929824561,2.8942486085343226,2.0
Kepler-217,1,3,5.94928075,0.0534,0.089,1.8,0.45705579528105755,3.9933333333333336,1.6517061885617954,0.0,6171.0,1.799,1.342,-0.07,0.7744644640163785,0.03559999999999999,84.26966292134833,2.218518518518519,3.0
Kepler-218,1,3,57.61445923333333,0.046,0.49884,2.4266666666666667,0.8542443054146357,6.783333333333332,3.6672105657206724,0.0,5502.0,1.063,1.019,0.37,1.7605314899719382,0.45284,6.624856461443335,2.7953296703296697,3.0
Kepler-219,1,3,25.06792333333333,0.057,0.272,3.1133333333333333,0.410162569395762,13.536666666666667,5.124259296067418,0.0,5786.0,1.491,1.164,0.36,1.3991183578022595,0.21500000000000002,13.953488372093021,4.34796573875803,3.0
Kepler-22,1,1,289.863876,0.812,0.812,2.1,0.0,9.1,0.0,0.72,5596.0,0.869,0.857,-0.255,2.462194095205281,0.0,0.0,4.333333333333333,1.0
Kepler-220,1,4,21.804783999999998,0.046,0.226,1.1725,0.34218659626973513,1.69525,1.225775230891319,0.0,4632.0,0.666,0.729,-0.1738,1.3385517888735716,0.18,22.22222222222222,1.4458422174840084,4.0
Kepler-221,1,4,9.22449225,0.037,0.13,2.5,0.5412331598611944,6.6832025,2.464610076129353,0.0,5243.0,0.821,0.854,0.0616,0.9649424703224803,0.093,43.01075268817204,2.6732810000000002,4.0
Kepler-222,1,3,14.035901,0.048,0.18,3.83,0.7498666548127071,14.233333333333334,4.735328218121034,0.0,5433.0,0.869,0.933,0.33,1.1472402963269723,0.132,22.727272727272727,3.7162750217580505,3.0
Kepler-223,1,4,12.9361225,0.07525,0.14481,4.0675,1.0349033771323775,6.325,1.611159003119597,0.079,5803.0,1.72,1.125,0.1,1.1118041195160113,0.06956,57.50431282346176,1.5550092194222496,4.0
Kepler-224,1,4,9.76272425,0.038,0.124,2.195,0.7223341793565267,5.715,3.124361268056774,0.0,5018.0,0.676,0.777,-0.06,0.9895710227541431,0.086,46.51162790697675,2.6036446469248293,4.0
Kepler-225,1,2,12.7666045,0.056,0.111,1.52,0.45254833995939053,2.955,1.534421715174808,0.0,3682.0,0.48,0.593,-0.04,1.1060754044678094,0.055,36.36363636363637,1.944078947368421,2.0
Kepler-226,1,3,5.799865333333334,0.047,0.076,1.68,0.536935750346352,23.72666666666667,21.611296428796987,0.0,5571.0,0.802,0.904,0.09,0.7634179098268677,0.028999999999999998,103.44827586206897,14.123015873015875,3.0
Kepler-227,1,2,31.953354500000003,0.09,0.29,3.075,0.049497474683058366,9.665,0.26162950903902144,0.0,5854.0,1.091,0.954,0.1,1.5045164576232595,0.19999999999999998,10.0,3.1430894308943085,2.0
Kepler-228,1,3,5.931758666666667,0.038,0.101,2.7566666666666664,1.2559591288466887,8.703333333333333,6.2745544330520655,0.0,6043.0,1.014,1.006,0.18,0.773183473464398,0.063,47.61904761904762,3.157194679564692,3.0
Kepler-229,1,3,21.172174000000002,0.062,0.22,3.6566666666666667,1.3702676137650387,13.726666666666667,8.020482113522437,0.0,5120.0,0.728,0.808,0.06,1.325765454511056,0.158,18.987341772151897,3.7538742023701004,3.0
Kepler-23,1,3,11.036666666666667,0.07212,0.12012,2.283,0.6867452220438086,4.9366666666666665,2.6600062656567807,0.016,5828.0,1.548,1.078,-0.112,1.0428379260324059,0.048,62.5,2.1623594685355525,3.0
Kepler-230,1,2,62.1993985,0.191,0.38,3.15,1.5697770542341354,10.81,8.47113923861484,0.0,5588.0,0.817,0.784,-0.21,1.7937861848613337,0.189,10.582010582010582,3.431746031746032,2.0
Kepler-231,1,2,14.6684205,0.074,0.114,1.83,0.1414213562373094,29.75,7.9903066274079855,0.0,3767.0,0.49,0.58,-0.1,1.1663833513984654,0.04000000000000001,49.99999999999999,16.256830601092897,2.0
Kepler-232,1,2,7.9052855,0.054,0.101,3.455,0.5303300858899106,11.844999999999999,3.0476302269140207,0.0,5847.0,0.968,0.97,0.03,0.8979175591304142,0.04700000000000001,42.553191489361694,3.428364688856729,2.0
Kepler-233,1,2,34.4456685,0.077,0.287,2.5700000000000003,0.197989898732233,7.140000000000001,0.933380951166242,0.0,5360.0,0.758,0.855,-0.09,1.537134617685754,0.20999999999999996,9.523809523809526,2.7782101167315174,2.0
Kepler-234,1,2,4.961778,0.04,0.077,3.605,0.1343502884254443,12.649999999999999,0.7778174593052014,0.0,6224.0,1.113,1.129,0.22,0.695637329155897,0.037,54.054054054054056,3.509015256588072,2.0
Kepler-235,1,4,19.35233575,0.037,0.213,1.9449999999999998,0.45096193483116365,4.55,1.6161270577113256,0.0,4255.0,0.554,0.581,-0.51,1.2867333901361404,0.176,22.72727272727273,2.3393316195372753,4.0
Kepler-236,1,2,16.131869,0.065,0.132,1.7850000000000001,0.3040559159102153,3.875,1.1101576464628797,0.0,3750.0,0.51,0.596005,-0.05,1.2076846866303907,0.067,29.850746268656714,2.1708683473389354,2.0
Kepler-237,1,2,6.409371,0.05,0.071,1.745,0.4737615433949869,3.7750000000000004,1.7041273426595798,0.0,4861.0,0.725,0.696,0.22,0.8068154110113515,0.02099999999999999,95.23809523809528,2.163323782234957,2.0
Kepler-238,1,5,19.1161964,0.034,0.28635,2.9579999999999997,1.560535164615011,732.7684,1439.7210207789562,0.0,5751.0,1.43,1.229,0.34,1.281401483817687,0.25234999999999996,19.813750743015657,247.7242731575389,5.0
Kepler-239,1,2,33.995574500000004,0.095,0.268,2.42,0.12727922061357835,6.445,0.572756492761103,0.0,4914.0,0.763,0.757,0.17,1.5314223848268422,0.17300000000000001,11.560693641618496,2.663223140495868,2.0
Kepler-24,1,4,10.92818475,0.051,0.138,2.328,0.4733793404870981,85.3252,139.28542974779043,0.00925,6028.0,1.099,1.06,-0.0708,1.0385480285068662,0.08700000000000002,45.977011494252864,36.65171821305842,4.0
Kepler-240,1,2,6.049011500000001,0.048,0.074,1.7850000000000001,0.5868986283848344,52.375,70.60461210147676,0.0,4985.0,0.739,0.868,0.41,0.7816844101614745,0.025999999999999995,76.92307692307693,29.34173669467787,2.0
Kepler-241,1,2,24.392035,0.094,0.189,2.45,0.16970562748477108,6.585,0.7707463914933367,0.0,4699.0,0.668,0.671,0.031,1.3872480345245906,0.095,21.05263157894737,2.687755102040816,2.0
Kepler-242,1,2,11.350215500000001,0.075,0.109,2.3049999999999997,0.43133513652379374,5.99,1.8809040379562165,0.0,5020.0,0.85,0.748,-0.02,1.055004107306443,0.034,58.8235294117647,2.5986984815618226,2.0
Kepler-243,1,2,12.87083,0.062,0.142,2.22,0.32526911934581204,5.595000000000001,1.378858223313768,0.0,5228.0,0.842,0.904,0.26,1.1096065541147295,0.07999999999999999,25.000000000000004,2.52027027027027,2.0
Kepler-244,1,3,11.376495,0.05,0.14,2.373333333333333,0.35921210076128185,9.37,5.294874880485846,0.0,5554.0,0.803,0.933,0.07,1.0560084802819283,0.09000000000000001,33.33333333333333,3.948033707865169,3.0
Kepler-245,1,4,16.111982764,0.04053,0.202,2.3825,0.5463439087851777,500.35999999999996,872.5861465780899,0.0,5100.0,0.795,0.856,0.12,1.2071489886177047,0.16147,24.772403542453706,210.01469045120672,4.0
Kepler-246,1,2,7.8944905,0.052,0.095,1.92,0.5939696961966998,4.47,2.276883835420683,0.0,5206.0,0.831,0.853,0.2,0.8973241064559392,0.043000000000000003,46.51162790697674,2.328125,2.0
Kepler-247,1,3,11.084508,0.042,0.14,3.223333333333333,1.3732564703409675,11.243333333333332,6.87136328055309,0.0,5100.0,0.768,0.887,0.3,1.0447164211647968,0.098,30.612244897959183,3.4881075491209925,3.0
Kepler-248,1,2,11.2738495,0.066,0.123,3.545,0.7424621202458752,12.49,4.398204178980325,0.0,5190.0,0.831,0.838,0.17,1.052072232918461,0.056999999999999995,35.08771929824562,3.52327221438646,2.0
Kepler-249,1,3,8.596233333333332,0.035,0.097,1.39,0.26153393661244034,2.4333333333333336,0.9693468591445136,0.0,3568.0,0.482,0.510238,-0.34,0.9343081953261286,0.062,48.38709677419355,1.7505995203836933,3.0
Kepler-25,2,3,47.11966566666667,0.0695,0.4164221832,5.988333333333333,3.687016725393761,31.933333333333337,34.76439749705629,0.04633333333333334,6354.0,1.316,1.165,0.11,1.6732022002926932,0.3469221832,8.647472387980752,5.332591149457278,1.5
Kepler-250,1,3,9.651085666666667,0.048,0.127,1.8633333333333333,0.6370504951205465,4.239999999999999,2.3740050547545177,0.0,5160.0,0.805,0.806,0.01,0.9845761705999242,0.079,37.974683544303794,2.2754919499105544,3.0
Kepler-251,1,4,37.769535250000004,0.053,0.404,2.41,0.7200000000000001,6.6575,2.885,0.0,5526.0,0.89,0.891,-0.06,1.5771416409143066,0.35100000000000003,11.396011396011396,2.762448132780083,4.0
Kepler-252,1,2,8.758427000000001,0.058,0.08,1.69,0.6505382386916236,3.655,2.283954903232548,0.0,4208.0,0.549,0.61,-0.13,0.9424261145513826,0.022,90.90909090909092,2.162721893491124,2.0
Kepler-253,1,3,10.728602,0.046,0.13,2.483333333333333,0.7834113436333008,7.0,3.4831164206784697,0.0,5208.0,0.786,0.86,0.15,1.0305431345250209,0.084,35.714285714285715,2.818791946308725,3.0
Kepler-254,1,3,12.328440666666665,0.064,0.139,2.84,0.9090104509850258,8.1,5.6630380539071075,0.0,5957.0,0.91,0.849,-0.13,1.090908149370432,0.07500000000000001,39.99999999999999,2.852112676056338,3.0
Kepler-255,1,3,5.568758552666666,0.0192,0.092,1.9533333333333334,0.9051150939705588,4.846666666666667,3.804488577106434,0.0,5573.0,0.933,0.867,0.3386,0.7457583883839733,0.0728,41.208791208791204,2.4812286689419794,3.0
Kepler-256,1,4,5.382314249999999,0.027,0.096,2.1425,0.3925451141800986,5.3125,1.5581265459946871,0.0,5551.0,1.301,1.037,0.26,0.7309690507403906,0.069,57.97101449275362,2.4795799299883314,4.0
Kepler-257,1,3,11.209567333333332,0.034,0.16,4.323333333333333,1.5015103507246743,18.073333333333334,9.475660047370491,0.0,5180.0,1.037,0.916,0.4,1.0495888500283217,0.126,23.80952380952381,4.180416345412491,3.0
Kepler-258,1,2,23.4251495,0.103,0.193,3.835,0.31819805153394637,14.1,1.9798989873223336,0.0,4942.0,0.915,0.82,0.3031,1.3696823712489454,0.09000000000000001,22.222222222222218,3.6766623207301175,2.0
Kepler-259,1,2,22.520124,0.079,0.217,2.75,0.0707106781186545,8.0,0.3535533905932738,0.0,5938.0,0.898,0.867,-0.09,1.3525707774922524,0.138,14.492753623188404,2.909090909090909,2.0
Kepler-26,1,4,19.9769335,0.039,0.22,2.245,0.7999374975584029,4.7375,2.397809764486471,0.0085,3914.0,0.512,0.544,-0.13,1.300528823918103,0.181,22.099447513812155,2.1102449888641424,4.0
Kepler-260,1,2,42.1187885,0.075,0.332,1.875,0.19091883092036777,4.19,0.7212489168102786,0.0,5250.0,0.862,1.013,0.29,1.624475870696455,0.257,7.782101167315175,2.234666666666667,2.0
Kepler-261,1,2,17.476042500000002,0.088,0.156,2.09,0.12727922061357852,5.025,0.5161879502661797,0.0,5098.0,0.794,0.834,0.1621,1.24244309219987,0.068,29.41176470588235,2.404306220095694,2.0
Kepler-262,1,2,17.4572885,0.108,0.152,1.5,0.19798989873223316,2.875,0.6434671708797584,0.0,5841.0,0.881,0.816,-0.3382,1.2419767891441391,0.044,45.45454545454546,1.9166666666666667,2.0
Kepler-263,1,2,31.95043,0.12,0.242,2.5700000000000003,0.14142135623730948,7.135,0.6717514421272199,0.0,5265.0,0.785,0.793,-0.0314,1.5044767074199452,0.122,16.39344262295082,2.776264591439688,2.0
Kepler-264,1,2,90.453746,0.249,0.566,3.08,0.3535533905932738,9.75,1.9091883092036779,0.0,6158.0,1.55,1.426,0.0469,1.9564265571929764,0.31699999999999995,6.309148264984228,3.1655844155844157,2.0
Kepler-265,1,4,33.70921,0.069,0.319,2.3925,0.35984950558068934,6.3774999999999995,1.5295396911053554,0.0,5835.0,1.103,0.97,-0.11,1.5277485746312958,0.25,16.0,2.6656217345872517,4.0
Kepler-266,1,2,57.1709655,0.071,0.457,3.185,0.9970205614730321,10.555,5.4376511473245515,0.0,5885.0,1.028,0.947,0.16,1.7571755266166096,0.386,5.181347150259067,3.313971742543171,2.0
Kepler-267,1,3,12.898564333333333,0.037,0.154,2.1266666666666665,0.1450287327853808,16.28333333333333,18.72290664756232,0.0,4258.0,0.555,0.541571,-0.18,1.1105413741124928,0.11699999999999999,25.641025641025642,7.656739811912225,3.0
Kepler-268,1,2,54.6902655,0.18,0.391,2.965,0.5868986283848344,9.22,3.082985565973347,0.0,6081.0,1.274,1.109,0.0009,1.7379100317108074,0.21100000000000002,9.478672985781989,3.1096121416526143,2.0
Kepler-269,1,2,6.7273084999999995,0.061,0.081,2.08,0.5515432893255072,5.08,2.2344574285494905,0.0,5847.0,0.959,0.92,0.4,0.8278413439568627,0.020000000000000004,99.99999999999999,2.442307692307692,2.0
Kepler-27,1,3,17.737329973666665,0.06578,0.191,3.8687315333333334,1.1027778974131888,2429.653333333333,2225.880749373904,0.0,5400.0,0.59,0.65,0.41,1.2488882454294623,0.12522,23.957834211787254,628.0232454485986,3.0
Kepler-270,1,2,18.369490499999998,0.107,0.18,1.89,0.16970562748477125,4.24,0.6505382386916241,0.0,6067.0,1.461,1.17,0.15,1.264097110790994,0.073,27.397260273972606,2.2433862433862437,2.0
Kepler-271,1,3,7.69868871,0.05554,0.08784,0.9466666666666667,0.2850146195080759,1.0226666666666666,0.9291126591180068,0.0,5555.0,0.87,0.9,-0.13,0.8864167596520046,0.0323,92.87925696594426,1.080281690140845,3.0
Kepler-272,1,3,6.655333,0.038,0.091,1.8233333333333333,0.4110150037812895,60.49666666666667,48.4854414575482,0.0,5297.0,0.929,0.91,0.04,0.8231697903057167,0.053,56.60377358490566,33.17915904936015,3.0
Kepler-273,1,2,5.4757295,0.037,0.073,1.74,0.33941125496954283,3.7199999999999998,1.216223663640862,0.0,5626.0,0.815,0.756,-0.28,0.7384419859267133,0.036,55.55555555555556,2.1379310344827585,2.0
Kepler-274,1,2,22.4163245,0.101,0.204,1.69,0.21213203435596437,3.515,0.7424621202458748,0.0,6023.0,1.007,0.883,-0.2112,1.35056440485905,0.10299999999999998,19.417475728155342,2.079881656804734,2.0
Kepler-275,1,3,20.688292666666666,0.098,0.224,3.016666666666667,0.5865435476870694,9.526666666666666,2.9886674845712315,0.0,6165.0,1.383,1.189,0.08,1.3157246513210892,0.126,23.80952380952381,3.158011049723756,3.0
Kepler-276,1,3,31.553470000000004,0.119,0.24666,2.856666666666667,0.051316014394468826,254.70299999999997,412.66632831744334,0.0,6105.0,1.046,0.845,-0.29,1.4990471264639922,0.12766,23.49992166692778,89.16091015169194,3.0
Kepler-277,1,2,25.165,0.14168,0.21781,3.1399999999999997,0.31112698372208103,75.75,16.334166645409244,0.0,5946.0,1.69,1.12,0.09,1.4007969347331581,0.07613,26.27085248916327,24.124203821656053,2.0
Kepler-278,1,2,40.6333,0.202,0.287,3.6115,0.48578235867515834,45.45,14.919953083036157,0.6559999999999999,4965.0,2.861,1.227,0.22,1.6088820946274642,0.08499999999999996,23.52941176470589,12.584798560155061,2.0
Kepler-279,1,4,50.20319525,0.112,0.439,3.7875,0.5418102373832865,1080.9575,2066.6625113674622,0.0,6363.0,1.746,1.2,-0.1141,1.700731359282111,0.327,12.232415902140673,285.4013201320132,4.0
Kepler-28,1,2,7.45,0.05687,0.07519,1.908,0.07212489168102784,1.845,0.3040559159102156,0.0085,4499.3,0.664,0.684,0.1451,0.8721562727482929,0.01832000000000001,109.17030567685583,0.9669811320754718,2.0
Kepler-280,1,2,3.4733165,0.032,0.056,1.73,0.39597979746446643,3.7,1.4142135623730951,0.0,5744.0,0.886,0.962,0.1213,0.5407443594526261,0.024,83.33333333333333,2.138728323699422,2.0
Kepler-281,1,3,66.4184614,0.117,0.5456,4.689159353333333,1.6488631523144834,379.708,251.1159568645529,0.0,5723.0,0.899,0.95,0.02,1.8222888108403645,0.4286,6.999533364442371,80.97570830688042,3.0
Kepler-282,1,4,23.00306175,0.082,0.23332,1.9425,1.004734624996405,30.020000000000003,33.06133391138355,0.0,5602.0,0.904,0.86,-0.2,1.3617856452625148,0.15132,26.434047052603752,15.454311454311457,4.0
Kepler-283,1,2,51.875931,0.082,0.341,1.975,0.21920310216782968,4.575,0.8555992052357223,0.0,4351.0,0.566,0.596,-0.17,1.7149659039280423,0.259,7.722007722007722,2.3164556962025316,2.0
Kepler-284,1,2,25.1068025,0.104,0.213,2.425,0.2616295090390225,6.485,1.1808683245815343,0.0,5615.0,0.814,0.766,-0.26,1.3997914062601564,0.109,18.34862385321101,2.6742268041237116,2.0
Kepler-285,1,2,4.4102715,0.036,0.064,1.23,0.15556349186104035,1.91,0.6363961030678927,0.0,5411.0,0.808,0.915,0.17,0.6444653258221275,0.028000000000000004,71.42857142857142,1.5528455284552845,2.0
Kepler-286,1,4,10.10000225,0.027,0.176,1.4275,0.2347161406181233,2.6574999999999998,0.7649564257742616,0.0,5580.0,0.863,0.83,-0.25,1.0043214705314025,0.149,26.845637583892618,1.8616462346760068,4.0
Kepler-287,1,2,32.5970475,0.145,0.246,2.795,0.657609306503489,74.5,12.020815280171307,0.0,5806.0,1.032,0.963,0.117,1.5131782653278592,0.101,19.801980198019802,26.65474060822898,2.0
Kepler-288,1,3,27.345613333333333,0.065,0.287,2.3966666666666665,0.6357148207595397,6.513333333333333,2.7070709878636974,0.0,5918.0,1.091,0.842,-0.24,1.4368876685881504,0.22199999999999998,13.513513513513516,2.717663421418637,3.0
Kepler-289,1,4,139.1276,0.21183,0.9342,4.9225,4.21162973206335,45.902499999999996,74.43622163749761,0.0,5990.0,1.0,1.08,0.05,2.1434132934620966,0.7223700000000001,5.537328515857524,9.325038090401218,4.0
Kepler-29,1,2,11.812935,0.08482,0.10027,2.445,0.14849242404917495,4.75,0.3535533905932738,0.0,5378.0,0.732,0.761,-0.44,1.0723578142894863,0.015449999999999992,129.44983818770234,1.9427402862985685,2.0
Kepler-290,1,3,17.374558184333335,0.0154,0.205,1.9366666666666668,0.9591836807063251,4.668666666666667,3.6992979514136644,0.0,5147.0,0.743,0.756,-0.1,1.2399137697775096,0.1896,15.822784810126583,2.410671256454389,3.0
Kepler-291,1,2,4.6236485,0.047,0.065,2.02,0.19798989873223347,4.75,0.7919595949289326,0.0,6002.0,1.016,1.023,0.23,0.6649848106389413,0.018000000000000002,111.1111111111111,2.3514851485148514,2.0
Kepler-292,1,5,9.2330176,0.035,0.141,2.008,0.5846537436808218,4.878,2.2726460349117286,0.0,5299.0,0.826,0.865,0.04,0.9653436634145803,0.10599999999999998,47.169811320754725,2.4292828685258963,5.0
Kepler-293,1,2,36.704969500000004,0.144,0.286,3.45,0.5374011537017761,11.82,3.0829855659733467,0.0,5804.0,0.957,0.934,0.1,1.5647248675305545,0.142,14.084507042253522,3.426086956521739,2.0
Kepler-294,1,2,5.163806,0.048,0.071,2.24,0.6646803743153545,5.79,2.8425692603699213,0.0,5913.0,0.976,0.947,0.11,0.7129699178096944,0.022999999999999993,86.95652173913047,2.5848214285714284,2.0
Kepler-295,1,3,22.685158666666666,0.099,0.192,1.25,0.09848857801796115,2.0366666666666666,0.3583759664560855,0.0,5603.0,0.898,0.89,-0.03,1.3557418211958998,0.093,32.25806451612903,1.6293333333333333,3.0
Kepler-296,2,5,26.80693832,0.0521,0.255,1.8060000000000003,0.24130893062628236,3.95,0.8896066546513688,0.33,3740.0,0.48,0.498,-0.08,1.4282472150772927,0.2029,24.64268112370626,2.1871539313399775,2.5
Kepler-297,1,3,87.93697136666667,0.217,0.523,14.003333333333336,16.209387197958268,45.3,4.525483399593901,0.0,5619.0,0.915,0.927,-0.11,1.9441715040242544,0.30600000000000005,9.80392156862745,3.2349440609378712,3.0
Kepler-298,1,3,36.95930233333333,0.08,0.305,2.13,0.3207802986469089,5.226666666666667,1.3638670511942628,0.0,4465.0,0.582,0.66,-0.21,1.567723764613998,0.22499999999999998,13.333333333333334,2.4538341158059467,3.0
Kepler-299,1,4,15.7883195,0.04,0.22,1.925,0.547387735826565,4.5225,2.1724084177090948,0.0,5617.0,1.032,1.004,0.12,1.1983359064036767,0.18,22.22222222222222,2.349350649350649,4.0
Kepler-30,1,3,77.66712833333334,0.18,0.5,8.333333333333334,4.219399641339196,224.79999999999998,359.6221489285664,0.025033333333333335,5498.0,0.95,0.99,0.18,1.8902372478345528,0.32,9.375,26.975999999999996,3.0
Kepler-300,1,2,25.580651000000003,0.094,0.232,1.96,0.4101219330881976,4.5600000000000005,1.5980613254815974,0.0,5986.0,0.9,1.07,0.04,1.4079115926098031,0.138,14.492753623188404,2.3265306122448983,2.0
Kepler-301,1,3,7.226274,0.036,0.112,1.4833333333333334,0.23094010767585024,2.83,0.7621023553303059,0.0,5815.0,0.9,1.022,0.187,0.8589144247703376,0.07600000000000001,39.47368421052631,1.9078651685393258,3.0
Kepler-302,1,2,78.733144,0.193,0.503,8.254999999999999,5.932625894155135,15.5,0.0,0.0,5740.0,1.22,1.021,0.16,1.8961575941905078,0.31,6.451612903225807,1.8776499091459724,2.0
Kepler-303,1,2,4.499102000000001,0.024,0.057,1.015,0.17677669529663684,1.095,0.6434671708797584,0.0,3944.0,0.485,0.575,-0.4136,0.6531258392502537,0.033,60.6060606060606,1.078817733990148,2.0
Kepler-304,1,4,4.94106823825,0.02317,0.08,2.245,0.7595832190528348,5.9425,3.0533410662201934,0.0,4731.0,0.687,0.737,0.03,0.6938208517219991,0.056830000000000006,70.3853598451522,2.646993318485523,4.0
Kepler-305,1,4,8.430845,0.04017,0.12091,2.8634538249999997,0.7932847531804219,6.6425,2.779428898173148,0.00125,5080.0,0.8,0.76,0.09,0.9258711049267545,0.08074,49.541738915035914,2.319751044003652,4.0
Kepler-306,1,4,18.5134995,0.05,0.227,2.1525,0.4296025294773454,5.3675,1.6722315429788226,0.0,4954.0,0.719,0.75,-0.13,1.2674885186929137,0.177,22.598870056497177,2.493612078977933,4.0
Kepler-307,1,2,11.74685,0.09359,0.10896,2.3150000000000004,0.16263455967290608,5.54,2.6870057685088806,0.0,5367.0,0.814,0.907,0.19,1.0699214231162921,0.015369999999999995,130.12361743656479,2.393088552915766,2.0
Kepler-308,1,2,12.538619,0.09,0.123,2.14,0.028284271247461926,5.225,0.12020815280171303,0.0,5895.0,0.941,0.92,-0.04,1.0982497060555403,0.033,60.6060606060606,2.441588785046729,2.0
Kepler-309,1,2,55.640018,0.059,0.401,2.035,0.6717514421272198,4.949999999999999,2.6870057685088806,0.0,4713.0,0.721,0.816,0.27,1.7453872618178414,0.342,5.847953216374268,2.432432432432432,2.0
Kepler-31,1,3,50.3794,0.16,0.4,4.8999999999999995,0.871779788708135,1230.5619333333334,1086.4200987868428,0.0,6340.0,1.22,1.21,-0.076,1.7022529909064208,0.24000000000000002,12.499999999999998,251.1350884353742,3.0
Kepler-310,1,3,54.42741433333333,0.111,0.392,2.3466666666666667,1.1001969520650987,6.736666666666667,4.800420120503343,0.0,5797.0,0.876,0.854,-0.12,1.7358177029108905,0.281,10.676156583629892,2.8707386363636367,3.0
Kepler-311,1,3,86.98490133333333,0.087,0.7326,1.7266666666666666,0.3108590248542469,3.6733333333333333,1.1218882891506328,0.0,5905.0,1.188,0.994,-0.03,1.9394438751854777,0.6456000000000001,4.646840148698884,2.1274131274131274,3.0
Kepler-312,1,2,10.7599155,0.031,0.153,2.2199999999999998,1.3152186130069785,6.154999999999999,5.57907250356186,0.0,6115.0,1.467,1.314,0.15,1.0318088607329894,0.122,16.39344262295082,2.7725225225225225,2.0
Kepler-313,1,2,23.621845500000003,0.125,0.208,2.55,0.028284271247461926,7.035,0.1343502884254437,0.0,5727.0,1.536,1.114,0.26,1.373313824655844,0.08299999999999999,24.096385542168676,2.758823529411765,2.0
Kepler-314,1,2,4.2107305,0.035,0.064,1.865,1.4637110370561535,4.624,5.83504515835139,0.0,5378.0,0.95,0.99,0.322,0.62435744609651,0.028999999999999998,68.96551724137932,2.479356568364611,2.0
Kepler-315,1,2,180.785238,0.402,0.791,3.96,0.26870057685088844,14.9,1.6970562748477156,0.0,5796.0,1.037,0.831,-0.27,2.2571629653158833,0.389,5.141388174807198,3.7626262626262625,2.0
Kepler-316,1,2,4.534136999999999,0.027,0.058,1.1099999999999999,0.07071067811865474,1.4249999999999998,0.3181980515339464,0.0,4204.0,0.52,0.587,-0.23,0.6564946382971446,0.031000000000000003,64.51612903225806,1.2837837837837838,2.0
Kepler-317,1,2,7.149626,0.061,0.083,1.9049999999999998,0.26162950903902243,56.705,75.08766909419948,0.0,5497.0,0.941,0.865,0.13,0.8542833242647941,0.022000000000000006,90.90909090909089,29.76640419947507,2.0
Kepler-318,1,2,8.238861,0.056,0.105,4.195,0.728319984622144,16.5,4.808326112068523,0.0,5746.0,1.189,1.073,0.332,0.9158671758225884,0.048999999999999995,40.81632653061225,3.9332538736591176,2.0
Kepler-319,1,3,14.361995666666667,0.051,0.191,2.183333333333333,0.5084617324178226,5.5200000000000005,2.0809372888196322,0.0,5526.0,0.903,0.933,0.06,1.157214791354872,0.14,21.428571428571427,2.5282442748091607,3.0
Kepler-32,1,5,8.21452,0.013,0.13,1.844,0.7160167595803887,495.02374199999997,599.7557798257707,0.0,3900.0,0.53,0.58,0.0,0.9145821913326486,0.117,42.73504273504273,268.4510531453362,5.0
Kepler-320,1,2,13.1532455,0.085,0.142,1.255,0.16263455967290616,2.0,0.636396103067893,0.0,6435.0,1.108,1.072,-0.1228,1.1190329261210394,0.05699999999999998,35.087719298245624,1.5936254980079683,2.0
Kepler-321,1,2,9.00465,0.057,0.11,2.045,0.38890872965260104,4.885,1.5627059864222705,0.0,5740.0,1.194,1.024,0.121,0.9544668369753504,0.053,37.735849056603776,2.388753056234719,2.0
Kepler-322,1,2,2.995561,0.027,0.051,1.3399999999999999,0.4666904755831214,2.22,1.7111984104714453,0.0,5388.0,0.89,0.908,0.12,0.47647816775668267,0.023999999999999997,83.33333333333334,1.656716417910448,2.0
Kepler-323,1,2,2.6160754500000003,0.02778,0.0458,1.4755,0.13364318164425754,5.35,2.0506096654409878,0.095,6004.0,1.12,1.015,-0.14,0.41765026528148524,0.01802,110.98779134295226,3.625889528973229,2.0
Kepler-324,1,4,26.08483167,0.05,0.26,1.8646561099999999,0.9569430448262469,664.461,1171.6894740803414,0.0,5233.0,0.835,0.901,0.18,1.4163880384888703,0.21000000000000002,19.047619047619047,356.3450635409658,4.0
Kepler-325,1,3,18.673931999999997,0.053,0.22,2.7466666666666666,0.18876793513023699,7.996666666666667,0.921972523090213,0.0,5752.0,1.003,0.914,0.02,1.2712357730164854,0.167,17.964071856287426,2.9114077669902914,3.0
Kepler-326,1,3,4.531858333333333,0.032,0.066,1.3766666666666667,0.1563116545025781,22.96666666666667,19.45670407169039,0.0,5105.0,0.801,0.91,0.2385,0.6562763252837615,0.034,88.23529411764706,16.682808716707022,3.0
Kepler-327,1,3,7.243788333333334,0.029,0.09,1.29,0.38314488121336027,8.450000000000001,10.322795164101631,0.0,3799.0,0.492,0.591913,-0.2,0.8599657515525154,0.061,49.18032786885246,6.550387596899226,3.0
Kepler-328,1,2,53.1165,0.2199,0.354,3.85,2.192031021678298,33.95,7.707463914933364,0.0,6064.0,1.06,1.15,0.08,1.725229450381701,0.13409999999999997,14.914243102162569,8.818181818181818,2.0
Kepler-329,1,2,13.050567,0.061,0.113,1.665,0.37476659402887014,3.46,1.3010764773832473,0.0,4257.0,0.523,0.602,-0.44,1.1156293806108464,0.052000000000000005,38.46153846153846,2.078078078078078,2.0
Kepler-33,1,5,22.686586,0.0677,0.2535,3.754,1.3674355560683653,4.63,3.353468353809232,0.0,5904.0,1.82,1.291,0.025,1.3557691458225043,0.18580000000000002,26.910656620021527,1.2333510921683537,5.0
Kepler-330,1,2,12.1075835,0.075,0.116,1.65,0.4242640687119285,3.425,1.4637110370561535,0.0,5117.0,0.722,0.848,0.16,1.083057472842607,0.04100000000000001,48.780487804878035,2.0757575757575757,2.0
Kepler-331,1,3,19.290978,0.065,0.159,1.7666666666666666,0.1101514109457221,3.78,0.39127995093027684,0.0,4347.0,0.492,0.653,0.1179,1.2853542457484226,0.094,31.914893617021278,2.1396226415094337,3.0
Kepler-332,1,3,19.277828666666668,0.07,0.189,1.1466666666666667,0.0493288286231624,1.5966666666666667,0.24090108620206205,0.0,4955.0,0.72,0.743,-0.13,1.2850581161233612,0.119,25.210084033613448,1.3924418604651163,3.0
Kepler-333,2,2,18.319684,0.087,0.135,1.215,0.14849242404917495,14.805,18.943390667987607,0.0,4259.0,0.534,0.601,0.0465,1.2629179781615318,0.048000000000000015,41.66666666666666,12.185185185185183,1.0
Kepler-334,1,3,14.442271333333332,0.061,0.168,1.32,0.1734935157289747,2.22,0.6588626564011653,0.0,5828.0,1.068,1.022,-0.012,1.1596355000176595,0.10700000000000001,28.037383177570092,1.6818181818181819,3.0
Kepler-335,1,2,37.2034,0.075,0.356,3.23,0.2262741699796954,10.52,1.2445079348883228,0.0,5877.0,1.854,1.367,0.278,1.5705826316497333,0.28099999999999997,7.11743772241993,3.2569659442724457,2.0
Kepler-336,1,3,10.767865333333333,0.033,0.154,1.83,0.7143528539874395,4.103333333333333,2.714522671361087,0.0,5867.0,1.304,1.09,0.337,1.0321296154761177,0.121,24.793388429752067,2.242258652094717,3.0
Kepler-337,1,2,6.492991,0.045,0.093,1.795,0.36062445840513907,3.9250000000000003,1.322289680818844,0.0,5684.0,1.761,1.081,0.07,0.8124448008932325,0.048,41.666666666666664,2.186629526462396,2.0
Kepler-338,1,4,22.9524615,0.08979,0.257,2.335,0.5927056605094978,13.6125,11.406265456610534,0.0375,5923.0,1.735,1.105,-0.029,1.3608292675875593,0.16721000000000003,23.922014233598464,5.829764453961457,4.0
Kepler-339,1,3,7.508018666666666,0.055,0.091,1.2466666666666666,0.1504437879519568,8.200000000000001,6.1,0.0,5631.0,0.802,0.87,0.033,0.875525343706934,0.036,83.33333333333334,6.577540106951873,3.0
Kepler-34,2,1,288.822,1.0896,1.0896,8.564,0.0,69.92,0.0,0.182,5913.0,1.1618,1.0479,-0.07,2.4606302710122248,0.0,0.0,8.164409154600653,0.5
Kepler-340,1,2,18.834528,0.134,0.178,2.95,0.5939696961966999,9.120000000000001,3.082985565973347,0.0,6620.0,1.85,1.65,0.06,1.2749547411007964,0.043999999999999984,45.454545454545475,3.0915254237288137,2.0
Kepler-341,1,4,20.83638,0.06,0.242,1.68,0.35374190214524115,3.4975,1.2408699905039742,0.0,6012.0,1.024,0.976,0.07,1.3188222692059581,0.182,21.978021978021978,2.081845238095238,4.0
Kepler-342,1,4,20.62700940325,0.02909,0.242,1.895,0.7105162442431091,4.39125,2.6813938384106626,0.0,6175.0,1.472,1.213,-0.0006,1.3144362665667295,0.21291,18.78728101075572,2.3172823218997363,4.0
Kepler-343,1,2,16.095185,0.088,0.167,2.215,0.27577164466275345,5.5649999999999995,1.1667261889578027,0.0,5807.0,1.433,1.055,0.1445,1.20669597288354,0.07900000000000001,25.316455696202528,2.5124153498871333,2.0
Kepler-344,1,2,73.780377,0.153,0.488,2.7800000000000002,0.24041630560342622,8.165,1.1950104602052656,0.0,5774.0,0.976,0.931,0.0399,1.8679408700369133,0.33499999999999996,5.970149253731344,2.9370503597122295,2.0
Kepler-345,1,2,8.401495,0.066,0.077,0.97,0.3252691193458118,1.34,1.2162236636408619,0.0,4504.0,0.623,0.61,0.1905,0.9243565732618789,0.010999999999999996,181.8181818181819,1.3814432989690724,2.0
Kepler-346,1,2,15.181338,0.071,0.168,2.865,0.2899137802864841,8.6,1.4707821048680199,0.0,6033.0,1.021,0.943,0.1,1.1813100495837807,0.09700000000000002,20.618556701030926,3.00174520069808,2.0
Kepler-347,1,3,41.87885833333333,0.11,0.3802,2.2533333333333334,0.6900966115938647,5.91,3.119439052137419,0.0,6088.0,1.005,0.922,-0.14,1.6219948337925794,0.2702,11.102886750555145,2.6227810650887573,3.0
Kepler-348,1,2,12.1610985,0.076,0.138,1.425,0.134350288425444,2.625,0.41719300090006295,0.0,6177.0,1.359,1.189,-0.03,1.0849728060996255,0.06200000000000001,32.258064516129025,1.8421052631578947,2.0
Kepler-349,1,2,9.0887035,0.065,0.105,1.93,0.04242640687119289,49.5,63.63961030678928,0.0,5956.0,0.927,1.083,0.1509,0.9585019357022511,0.039999999999999994,50.00000000000001,25.647668393782386,2.0
Kepler-35,2,1,131.458,0.60347,0.60347,8.16,0.0,40.363,0.0,0.042,5606.0,1.0284,0.8877,-0.34,2.11878702064501,0.0,0.0,4.946446078431372,0.5
Kepler-350,1,3,18.39152066666667,0.104,0.1786,2.5833333333333335,0.652559065015063,12.633333333333333,5.7457230470440654,0.0,6186.0,1.534,1.19,0.041,1.2646176395066338,0.07460000000000001,40.214477211796236,4.890322580645161,3.0
Kepler-351,1,3,78.94908533333334,0.214,0.5177,2.99,0.24269322199023188,7.916666666666667,3.150529056100473,0.0,5643.0,0.854,0.81,-0.16,1.8973471028435254,0.3037000000000001,9.878169245966411,2.6477146042363433,3.0
Kepler-352,1,3,11.091881662333334,0.06574,0.118,0.9687601066666667,0.2364313025097018,1.028333333333333,0.9040046091327926,0.0,5212.0,0.781,0.798,-0.11,1.0450052275060957,0.05225999999999999,57.40528128587832,1.0614943021050356,3.0
Kepler-353,2,2,7.103086,0.051,0.065,1.135,0.34648232278140817,1.56,1.3010764773832473,0.0,3903.0,0.504,0.553,-0.12,0.8514470728868011,0.014000000000000005,142.8571428571428,1.3744493392070485,1.0
Kepler-354,1,3,15.540301333333332,0.054,0.146,1.4633333333333336,0.3280751946327753,2.793333333333333,1.0842662649613948,0.0,4648.0,0.674,0.652,-0.03,1.1914594357091093,0.092,32.608695652173914,1.9088838268792705,3.0
Kepler-355,1,2,18.397092,0.102,0.179,2.085,0.8838834764831844,5.265,3.5850313806157956,0.0,6184.0,1.066,0.933,-0.06,1.2647491801746078,0.077,25.974025974025974,2.5251798561151078,2.0
Kepler-356,1,2,8.867163999999999,0.057,0.115,1.69,0.16970562748477147,3.51,0.5939696961967003,0.0,6133.0,1.335,1.163,-0.0226,0.9477847409037113,0.058,34.48275862068965,2.0769230769230766,2.0
Kepler-357,1,3,24.277893000000002,0.063,0.246,2.6466666666666665,0.7952567719506283,7.75,3.7819439445872276,0.0,5036.0,0.834,0.794,0.06,1.3852109930218481,0.183,16.39344262295082,2.9282115869017633,3.0
Kepler-358,1,2,58.774418000000004,0.21,0.381,2.785,0.0919238815542511,8.175,0.45961940777125554,0.0,5908.0,0.954,0.94,0.035,1.7691883373182036,0.171,11.695906432748536,2.9353680430879714,2.0
Kepler-359,1,3,53.44897766666666,0.178,0.372,3.9466666666666668,0.38888730158406204,5.933333333333334,5.428013755816517,0.0,6248.0,1.086,0.827,-0.29,1.727939402753936,0.194,15.463917525773196,1.5033783783783785,3.0
Kepler-36,1,2,15.04345,0.11419,0.12692,2.5885,1.5421998897678602,5.48,2.3334523779156062,0.0,5979.0,1.634,1.034,-0.18,1.1773474469032807,0.012730000000000005,157.10919088766687,2.117056210160325,2.0
Kepler-360,1,2,5.238053,0.044,0.075,1.875,0.3181980515339465,4.21,1.2020815280171304,0.0,6053.0,1.058,0.994,0.15,0.7191698884174095,0.031,64.51612903225806,2.2453333333333334,2.0
Kepler-361,1,2,31.8373195,0.086,0.3,1.9849999999999999,0.756604255869606,4.800000000000001,2.9698484809834995,0.0,6169.0,1.343,1.191,0.04,1.5029364957690425,0.214,9.345794392523365,2.418136020151134,2.0
Kepler-362,1,2,24.0967335,0.087,0.207,1.165,0.403050865276332,1.6575000000000002,1.4743176387739516,0.0,5788.0,0.722,0.904,-0.12,1.3819581745635203,0.12,16.666666666666668,1.42274678111588,2.0
Kepler-363,1,3,7.696373333333334,0.048,0.107,1.633333333333333,0.4476978147515726,24.303333333333338,36.49209549112429,0.0,5593.0,1.485,1.226,0.3965,0.8862861261651616,0.059,50.847457627118644,14.879591836734699,3.0
Kepler-364,1,2,42.8631725,0.178,0.312,1.85,0.42426406871192834,4.145,1.590990257669732,0.0,6108.0,1.284,1.076,-0.031,1.6320843120220478,0.134,14.925373134328357,2.24054054054054,2.0
Kepler-365,1,2,14.224516000000001,0.098,0.137,1.8399999999999999,0.28284271247461906,4.075,1.053589103967956,0.0,6012.0,1.048,1.02,-0.218,1.153037498117704,0.03900000000000001,51.28205128205127,2.2146739130434785,2.0
Kepler-366,1,2,7.8990595,0.045,0.11,1.625,0.23334523779156074,3.295,0.7990306627407986,0.0,6209.0,1.048,1.088,-0.06,0.8975753851796172,0.065,30.769230769230766,2.0276923076923077,2.0
Kepler-367,1,2,45.6971805,0.201,0.253,1.25,0.07071067811865482,2.055,0.26162950903902266,0.0,4710.0,0.695,0.768,0.1974,1.6598894050793394,0.05199999999999999,38.46153846153847,1.6440000000000001,2.0
Kepler-368,1,2,49.613507,0.186,0.36,3.57,0.4384062043356595,12.5,2.545584412271572,0.0,5502.0,2.019,1.165,0.03,1.6955999268329316,0.174,11.49425287356322,3.5014005602240896,2.0
Kepler-369,1,2,8.802164000000001,0.03,0.094,1.27,0.19798989873223324,2.04,0.7495331880577402,0.0,3591.0,0.471,0.5,-0.09,0.9445894559823809,0.064,31.25,1.6062992125984252,2.0
Kepler-37,1,4,31.41428255,0.1019,0.25,0.8662,0.8005396679740485,3.0475,3.404657349376978,0.07425000000000001,5357.0,0.789,0.79,-0.36,1.497127145601089,0.1481,27.008777852802158,3.5182405910875088,4.0
Kepler-370,1,2,11.80123,0.054,0.14,1.75,0.2262741699796951,3.7299999999999995,0.8202438661763951,0.0,5852.0,0.9,0.982,0.1323,1.071927274625941,0.08600000000000002,23.255813953488367,2.1314285714285712,2.0
Kepler-371,1,2,51.3656465,0.2,0.313,1.835,0.07778174593052013,4.025,0.28991378028648507,0.0,5666.0,0.992,0.876,-0.1975,1.7106727586161423,0.11299999999999999,17.69911504424779,2.1934604904632153,2.0
Kepler-372,1,3,18.998674333333334,0.075,0.201,1.7133333333333336,0.3655589327773748,3.6466666666666665,1.3061903893894384,0.0,6509.0,1.137,1.202,-0.13,1.278723298331566,0.126,23.80952380952381,2.1284046692607,3.0
Kepler-373,1,2,11.1306285,0.06,0.126,1.3,0.08485281374238578,2.245,0.24748737341529187,0.0,5787.0,0.845,0.981,0.14,1.0465196878185756,0.066,30.3030303030303,1.726923076923077,2.0
Kepler-374,1,3,3.402944,0.029,0.056,1.1466666666666667,0.14571661996262936,1.5733333333333335,0.6205105424836336,0.0,5977.0,0.911,1.033,0.1111,0.5318548022574026,0.027,111.11111111111111,1.372093023255814,3.0
Kepler-375,1,2,16.05613,0.101,0.141,2.05,0.8485281374238571,5.105,3.401183617507293,0.0,5826.0,0.837,0.891,-0.04,1.2056408758006851,0.03999999999999998,50.00000000000003,2.490243902439025,2.0
Kepler-376,1,2,9.546263,0.057,0.115,1.4300000000000002,0.5091168824543141,2.55,1.8526197667087545,0.0,5900.0,1.175,0.968,-0.1038,0.9798333950286905,0.058,34.48275862068965,1.783216783216783,2.0
Kepler-377,1,2,19.762252500000002,0.109,0.182,1.725,0.4737615433949869,3.705,1.689985207035849,0.0,5949.0,1.224,1.043,0.05,1.2958364439240808,0.073,27.397260273972606,2.1478260869565218,2.0
Kepler-378,1,2,22.499185,0.112,0.166,0.725,0.03535533905932741,0.309,0.05374011537017758,0.0,4661.0,0.671,0.78,0.1369,1.3521667867152143,0.054000000000000006,37.03703703703703,0.42620689655172417,2.0
Kepler-379,1,2,41.4415385,0.152,0.326,1.975,0.44547727214752497,4.625,1.7465537495307726,0.0,6054.0,1.306,1.125,0.09,1.6174358700397258,0.17400000000000002,11.494252873563218,2.3417721518987342,2.0
Kepler-38,2,1,105.599,0.4632,0.4632,4.3,0.0,122.0,0.0,0.032,5623.0,1.752,0.941,-0.11,2.023659805541181,0.0,0.0,28.372093023255815,0.5
Kepler-380,1,2,5.7804125,0.05,0.078,1.23,0.05656854249492385,1.98,0.24041630560342606,0.0,6045.0,1.224,0.99,-0.16,0.7619588315142203,0.027999999999999997,71.42857142857143,1.6097560975609757,2.0
Kepler-381,1,3,9.092318657666667,0.066,0.117,1.0589288333333335,0.06535523845938697,1.2089999999999999,0.262131646315358,0.0,6152.0,1.568,1.144,-0.2016,0.9586746479989438,0.051000000000000004,58.8235294117647,1.1417197850721157,3.0
Kepler-382,1,2,8.712428,0.055,0.097,1.455,0.19091883092036785,2.7249999999999996,0.6010407640085655,0.0,5600.0,0.945,1.002,0.082,0.9401392020866223,0.042,47.61904761904761,1.8728522336769755,2.0
Kepler-383,1,2,22.0526415,0.095,0.172,1.28,0.05656854249492385,2.1849999999999996,0.16263455967290577,0.0,4710.0,0.672,0.669,-0.1785,1.3434606173941142,0.07699999999999999,25.974025974025977,1.7070312499999996,2.0
Kepler-384,1,2,33.972661,0.148,0.236,1.125,0.007071067811865324,1.4849999999999999,0.03535533905932749,0.0,5577.0,0.882,0.882,-0.29,1.5311295654851345,0.088,22.72727272727273,1.3199999999999998,2.0
Kepler-385,1,3,27.207582333333335,0.097,0.2872,2.7962149333333333,0.2183423096630914,11.12,3.2623917606565893,0.0,6326.0,1.126,0.992,0.01,1.4346899520722374,0.1902,15.772870662460567,3.976804453563226,3.0
Kepler-386,1,2,18.751944,0.096,0.155,1.4849999999999999,0.13435028842544422,2.815,0.4313351365237942,0.0,5178.0,0.767,0.825,0.07,1.2730462973815493,0.059,33.898305084745765,1.8956228956228958,2.0
Kepler-387,1,2,9.3145925,0.068,0.098,0.96,0.09899494936611662,0.8600000000000001,0.311126983722081,0.0,5774.0,1.046,0.85,-0.3,0.9691638598900693,0.03,66.66666666666667,0.8958333333333335,2.0
Kepler-388,1,2,8.2351595,0.036,0.093,0.835,0.03535533905932737,0.5115,0.07707463914933364,0.0,4498.0,0.586,0.635,0.0,0.915672015078213,0.057,35.08771929824561,0.6125748502994012,2.0
Kepler-389,1,2,8.8777685,0.041,0.11,1.4849999999999999,0.03535533905932733,2.81,0.1131370849898477,0.0,5376.0,0.792,0.765,-0.1,0.9483038160122361,0.069,28.98550724637681,1.8922558922558925,2.0
Kepler-39,1,1,21.08721,0.164,0.164,13.9,0.0,6388.1,0.0,0.112,6350.0,1.4,1.29,0.1,1.3240191230416025,0.0,0.0,459.57553956834533,1.0
Kepler-390,2,2,9.899055,0.065,0.101,0.8049999999999999,0.021213203435596326,0.4475,0.04171930009000632,0.0,5166.0,0.776,0.787,-0.0443,0.9955937372365082,0.036000000000000004,55.55555555555555,0.5559006211180125,1.0
Kepler-391,1,2,13.95925,0.083,0.164,2.69,0.268700576850888,775.0,459.6194077712559,0.365,5038.0,2.879,1.27,0.04,1.1448620852204228,0.081,24.691358024691358,288.1040892193309,2.0
Kepler-392,1,2,7.8824855000000005,0.059,0.093,1.05,0.07071067811865482,1.171,0.28142849891224603,0.0,5938.0,1.129,0.874,-0.4362,0.8966631805267258,0.034,58.8235294117647,1.1152380952380951,2.0
Kepler-393,1,2,11.898014499999999,0.091,0.124,1.31,0.028284271247461926,2.27,0.08485281374238578,0.0,6189.0,1.382,1.256,0.0322,1.0754744938599288,0.033,60.6060606060606,1.732824427480916,2.0
Kepler-394,1,3,8.583093075666667,0.05904,0.11,1.58688938,0.08047096787260108,3.1466666666666665,0.2676440422152777,0.0,6402.0,1.132,0.87,-0.3,0.9336438220704525,0.05096,58.86970172684459,1.982914944371653,3.0
Kepler-395,1,2,21.021804,0.061,0.177,1.175,0.2050609665440988,1.69,0.8626702730475878,0.0,4262.0,0.556,0.622827,-0.02,1.3226699825593744,0.11599999999999999,17.24137931034483,1.4382978723404254,2.0
Kepler-396,1,2,65.7495,0.24067,0.38946,4.4,1.272792206135785,46.7,40.72935059634514,0.0,5656.0,1.06,0.85,0.1558,1.8178924545296036,0.14878999999999998,13.441763559378993,10.613636363636363,2.0
Kepler-397,1,2,78.874738,0.144,0.48,4.32,2.630437226013956,19.11,17.66352739403996,0.0,5307.0,0.767,0.844,-0.24,1.8969379296487898,0.33599999999999997,5.952380952380953,4.423611111111111,2.0
Kepler-398,1,3,7.445068336666666,0.044,0.087,0.9400000000000001,0.06557438524301999,0.7913333333333333,0.20087392397554577,0.0,4493.0,0.613,0.649,0.0528,0.8718686884012963,0.043,69.76744186046513,0.8418439716312056,3.0
Kepler-399,1,3,33.045195666666665,0.103,0.261,1.4266666666666665,0.4650089604871431,2.566666666666667,1.6958871817822476,0.0,5502.0,0.68,0.902,0.14,1.5191083277513737,0.15800000000000003,18.987341772151897,1.799065420560748,3.0
Kepler-4,1,1,3.21346,0.0456,0.0456,4.002,0.0,24.472,0.0,0.0,5857.0,1.487,1.223,0.17,0.506972898337785,0.0,0.0,6.114942528735633,1.0
Kepler-40,1,1,6.87349,0.08,0.08,13.11,0.0,699.2,0.0,0.0,6510.0,2.13,1.48,0.1,0.837177305164802,0.0,0.0,53.333333333333336,1.0
Kepler-400,1,2,13.1826065,0.087,0.134,1.5699999999999998,0.11313708498984747,3.0949999999999998,0.37476659402886986,0.0,5886.0,1.145,1.08,0.0844,1.120001288607749,0.047000000000000014,42.55319148936169,1.9713375796178345,2.0
Kepler-401,1,3,81.98588600000001,0.122,0.66886,2.0433333333333334,0.2948445918332797,4.87,1.1532562594670792,0.0,6117.0,1.333,1.173,0.0,1.9137390943361525,0.54686,5.48586475514757,2.3833605220228384,3.0
Kepler-402,1,4,7.579383,0.051,0.102,1.405,0.14364307617610161,2.56,0.45158978435448843,0.0,6090.0,1.264,1.072,-0.08,0.879633853309933,0.051,78.43137254901961,1.8220640569395017,4.0
Kepler-403,1,3,24.97460076333333,0.076,0.297,1.4733333333333334,0.2542308662089113,2.8033333333333332,0.8240347889096268,0.0,6090.0,1.329,1.299,0.079,1.3974985544488847,0.22099999999999997,13.574660633484164,1.9027149321266967,3.0
Kepler-404,1,2,13.2905085,0.102,0.118,1.495,0.31819805153394626,2.88,1.0323759005323594,0.0,5654.0,0.884,0.86,-0.03,1.1235415975356067,0.016,125.0,1.926421404682274,2.0
Kepler-405,1,2,20.1702605,0.095,0.188,3.37,1.8243354954612927,12.290000000000001,10.337901140947325,0.0,5818.0,0.893,0.873,-0.06,1.3047115071855948,0.093,21.50537634408602,3.646884272997033,2.0
Kepler-406,1,2,3.5248049999999997,0.03599,0.05531,1.14,0.4101219330881975,4.529999999999999,2.5738686835190325,0.0,5538.0,1.07,1.07,0.18,0.5471350958617507,0.019319999999999997,103.51966873706006,3.9736842105263155,2.0
Kepler-407,1,2,1500.3346562,0.01531,3.27090369,6.745,7.855956338982543,2000.965,2827.0624086585,0.1107395,5487.0,1.04,0.99,0.35,3.1761881411426827,3.25559369,0.6143272749739235,296.6590066716086,2.0
Kepler-408,1,1,2.46502,0.03592,0.03592,0.82,0.0,5.0,0.0,0.0,6104.0,1.23,1.08,-0.2,0.39182044728643395,0.0,0.0,6.097560975609756,1.0
Kepler-409,1,1,68.9583216,0.3192,0.3192,1.199,0.0,6.0,0.0,0.69,5421.0,0.897,0.913,0.05,1.83858668250446,0.0,0.0,5.004170141784821,1.0
Kepler-41,1,1,1.8555582,0.03101,0.03101,14.46,0.0,177.98,0.0,0.0,5750.0,1.29,1.15,0.38,0.2684745806424682,0.0,0.0,12.308437067773166,1.0
Kepler-410 A,2,1,17.833648,0.1226,0.1226,2.838,0.0,8.44,0.0,0.17,6273.0,1.352,1.214,0.01,1.2512401902992107,0.0,0.0,2.9739252995066945,0.5
Kepler-411,2,4,25.09241725,0.0375,0.279,3.35525,0.8273235461414116,19.5,7.724420150837644,0.0995,4974.0,0.82,0.87,0.21,1.3995425006039361,0.24150000000000002,16.563146997929604,5.811787497205872,2.0
Kepler-412,1,1,1.7208604,0.02897,0.02897,15.031269,0.0,299.07803,0.0,0.0038,5750.0,1.287,1.167,0.27,0.23574564082801,0.0,0.0,19.897057926380004,1.0
Kepler-413,2,1,66.262,0.3553,0.3553,4.347,0.0,67.0,0.0,0.1181,4700.0,0.7761,0.82,-0.2,1.821264540146232,0.0,0.0,15.412928456406716,0.5
Kepler-414,1,2,5.9355,0.0543,0.07195,2.36,0.9192388155425116,16.7,18.667619023324853,0.0,5536.0,0.946,0.89,0.18,0.773457309321709,0.01765,113.31444759206799,7.076271186440678,2.0
Kepler-415,1,2,6.442,0.0426,0.0695,1.6099999999999999,0.5656854249492379,62.300000000000004,81.45870119269027,0.0,4362.0,0.643,0.67,0.01,0.8090207204836726,0.026900000000000007,74.34944237918214,38.69565217391305,2.0
Kepler-416,1,3,7.201482363333333,0.0407,0.10454,2.1473333333333335,0.4697247420919332,22.516666666666666,30.93690730071986,0.0,5718.0,1.075,1.0,0.1259,0.8574219014247092,0.06384,46.99248120300752,10.48587395218876,3.0
Kepler-417,1,2,14.137,0.1006,0.1194,2.5,0.268700576850888,9.35,2.3334523779156062,0.0,5177.0,0.806,0.9,-0.204,1.150357257998519,0.01880000000000001,106.3829787234042,3.7399999999999998,2.0
Kepler-418,1,2,49.448429935,0.10632,0.39249,9.335543269999999,5.818720509363255,186.65562384999998,230.45405331363858,0.1,5820.0,1.09,0.98,-0.05,1.6941525066229688,0.28617000000000004,6.988852779816193,19.994082663600572,2.0
Kepler-419,1,2,372.6123,0.37,1.68,11.7,1.2727922061357855,1557.3,1078.7621053781968,0.5085,6430.0,1.74,1.39,0.176,2.571257186936926,1.31,1.5267175572519083,133.10256410256412,2.0
Kepler-42,1,3,1.1774070966666665,0.006,0.0154,0.6933333333333334,0.10969655114602894,20.46690966666667,34.528949898070174,0.02,3068.0,0.17,0.13,-0.33,0.07092664913700027,0.0094,319.1489361702128,29.51958125,3.0
Kepler-421,1,1,704.1984,1.219,1.219,4.16,0.0,16.1,0.0,0.041,5308.0,0.757,0.794,-0.25,2.8476950339804583,0.0,0.0,3.870192307692308,1.0
Kepler-422,1,1,7.8914483,0.082,0.082,12.89,0.0,136.66,0.0,0.0,5972.0,1.24,1.15,0.23,0.8971567156271845,0.0,0.0,10.602017067494181,1.0
Kepler-423,1,1,2.6843285,0.03585,0.03585,13.361,0.0,189.101,0.0,0.019,5560.0,0.95,0.85,-0.1,0.42883566239391735,0.0,0.0,14.153207095277299,1.0
Kepler-424,1,2,113.3059322,0.044,0.73,11.34,1.9233304448274084,1271.2649999999999,1334.8973947274,0.0,5460.0,0.94,1.01,0.44,2.054252648206574,0.6859999999999999,2.915451895043732,112.10449735449734,2.0
Kepler-425,1,1,3.79701816,0.0464,0.0464,10.962,0.0,79.45,0.0,0.33,5170.0,0.86,0.93,0.24,0.5794426742451254,0.0,0.0,7.247765006385697,1.0
Kepler-426,1,1,3.21751883,0.0414,0.0414,12.22,0.0,108.06,0.0,0.18,5725.0,0.92,0.91,-0.21,0.5075210972209199,0.0,0.0,8.842880523731587,1.0
Kepler-427,1,1,10.290994,0.091,0.091,13.79,0.0,92.17,0.0,0.57,5800.0,1.35,0.96,-0.19,1.012457324992373,0.0,0.0,6.683828861493836,1.0
Kepler-428,1,1,3.52563254,0.0433,0.0433,12.11,0.0,403.63,0.0,0.22,5150.0,0.8,0.87,0.09,0.5472370458627728,0.0,0.0,33.33030553261767,1.0
Kepler-43,1,1,3.0240949,0.046,0.046,13.663771,0.0,1026.5909,0.0,0.017,6041.0,1.42,1.32,0.33,0.4805954157642361,0.0,0.0,75.1323262077504,1.0
Kepler-430,1,2,73.4735,0.2244,0.4757,2.5,1.0606601717798212,7.154999999999999,4.871965722375312,0.0,5884.0,1.485,1.166,0.2,1.8661307284857516,0.2513,7.958615200955033,2.8619999999999997,2.0
Kepler-431,1,3,9.142666666666667,0.0719,0.1045,0.8473333333333334,0.23248512497218687,0.6696666666666666,0.645011886195389,0.0,6004.0,1.092,1.071,0.07,0.9610728860736748,0.03259999999999999,92.02453987730064,0.7903225806451613,3.0
Kepler-432,2,2,229.3505645,0.301,0.301,13.0671525,0.3292960924646694,1245.8935999999999,669.7244498282706,0.5057,4995.0,4.06,1.32,-0.07,2.3604998133972943,0.0,0.0,95.34545494896457,1.0
Kepler-433,1,1,5.33408384,0.0679,0.0679,16.25,0.0,896.24,0.0,0.119,6360.0,2.26,1.46,-0.01,0.7270598375561838,0.0,0.0,55.15323076923077,1.0
Kepler-434,1,1,12.8747099,0.1143,0.1143,12.67,0.0,908.96,0.0,0.131,5977.0,1.38,1.198,0.25,1.109737452062851,0.0,0.0,71.74112075769534,1.0
Kepler-435,1,1,8.6001536,0.0948,0.0948,22.31,0.0,266.97,0.0,0.114,6161.0,3.21,1.538,-0.18,0.9345062078757437,0.0,0.0,11.96638278798745,1.0
Kepler-436,1,2,40.39959437,0.11452,0.339,2.5300000000000002,0.2828427124746191,6.970000000000001,1.315218613006979,0.095,4651.0,0.697,0.729,0.01,1.6063770046216181,0.22448,8.909479686386314,2.7549407114624507,2.0
Kepler-437,1,1,66.65062,0.288,0.288,2.14,0.0,5.22,0.0,0.02,4551.0,0.68,0.707,0.0,1.8238041936797567,0.0,0.0,2.439252336448598,1.0
Kepler-438,1,1,35.23319,0.166,0.166,1.12,0.0,1.46,0.0,0.03,3748.0,0.52,0.544,0.16,1.5469519658232693,0.0,0.0,1.3035714285714284,1.0
Kepler-439,1,1,178.1396,0.563,0.563,2.24,0.0,5.65,0.0,0.03,5431.0,0.866,0.884,0.02,2.2507604728029293,0.0,0.0,2.5223214285714284,1.0
Kepler-44,1,1,3.2467293,0.0446,0.0446,12.22,0.0,317.82,0.0,0.066,5800.0,1.35,1.12,0.15,0.5114460803053623,0.0,0.0,26.008183306055646,1.0
Kepler-440,1,1,101.11141,0.242,0.242,1.86,0.0,4.12,0.0,0.34,4134.0,0.559,0.575,-0.3,2.0048001666734496,0.0,0.0,2.21505376344086,1.0
Kepler-441,1,1,207.2482,0.64,0.64,1.64,0.0,3.33,0.0,0.1,4340.0,0.55,0.572,-0.57,2.3164907672876325,0.0,0.0,2.030487804878049,1.0
Kepler-442,1,1,112.3053,0.409,0.409,1.34,0.0,2.36,0.0,0.04,4402.0,0.598,0.609,-0.37,2.05040025231168,0.0,0.0,1.761194029850746,1.0
Kepler-443,1,1,177.6693,0.495,0.495,2.33,0.0,6.04,0.0,0.11,4723.0,0.706,0.738,-0.01,2.249612391269351,0.0,0.0,2.592274678111588,1.0
Kepler-444,3,5,6.36387208,0.04178,0.0811,0.5434,0.1235892390137588,0.14974,0.11811108330719858,0.20800000000000002,5046.0,0.752,0.758,-0.55,0.8037214413220494,0.03932000000000001,127.16174974567647,0.27556128082443876,1.6666666666666667
Kepler-445,1,3,5.3360433333333335,0.0217,0.0439,1.78,0.6533758489567852,4.023333333333333,2.500526611202795,0.0,3157.0,0.21,0.18,0.27,0.7272193477733977,0.0222,135.13513513513513,2.2602996254681647,3.0
Kepler-446,1,3,3.250169666666667,0.0182,0.0403,1.32,0.19672315572906005,2.22,0.7397972695272672,0.0,3359.0,0.24,0.22,-0.3,0.5119060327861937,0.0221,135.74660633484163,1.6818181818181819,3.0
Kepler-447,1,1,7.79430132,0.0769,0.0769,18.49,0.0,435.41,0.0,0.123,5493.0,1.05,1.0,0.07,0.8917771911774521,0.0,0.0,23.548404542996217,1.0
Kepler-449,1,2,23.12756,0.1027,0.1979,2.41,0.5006316010800753,6.475,2.255670631985087,0.04,5649.18,1.467,1.02,-0.1651,1.3641298163230235,0.09519999999999999,21.008403361344538,2.6867219917012446,2.0
Kepler-45,1,1,2.455239,0.03,0.03,10.76,0.0,160.497,0.0,0.11,3820.0,0.55,0.59,0.28,0.3900937739861125,0.0,0.0,14.9160780669145,1.0
Kepler-450,1,3,17.127542000000002,0.0827,0.20092,3.199,2.6984964332012744,16.5,3.579106033634656,0.060000000000000005,6197.21,1.64162,1.19,0.1278,1.2336950411656364,0.11821999999999999,25.37641684994079,5.157861831822445,3.0
Kepler-452,1,1,384.843,1.046,1.046,1.63,0.0,3.29,0.0,0.0,5757.0,1.11,1.037,0.21,2.5852835914826846,0.0,0.0,2.0184049079754605,1.0
Kepler-453,2,1,240.503,0.7903,0.7903,6.204,0.0,16.0,0.0,0.0359,5527.0,0.833,0.944,0.09,2.3811204980708474,0.0,0.0,2.5789813023855577,0.5
Kepler-454,2,3,1535.9212511333335,0.09528,5.1,9.523333333333333,6.1981959740987005,724.3299119133335,714.0540513162401,0.1381,5687.0,1.066,1.03,0.32,3.1863689493706358,5.00472,0.5994341341773366,76.05844367308367,1.5
Kepler-46,1,3,32.459643,0.067,0.2799,8.065666666666667,5.991824124032124,676.6096666666666,1067.1312423550971,0.0082,5155.0,0.938,0.902,0.41,1.5113437390274085,0.21289999999999998,14.091122592766558,83.8876306980204,3.0
Kepler-461,1,1,8.313783059,0.07895,0.07895,2.58,0.0,7.18,0.0,0.0,5634.0,0.91,0.98,0.04,0.9197986877780341,0.0,0.0,2.782945736434108,1.0
Kepler-462,1,2,146.1533,0.4172,0.7584,3.5,0.7071067811865476,29.95,33.87041481883563,0.076,7500.0,1.57,1.59,0.05,2.164808625753054,0.34119999999999995,5.86166471277843,8.557142857142857,2.0
Kepler-463,1,1,8.981016833,0.07925,0.07925,3.05,0.0,9.53,0.0,0.0,5661.0,0.9,0.87,-0.28,0.9533255103823,0.0,0.0,3.124590163934426,1.0
Kepler-464,1,1,7.256965224,0.07931,0.07931,3.3,0.0,10.9,0.0,0.0,5933.0,1.59,1.21,0.19,0.860755041910109,0.0,0.0,3.303030303030303,1.0
Kepler-465,1,1,9.940672466,0.09195,0.09195,2.95,0.0,9.01,0.0,0.0,6310.0,1.29,1.23,0.09,0.9974157645174957,0.0,0.0,3.054237288135593,1.0
Kepler-466,1,2,27.394238458,0.04658,0.26769,2.05,1.131370849898476,5.3,4.525483399593904,0.0,5927.0,1.05,1.04,-0.01,1.4376592318345949,0.22110999999999997,9.04527158427932,2.5853658536585367,2.0
Kepler-467,1,1,24.99324193,0.16848,0.16848,2.25,0.0,5.69,0.0,0.0,5809.0,1.37,1.05,0.06,1.397822593100897,0.0,0.0,2.528888888888889,1.0
Kepler-47,2,3,180.01909999999998,0.2877,0.9638,4.913333333333333,2.007992363863303,8.086666666666666,9.484504907127905,0.029666666666666664,5636.0,0.936,0.957,-0.25,2.255318586128519,0.6760999999999999,4.437213429965982,1.6458616010854816,1.5
Kepler-472,1,1,4.176255514,0.04823,0.04823,3.22,0.0,10.5,0.0,0.0,4996.0,0.78,0.85,0.16,0.6207870620549139,0.0,0.0,3.260869565217391,1.0
Kepler-473,1,1,14.55731705,0.12048,0.12048,4.08,0.0,15.6,0.0,0.0,5816.0,1.34,1.06,0.12,1.163081340791072,0.0,0.0,3.8235294117647056,1.0
Kepler-474,1,1,5.660672935,0.06092,0.06092,3.06,0.0,9.59,0.0,0.0,5785.0,1.08,0.99,-0.01,0.7528680627404242,0.0,0.0,3.133986928104575,1.0
Kepler-475,1,1,3.105508189,0.03989,0.03989,2.49,0.0,6.76,0.0,0.0,5009.0,0.79,0.86,0.21,0.4921326787861496,0.0,0.0,2.7148594377510036,1.0
Kepler-476,1,1,14.00640607,0.1126,0.1126,3.08,0.0,9.69,0.0,0.0,5837.0,1.09,1.03,0.04,1.1463267131446186,0.0,0.0,3.146103896103896,1.0
Kepler-477,2,1,11.11990653,0.0911,0.0911,2.07,0.0,4.94,0.0,0.0,5240.0,0.79,0.87,-0.04,1.0461011367356223,0.0,0.0,2.386473429951691,0.5
Kepler-478,1,1,13.2217576,0.1032,0.1032,2.71,0.0,7.8,0.0,0.0,5210.0,0.8,0.85,-0.03,1.1212891907959475,0.0,0.0,2.878228782287823,1.0
Kepler-479,1,1,12.49341307,0.09636,0.09636,2.12,0.0,5.14,0.0,0.0,5247.0,0.81,0.86,-0.02,1.0966810993010807,0.0,0.0,2.424528301886792,1.0
Kepler-48,1,5,1251.8059808000003,0.05394,5.719187877,6.766,6.247926055900471,196.41219936,286.44489520801363,0.003685,5194.0,0.89,0.88,0.17,3.0975370221671357,5.6652478770000005,0.8825739153090193,29.029293431865206,5.0
Kepler-480,1,1,4.919583795,0.06024,0.06024,2.78,0.0,8.15,0.0,0.0,6322.0,1.34,1.25,0.11,0.6919283622834711,0.0,0.0,2.9316546762589932,1.0
Kepler-481,1,1,10.06082567,0.08926,0.08926,2.5,0.0,6.8,0.0,0.0,5802.0,1.09,1.01,0.03,1.0026336237825697,0.0,0.0,2.7199999999999998,1.0
Kepler-482,1,1,56.35418576,0.25787,0.25787,2.36,0.0,6.17,0.0,0.0,4871.0,0.72,0.75,-0.13,1.750926179210121,0.0,0.0,2.614406779661017,1.0
Kepler-483,1,1,30.229104,0.19471,0.19471,3.21,0.0,10.4,0.0,0.0,6346.0,1.47,1.28,0.09,1.4804252747457078,0.0,0.0,3.2398753894081,1.0
Kepler-484,1,1,10.045569313,0.09036,0.09036,2.28,0.0,5.82,0.0,0.0,5668.0,0.87,0.96,-0.1,1.0019745545723766,0.0,0.0,2.5526315789473686,1.0
Kepler-487,1,3,18.809718679666666,0.03445,0.21864,5.625045226666667,5.0188034747473775,7.885,0.33234018715767655,0.0,5444.0,0.88,0.91,0.0,1.2743823002403285,0.18419,16.287529181823118,1.4017665071597218,3.0
Kepler-489,1,1,17.276296119,0.12109,0.12109,7.72,0.0,46.1,0.0,0.0,5014.0,0.76,0.82,0.0,1.2374506393292433,0.0,0.0,5.971502590673576,1.0
Kepler-49,1,4,9.82066425,0.031,0.116,2.04575,0.5408649708260523,63.7925375,114.85687908097752,0.002,4095.6,0.618,0.607,0.03,0.9921408635866723,0.085,47.05882352941176,31.18295857265062,4.0
Kepler-491,1,1,4.225384512,0.05191,0.05191,8.92,0.0,59.0,0.0,0.0,5582.0,1.03,1.04,0.37,0.62586623608842,0.0,0.0,6.614349775784754,1.0
Kepler-495,1,2,4.654823002,0.0427,0.0614,3.22468207,2.8359478134759417,12.89,15.429069965490468,0.0,5346.0,0.83,0.86,-0.07,0.6679031717370923,0.0187,106.951871657754,3.997293289753678,2.0
Kepler-496,1,1,8.30864937,0.0747,0.0747,2.32,0.0,5.99,0.0,0.0,5293.0,0.82,0.86,-0.03,0.9195304318672439,0.0,0.0,2.5818965517241383,1.0
Kepler-497,1,1,3.573203671,0.0457,0.0457,6.04,0.0,30.4,0.0,0.0,5834.0,1.11,1.09,0.24,0.5530577714978443,0.0,0.0,5.033112582781457,1.0
Kepler-498,1,1,9.61375356,0.0897,0.0897,3.03,0.0,9.43,0.0,0.0,5744.0,0.96,0.98,-0.04,0.9828929851835282,0.0,0.0,3.1122112211221125,1.0
Kepler-499,1,1,5.632528453,0.0598,0.0598,2.17,0.0,5.35,0.0,0.0,5312.0,0.83,0.87,0.0,0.7507033942617686,0.0,0.0,2.4654377880184333,1.0
Kepler-5,1,1,3.5484657,0.0538,0.0538,15.984034,0.0,670.93913,0.0,0.0,6297.0,1.793,1.374,0.04,0.5500406116297996,0.0,0.0,41.97558200889713,1.0
Kepler-50,1,2,8.594505,0.077,0.087,1.94,0.3252691193458118,8.55,0.4949747468305846,0.0,6225.0,1.58,1.24,0.03,0.934220868578722,0.009999999999999995,200.0000000000001,4.407216494845361,2.0
Kepler-500,1,1,8.508324398,0.08361,0.08361,2.58,0.0,7.18,0.0,0.0,5813.0,1.03,1.02,0.03,0.9298440399490211,0.0,0.0,2.782945736434108,1.0
Kepler-501,1,2,4.6317188145,0.0467,0.0627,2.990598695,1.8517730841200297,10.285,9.637865427572642,0.0,5904.0,1.04,1.03,-0.03,0.6657421860782408,0.016000000000000007,124.99999999999994,3.439110709569811,2.0
Kepler-502,1,1,4.28686431,0.0535,0.0535,4.77,0.0,20.4,0.0,0.0,6125.0,1.22,1.15,0.05,0.6321397372193167,0.0,0.0,4.276729559748428,1.0
Kepler-504,2,1,9.549275422,0.0646,0.0646,1.59,0.0,3.15,0.0,0.0,3519.0,0.33,0.33,-0.31,0.9799704195245392,0.0,0.0,1.981132075471698,0.5
Kepler-505,1,1,27.52197994,0.1445,0.1445,2.6,0.0,7.27,0.0,0.0,3931.0,0.53,0.55,-0.19,1.4396796739706628,0.0,0.0,2.796153846153846,1.0
Kepler-506,1,1,6.8834055,0.07437,0.07437,2.73,0.0,7.9,0.0,0.0,6236.0,1.19,1.19,0.09,0.8378033545058056,0.0,0.0,2.8937728937728937,1.0
Kepler-507,1,1,3.568096926,0.04781,0.04781,1.3,0.0,5.69692195,0.0,0.0,6113.0,1.32,1.16,0.06,0.5524366433092447,0.0,0.0,4.382247653846154,1.0
Kepler-508,1,1,25.30889748,0.17274,0.17274,1.64,0.0,3.33,0.0,0.0,6025.0,1.25,1.16,0.18,1.4032732265971595,0.0,0.0,2.030487804878049,1.0
Kepler-509,1,1,41.74600392,0.23702,0.23702,2.49,0.0,6.76,0.0,0.0,6060.0,1.2,1.1,0.01,1.6206149095548634,0.0,0.0,2.7148594377510036,1.0
Kepler-51,1,4,131.236,0.2514,0.509,6.995,3.392752078573774,4.775,2.318584338197197,0.0205,6018.0,0.94,1.04,0.05,2.1180529848624294,0.2576,15.527950310559007,0.6826304503216584,4.0
Kepler-510,1,1,19.55659418,0.1352,0.1352,2.47,0.0,6.66,0.0,0.0,5746.0,1.41,0.91,-0.35,1.2912932237838166,0.0,0.0,2.6963562753036436,1.0
Kepler-511,1,2,161.63368222,0.17177,0.85672,5.279821634999999,1.513460757941264,24.8,11.73797256769669,0.0,5770.0,1.2,1.0,0.01,2.2085318668224896,0.6849500000000001,2.919921162128622,4.6971283718375085,2.0
Kepler-512,1,1,34.43587975,0.21395,0.21395,2.69,0.0,7.7,0.0,0.0,5997.0,1.3,1.17,0.22,1.5370111825932988,0.0,0.0,2.862453531598513,1.0
Kepler-513,1,1,28.86235584,0.1779,0.1779,2.2,0.0,5.48,0.0,0.0,5849.0,1.06,1.02,-0.01,1.4603317767420758,0.0,0.0,2.4909090909090907,1.0
Kepler-514,2,1,5.65179605,0.06559,0.06559,1.72,0.0,3.61,0.0,0.0,6106.0,1.44,1.28,0.36,0.7521864815633387,0.0,0.0,2.0988372093023258,0.5
Kepler-515,2,1,19.96371318,0.1333,0.1333,1.46,0.0,2.73,0.0,0.0,5293.0,0.83,0.9,0.08,1.300241321701092,0.0,0.0,1.86986301369863,0.5
Kepler-516,1,1,24.85462415,0.1992,0.1992,5.74,0.0,27.9,0.0,0.0,7099.0,2.02,1.62,0.01,1.3954072001519364,0.0,0.0,4.860627177700348,1.0
Kepler-517,2,1,60.92832271,0.28682,0.28682,2.67,0.0,7.61,0.0,0.0,5690.0,0.98,0.95,-0.06,1.7848192226375497,0.0,0.0,2.850187265917603,0.5
Kepler-518,1,1,8.512035877,0.07996,0.07996,2.11,0.0,5.1,0.0,0.0,5842.0,0.88,0.96,-0.23,0.9300334454432534,0.0,0.0,2.4170616113744074,1.0
Kepler-519,2,1,24.3078946,0.15932,0.15932,2.1,0.0,5.06,0.0,0.0,5260.0,0.8,0.89,0.01,1.3857473445611752,0.0,0.0,2.4095238095238094,0.5
Kepler-52,1,3,20.2358432,0.0637,0.182,1.9633333333333336,0.13051181300301268,89.75916666666667,44.80650624723304,0.004,4075.0,0.52,0.54,0.0,1.3061213055636403,0.11829999999999999,25.3592561284869,45.717741935483865,3.0
Kepler-520,1,2,12.442601925,0.06035,0.14628,1.365,0.41719300090006295,2.315,1.5202795795510773,0.0,6112.0,1.09,1.1,-0.03,1.0949112070036648,0.08592999999999999,23.27475852438031,1.695970695970696,2.0
Kepler-521,1,1,22.20813214,0.17116,0.17116,3.18,0.0,10.2,0.0,0.0,6406.0,1.46,1.34,0.25,1.3465120328661742,0.0,0.0,3.2075471698113205,1.0
Kepler-522,1,1,38.58422849,0.25029,0.25029,6.91,0.0,38.2,0.0,0.0,6392.0,1.98,1.54,0.41,1.5864098207480672,0.0,0.0,5.528219971056441,1.0
Kepler-523,1,1,5.835983111,0.06159,0.06159,1.96,0.0,4.5,0.0,0.0,5515.0,0.86,0.93,-0.03,0.7661140263999408,0.0,0.0,2.295918367346939,1.0
Kepler-524,1,2,4.931588565,0.03046,0.07955,1.435,0.6717514421272202,2.5749999999999997,2.4536605307173196,0.0,6014.0,1.1,1.09,0.02,0.6929868369010621,0.049089999999999995,40.74149521287432,1.7944250871080136,2.0
Kepler-525,1,1,18.68404933,0.14386,0.14386,2.63,0.0,7.41,0.0,0.0,5573.0,1.15,0.95,0.11,1.271471005250219,0.0,0.0,2.817490494296578,1.0
Kepler-526,1,1,5.458498316,0.06518,0.06518,1.99,0.0,4.62,0.0,0.0,5894.0,1.14,1.15,0.34,0.7370731806578513,0.0,0.0,2.321608040201005,1.0
Kepler-527,1,1,13.28535633,0.11646,0.11646,2.84,0.0,8.45,0.0,0.0,6388.0,1.45,1.28,0.03,1.1233732072278466,0.0,0.0,2.975352112676056,1.0
Kepler-528,1,1,19.78297415,0.14219,0.14219,2.08,0.0,4.98,0.0,0.0,5807.0,1.06,1.01,0.02,1.2962915835116846,0.0,0.0,2.394230769230769,1.0
Kepler-529,1,3,16.893686450999997,0.0309,0.2134,2.21834201,0.5043048127794538,5.666666666666667,2.22767442265097,0.0,6087.0,1.14,1.07,-0.1,1.2277244293598149,0.1825,16.438356164383563,2.5544603316900925,3.0
Kepler-53,1,3,22.319739433333336,0.091,0.22091,2.7266666666666666,0.5437217425607821,61.396899999999995,42.96166999582302,0.0,5858.0,0.89,0.98,0.0,1.3486891202240516,0.12991,23.09291047648372,22.517200488997553,3.0
Kepler-530,2,1,39.30941904,0.21491,0.21491,3.01,0.0,9.32,0.0,0.0,5697.0,0.89,0.97,-0.08,1.5944966253620214,0.0,0.0,3.0963455149501664,0.5
Kepler-531,1,1,29.88485741,0.17446,0.17446,2.78,0.0,8.15,0.0,0.0,4893.0,0.75,0.78,-0.03,1.4754511880198624,0.0,0.0,2.9316546762589932,1.0
Kepler-532,1,1,12.92491623,0.10151,0.10151,2.57,0.0,7.13,0.0,0.0,5192.0,0.79,0.87,0.0,1.1114277369909977,0.0,0.0,2.77431906614786,1.0
Kepler-533,1,1,28.51120525,0.16704,0.16704,3.38,0.0,11.4,0.0,0.0,4758.0,0.72,0.78,0.01,1.4550155765644808,0.0,0.0,3.3727810650887577,1.0
Kepler-534,1,2,11.669317448,0.0761,0.1272,1.7335000000000003,0.7162991693419728,3.835,2.5667976157071677,0.0,5884.0,0.98,1.05,0.01,1.067045454397018,0.051100000000000007,39.138943248532286,2.2122872800692237,2.0
Kepler-535,1,1,4.903321551,0.06011,0.06011,2.36,0.0,6.17,0.0,0.0,6123.0,1.27,1.18,0.13,0.6904903744303357,0.0,0.0,2.614406779661017,1.0
Kepler-536,1,1,1.827082299,0.02835,0.02835,3.1,0.0,9.8,0.0,0.0,5524.0,0.89,0.92,0.0,0.2617581101311769,0.0,0.0,3.1612903225806455,1.0
Kepler-537,1,1,3.247555219,0.04317,0.04317,1.41,0.0,2.57,0.0,0.0,5763.0,0.99,1.07,0.23,0.5115565442263942,0.0,0.0,1.822695035460993,1.0
Kepler-538,2,1,81.73778,0.3554,0.3554,2.215,0.0,12.9,0.0,0.21,5534.0,0.8717,0.892,-0.09,1.9124228380875559,0.0,0.0,5.823927765237021,0.5
Kepler-539,1,2,562.816215,0.4988,2.42,10.8365615,3.4838281367720345,535.54355,321.37784001826424,0.445,5820.0,0.952,1.048,-0.01,2.750366601171344,1.9211999999999998,1.0410160316468875,49.4200628123598,2.0
Kepler-54,1,3,13.692787433333335,0.0619,0.126,1.62,0.4419275958796871,4.5915333333333335,6.499354356652153,0.007333333333333333,3705.0,0.5,0.51,-0.27,1.1364918662267403,0.0641,46.80187207488299,2.834279835390946,3.0
Kepler-540,1,1,172.7049784,0.58822,0.58822,2.71,0.0,7.8,0.0,0.0,5946.0,1.08,1.02,-0.1,2.2373048567364577,0.0,0.0,2.878228782287823,1.0
Kepler-541,1,1,5.08005848,0.06447,0.06447,3.36,0.0,11.2,0.0,0.0,6166.0,2.06,1.41,0.07,0.705868711771147,0.0,0.0,3.333333333333333,1.0
Kepler-542,1,1,13.14497566,0.10703,0.10703,1.57,0.0,3.09,0.0,0.0,5526.0,0.9,0.93,0.02,1.1187597862782526,0.0,0.0,1.968152866242038,1.0
Kepler-543,1,1,13.89961966,0.1023,0.1023,2.5,0.0,6.8,0.0,0.0,4671.0,0.67,0.7,-0.19,1.1430029166696951,0.0,0.0,2.7199999999999998,1.0
Kepler-544,1,1,21.41616926,0.15482,0.15482,2.12,0.0,5.14,0.0,0.0,6206.0,1.22,1.16,0.02,1.3307417905842518,0.0,0.0,2.424528301886792,1.0
Kepler-545,1,1,13.24934059,0.11248,0.11248,2.69,0.0,7.7,0.0,0.0,5882.0,1.07,1.04,0.03,1.1221942642916487,0.0,0.0,2.862453531598513,1.0
Kepler-546,1,1,4.147020258,0.0502,0.0502,7.0,0.0,39.1,0.0,0.0,5967.0,1.15,1.11,0.14,0.6177361568774314,0.0,0.0,5.585714285714286,1.0
Kepler-547,1,1,6.010384289,0.058,0.058,4.0,0.0,15.1,0.0,0.0,4828.0,0.73,0.78,0.01,0.7789022405978527,0.0,0.0,3.775,1.0
Kepler-549,1,3,61.534956343333334,0.1575,0.45332,3.233333333333333,0.8562904491662473,12.103333333333333,3.864975204750132,0.0,5360.0,0.84,0.88,-0.03,1.7891218968184126,0.29581999999999997,10.141302143195187,3.7432989690721654,3.0
Kepler-55,1,5,17.425392940000002,0.029,0.2095,1.874,0.4148252644186468,24.424,30.689356949926466,0.0,4362.0,0.58,0.62,-0.01,1.241182580155965,0.1805,27.70083102493075,13.03308431163287,5.0
Kepler-550,1,1,8.600104109,0.0747,0.0747,4.42,0.0,17.9,0.0,0.0,5322.0,0.83,0.87,-0.02,0.9345037086494451,0.0,0.0,4.049773755656108,1.0
Kepler-551,1,1,12.3764661,0.0893,0.0893,2.73,0.0,7.9,0.0,0.0,4286.0,0.63,0.65,-0.09,1.0925966566097252,0.0,0.0,2.8937728937728937,1.0
Kepler-552,1,1,5.263415765,0.0612,0.0612,3.95,0.0,14.8,0.0,0.0,5863.0,1.04,1.03,0.01,0.7212676769360604,0.0,0.0,3.7468354430379747,1.0
Kepler-553,1,2,166.13531849999998,0.04766,0.898,8.16013795,4.8348272155773255,1122.7288477250002,1423.7191693815885,0.173,5191.0,0.902,0.889,0.152,2.2204619683883813,0.85034,2.3520003763200603,137.58699357833777,2.0
Kepler-554,1,1,1.902208556,0.03022,0.03022,4.29,0.0,17.0,0.0,0.0,5447.0,0.92,0.93,0.14,0.27925813076886685,0.0,0.0,3.9627039627039626,1.0
Kepler-555,1,1,16.21775407,0.1201,0.1201,2.83,0.0,8.4,0.0,0.0,5894.0,1.04,1.03,0.0,1.2099907103842715,0.0,0.0,2.9681978798586575,1.0
Kepler-556,1,1,11.72292176,0.09833,0.09833,2.24,0.0,5.65,0.0,0.0,5740.0,0.98,1.0,0.03,1.0690358664691677,0.0,0.0,2.5223214285714284,1.0
Kepler-557,1,1,3.705989551,0.0469,0.0469,2.67,0.0,7.61,0.0,0.0,6068.0,1.16,1.11,0.02,0.5689041904957124,0.0,0.0,2.850187265917603,1.0
Kepler-558,1,1,29.00790538,0.1759,0.1759,2.37,0.0,6.21,0.0,0.0,5242.0,0.81,0.85,-0.06,1.4625163701418464,0.0,0.0,2.620253164556962,1.0
Kepler-559,1,1,17.58752333,0.1277,0.1277,3.61,0.0,12.7,0.0,0.0,5630.0,0.95,0.96,0.03,1.245204686538526,0.0,0.0,3.5180055401662047,1.0
Kepler-56,1,3,344.6346633333333,0.1028,2.16,9.703333333333333,3.1461140051392498,662.3666666666667,974.6067429139474,0.08,4840.0,4.23,1.32,0.2,2.5373589566212833,2.0572,1.4582928251993001,68.26176571624872,3.0
Kepler-560,2,1,18.47764449,0.0899,0.0899,1.72,0.0,3.61,0.0,0.17,3556.0,0.33,0.34,-0.39,1.2666466070249536,0.0,0.0,2.0988372093023258,0.5
Kepler-561,1,2,31.8561057415,0.05947,0.29256,4.82,3.026417023478423,23.175,21.9556655558423,0.0,5646.0,0.94,0.96,0.02,1.5031926842602348,0.23309,8.580376678536188,4.808091286307054,2.0
Kepler-562,1,1,18.009314436,0.1333,0.1333,5.21,0.0,23.7,0.0,0.0,5575.0,0.9,0.93,-0.04,1.2554971807635023,0.0,0.0,4.5489443378119,1.0
Kepler-563,1,1,22.18432708,0.1418,0.1418,3.09,0.0,9.75,0.0,0.0,5066.0,0.77,0.8,-0.08,1.3460462597429015,0.0,0.0,3.1553398058252426,1.0
Kepler-564,1,1,3.750832285,0.0484,0.0484,4.63,0.0,19.4,0.0,0.0,5626.0,0.92,0.95,-0.01,0.5741276455083758,0.0,0.0,4.190064794816415,1.0
Kepler-565,1,1,4.243747226,0.0501,0.0501,3.64,0.0,12.9,0.0,0.0,5735.0,0.95,0.98,-0.02,0.6277495077404446,0.0,0.0,3.543956043956044,1.0
Kepler-566,1,1,18.42794624,0.1247,0.1247,2.15,0.0,5.27,0.0,0.0,5132.0,0.79,0.83,-0.01,1.2654769366116057,0.0,0.0,2.4511627906976745,1.0
Kepler-567,1,1,16.54297375,0.1229,0.1229,2.25,0.0,5.69,0.0,0.0,5148.0,0.79,0.84,0.0,1.2186135806174152,0.0,0.0,2.528888888888889,1.0
Kepler-568,1,1,11.02347475,0.0794,0.0794,2.26,0.0,5.73,0.0,0.0,3768.0,0.53,0.55,0.11,1.0423185116561542,0.0,0.0,2.535398230088496,1.0
Kepler-569,1,1,34.18890521,0.19784,0.19784,3.16,0.0,10.1,0.0,0.0,5616.0,0.93,0.95,0.01,1.5338851941318294,0.0,0.0,3.1962025316455693,1.0
Kepler-57,1,2,8.66,0.05988,0.09588,2.6654999999999998,0.6639732675341677,15.959999999999999,12.869343417595163,0.04435,5187.9,0.826,0.859,0.1166,0.9375178920173467,0.036000000000000004,55.55555555555555,5.987619583567811,2.0
Kepler-570,1,1,4.301662003,0.0497,0.0497,2.45,0.0,6.57,0.0,0.0,5496.0,0.9,0.93,0.06,0.6336362833181183,0.0,0.0,2.6816326530612242,1.0
Kepler-571,1,1,4.798599388,0.0546,0.0546,2.64,0.0,7.46,0.0,0.0,5527.0,0.9,0.93,0.01,0.6811144942868059,0.0,0.0,2.8257575757575757,1.0
Kepler-572,1,1,17.20523483,0.1192,0.1192,2.58,0.0,7.18,0.0,0.0,5212.0,0.79,0.83,-0.1,1.2356606045755014,0.0,0.0,2.782945736434108,1.0
Kepler-573,1,1,22.18329658,0.14527,0.14527,2.79,0.0,8.2,0.0,0.0,5746.0,1.02,0.99,0.02,1.3460260855515989,0.0,0.0,2.9390681003584227,1.0
Kepler-574,1,1,7.65880414,0.0723,0.0723,2.39,0.0,6.3,0.0,0.0,5612.0,0.91,0.95,-0.01,0.8841609633736509,0.0,0.0,2.6359832635983262,1.0
Kepler-575,1,1,9.37891944,0.0788,0.0788,2.39,0.0,6.3,0.0,0.0,5710.0,0.95,0.97,0.0,0.9721528055136444,0.0,0.0,2.6359832635983262,1.0
Kepler-576,1,1,29.91136794,0.179,0.179,3.27,0.0,10.7,0.0,0.0,5672.0,0.97,0.99,0.09,1.4758362751245513,0.0,0.0,3.2721712538226297,1.0
Kepler-577,1,1,25.69578251,0.1348,0.1348,2.55,0.0,7.04,0.0,0.0,4984.0,0.73,0.78,-0.14,1.4098618477304907,0.0,0.0,2.7607843137254906,1.0
Kepler-578,1,1,1.616883696,0.0266,0.0266,2.0,0.0,4.66,0.0,0.0,5334.0,0.83,0.87,-0.03,0.2086787818099244,0.0,0.0,2.33,1.0
Kepler-579,1,1,9.66857723,0.0854,0.0854,2.0,0.0,4.66,0.0,0.0,5636.0,0.96,0.99,0.13,0.9853625706061551,0.0,0.0,2.33,1.0
Kepler-58,1,4,17.5880430425,0.0533,0.236,2.5475,0.6284040632162291,232.90975,261.17343451223496,0.01,5843.0,1.03,0.95,0.1,1.2452175197801318,0.18269999999999997,21.893814997263277,91.42679097154073,4.0
Kepler-580,1,1,8.222419656,0.0683,0.0683,2.57,0.0,7.13,0.0,0.0,4298.0,0.64,0.67,-0.06,0.9149996385394501,0.0,0.0,2.77431906614786,1.0
Kepler-581,1,1,40.6069821,0.2259,0.2259,2.63,0.0,7.41,0.0,0.0,5772.0,1.0,1.0,0.03,1.6086007140401581,0.0,0.0,2.817490494296578,1.0
Kepler-582,1,1,18.49235668,0.1254,0.1254,3.68,0.0,13.1,0.0,0.0,5564.0,0.91,0.93,0.01,1.2669922615052776,0.0,0.0,3.559782608695652,1.0
Kepler-583,1,1,6.5100253,0.0689,0.0689,2.28,0.0,5.82,0.0,0.0,5523.0,0.91,0.94,0.07,0.8135826763760324,0.0,0.0,2.5526315789473686,1.0
Kepler-584,1,1,35.1810304,0.2281,0.2281,4.21,0.0,16.5,0.0,0.0,6195.0,1.24,1.17,0.02,1.5463085551464801,0.0,0.0,3.9192399049881237,1.0
Kepler-585,1,1,2.752359753,0.03841,0.03841,2.83,0.0,8.4,0.0,0.0,5593.0,0.93,0.96,0.03,0.4397051986519714,0.0,0.0,2.9681978798586575,1.0
Kepler-586,1,1,2.104722184,0.0331,0.0331,2.79,0.0,8.2,0.0,0.0,5575.0,0.92,0.94,0.0,0.3231947785952571,0.0,0.0,2.9390681003584227,1.0
Kepler-587,1,1,10.94027841,0.0952,0.0952,2.23,0.0,5.6,0.0,0.0,5549.0,0.89,0.92,-0.05,1.039028374135273,0.0,0.0,2.5112107623318383,1.0
Kepler-588,1,1,4.221625357,0.052,0.052,2.63,0.0,7.41,0.0,0.0,5835.0,1.0,1.01,0.0,0.6254796897468825,0.0,0.0,2.817490494296578,1.0
Kepler-589,1,2,10.037154724999999,0.0426,0.1196,1.6936361899999999,0.8151015169630297,3.61,3.054701294725885,0.0,5296.0,0.83,0.88,0.01,1.001610618948621,0.077,25.974025974025974,2.1315085384423678,2.0
Kepler-59,1,2,14.9241471,0.09943,0.13114,1.54,0.6222539674441617,3.955,0.20506096654409867,0.0,6074.0,0.94,1.04,-0.2,1.173889521017642,0.03171,63.07158625039419,2.5681818181818183,2.0
Kepler-590,1,1,5.85296257,0.0647,0.0647,4.02,0.0,15.2,0.0,0.0,6000.0,1.15,1.1,0.07,0.7673757467872652,0.0,0.0,3.781094527363184,1.0
Kepler-591,1,1,81.1694299,0.3554,0.3554,3.39,0.0,11.4,0.0,0.0,5677.0,0.94,0.97,0.01,1.9093924956756971,0.0,0.0,3.3628318584070795,1.0
Kepler-592,1,1,2.820192408,0.0397,0.0397,2.39,0.0,6.3,0.0,0.0,5913.0,1.04,1.04,-0.03,0.4502787391286179,0.0,0.0,2.6359832635983262,1.0
Kepler-593,1,1,21.21708973,0.1508,0.1508,2.87,0.0,8.6,0.0,0.0,5967.0,1.1,1.08,0.04,1.326685813077051,0.0,0.0,2.9965156794425085,1.0
Kepler-594,1,1,13.64618192,0.1089,0.1089,2.18,0.0,5.39,0.0,0.0,5485.0,0.87,0.91,-0.03,1.1350111566496999,0.0,0.0,2.472477064220183,1.0
Kepler-595,1,2,18.8444646,0.0983,0.1582,2.3585000000000003,1.9084812024224922,10.35,9.97020561473032,0.0,5138.5,0.821,0.93,0.406,1.275183802991847,0.05990000000000001,33.388981636060095,4.388382446470214,2.0
Kepler-596,1,1,21.30022655,0.15161,0.15161,3.46,0.0,11.8,0.0,0.0,6267.0,1.32,1.21,0.03,1.3283842226355282,0.0,0.0,3.410404624277457,1.0
Kepler-597,1,1,13.02365861,0.10916,0.10916,2.37,0.0,6.21,0.0,0.0,5683.0,0.95,0.97,-0.01,1.1147330035051701,0.0,0.0,2.620253164556962,1.0
Kepler-598,1,2,45.09812714,0.04487,0.36672,2.262104705,1.0777788097593468,6.13,4.624478348960021,0.0,5307.0,0.86,0.87,0.02,1.6541585066306825,0.32184999999999997,6.2140748796022995,2.7098657221527684,2.0
Kepler-599,1,1,15.65562652,0.1128,0.1128,2.84,0.0,8.45,0.0,0.0,5127.0,0.79,0.83,-0.02,1.1946704522617353,0.0,0.0,2.975352112676056,1.0
Kepler-6,1,1,3.2346996,0.04852,0.04852,14.616536,0.0,212.31044,0.0,0.0,5647.0,1.391,1.209,0.34,0.5098339548285059,0.0,0.0,14.525359496942368,1.0
Kepler-60,1,3,9.316733333333334,0.07255,0.10203,1.8666666666666665,0.1429452109492771,4.066666666666667,0.18823743871327345,0.013666666666666667,5905.0,1.257,1.041,-0.09,0.9692636651444834,0.029479999999999992,101.76390773405701,2.1785714285714293,3.0
Kepler-600,1,1,23.67517607,0.1536,0.1536,2.9,0.0,8.75,0.0,0.0,5279.0,0.81,0.84,-0.09,1.3742932174934774,0.0,0.0,3.0172413793103448,1.0
Kepler-601,1,1,5.378868441,0.05494,0.05494,1.9,0.0,4.27,0.0,0.0,5160.0,0.79,0.85,-0.02,0.7306909222244998,0.0,0.0,2.2473684210526312,1.0
Kepler-602,1,1,15.28469497,0.1224,0.1224,2.09,0.0,5.02,0.0,0.0,6062.0,1.13,1.08,-0.02,1.1842567761227778,0.0,0.0,2.401913875598086,1.0
Kepler-603,1,3,51.726097519999996,0.07117,0.53439,3.49,2.690223039080589,14.769999999999998,17.2841169864127,0.0,5808.0,1.01,1.01,0.03,1.713709714259435,0.46322,6.476404300332455,4.2320916905444115,3.0
Kepler-604,1,1,25.85501786,0.1735,0.1735,2.59,0.0,7.22,0.0,0.0,5890.0,1.03,1.02,-0.02,1.4125448421079636,0.0,0.0,2.787644787644788,1.0
Kepler-605,1,2,2.8712447905,0.03336,0.04244,1.15,0.4101219330881975,1.6179999999999999,1.487752667616496,0.0,5462.0,0.88,0.91,0.02,0.4580702202329803,0.009079999999999998,220.26431718061679,1.4069565217391304,2.0
Kepler-606,1,1,24.31575992,0.17,0.17,3.31,0.0,11.0,0.0,0.0,6161.0,1.22,1.13,0.01,1.3858878467565743,0.0,0.0,3.323262839879154,1.0
Kepler-607,1,2,20.157481487000002,0.0137,0.21507,1.815006005,1.336440308795017,4.32,5.2750165876516455,0.0,5196.0,0.8,0.84,-0.02,1.3044362696075715,0.20137000000000002,9.931966032676167,2.3801574144103177,2.0
Kepler-608,1,1,6.412515037,0.0685,0.0685,3.64,0.0,12.9,0.0,0.0,5820.0,1.01,1.0,-0.02,0.8070283965180742,0.0,0.0,3.543956043956044,1.0
Kepler-609,1,1,6.521210666,0.0682,0.0682,3.35,0.0,11.2,0.0,0.0,5971.0,1.14,1.09,0.06,0.8143282302033975,0.0,0.0,3.343283582089552,1.0
Kepler-61,1,1,59.87756,0.24861,0.24861,2.15,0.0,5.27,0.0,0.25,4017.0,0.62,0.635,0.03,1.7772640946081155,0.0,0.0,2.4511627906976745,1.0
Kepler-610,1,2,79.430423277,0.0719,0.5594,3.745,0.6293250352560277,13.600000000000001,3.8183766184073575,0.0,5943.0,1.13,1.1,0.12,1.8999868768686108,0.4875,4.102564102564103,3.6315086782376507,2.0
Kepler-611,1,1,2.437033302,0.0351,0.0351,1.65,0.0,3.36,0.0,0.0,5761.0,1.01,1.01,0.06,0.386861463848663,0.0,0.0,2.0363636363636366,1.0
Kepler-612,1,1,3.722156413,0.0452,0.0452,2.84,0.0,8.45,0.0,0.0,5693.0,0.96,0.98,0.04,0.5707946191643104,0.0,0.0,2.975352112676056,1.0
Kepler-613,1,1,15.77979614,0.1232,0.1232,2.29,0.0,5.86,0.0,0.0,5723.0,0.96,0.98,-0.01,1.1981013882368379,0.0,0.0,2.558951965065502,1.0
Kepler-614,1,1,14.03491514,0.1027,0.1027,2.39,0.0,6.3,0.0,0.0,5268.0,0.81,0.85,-0.07,1.1472097910822392,0.0,0.0,2.6359832635983262,1.0
Kepler-615,1,1,10.35584657,0.085,0.085,1.74,0.0,3.68,0.0,0.0,4655.0,0.69,0.73,-0.07,1.0151856073966725,0.0,0.0,2.1149425287356323,1.0
Kepler-616,1,3,50.49212533333333,0.0927,0.4024,2.831,0.513675967901945,8.5,2.6496037439587075,0.0,5753.0,0.97,0.98,-0.02,1.7032236515652137,0.3097,9.686793671294803,3.002472624514306,3.0
Kepler-617,1,1,1.682696148,0.0219,0.0219,1.32,0.0,2.3,0.0,0.0,3712.0,0.48,0.51,-0.07,0.22600570055062144,0.0,0.0,1.7424242424242422,1.0
Kepler-618,1,1,3.595769645,0.0449,0.0449,2.6,0.0,7.27,0.0,0.0,5860.0,1.08,1.05,0.08,0.5557918618404482,0.0,0.0,2.796153846153846,1.0
Kepler-619,1,3,6.097226527666667,0.02216,0.1021,3.0066666666666664,1.2470899459675446,9.933333333333332,6.351640208114226,0.0,5980.0,1.11,1.09,0.05,0.7851323304800272,0.07994,37.52814610958219,3.303769401330377,3.0
Kepler-62,1,5,85.1998184,0.0553,0.718,1.364,0.5215170179390122,19.6,14.943225890014512,0.0,4925.0,0.64,0.69,-0.37,1.9304386690863953,0.6627,7.5448921080428555,14.36950146627566,5.0
Kepler-620,1,1,12.91375431,0.1053,0.1053,3.32,0.0,11.0,0.0,0.0,6155.0,1.22,1.15,0.03,1.11105251950003,0.0,0.0,3.313253012048193,1.0
Kepler-621,1,1,2.628113746,0.031,0.031,2.3,0.0,5.9,0.0,0.0,4521.0,0.68,0.72,-0.02,0.4196441577641174,0.0,0.0,2.565217391304348,1.0
Kepler-622,1,1,14.28226676,0.0978,0.0978,2.13,0.0,5.18,0.0,0.0,4201.0,0.61,0.64,-0.09,1.1547971404397763,0.0,0.0,2.431924882629108,1.0
Kepler-623,1,1,9.07097734,0.0854,0.0854,3.01,0.0,9.32,0.0,0.0,5443.0,0.86,0.9,-0.03,0.9576540820437832,0.0,0.0,3.0963455149501664,1.0
Kepler-624,1,1,14.58649607,0.11638,0.11638,2.31,0.0,5.95,0.0,0.0,6117.0,1.18,1.1,-0.06,1.163950979335313,0.0,0.0,2.5757575757575757,1.0
Kepler-625,1,2,5.95864501,0.05379,0.08137,1.52,0.6646803743153546,2.89,2.4465894629054543,0.0,5789.0,0.96,1.04,0.1,0.7751475128303191,0.02758,72.5163161711385,1.9013157894736843,2.0
Kepler-626,1,1,14.48585199,0.10913,0.10913,2.29,0.0,5.86,0.0,0.0,5813.0,1.05,1.01,0.01,1.1609440434592948,0.0,0.0,2.558951965065502,1.0
Kepler-627,1,1,40.6994443,0.22661,0.22661,3.73,0.0,13.4,0.0,0.0,6424.0,1.49,1.3,0.05,1.6095884795178204,0.0,0.0,3.5924932975871315,1.0
Kepler-629,1,1,7.2385854,0.07107,0.07107,1.38,0.0,2.48,0.0,0.0,5444.0,0.84,0.93,0.01,0.8596537025230956,0.0,0.0,1.7971014492753625,1.0
Kepler-63,1,1,9.4341505,0.08,0.08,6.11,0.0,120.0,0.0,0.45,5576.0,0.901,0.984,0.05,0.9747028001265772,0.0,0.0,19.639934533551553,1.0
Kepler-630,1,1,161.4743937,0.56201,0.56201,3.18,0.0,10.2,0.0,0.0,5829.0,1.04,1.02,0.03,2.20810366254023,0.0,0.0,3.2075471698113205,1.0
Kepler-631,1,1,17.97979059,0.14017,0.14017,2.9,0.0,8.75,0.0,0.0,6185.0,1.33,1.24,0.23,1.2547846292138354,0.0,0.0,3.0172413793103448,1.0
Kepler-632,1,1,30.99660733,0.1885,0.1885,2.21,0.0,5.52,0.0,0.0,5322.0,0.84,0.91,0.11,1.4913141616248553,0.0,0.0,2.497737556561086,1.0
Kepler-633,1,2,16.143303245,0.08185,0.16246,1.9629999999999999,0.4709331162702406,4.59,1.8384776310850233,0.0,5899.0,1.15,1.02,-0.05,1.2079924048776112,0.08060999999999999,24.810817516437172,2.338257768721345,2.0
Kepler-634,1,1,5.16950177,0.05765,0.05765,1.89,0.0,4.23,0.0,0.0,6075.0,1.24,1.03,-0.18,0.7134486883615386,0.0,0.0,2.2380952380952386,1.0
Kepler-635,1,1,23.44971004,0.18332,0.18332,2.64,0.0,7.46,0.0,0.0,6174.0,1.51,1.33,0.41,1.3701374769527426,0.0,0.0,2.8257575757575757,1.0
Kepler-636,2,1,16.080661147,0.1185,0.1185,4.45,0.0,18.1,0.0,0.0,5203.0,0.8,0.85,-0.02,1.20630390054372,0.0,0.0,4.067415730337078,0.5
Kepler-637,1,1,23.20584623,0.16619,0.16619,4.75,0.0,20.2,0.0,0.0,6096.0,2.56,1.64,0.38,1.3655974101314086,0.0,0.0,4.252631578947368,1.0
Kepler-638,1,1,6.07972888,0.06695,0.06695,1.83,0.0,4.01,0.0,0.0,5382.0,0.93,0.88,0.04,0.7838842127356822,0.0,0.0,2.191256830601093,1.0
Kepler-639,1,1,10.21420496,0.09358,0.09358,2.38,0.0,6.26,0.0,0.0,5896.0,1.29,1.14,0.23,1.009204568235003,0.0,0.0,2.630252100840336,1.0
Kepler-640,1,1,22.24813967,0.15418,0.15418,2.56,0.0,7.08,0.0,0.0,5653.0,0.94,1.01,0.15,1.3472937022908338,0.0,0.0,2.765625,1.0
Kepler-641,1,1,9.48961571,0.0895,0.0895,1.85,0.0,4.08,0.0,0.0,5713.0,1.13,1.02,0.15,0.9772486256616781,0.0,0.0,2.2054054054054055,1.0
Kepler-642,1,1,4.41745855,0.05631,0.05631,2.9,0.0,8.75,0.0,0.0,6570.0,1.66,1.4,0.06,0.645172483115818,0.0,0.0,3.0172413793103448,1.0
Kepler-643,1,1,16.33889626,0.13485,0.13485,10.16,0.0,321.0083,0.0,0.37,4908.0,2.52,1.0,0.13,1.213222715330927,0.0,0.0,31.595305118110236,1.0
Kepler-644,1,1,3.173917103,0.04641,0.04641,3.15,0.0,10.1,0.0,0.0,6747.0,1.81,1.49,0.08,0.5015955795770486,0.0,0.0,3.2063492063492065,1.0
Kepler-645,1,1,3.275822621,0.04541,0.04541,2.1,0.0,5.06,0.0,0.0,6170.0,1.21,1.13,-0.01,0.5153203775796803,0.0,0.0,2.4095238095238094,1.0
Kepler-646,1,1,15.87364565,0.11251,0.11251,1.99,0.0,4.62,0.0,0.0,5634.0,0.91,0.93,-0.07,1.2006766812507474,0.0,0.0,2.321608040201005,1.0
Kepler-647,1,2,22.94588245,0.12237,0.18291,2.58567501,2.002066799054667,8.405,9.468159800087872,0.0,6020.0,1.07,1.03,-0.14,1.360704764397037,0.06053999999999998,33.0360092500826,3.2506018612137955,2.0
Kepler-648,1,1,17.4211749,0.13324,0.13324,3.22,0.0,10.5,0.0,0.0,5741.0,0.98,1.05,0.21,1.2410774408771812,0.0,0.0,3.260869565217391,1.0
Kepler-649,1,1,29.90722674,0.17522,0.17522,2.26,0.0,5.73,0.0,0.0,5871.0,0.94,0.97,-0.17,1.4757761433103236,0.0,0.0,2.535398230088496,1.0
Kepler-65,1,4,68.73652100000001,0.035,0.8539307544,4.855,6.052798250946967,67.985,128.01590877699536,0.08625,6211.0,1.41,1.25,0.17,1.8371875471678318,0.8189307544,4.88441785646535,14.003089598352213,4.0
Kepler-650,1,1,3.032145588,0.0421,0.0421,2.96,0.0,9.06,0.0,0.0,5849.0,1.35,1.08,0.13,0.48175005004282073,0.0,0.0,3.060810810810811,1.0
Kepler-651,1,1,21.38521506,0.14078,0.14078,2.37,0.0,6.21,0.0,0.0,5522.0,0.87,0.92,-0.04,1.330113622088815,0.0,0.0,2.620253164556962,1.0
Kepler-652,1,1,4.182002531,0.04958,0.04958,2.49,0.0,6.76,0.0,0.0,5490.0,0.88,0.97,0.17,0.6213842913221602,0.0,0.0,2.7148594377510036,1.0
Kepler-653,1,2,7.803933118,0.01855,0.11945,1.365,0.8273149339882605,2.4295,2.8715606383985692,0.0,5665.0,1.19,1.02,0.23,0.8923135387071028,0.1009,19.821605550049554,1.77985347985348,2.0
Kepler-654,1,1,13.72465129,0.11664,0.11664,2.07,0.0,4.94,0.0,0.0,5865.0,1.11,1.04,0.04,1.13750131889607,0.0,0.0,2.386473429951691,1.0
Kepler-655,1,1,46.4063358,0.25697,0.25697,2.71,0.0,7.8,0.0,0.0,6170.0,1.24,1.15,0.0,1.666577278294825,0.0,0.0,2.878228782287823,1.0
Kepler-656,1,2,3.257376512,0.02231,0.0602,2.265,1.2091525958289966,6.24,5.190163773909259,0.0,5281.0,0.82,0.86,-0.04,0.5128679604787021,0.03788999999999999,52.784375824755884,2.7549668874172184,2.0
Kepler-657,1,1,24.54350418,0.17337,0.17337,3.52,0.0,12.2,0.0,0.0,5808.0,1.01,1.01,0.03,1.389936568879666,0.0,0.0,3.465909090909091,1.0
Kepler-658,1,1,1.287076762,0.0188,0.0188,1.63,0.0,3.29,0.0,0.0,4103.0,0.6,0.63,-0.04,0.10960444925005246,0.0,0.0,2.0184049079754605,1.0
Kepler-659,1,1,17.671796,0.1204,0.1204,2.5,0.0,6.8,0.0,0.0,4870.0,0.74,0.79,0.02,1.2472806894757782,0.0,0.0,2.7199999999999998,1.0
Kepler-66,1,1,17.815815,0.1352,0.1352,2.8,0.0,8.25,0.0,0.0,5962.0,0.966,1.038,-0.2,1.2508056943214296,0.0,0.0,2.9464285714285716,1.0
Kepler-660,1,1,9.27358194,0.0759,0.0759,2.57,0.0,7.13,0.0,0.0,4779.0,0.71,0.75,-0.07,0.96724751368147,0.0,0.0,2.77431906614786,1.0
Kepler-661,1,1,6.029301321,0.0585,0.0585,3.07,0.0,9.64,0.0,0.0,4483.0,0.67,0.7,-0.05,0.7802669887546443,0.0,0.0,3.140065146579805,1.0
Kepler-662,1,1,21.67697486,0.1408,0.1408,2.18,0.0,5.39,0.0,0.0,4897.0,0.74,0.79,-0.03,1.335998673932825,0.0,0.0,2.472477064220183,1.0
Kepler-663,1,1,4.99678284,0.0559,0.0559,2.6,0.0,7.27,0.0,0.0,5264.0,0.82,0.86,0.03,0.6986904754303704,0.0,0.0,2.796153846153846,1.0
Kepler-664,1,1,2.525593315,0.0374,0.0374,2.66,0.0,7.56,0.0,0.0,5754.0,1.02,1.01,0.07,0.4023634193504051,0.0,0.0,2.8421052631578942,1.0
Kepler-665,1,1,16.01310205,0.1148,0.1148,2.6,0.0,7.27,0.0,0.0,4913.0,0.74,0.79,-0.03,1.204475471375852,0.0,0.0,2.796153846153846,1.0
Kepler-666,1,1,4.49876092,0.0542,0.0542,2.4,0.0,6.35,0.0,0.0,5887.0,1.05,1.03,0.01,0.6530929138404589,0.0,0.0,2.6458333333333335,1.0
Kepler-667,1,1,41.43962808,0.2288,0.2288,4.73,0.0,20.1,0.0,0.0,5327.0,0.87,0.91,0.15,1.6174158489686308,0.0,0.0,4.249471458773784,1.0
Kepler-668,1,1,8.35390639,0.0768,0.0768,2.7,0.0,7.75,0.0,0.0,5352.0,0.82,0.87,-0.06,0.9218896044538537,0.0,0.0,2.8703703703703702,1.0
Kepler-669,1,1,4.125546869,0.0529,0.0529,4.83,0.0,20.8,0.0,0.0,6038.0,1.2,1.15,0.14,0.6154815253579613,0.0,0.0,4.306418219461698,1.0
Kepler-67,1,1,15.7259,0.1171,0.1171,2.94,0.0,8.96,0.0,0.0,5331.0,0.778,0.865,-0.2,1.1966155096879783,0.0,0.0,3.047619047619048,1.0
Kepler-671,1,1,4.280958588,0.0503,0.0503,2.69,0.0,7.7,0.0,0.0,5624.0,0.95,0.97,0.08,0.6315410266920357,0.0,0.0,2.862453531598513,1.0
Kepler-672,1,1,38.3774623,0.2163,0.2163,2.5,0.0,6.8,0.0,0.0,5627.0,0.92,0.95,-0.01,1.5840762537359752,0.0,0.0,2.7199999999999998,1.0
Kepler-673,1,1,3.728731093,0.0455,0.0455,6.54,0.0,34.8,0.0,0.0,5355.0,0.84,0.88,0.0,0.5715610642309069,0.0,0.0,5.321100917431192,1.0
Kepler-674,1,1,2.243381847,0.028,0.028,1.69,0.0,3.5,0.0,0.0,4192.0,0.57,0.6,-0.27,0.35090320132745645,0.0,0.0,2.0710059171597632,1.0
Kepler-675,1,1,2.33743801,0.0325,0.0325,2.44,0.0,6.53,0.0,0.0,4945.0,0.75,0.79,-0.05,0.3687401019950704,0.0,0.0,2.6762295081967213,1.0
Kepler-676,1,1,11.59822172,0.0798,0.0798,3.04,0.0,9.48,0.0,0.0,3701.0,0.49,0.51,-0.02,1.0643914067791678,0.0,0.0,3.118421052631579,1.0
Kepler-677,1,1,6.57531678,0.067,0.067,5.38,0.0,25.0,0.0,0.0,5723.0,0.99,1.0,0.06,0.8179166807347109,0.0,0.0,4.646840148698885,1.0
Kepler-678,1,1,7.27503724,0.0732,0.0732,5.14,0.0,23.1,0.0,0.0,5520.0,0.91,0.94,0.07,0.8618352207624276,0.0,0.0,4.4941634241245145,1.0
Kepler-679,1,1,12.39358604,0.0983,0.0983,3.01,0.0,9.32,0.0,0.0,5403.0,0.84,0.87,-0.09,1.0931969861217015,0.0,0.0,3.0963455149501664,1.0
Kepler-68,2,4,1025.6559448975,0.06135,4.6,7.109,6.403446103466477,90.69483167499999,123.72879887972323,0.15525,5847.0,1.2564,1.057,0.11,3.0110017016225084,4.53865,0.8813193350445618,12.757748160782105,2.0
Kepler-680,1,1,3.689926291,0.0469,0.0469,2.42,0.0,6.44,0.0,0.0,5890.0,1.11,1.08,0.13,0.5670176908930197,0.0,0.0,2.6611570247933884,1.0
Kepler-681,1,1,26.39435646,0.1635,0.1635,3.08,0.0,9.69,0.0,0.0,5021.0,0.76,0.8,-0.04,1.4215110776164608,0.0,0.0,3.146103896103896,1.0
Kepler-682,1,1,12.611906672,0.1058,0.1058,7.37,0.0,42.6,0.0,0.0,5559.0,0.89,0.92,-0.05,1.1007807483123582,0.0,0.0,5.780189959294437,1.0
Kepler-683,1,1,2.539183179,0.0355,0.0355,1.97,0.0,4.54,0.0,0.0,5703.0,0.95,0.96,-0.03,0.40469403240554414,0.0,0.0,2.3045685279187818,1.0
Kepler-684,1,1,6.770302008,0.064,0.064,3.36,0.0,11.2,0.0,0.0,5493.0,0.86,0.89,-0.11,0.8306080420208106,0.0,0.0,3.333333333333333,1.0
Kepler-685,1,1,1.6255222,0.0265,0.0265,10.58,0.0,78.8,0.0,0.0,5963.0,1.16,1.11,0.15,0.21099290509739393,0.0,0.0,7.448015122873346,1.0
Kepler-687,1,1,20.50586978,0.1326,0.1326,3.52,0.0,12.2,0.0,0.0,4841.0,0.73,0.77,-0.04,1.3118781951130527,0.0,0.0,3.465909090909091,1.0
Kepler-688,1,1,3.895936844,0.046,0.046,9.76,0.0,68.7,0.0,0.0,5715.0,0.96,0.98,0.02,0.5906119080308555,0.0,0.0,7.038934426229509,1.0
Kepler-689,1,1,22.36656079,0.1449,0.1449,2.89,0.0,8.7,0.0,0.0,5518.0,0.88,0.91,-0.01,1.3495992096328948,0.0,0.0,3.0103806228373697,1.0
Kepler-69,1,2,128.09182049999998,0.094,0.64,1.975,0.37476659402887036,4.61,1.4707821048680194,0.15000000000000002,5638.0,0.93,0.81,-0.29,2.1075213980887026,0.546,3.663003663003663,2.3341772151898734,2.0
Kepler-690,1,1,7.748094374,0.081,0.081,5.95,0.0,29.6,0.0,0.0,5913.0,1.16,1.11,0.19,0.8891949019099827,0.0,0.0,4.974789915966387,1.0
Kepler-691,1,1,8.114379,0.0649,0.0649,2.09,0.0,5.02,0.0,0.0,3715.0,0.5,0.53,0.04,0.909255288525398,0.0,0.0,2.401913875598086,1.0
Kepler-692,1,1,21.81293494,0.1495,0.1495,3.11,0.0,9.85,0.0,0.0,5440.0,0.86,0.9,-0.01,1.3387141040239994,0.0,0.0,3.167202572347267,1.0
Kepler-693,2,1,15.37563332,0.1121,0.1121,10.18,0.0,73.8,0.0,0.0,4881.0,0.72,0.76,-0.1,1.1868330133395923,0.0,0.0,7.24950884086444,0.5
Kepler-694,1,1,6.365841612,0.0659,0.0659,2.8,0.0,8.25,0.0,0.0,5700.0,0.95,0.97,0.0,0.8038558287728675,0.0,0.0,2.9464285714285716,1.0
Kepler-695,1,1,3.040330424,0.0374,0.0374,9.21,0.0,62.3,0.0,0.0,5181.0,0.8,0.84,-0.01,0.48292078542511,0.0,0.0,6.7643865363735065,1.0
Kepler-696,1,1,4.190425575,0.0535,0.0535,6.14,0.0,31.3,0.0,0.0,5903.0,1.08,1.06,0.07,0.622258131674771,0.0,0.0,5.09771986970684,1.0
Kepler-697,1,1,3.709870645,0.0471,0.0471,4.13,0.0,16.0,0.0,0.0,5513.0,0.88,0.92,-0.01,0.5693587669891431,0.0,0.0,3.87409200968523,1.0
Kepler-698,1,1,16.32976218,0.1255,0.1255,3.68,0.0,13.1,0.0,0.0,5612.0,0.91,0.94,-0.03,1.2129798598949184,0.0,0.0,3.559782608695652,1.0
Kepler-7,1,1,4.8854892,0.06067,0.06067,18.180998,0.0,140.16303,0.0,0.0,5933.0,1.966,1.359,0.11,0.6889080575580042,0.0,0.0,7.709314417173359,1.0
Kepler-700,1,1,80.8720639,0.3577,0.3577,5.99,0.0,30.0,0.0,0.0,5692.0,0.96,0.98,0.04,1.9077985266885011,0.0,0.0,5.0083472454090145,1.0
Kepler-701,1,1,10.35533177,0.0895,0.0895,2.84,0.0,8.45,0.0,0.0,5343.0,0.84,0.88,0.0,1.0151640176256167,0.0,0.0,2.975352112676056,1.0
Kepler-702,1,1,10.526294063,0.088,0.088,9.17,0.0,61.8,0.0,0.0,5419.0,0.86,0.9,0.0,1.022275498319902,0.0,0.0,6.739367502726281,1.0
Kepler-703,1,1,4.583521756,0.0535,0.0535,8.2,0.0,51.1,0.0,0.0,6185.0,1.27,1.18,0.05,0.661199297099505,0.0,0.0,6.231707317073171,1.0
Kepler-704,1,1,3.76182115,0.047,0.047,2.61,0.0,7.32,0.0,0.0,5616.0,0.96,0.97,0.09,0.5753981438420862,0.0,0.0,2.8045977011494254,1.0
Kepler-705,1,1,56.0560538,0.232,0.232,2.11,0.0,5.1,0.0,0.0,3722.0,0.51,0.53,0.07,1.748622521301416,0.0,0.0,2.4170616113744074,1.0
Kepler-707,1,1,2.237492751,0.0325,0.0325,1.33,0.0,2.33,0.0,0.0,5099.0,0.76,0.8,-0.12,0.349761636968598,0.0,0.0,1.7518796992481203,1.0
Kepler-708,1,1,3.167891938,0.0426,0.0426,2.93,0.0,8.91,0.0,0.0,5692.0,0.96,0.97,0.01,0.5007703586716425,0.0,0.0,3.040955631399317,1.0
Kepler-709,1,1,16.08524954,0.1173,0.1173,2.92,0.0,8.85,0.0,0.0,5071.0,0.77,0.8,-0.08,1.2064278027576887,0.0,0.0,3.030821917808219,1.0
Kepler-710,1,1,4.347285527,0.0524,0.0524,1.88,0.0,4.19,0.0,0.0,5611.0,0.91,0.94,-0.04,0.6382181653181046,0.0,0.0,2.2287234042553195,1.0
Kepler-711,1,1,23.58914398,0.1429,0.1429,3.41,0.0,11.5,0.0,0.0,5222.0,0.8,0.84,-0.04,1.3727121811777636,0.0,0.0,3.3724340175953076,1.0
Kepler-712,1,2,123.956473495,0.13615,0.66479,4.13,1.0182337649086282,16.25,6.7175144212722016,0.0,5148.0,0.78,0.84,-0.03,2.093269212263538,0.52864,3.7832929782082325,3.9346246973365617,2.0
Kepler-713,1,1,7.411141,0.0748,0.0748,2.48,0.0,6.71,0.0,0.0,5785.0,0.99,0.98,-0.03,0.8698850759761755,0.0,0.0,2.7056451612903225,1.0
Kepler-714,1,1,8.098887986,0.0832,0.0832,9.67,0.0,67.6,0.0,0.0,5995.0,1.12,1.09,0.04,0.908425392372784,0.0,0.0,6.990692864529472,1.0
Kepler-715,1,1,10.00652995,0.0933,0.0933,3.75,0.0,13.5,0.0,0.0,5871.0,1.04,1.04,0.02,1.000283499573379,0.0,0.0,3.6,1.0
Kepler-716,1,2,7.170837264999999,0.04548,0.08628,2.14640768,1.0657404794442054,5.635,4.405275246792191,0.0,5099.0,0.78,0.83,0.0,0.8555698667334213,0.040799999999999996,49.01960784313726,2.625316733864836,2.0
Kepler-717,1,1,4.40840023,0.052,0.052,2.42,0.0,6.44,0.0,0.0,5485.0,0.85,0.88,-0.12,0.6442810163768435,0.0,0.0,2.6611570247933884,1.0
Kepler-719,1,1,5.007317779,0.0556,0.0556,8.52,0.0,54.5,0.0,0.0,5777.0,0.98,0.99,-0.02,0.699605153868816,0.0,0.0,6.396713615023475,1.0
Kepler-720,1,1,4.708326542,0.0539,0.0539,8.41,0.0,53.4,0.0,0.0,5618.0,0.92,0.95,0.0,0.6728665753419266,0.0,0.0,6.349583828775267,1.0
Kepler-721,1,1,5.392025388,0.0583,0.0583,2.64,0.0,7.46,0.0,0.0,5075.0,0.78,0.82,-0.01,0.7317519283793312,0.0,0.0,2.8257575757575757,1.0
Kepler-722,1,2,54.619161126,0.0514,0.4471,2.7249999999999996,0.13435028842544414,7.88,0.6646803743153543,0.0,5863.0,1.05,1.03,0.02,1.7373450256984984,0.3957,5.054334091483447,2.891743119266055,2.0
Kepler-724,1,1,3.314946338,0.0433,0.0433,3.29,0.0,10.8,0.0,0.0,5437.0,0.86,0.9,-0.02,0.5204765024846479,0.0,0.0,3.2826747720364744,1.0
Kepler-725,1,2,123.59236,0.2238,0.6744,6.94,5.458864350760147,45.65,50.84097756731276,0.3335,5395.0,0.88,0.95,0.14,2.0919916251832755,0.4506,4.438526409232135,6.577809798270893,2.0
Kepler-726,1,1,21.80451088,0.1406,0.1406,3.26,0.0,10.7,0.0,0.0,5452.0,0.85,0.88,-0.09,1.3385463490007543,0.0,0.0,3.2822085889570554,1.0
Kepler-727,1,1,5.154484417,0.0546,0.0546,2.53,0.0,6.94,0.0,0.0,5441.0,0.86,0.89,-0.01,0.7121852310065082,0.0,0.0,2.7430830039525693,1.0
Kepler-728,1,1,5.743477265,0.0625,0.0625,3.34,0.0,11.1,0.0,0.0,5660.0,0.93,0.95,-0.03,0.7591749062940125,0.0,0.0,3.3233532934131738,1.0
Kepler-729,1,1,3.166353714,0.0432,0.0432,3.58,0.0,12.5,0.0,0.0,5633.0,0.91,0.94,-0.05,0.5005594283588745,0.0,0.0,3.4916201117318435,1.0
Kepler-730,1,2,4.671783094,0.03997,0.0694,6.94958,7.6089215139072115,3.09,0.0,0.0,5620.0,1.411,1.047,0.21,0.669482670734119,0.029430000000000005,67.95786612300373,0.4446311863450741,2.0
Kepler-732,1,2,5.180427642,0.0143,0.0691,1.725,0.6434671708797584,3.7699999999999996,2.2910259710444136,0.0,3631.0,0.46,0.49,-0.01,0.7143656120415577,0.054799999999999995,36.496350364963504,2.1855072463768113,2.0
Kepler-733,1,1,20.83424726,0.1483,0.1483,2.82,0.0,8.35,0.0,0.0,5418.0,0.86,0.9,0.01,1.318777814045331,0.0,0.0,2.9609929078014185,1.0
Kepler-734,1,1,6.104852856,0.0583,0.0583,3.56,0.0,12.4,0.0,0.0,5326.0,0.78,0.85,-0.17,0.7856752006973846,0.0,0.0,3.4831460674157304,1.0
Kepler-735,1,1,11.51516988,0.0965,0.0965,2.95,0.0,9.01,0.0,0.0,5107.0,0.8,0.85,0.07,1.0612703493694962,0.0,0.0,3.054237288135593,1.0
Kepler-736,1,1,3.60147201,0.0428,0.0428,2.93,0.0,8.91,0.0,0.0,5217.0,0.81,0.86,0.03,0.5564800438663432,0.0,0.0,3.040955631399317,1.0
Kepler-737,1,1,28.59915399,0.1422,0.1422,1.96,0.0,4.5,0.0,0.0,3813.0,0.48,0.51,-0.24,1.4563531861741834,0.0,0.0,2.295918367346939,1.0
Kepler-738,1,1,24.58721573,0.1552,0.1552,2.5,0.0,6.8,0.0,0.0,5327.0,0.82,0.86,-0.09,1.390709351774122,0.0,0.0,2.7199999999999998,1.0
Kepler-739,1,1,12.53248465,0.1054,0.1054,3.32,0.0,11.0,0.0,0.0,5601.0,0.9,0.93,-0.08,1.0980371813541614,0.0,0.0,3.313253012048193,1.0
Kepler-74,1,1,7.340711,0.0781,0.0781,10.76,0.0,200.22,0.0,0.0,6000.0,1.12,1.18,0.42,0.8657381264586071,0.0,0.0,18.607806691449813,1.0
Kepler-740,1,1,3.584101216,0.0462,0.0462,4.57,0.0,18.9,0.0,0.0,5438.0,0.87,0.91,0.03,0.5543802657583877,0.0,0.0,4.135667396061269,1.0
Kepler-741,1,1,7.03902374,0.0744,0.0744,2.97,0.0,9.11,0.0,0.0,6129.0,1.24,1.16,0.07,0.8475124299189201,0.0,0.0,3.067340067340067,1.0
Kepler-742,1,1,8.360868238,0.0744,0.0744,3.24,0.0,10.6,0.0,0.0,4642.0,0.71,0.76,0.07,0.9222513792803024,0.0,0.0,3.271604938271605,1.0
Kepler-743,2,1,3.179262921,0.04166,0.04166,1.21,0.0,1.92,0.0,0.0,5486.0,0.85,0.94,0.01,0.5023264450012351,0.0,0.0,1.5867768595041323,0.5
Kepler-744,1,1,12.06222443,0.09735,0.09735,1.62,0.0,3.26,0.0,0.0,5594.0,0.93,0.94,0.0,1.0814274047023205,0.0,0.0,2.0123456790123453,1.0
Kepler-745,1,1,9.93143556,0.0915,0.0915,2.16,0.0,5.31,0.0,0.0,5849.0,1.04,1.04,0.06,0.9970120290316262,0.0,0.0,2.458333333333333,1.0
Kepler-746,1,1,3.48159251,0.0435,0.0435,1.11,0.0,1.41,0.0,0.0,5418.0,0.93,0.91,0.09,0.541777939379112,0.0,0.0,1.2702702702702702,1.0
Kepler-747,1,1,35.61760587,0.1916,0.1916,5.27,0.0,24.1,0.0,0.0,5096.0,0.78,0.82,-0.03,1.5516647238753387,0.0,0.0,4.573055028462999,1.0
Kepler-748,1,1,7.40742793,0.0745,0.0745,2.52,0.0,6.9,0.0,0.0,5934.0,1.1,1.07,0.08,0.8696674347379039,0.0,0.0,2.738095238095238,1.0
Kepler-749,1,1,17.31716585,0.1054,0.1054,3.1,0.0,9.8,0.0,0.0,5009.0,0.75,0.79,-0.11,1.2384768162943693,0.0,0.0,3.1612903225806455,1.0
Kepler-75,1,1,8.8849116,0.0818,0.0818,11.77,0.0,3209.9,0.0,0.57,5200.0,0.89,0.91,0.3,0.9486531111707872,0.0,0.0,272.71877655055226,1.0
Kepler-750,1,2,6.758931005000001,0.05009,0.08742,2.3449999999999998,1.0253048327204937,6.45,4.5113412639701735,0.0,6160.0,1.23,1.15,0.03,0.8298780131988247,0.037329999999999995,53.576212161800164,2.750533049040512,2.0
Kepler-751,1,1,17.44490636,0.1263,0.1263,2.46,0.0,6.62,0.0,0.0,5387.0,0.84,0.87,-0.06,1.2416686426035948,0.0,0.0,2.6910569105691056,1.0
Kepler-752,1,1,18.82747265,0.1353,0.1353,2.81,0.0,8.3,0.0,0.0,5373.0,0.83,0.87,-0.08,1.2747920253896894,0.0,0.0,2.9537366548042705,1.0
Kepler-753,1,1,5.747725012,0.054,0.054,1.91,0.0,4.31,0.0,0.0,4346.0,0.65,0.68,-0.03,0.759495982039122,0.0,0.0,2.256544502617801,1.0
Kepler-754,1,1,14.5596237,0.116,0.116,2.01,0.0,4.7,0.0,0.0,5935.0,1.08,1.06,0.05,1.1631501505865363,0.0,0.0,2.338308457711443,1.0
Kepler-755,2,2,2.061112009,0.02156,0.037,1.51,0.3535533905932738,2.94,1.145512985522207,0.0,5043.0,0.77,0.82,-0.01,0.3141015937048904,0.015439999999999999,129.5336787564767,1.9470198675496688,1.0
Kepler-756,1,1,1.224866322,0.0219,0.0219,1.12,0.0,1.46,0.0,0.0,5282.0,0.79,0.82,-0.19,0.08808869377349902,0.0,0.0,1.3035714285714284,1.0
Kepler-757,1,1,1.022678821,0.019,0.019,1.36,0.0,2.42,0.0,0.0,6014.0,1.13,1.08,0.02,0.009739262091045994,0.0,0.0,1.7794117647058822,1.0
Kepler-758,1,4,11.389435465,0.05768,0.1527,1.955,0.42961222825551265,4.5775,1.6971814870543458,0.0,6228.0,1.42,1.16,-0.1,1.0565021981342833,0.09502,42.09640075773522,2.3414322250639383,4.0
Kepler-759,1,1,41.805985,0.2329,0.2329,2.27,0.0,5.77,0.0,0.0,5860.0,1.04,1.04,0.06,1.6212384603972625,0.0,0.0,2.541850220264317,1.0
Kepler-76,1,1,1.5449298,0.0274,0.0274,15.24424,0.0,638.8383,0.0,0.0,6409.0,1.32,1.2,-0.1,0.18890875032054366,0.0,0.0,41.906864494392636,1.0
Kepler-760,1,2,5.585584275,0.03489,0.08087,2.27,1.1172287142747452,6.1899999999999995,4.808326112068523,0.0,5322.0,0.85,0.89,0.08,0.7470686088099882,0.04598,43.49717268377555,2.726872246696035,2.0
Kepler-761,1,1,10.12804789,0.0874,0.0874,2.03,0.0,4.78,0.0,0.0,5706.0,0.93,0.95,-0.09,1.0055257462192482,0.0,0.0,2.3546798029556655,1.0
Kepler-763,1,3,3.9321660499999997,0.0205,0.0634,1.4366666666666665,0.22546248764114477,2.67,0.727530068107154,0.0,5166.0,0.8,0.84,0.01,0.5946318492099576,0.042899999999999994,69.93006993006993,1.8584686774941996,3.0
Kepler-764,1,1,7.33683936,0.0724,0.0724,1.64,0.0,3.33,0.0,0.0,5557.0,0.89,0.92,-0.06,0.8655090103069779,0.0,0.0,2.030487804878049,1.0
Kepler-765,1,1,27.6655226,0.1754,0.1754,2.43,0.0,6.48,0.0,0.0,5901.0,1.06,1.05,0.04,1.4419388784233893,0.0,0.0,2.6666666666666665,1.0
Kepler-766,1,1,6.10027804,0.066,0.066,3.39,0.0,11.4,0.0,0.0,5992.0,1.15,1.1,0.09,0.7853496298445197,0.0,0.0,3.3628318584070795,1.0
Kepler-767,1,1,161.5280101,0.5874,0.5874,6.64,0.0,35.7,0.0,0.0,5694.0,0.94,0.96,-0.05,2.2082478429339325,0.0,0.0,5.376506024096386,1.0
Kepler-768,1,1,11.3910025,0.092,0.092,1.79,0.0,3.86,0.0,0.0,5108.0,0.78,0.82,-0.03,1.056561947174716,0.0,0.0,2.1564245810055866,1.0
Kepler-769,1,2,11.70655369,0.0778,0.1297,2.355,0.7990306627407986,6.3549999999999995,3.528462838120872,0.0,6186.0,1.28,1.19,0.06,1.0684290612803757,0.051900000000000016,38.535645472061645,2.698513800424628,2.0
Kepler-77,1,1,3.57878087,0.04501,0.04501,10.761,0.0,136.661,0.0,0.0,5520.0,0.99,0.95,0.2,0.5537351072015961,0.0,0.0,12.69965616578385,1.0
Kepler-770,1,3,8.184390758,0.0309,0.1694,1.633333333333333,0.5859465277082315,3.436666666666667,2.1594520910020982,0.0,5598.0,0.92,0.94,-0.01,0.912986356284736,0.13849999999999998,21.660649819494587,2.104081632653062,3.0
Kepler-771,1,1,8.73485836,0.0843,0.0843,1.82,0.0,3.97,0.0,0.0,5906.0,1.05,1.03,0.01,0.941255867078635,0.0,0.0,2.1813186813186816,1.0
Kepler-772,1,1,12.99207337,0.11153,0.11153,1.82,0.0,3.97,0.0,0.0,5714.0,1.11,0.98,0.03,1.1136784644907087,0.0,0.0,2.1813186813186816,1.0
Kepler-773,1,1,3.749100061,0.04682,0.04682,1.43,0.0,2.63,0.0,0.0,5850.0,1.01,1.04,0.05,0.5739270316085988,0.0,0.0,1.8391608391608392,1.0
Kepler-774,1,1,11.0895723,0.1082,0.1082,3.17,0.0,10.2,0.0,0.0,6403.0,2.42,1.57,0.04,1.0449147967053547,0.0,0.0,3.217665615141956,1.0
Kepler-775,1,1,0.974868926,0.01834,0.01834,1.19,0.0,1.81,0.0,0.0,5468.0,0.84,0.92,-0.04,-0.011053772549255327,0.0,0.0,1.5210084033613447,1.0
Kepler-776,1,1,4.89718784,0.0523,0.0523,1.28,0.0,2.18,0.0,0.0,5071.0,0.78,0.83,0.05,0.6899467624439749,0.0,0.0,1.703125,1.0
Kepler-777,1,1,5.72812599,0.0519,0.0519,1.47,0.0,2.76,0.0,0.0,4043.0,0.56,0.58,-0.17,0.7580125617020379,0.0,0.0,1.8775510204081631,1.0
Kepler-778,1,1,3.75574426,0.0453,0.0453,1.68,0.0,3.46,0.0,0.0,5102.0,0.77,0.81,-0.09,0.5746960121744401,0.0,0.0,2.0595238095238098,1.0
Kepler-779,2,1,7.09714223,0.0533,0.0533,0.92,0.0,0.721,0.0,0.0,3804.0,0.44,0.46,-0.43,0.8510835087775991,0.0,0.0,0.783695652173913,0.5
Kepler-78,2,1,0.35500745,0.00901,0.00901,1.201,0.0,1.68,0.0,0.0,5058.0,0.7475,0.779,-0.18,-0.4497625329732418,0.0,0.0,1.3988343047460448,0.5
Kepler-780,1,1,0.677375164,0.015,0.015,0.89,0.0,0.64,0.0,0.0,5769.0,1.02,1.01,0.05,-0.16917073083205478,0.0,0.0,0.7191011235955056,1.0
Kepler-781,1,1,13.2140732,0.1019,0.1019,2.89,0.0,8.7,0.0,0.0,5162.0,0.78,0.81,-0.1,1.1210367082743289,0.0,0.0,3.0103806228373697,1.0
Kepler-782,1,1,158.6853308,0.54494,0.54494,3.21,0.0,10.4,0.0,0.0,5867.0,1.01,0.98,-0.14,2.2005367815307295,0.0,0.0,3.2398753894081,1.0
Kepler-783,1,2,5.673298190000001,0.04958,0.06903,1.5557686249999998,1.0971025107385275,3.2195,3.9887893526733147,0.0,5521.0,0.89,0.93,0.01,0.7538356107933577,0.019449999999999995,102.82776349614399,2.0693951197273956,2.0
Kepler-784,1,2,24.374750300000002,0.1309,0.22111,1.565,0.021213203435596368,3.0700000000000003,0.07071067811865497,0.0,5674.0,1.32,1.0,0.07,1.3869401753905708,0.09021000000000001,22.17049107637734,1.9616613418530353,2.0
Kepler-786,1,1,53.5293487,0.25483,0.25483,2.43,0.0,6.48,0.0,0.0,4838.0,0.74,0.81,0.09,1.728591959286349,0.0,0.0,2.6666666666666665,1.0
Kepler-787,1,1,0.928310498,0.0159,0.0159,1.28,0.0,2.18,0.0,0.0,4248.0,0.62,0.65,-0.09,-0.03230673820585852,0.0,0.0,1.703125,1.0
Kepler-788,1,1,8.39846269,0.0835,0.0835,2.55,0.0,7.04,0.0,0.0,6159.0,1.23,1.16,0.05,0.9241997972105315,0.0,0.0,2.7607843137254906,1.0
Kepler-789,1,1,8.63847725,0.0951,0.0951,2.12,0.0,5.14,0.0,0.0,5870.0,1.02,1.01,-0.06,0.9364371938439109,0.0,0.0,2.424528301886792,1.0
Kepler-79,1,4,43.510875,0.117,0.386,4.46,1.80357053276734,6.725,2.9170475941723457,0.0205,6174.0,1.302,1.165,-0.0731,1.638597817005672,0.269,14.869888475836431,1.507847533632287,4.0
Kepler-790,1,1,13.73469807,0.101,0.101,2.18,0.0,5.39,0.0,0.0,5208.0,0.8,0.84,-0.05,1.1378191167617362,0.0,0.0,2.472477064220183,1.0
Kepler-791,1,1,14.5539759,0.1256,0.1256,3.05,0.0,9.53,0.0,0.0,6383.0,1.47,1.3,0.06,1.162981651435668,0.0,0.0,3.124590163934426,1.0
Kepler-792,1,1,11.30119217,0.0988,0.0988,1.96,0.0,4.5,0.0,0.0,5971.0,1.12,1.09,0.08,1.0531242599031092,0.0,0.0,2.295918367346939,1.0
Kepler-793,1,1,4.24153639,0.0491,0.0491,1.37,0.0,2.45,0.0,0.0,5745.0,0.97,0.98,0.0,0.6275231973564028,0.0,0.0,1.7883211678832116,1.0
Kepler-794,1,1,11.13125132,0.10036,0.10036,2.11,0.0,5.1,0.0,0.0,5839.0,1.38,1.19,0.34,1.0465439883081549,0.0,0.0,2.4170616113744074,1.0
Kepler-795,2,1,29.6193421,0.1803,0.1803,1.68,0.0,3.46,0.0,0.0,5631.0,0.96,0.94,-0.02,1.471575407814061,0.0,0.0,2.0595238095238098,0.5
Kepler-796,1,1,6.40087618,0.07317,0.07317,1.3,0.0,2.24,0.0,0.0,5475.0,1.09,0.93,0.09,0.8062394261861267,0.0,0.0,1.7230769230769232,1.0
Kepler-797,1,1,27.07237711,0.181,0.181,2.17,0.0,5.35,0.0,0.0,5680.0,0.95,0.96,-0.02,1.4325263909914423,0.0,0.0,2.4654377880184333,1.0
Kepler-798,1,1,13.71933369,0.1174,0.1174,2.39,0.0,6.3,0.0,0.0,6224.0,1.29,1.19,0.03,1.137333019404028,0.0,0.0,2.6359832635983262,1.0
Kepler-799,1,2,74.32736152999999,0.1214,0.5167,4.830342755,2.8986530740952734,23.025,21.036426740299788,0.0,5681.0,0.93,0.95,-0.07,1.8711487165067096,0.39530000000000004,5.0594485201113075,4.766742479333643,2.0
Kepler-8,1,1,3.5224991,0.0474,0.0474,15.871944,0.0,187.5197,0.0,0.0,6213.0,1.486,1.213,-0.055,0.5468508908189856,0.0,0.0,11.814538912183663,1.0
Kepler-80,1,6,6.654247883333333,0.0175,0.0792,1.8133333333333335,0.7140494847464474,747.3908333333333,1818.6692608894468,0.05611666666666667,4540.0,0.678,0.73,0.04,0.8230989751259256,0.061700000000000005,97.2447325769854,412.16406249999994,6.0
Kepler-800,1,1,14.13176026,0.1106,0.1106,2.85,0.0,8.5,0.0,0.0,5315.0,0.82,0.85,-0.09,1.1501962611826886,0.0,0.0,2.982456140350877,1.0
Kepler-801,1,1,11.41928253,0.0795,0.0795,2.0,0.0,4.66,0.0,0.0,4435.0,0.63,0.67,-0.17,1.0576388181786225,0.0,0.0,2.33,1.0
Kepler-802,1,1,40.0587473,0.2265,0.2265,3.54,0.0,12.3,0.0,0.0,5507.0,0.9,0.93,0.06,1.6026973640987483,0.0,0.0,3.4745762711864407,1.0
Kepler-803,1,1,50.28638192,0.26721,0.26721,3.79,0.0,13.8,0.0,0.0,5919.0,1.12,1.05,0.02,1.7014503894744708,0.0,0.0,3.641160949868074,1.0
Kepler-804,1,2,12.01321184,0.08654,0.11287,1.54,0.5656854249492381,2.985,2.029396462005391,0.0,5817.0,1.05,1.01,0.0,1.0796591354549216,0.026329999999999992,75.95898214963921,1.9383116883116882,2.0
Kepler-805,1,1,30.8638931,0.19852,0.19852,2.89,0.0,8.7,0.0,0.0,6112.0,1.65,1.19,-0.06,1.4894507060825815,0.0,0.0,3.0103806228373697,1.0
Kepler-806,1,1,8.09219642,0.07684,0.07684,1.14,0.0,1.55,0.0,0.0,5770.0,1.16,0.99,0.0,0.9080664157555693,0.0,0.0,1.3596491228070178,1.0
Kepler-808,1,1,0.631332353,0.01314,0.01314,1.46,0.0,2.73,0.0,0.0,4653.0,0.71,0.76,0.05,-0.19974195442466913,0.0,0.0,1.86986301369863,1.0
Kepler-809,1,1,55.63934,0.2901,0.2901,3.01,0.0,9.32,0.0,0.0,5734.0,0.98,0.99,0.04,1.7453819697014235,0.0,0.0,3.0963455149501664,1.0
Kepler-81,1,3,12.944282,0.0522,0.128,2.0,0.6846166810705097,7.806666666666666,8.221443506667995,0.0,4385.0,0.59,0.64,-0.18,1.1120779657723556,0.0758,39.577836411609496,3.903333333333333,3.0
Kepler-810,1,1,4.59725385,0.055,0.055,1.93,0.0,4.38,0.0,0.0,5803.0,1.04,1.03,0.1,0.6624984851752426,0.0,0.0,2.2694300518134716,1.0
Kepler-811,1,1,23.58447697,0.15911,0.15911,2.7,0.0,7.75,0.0,0.0,5747.0,1.24,1.01,0.05,1.3726262493940344,0.0,0.0,2.8703703703703702,1.0
Kepler-812,1,1,10.11716531,0.1024,0.1024,3.55,0.0,12.3,0.0,0.0,6761.0,1.71,1.45,0.02,1.0050588462314443,0.0,0.0,3.4647887323943665,1.0
Kepler-813,1,1,19.12947337,0.1439,0.1439,2.14,0.0,5.22,0.0,0.0,5743.0,0.93,0.95,-0.13,1.2817030141647148,0.0,0.0,2.439252336448598,1.0
Kepler-814,1,1,6.1469851,0.0695,0.0695,2.12,0.0,5.14,0.0,0.0,6162.0,1.22,1.15,0.01,0.7886621604129311,0.0,0.0,2.424528301886792,1.0
Kepler-815,1,1,8.57503552,0.09473,0.09473,4.11,0.0,15.8,0.0,0.0,5028.0,3.42,1.25,-0.03,0.9332359276778457,0.0,0.0,3.844282238442822,1.0
Kepler-816,1,1,10.506825646,0.0895,0.0895,10.24,0.0,74.5,0.0,0.0,5286.0,0.85,0.9,0.16,1.0214715254802964,0.0,0.0,7.275390625,1.0
Kepler-817,1,1,3.990106229,0.0493,0.0493,9.03,0.0,60.2,0.0,0.0,5861.0,1.03,1.03,0.02,0.6009844581063944,0.0,0.0,6.666666666666668,1.0
Kepler-818,1,1,10.035385814,0.0886,0.0886,5.11,0.0,22.9,0.0,0.0,5638.0,0.92,0.94,-0.08,1.001534073751288,0.0,0.0,4.481409001956947,1.0
Kepler-819,1,1,33.1995648,0.1894,0.1894,2.76,0.0,8.05,0.0,0.0,5279.0,0.81,0.86,-0.06,1.521132390746286,0.0,0.0,2.916666666666667,1.0
Kepler-82,1,5,32.3994334,0.034,0.3395,3.6980000000000004,1.5300228756459817,237.21359999999999,376.61346642784827,0.00234,5401.0,0.898,0.91,0.2107,1.5105374153484308,0.3055,16.366612111292962,64.1464575446187,5.0
Kepler-820,1,1,127.8338098,0.56004,0.56004,6.09,0.0,30.8,0.0,0.0,6260.0,1.36,1.23,0.09,2.1066457322860037,0.0,0.0,5.057471264367816,1.0
Kepler-821,1,1,1.92279873,0.029,0.029,1.31,0.0,2.27,0.0,0.0,5191.0,0.8,0.84,-0.03,0.2839338266071324,0.0,0.0,1.732824427480916,1.0
Kepler-822,1,1,3.222969273,0.04078,0.04078,1.77,0.0,3.78,0.0,0.0,5928.0,1.08,1.06,0.04,0.5082561650748051,0.0,0.0,2.135593220338983,1.0
Kepler-823,1,1,4.16809082,0.0507,0.0507,1.57,0.0,3.09,0.0,0.0,5643.0,0.96,0.98,0.06,0.6199371733901073,0.0,0.0,1.968152866242038,1.0
Kepler-824,1,1,4.51436633,0.055,0.055,1.87,0.0,4.16,0.0,0.0,6035.0,1.22,1.15,0.14,0.6545967981272744,0.0,0.0,2.2245989304812834,1.0
Kepler-825,1,2,5.977712595,0.0453,0.0759,1.685,0.21920310216782976,3.5,0.7636753236814714,0.0,5976.0,1.08,1.03,-0.08,0.776535030575105,0.030599999999999995,65.35947712418302,2.0771513353115725,2.0
Kepler-826,1,1,4.48758907,0.05202,0.05202,1.25,0.0,2.1,0.0,0.0,6079.0,1.15,1.05,-0.12,0.6520130815809412,0.0,0.0,1.6800000000000002,1.0
Kepler-827,1,1,51.92927591,0.2742,0.2742,5.63,0.0,27.0,0.0,0.0,5602.0,0.91,0.93,-0.06,1.7154122669339005,0.0,0.0,4.7957371225577266,1.0
Kepler-828,1,1,0.567857136,0.01228,0.01228,1.51,0.0,2.89,0.0,0.0,5039.0,0.77,0.81,-0.02,-0.24576091226607852,0.0,0.0,1.913907284768212,1.0
Kepler-829,1,1,6.88337562,0.0678,0.0678,2.11,0.0,5.1,0.0,0.0,5698.0,0.97,0.98,0.03,0.8378014692838345,0.0,0.0,2.4170616113744074,1.0
Kepler-83,2,3,11.676598666666665,0.051,0.11796,2.3766666666666665,0.4452340208624373,3.0233333333333334,1.037513052126735,0.0,4082.0,0.61,0.66,-0.2,1.0673163534420984,0.06695999999999999,44.80286738351255,1.2720897615708275,1.5
Kepler-830,1,1,11.29695137,0.1033,0.1033,1.7,0.0,3.53,0.0,0.0,6037.0,1.11,1.07,-0.02,1.0529612592515543,0.0,0.0,2.076470588235294,1.0
Kepler-831,1,1,5.62153941,0.05984,0.05984,1.27,0.0,2.15,0.0,0.0,5732.0,0.97,0.99,0.02,0.7498552596474799,0.0,0.0,1.6929133858267715,1.0
Kepler-832,1,1,7.1396941,0.075,0.075,2.06,0.0,4.9,0.0,0.0,5596.0,0.9,0.92,-0.08,0.8536796048394846,0.0,0.0,2.3786407766990294,1.0
Kepler-833,1,1,18.7546998,0.1139,0.1139,2.02,0.0,4.74,0.0,0.0,4339.0,0.62,0.64,-0.18,1.2731101169406527,0.0,0.0,2.3465346534653464,1.0
Kepler-834,1,1,13.32388301,0.0862,0.0862,2.02,0.0,4.74,0.0,0.0,4554.0,0.66,0.7,-0.13,1.1246308107247458,0.0,0.0,2.3465346534653464,1.0
Kepler-835,1,1,11.41909375,0.107,0.107,2.79,0.0,8.2,0.0,0.0,5954.0,1.11,1.08,0.08,1.0576316384990088,0.0,0.0,2.9390681003584227,1.0
Kepler-836,1,1,11.36112327,0.1013,0.1013,2.73,0.0,7.9,0.0,0.0,5895.0,1.04,1.03,-0.01,1.0554212720304674,0.0,0.0,2.8937728937728937,1.0
Kepler-837,1,1,16.56059504,0.1144,0.1144,2.56,0.0,7.08,0.0,0.0,5403.0,0.81,0.85,-0.18,1.2190759373972764,0.0,0.0,2.765625,1.0
Kepler-838,1,1,15.74957994,0.1266,0.1266,2.73,0.0,7.9,0.0,0.0,5770.0,0.96,0.98,-0.06,1.1972689751305174,0.0,0.0,2.8937728937728937,1.0
Kepler-839,1,1,37.8144514,0.2316,0.2316,2.57,0.0,7.13,0.0,0.0,6058.0,1.31,1.22,0.29,1.577657804172005,0.0,0.0,2.77431906614786,1.0
Kepler-84,1,5,19.564019,0.052,0.25,2.154,0.4605214435832495,15.086000000000002,15.484966257631948,0.0,6039.0,1.43,1.0,-0.07,1.2914580759234804,0.198,25.252525252525253,7.003714020427114,5.0
Kepler-841,1,1,124.4198398,0.479,0.479,5.23,0.0,23.8,0.0,0.0,5324.0,0.81,0.85,-0.09,2.0948896378198576,0.0,0.0,4.550669216061185,1.0
Kepler-842,1,1,1.21956827,0.0204,0.0204,1.6,0.0,3.19,0.0,0.0,4848.0,0.73,0.78,-0.02,0.08620611662547548,0.0,0.0,1.99375,1.0
Kepler-843,1,1,2.053879821,0.0313,0.0313,2.59,0.0,7.22,0.0,0.0,5830.0,1.03,1.02,0.05,0.31257502806189147,0.0,0.0,2.787644787644788,1.0
Kepler-844,1,1,2.613020856,0.0298,0.0298,1.68,0.0,3.46,0.0,0.0,4128.0,0.57,0.59,-0.24,0.41714287609149225,0.0,0.0,2.0595238095238098,1.0
Kepler-845,1,1,0.927859821,0.01668,0.01668,2.04,0.0,4.82,0.0,0.0,4913.0,0.75,0.79,0.01,-0.032517631070660157,0.0,0.0,2.3627450980392157,1.0
Kepler-846,1,1,19.80792185,0.1399,0.1399,2.48,0.0,6.71,0.0,0.0,5579.0,0.91,0.94,0.0,1.2968389138817893,0.0,0.0,2.7056451612903225,1.0
Kepler-847,1,1,2.343231895,0.0315,0.0315,1.18,0.0,1.76,0.0,0.0,4940.0,0.77,0.83,0.15,0.3698152701314748,0.0,0.0,1.4915254237288136,1.0
Kepler-848,1,1,6.91134416,0.07586,0.07586,1.7,0.0,3.53,0.0,0.0,5695.0,1.2,1.01,0.15,0.8395625198055159,0.0,0.0,2.076470588235294,1.0
Kepler-849,1,1,394.62508,1.137,1.137,8.08167508,0.0,298.75870258,0.0,0.078,5950.0,1.822,1.259,0.145,2.596184682942225,0.0,0.0,36.96742316693088,1.0
Kepler-85,1,4,15.98499525,0.07885,0.163,1.5565,0.38118193381463755,3.3216975,3.6454336357546913,0.01175,5505.2,0.875,0.928,0.12,1.203712511555527,0.08415,47.534165181224004,2.1340812720848055,4.0
Kepler-850,1,1,7.19303878,0.0744,0.0744,1.78,0.0,3.82,0.0,0.0,5932.0,1.09,1.06,0.03,0.8569124017292039,0.0,0.0,2.1460674157303368,1.0
Kepler-851,1,1,8.50699658,0.0802,0.0802,1.68,0.0,3.46,0.0,0.0,5455.0,0.85,0.89,-0.07,0.9297762582089896,0.0,0.0,2.0595238095238098,1.0
Kepler-852,1,1,44.9309804,0.27967,0.27967,2.54,0.0,6.99,0.0,0.0,6100.0,1.16,1.19,0.22,1.6525458950600789,0.0,0.0,2.751968503937008,1.0
Kepler-853,1,1,7.16892463,0.079,0.079,1.69,0.0,3.5,0.0,0.0,6350.0,1.55,1.3,0.07,0.8554540144846318,0.0,0.0,2.0710059171597632,1.0
Kepler-855,1,1,7.886631104,0.0762,0.0762,8.35,0.0,52.7,0.0,0.0,5835.0,1.03,1.03,0.06,0.8968915272411354,0.0,0.0,6.311377245508982,1.0
Kepler-856,1,1,8.027680595,0.0787,0.0787,9.3,0.0,63.3,0.0,0.0,5535.0,0.93,0.96,0.12,0.9045900844695878,0.0,0.0,6.806451612903225,1.0
Kepler-857,1,1,85.35129427,0.3751,0.3751,6.8,0.0,37.2,0.0,0.0,5773.0,0.99,0.99,0.02,1.93121011115734,0.0,0.0,5.470588235294119,1.0
Kepler-858,1,1,76.13602028,0.33939,0.33939,4.87,0.0,21.1,0.0,0.0,5653.0,0.91,0.96,-0.04,1.881590171984433,0.0,0.0,4.33264887063655,1.0
Kepler-859,1,1,20.38177573,0.13157,0.13157,3.09,0.0,9.75,0.0,0.0,5020.0,0.77,0.81,-0.02,1.309242018539153,0.0,0.0,3.1553398058252426,1.0
Kepler-860,1,1,5.101379454,0.058,0.058,3.24,0.0,10.6,0.0,0.0,5836.0,1.06,1.04,0.09,0.7076876286966937,0.0,0.0,3.271604938271605,1.0
Kepler-861,1,1,3.949631375,0.0463,0.0463,2.28,0.0,5.82,0.0,0.0,5047.0,0.78,0.82,0.01,0.5965565641646975,0.0,0.0,2.5526315789473686,1.0
Kepler-862,1,1,3.148664534,0.039,0.039,2.21,0.0,5.52,0.0,0.0,5333.0,0.84,0.88,0.04,0.4981263923629585,0.0,0.0,2.497737556561086,1.0
Kepler-863,1,1,15.59461874,0.122,0.122,2.9,0.0,8.75,0.0,0.0,5678.0,0.95,0.96,-0.03,1.1929747615145663,0.0,0.0,3.0172413793103448,1.0
Kepler-864,1,2,4.127632165,0.0382,0.0687,2.01,0.5515432893255068,4.805,2.1849599538664317,0.0,5754.0,1.0,1.0,0.04,0.6157009880792897,0.0305,65.57377049180327,2.3905472636815923,2.0
Kepler-865,1,2,10.186597505,0.061,0.1057,1.6900000000000002,1.1313708498984762,3.6999999999999997,4.327493500861671,0.0,5570.0,0.92,0.93,-0.01,1.008029146561723,0.044700000000000004,44.74272930648769,2.189349112426035,2.0
Kepler-866,1,1,2.617032536,0.0331,0.0331,1.63,0.0,3.29,0.0,0.0,4751.0,0.71,0.75,-0.07,0.4178091219969412,0.0,0.0,2.0184049079754605,1.0
Kepler-867,1,1,150.242127,0.5375,0.5375,4.64,0.0,19.4,0.0,0.0,5541.0,0.91,0.92,-0.02,2.1767917233367333,0.0,0.0,4.181034482758621,1.0
Kepler-868,1,1,5.03251791,0.0575,0.0575,2.05,0.0,4.86,0.0,0.0,5614.0,0.89,0.93,-0.08,0.7017853291543991,0.0,0.0,2.3707317073170735,1.0
Kepler-869,1,1,40.4287755,0.2244,0.2244,3.61,0.0,12.7,0.0,0.0,5664.0,0.95,0.97,0.02,1.6066905876941382,0.0,0.0,3.5180055401662047,1.0
Kepler-87,1,2,152.984075,0.481,0.676,9.815,5.197234841721125,165.29999999999998,224.7185350610848,0.0375,5600.0,1.82,1.1,-0.17,2.1846462249379752,0.19500000000000006,10.256410256410254,16.84156902699949,2.0
Kepler-870,1,1,21.3587621,0.1539,0.1539,2.78,0.0,8.15,0.0,0.0,5857.0,1.02,1.01,-0.01,1.329576078472708,0.0,0.0,2.9316546762589932,1.0
Kepler-871,1,1,22.0459018,0.1572,0.1572,3.74,0.0,13.5,0.0,0.0,5993.0,1.14,1.11,0.09,1.3433278685854944,0.0,0.0,3.6096256684491976,1.0
Kepler-872,1,1,2.578855068,0.0362,0.0362,1.99,0.0,4.62,0.0,0.0,5902.0,1.08,1.05,0.04,0.4114269354157486,0.0,0.0,2.321608040201005,1.0
Kepler-873,1,1,20.5533844,0.1542,0.1542,3.75,0.0,13.5,0.0,0.0,6163.0,1.27,1.18,0.07,1.3128833447144854,0.0,0.0,3.6,1.0
Kepler-874,1,1,40.0686727,0.2234,0.2234,3.94,0.0,14.7,0.0,0.0,6020.0,1.13,1.09,0.03,1.6028049563929399,0.0,0.0,3.730964467005076,1.0
Kepler-875,1,1,27.5073799,0.1771,0.1771,2.9,0.0,8.75,0.0,0.0,5958.0,1.11,1.06,0.03,1.4394492254619111,0.0,0.0,3.0172413793103448,1.0
Kepler-876,1,1,5.14438011,0.0549,0.0549,1.43,0.0,2.63,0.0,0.0,5060.0,0.77,0.81,-0.03,0.7113330504248417,0.0,0.0,1.8391608391608392,1.0
Kepler-877,1,1,18.45847097,0.1301,0.1301,2.12,0.0,5.14,0.0,0.0,5261.0,0.81,0.85,-0.06,1.266195722865702,0.0,0.0,2.424528301886792,1.0
Kepler-878,1,1,25.9422033,0.165,0.165,1.93,0.0,4.38,0.0,0.0,5044.0,0.77,0.81,-0.03,1.414006858424867,0.0,0.0,2.2694300518134716,1.0
Kepler-879,1,2,17.0161549,0.2012,0.2012,1.4849999999999999,1.534421715174808,3.5832,5.015932663024893,0.0,5792.0,1.02,1.02,0.05,1.230861430344899,0.0,0.0,2.4129292929292934,2.0
Kepler-880,1,2,9.760431725,0.0915,0.1216,2.765,0.14849242404917495,8.08,0.7353910524340092,0.0,6761.0,1.74,1.46,0.03,0.9894690278755511,0.030100000000000002,66.44518272425249,2.9222423146473777,2.0
Kepler-881,1,1,4.44448017,0.0552,0.0552,1.78,0.0,3.82,0.0,0.0,5961.0,1.09,1.06,0.0,0.6478209728422262,0.0,0.0,2.1460674157303368,1.0
Kepler-882,1,1,3.989539666,0.04741,0.04741,1.23,0.0,2.04,0.0,0.0,5476.0,0.87,0.9,-0.03,0.6009227874036587,0.0,0.0,1.6585365853658538,1.0
Kepler-883,1,1,12.98495573,0.10288,0.10288,1.78,0.0,3.82,0.0,0.0,6116.0,1.09,1.06,-0.13,1.1134404733146102,0.0,0.0,2.1460674157303368,1.0
Kepler-884,1,1,5.69919514,0.06116,0.06116,1.23,0.0,2.04,0.0,0.0,5715.0,0.94,1.0,0.05,0.7558135274378235,0.0,0.0,1.6585365853658538,1.0
Kepler-885,1,1,18.11472949,0.14403,0.14403,2.5,0.0,6.8,0.0,0.0,6187.0,1.35,1.21,0.11,1.2580318530336814,0.0,0.0,2.7199999999999998,1.0
Kepler-886,1,1,6.24146367,0.06428,0.06428,1.52,0.0,2.92,0.0,0.0,6098.0,1.16,1.1,-0.01,0.7952864469363563,0.0,0.0,1.9210526315789473,1.0
Kepler-887,1,2,14.030374105,0.0801,0.15431,1.4849999999999999,0.5020458146424488,2.775,1.7889801564019652,0.0,6194.0,1.29,1.19,0.08,1.1470692511831044,0.07421,26.95054574855141,1.8686868686868687,2.0
Kepler-888,1,1,70.6979061,0.31481,0.31481,1.76,0.0,3.75,0.0,0.0,5875.0,0.9,0.97,-0.21,1.8494065512412816,0.0,0.0,2.1306818181818183,1.0
Kepler-889,1,1,3.744439,0.04975,0.04975,1.09,0.0,1.32,0.0,0.0,5961.0,1.25,1.14,0.19,0.5733867599648006,0.0,0.0,1.2110091743119267,1.0
Kepler-890,1,1,52.75875577,0.2944,0.2944,8.89,0.0,58.6,0.0,0.0,5954.0,1.13,1.09,0.09,1.7222945448615348,0.0,0.0,6.591676040494938,1.0
Kepler-891,1,1,53.44945593,0.2881,0.2881,6.41,0.0,33.6,0.0,0.0,5887.0,1.07,1.06,0.09,1.7279432888188593,0.0,0.0,5.241809672386895,1.0
Kepler-892,1,1,13.7521072,0.1015,0.1015,2.81,0.0,8.3,0.0,0.0,4747.0,0.72,0.75,-0.04,1.1383692490910817,0.0,0.0,2.9537366548042705,1.0
Kepler-893,1,1,6.33855761,0.0699,0.0699,3.03,0.0,9.43,0.0,0.0,5820.0,0.99,1.0,-0.03,0.8019904419060162,0.0,0.0,3.1122112211221125,1.0
Kepler-894,1,1,9.803224,0.0916,0.0916,2.78,0.0,8.15,0.0,0.0,5603.0,0.85,0.87,-0.25,0.9913689262177228,0.0,0.0,2.9316546762589932,1.0
Kepler-895,1,1,2.806242328,0.0328,0.0328,1.54,0.0,2.99,0.0,0.0,4315.0,0.61,0.65,-0.16,0.44812517102915533,0.0,0.0,1.9415584415584417,1.0
Kepler-896,1,2,87.0448263,0.1792,0.56378,2.84,0.4384062043356595,8.52,2.23445742854949,0.0,5262.0,0.81,0.84,-0.1,1.939742962976214,0.3845799999999999,5.20047844401685,3.0,2.0
Kepler-897,1,1,8.0472642,0.077,0.077,2.39,0.0,6.3,0.0,0.0,5839.0,1.04,1.03,0.04,0.9056482598976733,0.0,0.0,2.6359832635983262,1.0
Kepler-898,1,1,5.8706191,0.0545,0.0545,1.49,0.0,2.83,0.0,0.0,4223.0,0.62,0.65,-0.06,0.768683903212861,0.0,0.0,1.8993288590604027,1.0
Kepler-899,1,1,19.17891293,0.1392,0.1392,2.68,0.0,7.65,0.0,0.0,5595.0,0.91,0.93,-0.06,1.2828239875123373,0.0,0.0,2.8544776119402986,1.0
Kepler-9,1,3,19.939020333333335,0.0273,0.227,6.003333333333333,3.7802160432088177,27.23822017666667,17.643902582158894,0.04260333333333333,5774.0,0.958,1.022,0.05,1.2997038162484829,0.19970000000000002,15.02253380070105,4.5371827057190455,3.0
Kepler-900,1,1,6.9913086,0.0679,0.0679,2.08,0.0,4.98,0.0,0.0,4836.0,0.73,0.78,-0.01,0.8445584725365524,0.0,0.0,2.394230769230769,1.0
Kepler-901,1,1,3.517494394,0.0378,0.0378,1.37,0.0,2.45,0.0,0.0,4184.0,0.57,0.59,-0.3,0.5462334139513304,0.0,0.0,1.7883211678832116,1.0
Kepler-902,1,1,40.1099547,0.223,0.223,2.54,0.0,6.99,0.0,0.0,5647.0,0.93,0.95,0.0,1.6032521714917156,0.0,0.0,2.751968503937008,1.0
Kepler-903,1,2,36.6368139,0.09081,0.30249,2.2699999999999996,0.3676955262170049,5.82,1.5839191898578666,0.0,5682.0,0.97,0.98,0.05,1.5639176984615977,0.21167999999999998,9.44822373393802,2.5638766519823792,2.0
Kepler-904,1,1,3.021668632,0.0417,0.0417,1.77,0.0,3.78,0.0,0.0,6160.0,1.25,1.16,0.05,0.4802468361828449,0.0,0.0,2.135593220338983,1.0
Kepler-905,1,1,5.082746517,0.05689,0.05689,1.41,0.0,2.57,0.0,0.0,5461.0,0.86,0.95,0.09,0.7060984514274368,0.0,0.0,1.822695035460993,1.0
Kepler-906,1,1,41.6979976,0.22363,0.22363,2.11,0.0,5.1,0.0,0.0,6035.0,1.02,1.06,-0.09,1.6201152000061143,0.0,0.0,2.4170616113744074,1.0
Kepler-907,1,1,15.86621821,0.1225,0.1225,1.2,0.0,1.87,0.0,0.0,6106.0,1.38,1.08,-0.15,1.2004734228952754,0.0,0.0,1.5583333333333336,1.0
Kepler-908,3,1,1.340597468,0.02526,0.02526,1.22,0.0,1.98,0.0,0.0,5973.0,1.12,1.11,0.15,0.12729839480210048,0.0,0.0,1.6229508196721312,0.3333333333333333
Kepler-909,1,1,13.93290318,0.11873,0.11873,1.47,0.0,2.76,0.0,0.0,6154.0,1.23,1.17,0.08,1.144041619201107,0.0,0.0,1.8775510204081631,1.0
Kepler-91,1,1,6.24658,0.0731,0.0731,15.322703,0.0,257.4423,0.0,0.0519,4550.0,6.3,1.31,0.11,0.7956423063599194,0.0,0.0,16.801363310376765,1.0
Kepler-910,1,1,2.364369015,0.03752,0.03752,0.82,0.0,0.477,0.0,0.0,6230.0,1.5,1.26,0.12,0.3737152592952326,0.0,0.0,0.5817073170731707,1.0
Kepler-911,1,1,20.310501,0.15594,0.15594,2.6,0.0,7.27,0.0,0.0,6112.0,1.99,1.34,0.03,1.3077206362975622,0.0,0.0,2.796153846153846,1.0
Kepler-912,1,1,2.534756273,0.0339,0.0339,2.8,0.0,8.25,0.0,0.0,5998.0,1.11,1.07,0.02,0.4039362065175027,0.0,0.0,2.9464285714285716,1.0
Kepler-913,1,2,8.117922513,0.0699,0.1009,2.95903545,1.2714281264441984,9.55,6.5760930650348906,0.0,4687.0,0.61,0.63,-0.52,0.9094449015837393,0.031,64.51612903225806,3.2274030377027083,2.0
Kepler-914,1,1,4.40966548,0.05454,0.05454,1.38,0.0,2.48,0.0,0.0,5877.0,1.15,1.1,0.22,0.6444056448645573,0.0,0.0,1.7971014492753625,1.0
Kepler-915,1,1,4.59489604,0.05655,0.05655,1.5,0.0,2.86,0.0,0.0,6173.0,1.38,1.21,0.08,0.6622756898755385,0.0,0.0,1.9066666666666665,1.0
Kepler-916,1,1,32.2968798,0.1885,0.1885,1.76,0.0,3.75,0.0,0.0,5248.0,0.81,0.85,-0.05,1.5091605671887591,0.0,0.0,2.1306818181818183,1.0
Kepler-917,1,1,2.970414375,0.0378,0.0378,1.91,0.0,4.31,0.0,0.0,5418.0,0.76,0.8,-0.38,0.47281703794449326,0.0,0.0,2.256544502617801,1.0
Kepler-918,1,1,4.85386933,0.0569,0.0569,1.74,0.0,3.68,0.0,0.0,6028.0,1.14,1.11,0.06,0.686088080602465,0.0,0.0,2.1149425287356323,1.0
Kepler-919,1,1,11.04603384,0.0981,0.0981,2.25,0.0,5.69,0.0,0.0,6113.0,1.21,1.15,0.07,1.0432063693695302,0.0,0.0,2.528888888888889,1.0
Kepler-92,1,3,29.942933333333333,0.12232,0.28682,2.7256666666666667,0.7296617938013014,27.422226866666666,32.06698091091217,0.09333333333333334,5883.0,1.7,1.21,0.1381,1.4762943433710438,0.16450000000000004,18.2370820668693,10.060741176470588,3.0
Kepler-920,1,2,53.67966917,0.065,0.4029,3.11,0.9758073580374355,10.120000000000001,5.20430590953299,0.0,5403.0,0.85,0.89,0.0,1.7298098305945013,0.3379,5.9189109203906485,3.254019292604502,2.0
Kepler-921,1,1,51.300634,0.2716,0.2716,2.87,0.0,8.6,0.0,0.0,5663.0,0.91,0.93,-0.12,1.7101227323827735,0.0,0.0,2.9965156794425085,1.0
Kepler-922,1,1,0.938466832,0.01795,0.01795,1.42,0.0,2.6,0.0,0.0,5671.0,0.93,0.95,-0.05,-0.02758107193333627,0.0,0.0,1.830985915492958,1.0
Kepler-923,1,1,6.93366476,0.07592,0.07592,1.38,0.0,2.48,0.0,0.0,5988.0,1.26,1.11,0.07,0.840962839858345,0.0,0.0,1.7971014492753625,1.0
Kepler-924,1,1,61.0370117,0.31318,0.31318,3.07,0.0,9.64,0.0,0.0,6167.0,1.23,1.14,0.01,1.7855932629224271,0.0,0.0,3.140065146579805,1.0
Kepler-925,1,1,33.8678531,0.1805,0.1805,2.34,0.0,6.08,0.0,0.0,4673.0,0.72,0.77,0.12,1.5297876673746331,0.0,0.0,2.5982905982905984,1.0
Kepler-926,1,1,52.0688601,0.2739,0.2739,2.31,0.0,5.95,0.0,0.0,5806.0,1.01,1.01,0.03,1.7165780701339455,0.0,0.0,2.5757575757575757,1.0
Kepler-927,1,1,9.1149903,0.0866,0.0866,1.72,0.0,3.61,0.0,0.0,5743.0,0.99,0.99,0.03,0.9597562108232808,0.0,0.0,2.0988372093023258,1.0
Kepler-928,1,1,3.932461302,0.0444,0.0444,1.59,0.0,3.15,0.0,0.0,4700.0,0.7,0.73,-0.11,0.5946644575736326,0.0,0.0,1.981132075471698,1.0
Kepler-929,1,1,0.921032135,0.01982,0.01982,1.11,0.0,1.41,0.0,0.0,5869.0,1.02,1.01,-0.04,-0.03572521691530269,0.0,0.0,1.2702702702702702,1.0
Kepler-93,1,2,732.36336989,0.05343,0.05343,1.478,0.0,479.33,671.2847516516371,0.0,5669.0,0.919,0.911,-0.18,2.864726614367406,0.0,0.0,324.30987821380245,2.0
Kepler-930,1,1,71.4517775,0.34593,0.34593,2.13,0.0,5.18,0.0,0.0,6335.0,1.4,1.25,0.04,1.8540130371695298,0.0,0.0,2.431924882629108,1.0
Kepler-931,1,1,8.03755877,0.0719,0.0719,1.33,0.0,2.33,0.0,0.0,5241.0,0.81,0.86,-0.01,0.9051241614711137,0.0,0.0,1.7518796992481203,1.0
Kepler-932,1,1,1.921437396,0.02876,0.02876,1.37,0.0,2.45,0.0,0.0,5331.0,0.84,0.87,-0.01,0.2836262389098303,0.0,0.0,1.7883211678832116,1.0
Kepler-933,1,1,14.20443009,0.1041,0.1041,2.46,0.0,6.62,0.0,0.0,5346.0,0.84,0.87,-0.02,1.1524238136497054,0.0,0.0,2.6910569105691056,1.0
Kepler-934,1,1,55.6738309,0.2658,0.2658,2.09,0.0,5.02,0.0,0.0,5001.0,0.77,0.81,0.01,1.7456511060112445,0.0,0.0,2.401913875598086,1.0
Kepler-935,1,1,4.88083852,0.0527,0.0527,1.35,0.0,2.39,0.0,0.0,4830.0,0.73,0.78,-0.01,0.6884944394874923,0.0,0.0,1.7703703703703704,1.0
Kepler-936,1,1,10.56134221,0.0954,0.0954,1.45,0.0,2.7,0.0,0.0,5482.0,0.89,0.92,0.05,1.023719114916974,0.0,0.0,1.8620689655172415,1.0
Kepler-937,1,2,110.5060955,0.3214,0.5545,3.1950000000000003,0.7424621202458752,10.505,4.09414826307011,0.0,6095.0,1.22,1.15,0.08,2.043386234301694,0.23309999999999997,8.580008580008581,3.287949921752739,2.0
Kepler-938,1,1,52.6298417,0.2689,0.2689,2.22,0.0,5.56,0.0,0.0,5533.0,0.89,0.92,-0.03,1.7212320637486118,0.0,0.0,2.5045045045045042,1.0
Kepler-939,1,1,14.878296,0.1153,0.1153,1.75,0.0,3.71,0.0,0.0,5471.0,0.85,0.88,-0.12,1.1725531946390582,0.0,0.0,2.12,1.0
Kepler-94,1,2,411.40403,0.03377,1.596806621,8.004999999999999,6.356889962867063,1568.42,2202.7507604810853,0.1729655,4781.0,0.76,0.81,0.34,2.6142685416080726,1.563036621,1.2795605510000396,195.93004372267336,2.0
Kepler-940,1,1,59.6225257,0.3059,0.3059,3.34,0.0,11.1,0.0,0.0,5769.0,0.96,0.97,-0.08,1.7754103694547383,0.0,0.0,3.3233532934131738,1.0
Kepler-941,1,1,17.42395198,0.1311,0.1311,3.08,0.0,9.69,0.0,0.0,5539.0,0.86,0.89,-0.15,1.2411466655080174,0.0,0.0,3.146103896103896,1.0
Kepler-942,1,1,44.96417488,0.22737,0.22737,2.13,0.0,5.18,0.0,0.0,4861.0,0.75,0.81,0.09,1.6528666282542974,0.0,0.0,2.431924882629108,1.0
Kepler-943,1,1,49.7701438,0.2559,0.2559,5.93,0.0,29.5,0.0,0.0,5612.0,0.91,0.93,-0.07,1.6969688955452342,0.0,0.0,4.974704890387859,1.0
Kepler-944,1,1,43.3167737,0.2288,0.2288,2.63,0.0,7.41,0.0,0.0,5409.0,0.83,0.86,-0.11,1.6366561022361519,0.0,0.0,2.817490494296578,1.0
Kepler-945,1,1,31.0033814,0.2037,0.2037,2.63,0.0,7.41,0.0,0.0,5718.0,0.97,0.97,-0.01,1.491409062972194,0.0,0.0,2.817490494296578,1.0
Kepler-946,1,1,11.79162572,0.1002,0.1002,1.93,0.0,4.38,0.0,0.0,5665.0,0.93,0.94,-0.09,1.0715736857186409,0.0,0.0,2.2694300518134716,1.0
Kepler-947,1,1,26.9644317,0.1773,0.1773,2.28,0.0,5.82,0.0,0.0,5508.0,0.87,0.9,-0.07,1.4307912715681859,0.0,0.0,2.5526315789473686,1.0
Kepler-948,1,1,7.76846622,0.0749,0.0749,1.85,0.0,4.08,0.0,0.0,5679.0,0.94,0.96,-0.02,0.8903352816138347,0.0,0.0,2.2054054054054055,1.0
Kepler-949,1,2,14.843443488000002,0.07739,0.1394,2.9400000000000004,0.042426406871192736,8.955,0.21920310216782884,0.0,5403.0,0.86,0.89,0.01,1.1715346633659538,0.062009999999999996,32.25286244154169,3.0459183673469385,2.0
Kepler-95,1,1,11.5231,0.10232,0.10232,3.42,0.0,13.0,0.0,0.0,5699.0,1.41,1.08,0.3,1.0615693308043685,0.0,0.0,3.801169590643275,1.0
Kepler-950,1,1,98.7180406,0.3982,0.3982,8.98,0.0,59.6,0.0,0.0,5857.0,1.02,1.02,0.02,1.9943965267028123,0.0,0.0,6.636971046770602,1.0
Kepler-951,2,1,71.52530845,0.3091,0.3091,5.59,0.0,26.7,0.0,0.0,4834.0,0.73,0.77,-0.01,1.8544597393587277,0.0,0.0,4.7763864042933815,0.5
Kepler-952,1,1,130.3546919,0.5183,0.5183,7.65,0.0,45.4,0.0,0.0,5730.0,0.99,1.0,0.06,2.1151266674921345,0.0,0.0,5.934640522875816,1.0
Kepler-953,1,2,48.75811185,0.0862,0.392,2.7,2.135462479183374,9.155,10.387398615630383,0.0,5416.0,0.99,0.95,0.26,1.6880468792883616,0.3058,6.540222367560497,3.3907407407407404,2.0
Kepler-954,1,1,16.78176602,0.1202,0.1202,2.32,0.0,5.99,0.0,0.0,4990.0,0.76,0.82,0.02,1.224837661640687,0.0,0.0,2.5818965517241383,1.0
Kepler-955,1,1,14.53244172,0.1083,0.1083,3.13,0.0,9.96,0.0,0.0,5350.0,0.84,0.89,0.02,1.1623385899643517,0.0,0.0,3.1821086261980835,1.0
Kepler-956,1,1,5.248672631,0.06017,0.06017,3.0,0.0,9.27,0.0,0.0,6040.0,1.15,1.1,0.02,0.7200494858974998,0.0,0.0,3.09,1.0
Kepler-957,1,1,5.907413537,0.0559,0.0559,5.5,0.0,25.9,0.0,0.0,4963.0,0.75,0.81,-0.01,0.7713973738628344,0.0,0.0,4.709090909090909,1.0
Kepler-958,1,1,9.7678805,0.08631,0.08631,2.06,0.0,4.9,0.0,0.0,5421.0,0.86,0.91,0.01,0.9898003378217517,0.0,0.0,2.3786407766990294,1.0
Kepler-959,1,1,14.80074836,0.1633,0.1633,4.38,0.0,17.6,0.0,0.0,7005.0,2.01,1.6,0.02,1.170283674881562,0.0,0.0,4.018264840182649,1.0
Kepler-96,1,1,16.2385,0.1261,0.1261,2.67,0.0,8.46,0.0,0.0,5690.0,1.02,1.0,0.04,1.2105459096459346,0.0,0.0,3.168539325842697,1.0
Kepler-960,1,1,3.12686223,0.03807,0.03807,2.29,0.0,5.86,0.0,0.0,4755.0,0.72,0.77,0.02,0.4951087465870739,0.0,0.0,2.558951965065502,1.0
Kepler-961,1,1,16.87727414,0.12585,0.12585,2.55,0.0,7.04,0.0,0.0,5582.0,0.9,0.96,0.05,1.227302304756961,0.0,0.0,2.7607843137254906,1.0
Kepler-962,1,1,12.05707239,0.09874,0.09874,1.97,0.0,4.54,0.0,0.0,5478.0,0.86,0.93,0.01,1.0812418683997265,0.0,0.0,2.3045685279187818,1.0
Kepler-963,1,2,5.4483100250000005,0.0849,0.0849,1.6300000000000001,1.456639969244288,3.8579999999999997,5.235418607905197,0.0,5461.0,0.87,0.91,-0.02,0.7362618122519958,0.0,0.0,2.3668711656441714,2.0
Kepler-964,1,1,13.5225106,0.1073,0.1073,2.12,0.0,5.14,0.0,0.0,5427.0,0.84,0.93,0.03,1.1310573305481715,0.0,0.0,2.424528301886792,1.0
Kepler-965,1,1,134.2527298,0.50998,0.50998,3.38,0.0,11.4,0.0,0.0,5886.0,1.15,1.05,0.03,2.1279231250980266,0.0,0.0,3.3727810650887577,1.0
Kepler-966,1,1,99.747622,0.3907,0.3907,4.13,0.0,16.0,0.0,0.0,5840.0,1.02,1.02,0.04,1.998902550829078,0.0,0.0,3.87409200968523,1.0
Kepler-967,1,2,105.969191995,0.1027,0.6253,3.0,0.9192388155425116,9.51,4.794183976444793,0.0,5178.0,0.8,0.84,-0.03,2.025179622893997,0.5226,3.8270187523918873,3.17,2.0
Kepler-968,1,3,5.695796215333334,0.0389,0.0634,2.09,0.4517742799230607,6.3933333333333335,4.0485717646267965,0.0,4413.0,0.667,0.681,0.13,0.7555544426829719,0.0245,122.44897959183673,3.0590111642743225,3.0
Kepler-969,1,2,17.928053002000002,0.0265,0.19726,1.5299999999999998,0.7636753236814712,2.9385000000000003,2.83054844508975,0.0,5214.0,0.82,0.92,0.22,1.2535331274650963,0.17076,11.71234481143125,1.9205882352941182,2.0
Kepler-97,1,2,395.79332,0.03563,0.03563,1.48,0.0,173.755,240.76278792620758,0.0,5779.0,0.98,0.94,-0.2,2.597468460129042,0.0,0.0,117.40202702702703,2.0
Kepler-970,2,1,16.736525,0.139,0.139,2.609,0.0,7.31,0.0,0.34,4290.0,0.71,0.67,0.04,1.2236652905754974,0.0,0.0,2.8018397853583745,0.5
Kepler-971,1,1,9.59070716,0.08679,0.08679,2.13,0.0,5.18,0.0,0.0,5431.0,0.85,0.88,-0.06,0.9818506305661933,0.0,0.0,2.431924882629108,1.0
Kepler-972,1,1,7.03932553,0.0734,0.0734,4.65,0.0,19.5,0.0,0.0,6146.0,1.22,1.15,0.04,0.8475310493932916,0.0,0.0,4.193548387096774,1.0
Kepler-973,1,1,49.6077331,0.2489,0.2489,1.96,0.0,4.5,0.0,0.0,5213.0,0.78,0.86,-0.06,1.6955493817498555,0.0,0.0,2.295918367346939,1.0
Kepler-974,1,2,2.185693907,0.005,0.0419,1.09,0.6788225099390857,5.545,3.4718942956259484,0.0,3584.0,0.45,0.46,0.0,0.33958934159870474,0.0369,54.200542005420054,5.087155963302751,2.0
Kepler-975,1,2,3.5142779185,0.02898,0.0567,6.085,6.512453454728103,41.495000000000005,54.73713593165064,0.0,4897.0,0.75,0.8,0.07,0.5458361036869551,0.02772,72.15007215007215,6.819227608874281,2.0
Kepler-976,1,1,105.9564148,0.4217,0.4217,3.96,0.0,14.9,0.0,0.0,5232.0,0.83,0.87,0.07,2.0251272548449126,0.0,0.0,3.7626262626262625,1.0
Kepler-977,1,1,26.85328322,0.162,0.162,2.62,0.0,7.37,0.0,0.0,5315.0,0.83,0.87,-0.01,1.42899739235056,0.0,0.0,2.812977099236641,1.0
Kepler-978,1,1,49.6221509,0.2726,0.2726,2.99,0.0,9.22,0.0,0.0,6002.0,1.09,1.07,-0.01,1.695675585082417,0.0,0.0,3.0836120401337794,1.0
Kepler-979,1,1,8.0880135,0.0753,0.0753,2.72,0.0,7.85,0.0,0.0,5310.0,0.83,0.87,-0.02,0.9078418674803993,0.0,0.0,2.8860294117647056,1.0
Kepler-98,1,1,1.54168,0.02614,0.02614,1.99,0.0,3.55,0.0,0.0,5539.0,1.11,0.99,0.18,0.18799423839953067,0.0,0.0,1.7839195979899496,1.0
Kepler-980,1,1,11.55102504,0.09993,0.09993,2.67,0.0,7.61,0.0,0.0,5935.0,1.06,1.05,0.01,1.0626205253072063,0.0,0.0,2.850187265917603,1.0
Kepler-981,1,1,4.469757736,0.0535,0.0535,2.31,0.0,5.95,0.0,0.0,5718.0,0.96,0.98,0.01,0.6502839847047225,0.0,0.0,2.5757575757575757,1.0
Kepler-982,1,1,15.7738221,0.1277,0.1277,2.25,0.0,5.69,0.0,0.0,6139.0,1.29,1.16,0.05,1.1979369384664227,0.0,0.0,2.528888888888889,1.0
Kepler-983,1,1,60.0855082,0.3148,0.3148,2.36,0.0,6.17,0.0,0.0,6052.0,1.08,1.13,0.12,1.7787697387633064,0.0,0.0,2.614406779661017,1.0
Kepler-984,1,1,43.0342272,0.23688,0.23688,2.12,0.0,5.14,0.0,0.0,5610.0,0.93,0.96,0.04,1.633814008398714,0.0,0.0,2.424528301886792,1.0
Kepler-985,1,1,116.331901,0.44664,0.44664,2.98,0.0,9.17,0.0,0.0,5434.0,0.85,0.91,0.0,2.0656988250335657,0.0,0.0,3.077181208053691,1.0
Kepler-986,1,1,56.4349938,0.29131,0.29131,2.36,0.0,6.17,0.0,0.0,5642.0,0.98,0.96,0.04,1.7515484816686906,0.0,0.0,2.614406779661017,1.0
Kepler-987,1,1,105.3033148,0.4238,0.4238,3.26,0.0,10.7,0.0,0.0,5637.0,0.91,0.97,0.01,2.0224420423791245,0.0,0.0,3.2822085889570554,1.0
Kepler-988,1,1,17.76080053,0.1085,0.1085,2.07,0.0,4.94,0.0,0.0,4005.0,0.53,0.55,-0.32,1.2494625367762724,0.0,0.0,2.386473429951691,1.0
Kepler-989,1,1,7.964315352,0.0734,0.0734,2.21,0.0,5.52,0.0,0.0,5074.0,0.78,0.82,0.01,0.9011484478548697,0.0,0.0,2.497737556561086,1.0
Kepler-99,2,1,4.60358,0.05071,0.05071,1.48,0.0,6.15,0.0,0.0,4782.0,0.73,0.79,0.18,0.6630956946269994,0.0,0.0,4.155405405405405,0.5
Kepler-990,1,2,5.227794294000001,0.01232,0.08595,2.065,0.7566042558696058,5.115,3.04763022691402,0.0,5948.0,1.08,1.05,0.01,0.7183184903969707,0.07363,27.162841233192992,2.4769975786924943,2.0
Kepler-991,1,1,82.5342519,0.3104,0.3104,2.54,0.0,6.99,0.0,0.0,4392.0,0.61,0.64,-0.25,1.9166342191447505,0.0,0.0,2.751968503937008,1.0
Kepler-992,1,1,20.16034462,0.13372,0.13372,1.62,0.0,3.26,0.0,0.0,4944.0,0.74,0.8,-0.04,1.304497951646759,0.0,0.0,2.0123456790123453,1.0
Kepler-993,1,1,22.08557563,0.13,0.13,2.97,0.0,9.11,0.0,0.0,3843.0,0.54,0.57,0.03,1.3441087230272708,0.0,0.0,3.067340067340067,1.0
Kepler-994,1,1,1.151166506,0.0177,0.0177,1.6,0.0,3.19,0.0,0.0,3934.0,0.54,0.56,-0.13,0.061138145008646394,0.0,0.0,1.99375,1.0
Kepler-995,1,1,28.26731672,0.1701,0.1701,2.7,0.0,7.75,0.0,0.0,5206.0,0.8,0.83,-0.07,1.451284584966159,0.0,0.0,2.8703703703703702,1.0
Kepler-996,1,1,3.770590584,0.0474,0.0474,1.98,0.0,4.58,0.0,0.0,6014.0,1.14,1.09,0.03,0.5764093786632373,0.0,0.0,2.313131313131313,1.0
Kepler-997,1,1,2.707306716,0.04022,0.04022,1.36,0.0,2.42,0.0,0.0,6150.0,1.56,1.22,0.05,0.4325374606173838,0.0,0.0,1.7794117647058822,1.0
Kepler-998,1,1,5.65377733,0.0626,0.0626,2.32,0.0,5.99,0.0,0.0,6058.0,1.18,1.12,0.07,0.7523387001109509,0.0,0.0,2.5818965517241383,1.0
Kepler-999,1,1,5.991857017,0.06918,0.06918,2.34,0.0,6.08,0.0,0.0,6237.0,1.65,1.29,0.05,0.7775614412954148,0.0,0.0,2.5982905982905984,1.0
L 168-9,1,1,1.40152604,0.0208,0.0208,1.63,0.0,4.07,0.0,0.0,3842.0,0.604,0.614,-0.03,0.14660117125310027,0.0,0.0,2.4969325153374236,1.0
L 98-59,1,5,9.85726388,0.0223,0.1052,1.3526,0.30692230287159,1.9439999999999997,0.9744126435961307,0.019,3415.0,0.3155,0.2923,-0.46,0.9937563828194438,0.0829,60.31363088057901,1.4372319976341859,5.0
LHS 1140,1,2,14.257585,0.027,0.0946,1.501,0.3238549057834387,3.755,2.6092240225783603,0.0465,3096.0,0.2159,0.1844,-0.15,1.154045969415195,0.06760000000000001,29.585798816568044,2.501665556295803,2.0
LHS 1815,1,1,3.814334,0.0404,0.0404,1.088,0.0,1.58,0.0,0.0,3643.0,0.501,0.502,-0.12,0.5814187191258151,0.0,0.0,1.4522058823529411,1.0
LHS 1903,1,4,12.566427950000001,0.02656,0.15135,1.9149999999999998,0.47503122704372464,4.895,1.2466622103307161,0.0575,3664.0,0.539,0.538,-0.11,1.0992118455405782,0.12479000000000001,32.05385046878756,2.556135770234987,4.0
LP 714-47,1,1,4.052037,0.0417,0.0417,4.7,0.0,30.8,0.0,0.04,3950.0,0.584,0.59,0.41,0.6076734023403816,0.0,0.0,6.553191489361702,1.0
LP 791-18,1,3,2.897586033333333,0.00978,0.02961,1.577333333333333,0.7937791464464996,3.3366666666666664,3.350915297845252,0.0004,2960.0,0.182,0.139,-0.09,0.4620363396303633,0.01983,151.285930408472,2.115384615384616,3.0
LSPM J2116+0234,1,1,14.4399,0.0876,0.0876,3.71,0.0,13.3,0.0,0.183,3475.0,0.431,0.43,-0.05,1.1595641856436916,0.0,0.0,3.5849056603773586,1.0
LTT 1445 A,3,2,4.2413335,0.02661,0.0381,1.2435,0.13647160876900372,2.135,0.8414570696119913,0.2015,3562.0,0.271,0.257,-0.34,0.6275024227816203,0.01149,174.06440382941688,1.7169280257338155,0.6666666666666666
LTT 3780,2,2,6.510331655,0.01195,0.0757,1.8575,0.7530687219636734,5.25,3.9456558390209344,0.012,3358.0,0.38,0.381,0.06,0.8136031133404702,0.06375,31.372549019607842,2.8263795423956934,1.0
LTT 9779,1,1,0.792052,0.01679,0.01679,4.72,0.0,29.32,0.0,0.0,5443.0,0.949,1.02,0.27,-0.10124630506237516,0.0,0.0,6.211864406779662,1.0
MASCARA-1,1,1,2.14877381,0.040352,0.040352,17.90074218,0.0,1175.971,0.0,0.00034,7490.0,2.082,1.9,0.15,0.3321907020252186,0.0,0.0,65.69398006937833,1.0
MASCARA-4,2,1,2.8240932,0.0474,0.0474,16.98160576,0.0,532.36258173,0.0,0.0,7800.0,1.79,1.75,0.0,0.4508790250914562,0.0,0.0,31.349366441186298,0.5
NGC 2682 Sand 1429,1,1,77.48,0.384,0.384,13.4,0.0,572.0911326,0.0,0.0,6000.0,2.13,1.26,-0.013,1.8891896120470733,0.0,0.0,42.693368104477614,1.0
NGTS-1,1,1,2.647298,0.0326,0.0326,14.90797,0.0,258.07796,0.0,0.016,3916.0,0.573,0.617,0.0,0.4228028315435461,0.0,0.0,17.31140859553648,1.0
NGTS-10,1,1,0.7668944,0.0143,0.0143,13.506845,0.0,687.14846,0.0,0.0,4600.0,0.697,0.696,-0.02,-0.1152644335147316,0.0,0.0,50.87409087762538,1.0
NGTS-11,1,1,35.45533,0.201,0.201,9.157753,0.0,109.33352,0.0,0.13,5050.0,0.832,0.862,0.22,1.5496815319193296,0.0,0.0,11.938902479680332,1.0
NGTS-12,1,1,7.532806,0.0757,0.0757,11.747032,0.0,66.10864,0.0,0.0,5690.0,1.589,1.021,-0.03,0.8769567827499342,0.0,0.0,5.6276887642767965,1.0
NGTS-13,1,1,4.119027,0.0549,0.0549,12.800678,0.0,1538.2972,0.0,0.086,5819.0,1.788,1.3,0.25,0.6147946387426715,0.0,0.0,120.17310333093295,1.0
NGTS-14 A,2,1,3.5357173,0.0403,0.0403,4.976796,0.0,29.24036,0.0,0.0,5187.0,0.842,0.898,0.1,0.5484775335021858,0.0,0.0,5.875338269842685,0.5
NGTS-15,1,1,3.27623,0.0441,0.0441,12.32987877,0.0,238.68913366,0.0,0.0,5600.0,0.954,0.995,0.15,0.5153743827784188,0.0,0.0,19.35859533678124,1.0
NGTS-16,1,1,4.84532,0.0523,0.0523,14.57167491,0.0,211.99154747,0.0,0.0,5550.0,1.213,1.002,0.35,0.6853224644920396,0.0,0.0,14.548193586484562,1.0
NGTS-17,1,1,3.24253,0.0391,0.0391,13.89913607,0.0,242.82090295,0.0,0.0,5650.0,1.337,1.025,0.15,0.5108840028823121,0.0,0.0,17.4702155390871,1.0
NGTS-18,1,1,3.05125,0.0448,0.0448,13.56286665,0.0,129.99181846,0.0,0.0,5610.0,1.392,1.003,0.15,0.484477792425245,0.0,0.0,9.584391103631472,1.0
NGTS-2,1,1,4.511164,0.063,0.063,17.878355,0.0,235.1942,0.0,0.0,6478.0,1.702,1.64,-0.06,0.6542886158364299,0.0,0.0,13.155248343597608,1.0
NGTS-20,1,1,54.18915,0.313,0.313,11.99360935,0.0,947.12865286,0.0,0.432,5980.0,1.78,1.47,0.15,1.7339123388107889,0.0,0.0,78.96944324437247,1.0
NGTS-21,1,1,1.5433897,0.0236,0.0236,14.90794433,0.0,750.07504052,0.0,0.0,4660.0,0.86,0.72,-0.26,0.18847559760624416,0.0,0.0,50.313780620349284,1.0
NGTS-23,1,1,4.0764326,0.0504,0.0504,14.20177855,0.0,194.82881349,0.0,0.0,6057.0,1.24,1.01,-0.26,0.6102802660663864,0.0,0.0,13.718620720923717,1.0
NGTS-24,1,1,3.4678796,0.0479,0.0479,13.60770257,0.0,165.27077164,0.0,0.0,5820.0,1.64,1.26,0.27,0.5400640109600802,0.0,0.0,12.145383894880352,1.0
NGTS-25,1,1,2.823093,0.0388,0.0388,11.46678726,0.0,203.09235207,0.0,0.0,5321.0,0.86,0.91,0.12,0.4507251851683661,0.0,0.0,17.711356063825676,1.0
NGTS-26,1,1,4.5199279,0.049,0.049,14.88552637,0.0,92.80589484,0.0,0.0,5550.0,1.16,0.96,0.2,0.655131507182646,0.0,0.0,6.234639779150786,1.0
NGTS-27,1,1,3.3704181,0.0446,0.0446,15.64773706,0.0,188.47224535,0.0,0.0,5700.0,1.77,1.07,0.0,0.5276837783965671,0.0,0.0,12.044696599087663,1.0
NGTS-30,1,1,98.29838,0.408,0.408,10.40193409,0.0,305.11527072,0.0,0.294,5455.0,0.913,0.94,-0.03,1.992546360529408,0.0,0.0,29.33255181969722,1.0
NGTS-31,1,1,4.162734,0.064,0.064,18.04645893,0.0,355.96781584,0.0,0.0,5710.0,1.7,0.96,0.0,0.6193786602206558,0.0,0.0,19.72507832260919,1.0
NGTS-32,1,1,3.31211,0.044,0.044,15.91675259,0.0,181.16219199,0.0,0.0,5680.0,1.85,1.07,-0.03,0.520104751905024,0.0,0.0,11.381856378405892,1.0
NGTS-33,1,1,2.827972,0.048,0.048,18.38272835,0.0,1153.71711741,0.0,0.0,7437.0,1.47,1.6,-0.11,0.45147510515820943,0.0,0.0,62.76092946833977,1.0
NGTS-35,1,1,25.241192,0.16,0.16,10.9,0.0,152.0,0.0,0.192,4717.0,0.753,0.789,0.085,1.4021098603501752,0.0,0.0,13.944954128440367,1.0
NGTS-4,1,1,1.3373508,0.019,0.019,3.18,0.0,20.6,0.0,0.0,5143.0,0.84,0.75,-0.28,0.12624534183266634,0.0,0.0,6.477987421383648,1.0
NGTS-5,1,1,3.3569866,0.0382,0.0382,12.733424,0.0,72.78307,0.0,0.0,4987.0,0.739,0.661,0.12,0.5259496076889799,0.0,0.0,5.715907206105758,1.0
NGTS-6,1,1,0.882059,0.01677,0.01677,14.863134,0.0,425.57437,0.0,0.0,4730.0,0.754,0.767,0.11,-0.05450236439487766,0.0,0.0,28.632882540115695,1.0
NGTS-8,1,1,2.4997,0.035,0.035,12.21781,0.0,295.5819,0.0,0.01,5241.0,0.98,0.89,0.24,0.39788789020703874,0.0,0.0,24.19270720366416,1.0
NGTS-9,1,1,4.43527,0.058,0.058,11.99363,0.0,921.707,0.0,0.06,6330.0,1.38,1.34,0.31,0.6469200629368357,0.0,0.0,76.84971105495167,1.0
OGLE-TR-10,1,1,3.101278,0.0434,0.0434,14.011,0.0,197.046,0.0,0.0,5950.0,1.17,1.14,0.28,0.4915406983413211,0.0,0.0,14.063664263792734,1.0
OGLE-TR-111,1,1,4.0144463,0.0473,0.0473,11.421971,0.0,174.799,0.0,0.0,5040.0,0.83,0.82,0.19,0.6036256528681431,0.0,0.0,15.303750990087439,1.0
OGLE-TR-113,1,1,1.4324752,0.02289,0.02289,12.251,0.0,400.449,0.0,0.0,4790.0,0.774,0.779,0.09,0.15608711189849647,0.0,0.0,32.68704595543221,1.0
OGLE-TR-132,1,1,1.689868,0.03035,0.03035,13.45,0.0,375.02,0.0,0.6,6210.0,1.32,1.305,0.37,0.2278527820630648,0.0,0.0,27.882527881040893,1.0
OGLE-TR-182,1,1,3.9791,0.051,0.051,12.666,0.0,320.995,0.0,0.0,5924.0,1.14,1.14,0.37,0.599784853673271,0.0,0.0,25.343044370756356,1.0
OGLE-TR-211,1,1,3.67724,0.051,0.051,15.244,0.0,327.351,0.0,0.0,6325.0,1.64,1.33,0.11,0.5655219756056601,0.0,0.0,21.474088165835738,1.0
OGLE-TR-56,1,1,1.2119189,0.02383,0.02383,15.278,0.0,441.77,0.0,0.0,6050.0,1.363,1.228,0.25,0.08347355839385091,0.0,0.0,28.915433957324254,1.0
PDS 70,1,2,43500.0,20.8,34.3,22.081691980000002,0.15851892950582033,1700.3819774499998,966.3760739266971,0.10350000000000001,4109.0,1.26,0.982,-0.11,4.638489256954637,13.499999999999996,0.1481481481481482,77.00415253460119,2.0
PH1,4,1,138.317,0.652,0.652,6.18,0.0,169.0,0.0,0.0702,6407.0,1.734,1.528,0.21,2.1408755608212817,0.0,0.0,27.346278317152105,0.25
PH2,1,1,282.52542,0.833,0.833,9.33708092,0.0,87.08498352,0.0,0.215,5734.0,0.949,0.966,0.017,2.451057529214105,0.0,0.0,9.326788989636388,1.0
Pr0201,1,1,4.4264,0.06,0.06,14.2,0.0,171.6282,0.0,0.0,6174.0,1.15,1.24,0.19,0.646050657206096,0.0,0.0,12.08649295774648,1.0
Pr0211,2,2,2426.07305,0.03176,5.5,13.0,0.5656854249492386,1536.70805,1328.2119122433155,0.3605,5300.0,0.827,0.935,0.18,3.3849038735026356,5.46824,0.36574839436454876,118.20831153846153,1.0
Qatar-1,1,1,1.4200242,0.02332,0.02332,12.811887,0.0,411.27202,0.0,0.0,5013.0,0.803,0.838,0.171,0.15229574567665274,0.0,0.0,32.100815438038126,1.0
Qatar-10,1,1,1.645321,0.0286,0.0286,17.295487,0.0,233.92288,0.0,0.0,6124.0,1.254,1.156,0.016,0.2162506408444093,0.0,0.0,13.525082005496577,1.0
Qatar-2,1,1,1.33711647,0.02153,0.02153,14.056,0.0,792.635,0.0,0.0,4645.0,0.776,0.743,0.02,0.12616923828311358,0.0,0.0,56.39122083096187,1.0
Qatar-3,1,1,2.5079204,0.03783,0.03783,12.285064,0.0,1369.8473,0.0,0.0,6007.0,1.272,1.145,-0.041,0.39931374811188164,0.0,0.0,111.50510082812754,1.0
Qatar-4,1,1,1.8053564,0.02803,0.02803,12.722215,0.0,1938.763,0.0,0.0,5215.0,0.849,0.896,0.103,0.25656294988396816,0.0,0.0,152.39193803909146,1.0
Qatar-5,1,1,2.8792319,0.04127,0.04127,12.408363,0.0,1373.0256,0.0,0.0,5747.0,1.076,1.128,0.377,0.45927664536937063,0.0,0.0,110.6532424945982,1.0
Qatar-6,2,1,3.506195,0.0423,0.0423,11.903958,0.0,212.31044,0.0,0.0,5052.0,0.722,0.822,-0.025,0.5448360660843438,0.0,0.0,17.83528134087839,0.5
Qatar-7,1,1,2.032046,0.0352,0.0352,19.0553,0.0,597.5204,0.0,0.0,6387.0,1.564,1.409,0.276,0.3079335349701725,0.0,0.0,31.357176218689816,1.0
Qatar-8,1,1,3.71495,0.0474,0.0474,14.403565,0.0,117.91493,0.0,0.0,5738.0,1.315,1.029,0.025,0.5699529729094541,0.0,0.0,8.186510075804149,1.0
Qatar-9,1,1,1.540731,0.0234,0.0234,11.309881,0.0,378.2177,0.0,0.0,4309.0,0.696,0.719,0.252,0.18772682079925074,0.0,0.0,33.4413509744267,1.0
Ross 128,1,1,9.8658,0.0496,0.0496,1.11,0.0,1.4,0.0,0.116,3192.0,0.1967,0.168,-0.02,0.9941323071755063,0.0,0.0,1.261261261261261,1.0
Ross 176,1,1,5.0066338,0.0464,0.0464,1.84,0.0,4.57,0.0,0.25,4041.0,0.569,0.577,-0.19,0.6995458269780166,0.0,0.0,2.483695652173913,1.0
Ross 508,1,1,10.77,0.05366,0.05366,1.83,0.0,4.0,0.0,0.33,3071.0,0.2113,0.1774,-0.2,1.0322157032979815,0.0,0.0,2.1857923497267757,1.0
TIC 139270665,1,2,516.812,0.163,2.0,10.064896275,4.009442138629481,850.6677313350001,994.9178789015185,0.33549999999999996,5844.0,1.016,1.035,0.156,2.7133325891071483,1.837,1.0887316276537833,84.51828097304461,2.0
TIC 172900988 Aa,2,1,200.452,0.90281,0.90281,11.25,0.0,942.0,0.0,0.0271,6050.0,1.3842,1.2384,0.34,2.302010393760053,0.0,0.0,83.73333333333333,0.5
TIC 237913194,1,1,15.168865,0.1207,0.1207,12.520453,0.0,617.22586,0.0,0.575,5788.0,1.088,1.026,0.14,1.1809530862133713,0.0,0.0,49.297406411732865,1.0
TIC 241249530,2,1,165.7719,0.641,0.641,13.29385111,0.0,1582.78546686,0.0,0.9412,6166.0,1.397,1.271,0.09,2.219510915181651,0.0,0.0,119.06147088328568,0.5
TIC 257060897,1,1,3.66003639,0.04922,0.04922,17.26183028,0.0,201.50321004,0.0,0.039,5993.0,1.863,1.187,0.054,0.5634854033992277,0.0,0.0,11.673339777501276,1.0
TIC 279401253,1,2,116.05000000000001,0.369,0.591,11.90449035,0.9835991797913645,2250.22512156,422.5086090656256,0.351,5951.0,1.06,1.13,0.2,2.0646451447919367,0.22199999999999998,9.00900900900901,189.02322194414648,2.0
TIC 365102760,1,1,4.21285367,0.0622,0.0622,6.21,0.0,19.2,0.0,0.406,4900.0,3.13,1.17,0.09,0.6245763745279378,0.0,0.0,3.0917874396135265,1.0
TIC 393818343,2,1,16.24921,0.1291,0.1291,12.18416202,0.0,1379.37528638,0.0,0.6058,5756.0,1.086,1.082,0.318,1.2108322514083847,0.0,0.0,113.21051740085117,0.5
TIC 434398831,1,2,4.9478975,0.04641,0.06572,4.57,1.4990663761154805,19.55,10.535891039679559,0.0265,5638.0,0.909,0.992,-0.081,0.6944206942623625,0.01931,103.57327809425168,4.277899343544858,2.0
TIC 46432937,1,1,1.44044527,0.02065,0.02065,13.31626907,0.0,1017.0509024,0.0,0.009,3572.0,0.5299,0.563,0.323,0.15849676182605238,0.0,0.0,76.3765659174984,1.0
TIC 4672985,1,1,69.048,0.33,0.33,11.5004142,0.0,4049.13390518,0.0,0.018,5757.0,1.15,1.01,0.14,1.8391511036019321,0.0,0.0,352.085919234109,1.0
TIC 88785435,1,1,10.508843,0.08432,0.08432,5.03,0.0,22.3,0.0,0.131,3998.0,0.911,0.724,-0.08,1.0215549038136433,0.0,0.0,4.433399602385686,1.0
TOI-1052,1,2,22.472851499999997,0.09103,0.2263,4.675000000000001,2.5526554800834367,25.599999999999998,12.303657992645926,0.2085,6146.0,1.264,1.204,0.14,1.3516581819938656,0.13527,14.78524432616249,5.475935828877004,2.0
TOI-1062,1,2,6.04248,0.052,0.08,2.6825,0.5904341622907672,9.965,0.26162950903902327,0.1585,5328.0,0.84,0.94,0.14,0.7812152216110885,0.028000000000000004,71.42857142857142,3.7148182665424043,2.0
TOI-1064,1,2,9.335221,0.06152,0.09429,2.6189999999999998,0.04525483399593892,8.0,7.7781745930520225,0.0675,4734.0,0.726,0.748,0.05,0.9701246038002977,0.03277,61.03143118706134,3.054600992745323,2.0
TOI-1075,1,1,0.6047328,0.01159,0.01159,1.791,0.0,9.95,0.0,0.0,3875.0,0.581,0.604,-0.08,-0.21843647513031234,0.0,0.0,5.555555555555555,1.0
TOI-1107,1,1,4.0782387,0.0561,0.0561,14.57167491,0.0,1064.72516345,0.0,0.025,6311.0,1.81,1.35,-0.1,0.6104726415154351,0.0,0.0,73.06813870238888,1.0
TOI-1117,1,3,5.157386666666667,0.033,0.0817,2.8800000000000003,0.40583247775406056,9.463333333333333,1.0813109327725006,0.0,5635.0,1.05,0.97,0.136,0.7124296931489056,0.04869999999999999,61.60164271047229,3.2858796296296293,3.0
TOI-1130,1,2,6.212371900000001,0.0453,0.0731,8.33,6.6043773362823535,177.9,223.58716421118632,0.045981,4360.0,0.697,0.745,0.11,0.7932574466191818,0.0278,71.94244604316548,21.35654261704682,2.0
TOI-1135,1,1,8.0277327,0.0815,0.0815,9.91994792,0.0,58.79825529,0.0,0.062,6320.0,1.202,1.119,-0.039,0.9045929033212191,0.0,0.0,5.92727459500614,1.0
TOI-1136,1,6,17.93616666666667,0.05106,0.229,3.051819136666667,0.9745204240801073,6.59,2.174451655015581,0.043750000000000004,5770.0,0.968,1.022,0.07,1.2537296308261294,0.17794000000000001,33.7192312015286,2.159367808145371,6.0
TOI-1173,2,1,7.06466,0.0696,0.0696,9.19,0.0,27.4,0.0,0.023,5350.0,0.934,0.911,0.139,0.8490912654518102,0.0,0.0,2.9815016322089227,0.5
TOI-1174,1,1,8.953487683,0.07994,0.07994,2.562,0.0,32.0,0.0,0.0,5030.0,0.76,0.85,-0.002,0.9519922405040303,0.0,0.0,12.490241998438721,1.0
TOI-1180,1,1,9.686760378,0.080799,0.080799,3.072,0.0,10.0,0.0,0.0,4738.0,0.73,0.75,0.067,0.9861785566998176,0.0,0.0,3.2552083333333335,1.0
TOI-1181,1,1,2.103189,0.0364,0.0364,17.02644168,0.0,374.71969185,0.0,0.011,6054.0,1.961,1.467,0.38,0.3228783016777121,0.0,0.0,22.008103565771,1.0
TOI-1184,1,1,5.748433803,0.056027,0.056027,2.39,0.0,6.8,0.0,0.0,4534.0,0.69,0.71,0.017,0.7595495345387815,0.0,0.0,2.8451882845188283,1.0
TOI-1194,1,1,2.3106446,0.034,0.034,8.71664516,0.0,120.0,0.0,0.0,5394.0,0.9608,0.9835,0.348,0.363733151827701,0.0,0.0,13.76676436832264,1.0
TOI-1199,1,1,3.671463,0.04988,0.04988,10.5140239,0.0,75.96098927,0.0,0.03,5710.0,1.45,1.23,0.44,0.5648391558648742,0.0,0.0,7.224730511597943,1.0
TOI-1201,2,1,2.4919863,0.0287,0.0287,2.415,0.0,6.28,0.0,0.0,3476.0,0.508,0.512,0.05,0.3965456504065714,0.0,0.0,2.600414078674948,0.5
TOI-1203,1,4,61.831640199999995,0.04869,0.1632,3.487,2.6118032085132294,14.615,18.391672934600958,0.08574999999999999,5737.0,1.179,0.886,-0.39,1.7912107671257746,0.11451000000000001,34.93144703519343,4.191281904215658,4.0
TOI-1221,1,1,91.68278,0.387,0.387,2.91,0.0,1112.3994245,0.0,0.21,5592.0,1.031,0.93,0.06,1.9622877734753552,0.0,0.0,382.2678434707903,1.0
TOI-1231,1,1,24.245586,0.1288,0.1288,3.65,0.0,15.4,0.0,0.087,3553.0,0.476,0.485,0.041,1.3846326851927624,0.0,0.0,4.219178082191781,1.0
TOI-1232,1,2,22.306,0.117,0.194,9.904378090000002,1.4486893878758473,139.526670675,114.61669714014316,0.046,5823.0,1.072,1.058,0.18,1.3484216978644246,0.077,25.974025974025974,14.087373220926784,2.0
TOI-1235,1,1,3.444714,0.03845,0.03845,1.69,0.0,6.69,0.0,0.049,3997.0,0.619,0.63,0.33,0.5371531701107207,0.0,0.0,3.958579881656805,1.0
TOI-1238,1,2,2.0296665,0.0139,0.037,1.66,0.6363961030678927,6.04,3.2244069222106573,0.2,4089.0,0.58,0.59,0.31,0.30742468367264136,0.0231,86.58008658008659,3.6385542168674703,2.0
TOI-1244,1,1,6.400316483,0.060694,0.060694,2.467,0.0,6.6,0.0,0.0,4599.0,0.721,0.73,0.034,0.8062014495186096,0.0,0.0,2.6753141467369272,1.0
TOI-1246,1,4,16.69798275,0.049,0.212,3.1016708375,0.48666811315228914,9.275,3.817830972336692,0.0,5151.0,0.86,0.87,0.17,1.2226640080661306,0.16299999999999998,24.5398773006135,2.9903237596533003,4.0
TOI-1248,1,1,4.3601561,0.051,0.051,6.8084859,0.0,27.4,0.0,0.0,5205.0,0.8686,0.9042,0.223,0.6395020379280033,0.0,0.0,4.024389622368168,1.0
TOI-1249,1,1,13.079151,0.109,0.109,3.2710301,0.0,11.9,0.0,0.0,5497.0,0.9785,1.0062,0.297,1.1165795537755565,0.0,0.0,3.6379977059825896,1.0
TOI-125,1,3,11.261470000000001,0.05186,0.137,2.8049999999999997,0.10950342460398246,9.91,3.5030415355801874,0.1426666666666667,5320.0,0.848,0.859,-0.02,1.0515950842293083,0.08514000000000001,35.236081747709655,3.5329768270944744,3.0
TOI-1259 A,2,1,3.477978,0.0407,0.0407,11.45557828,0.0,140.16232749,0.0,0.0,4775.0,0.711,0.744,-0.5,0.5413268305393732,0.0,0.0,12.235290446638196,0.5
TOI-1260,1,3,9.076253666666666,0.0367,0.1116,2.763333333333333,0.3550117368951812,11.200000000000001,2.385288242540092,0.0,4227.0,0.672,0.679,-0.1,0.9579066252135683,0.0749,40.05340453938585,4.05307599517491,3.0
TOI-1266,1,3,20.735400000000002,0.073,0.1513,2.08,0.3994996871087636,3.77,0.6496922348312315,0.06566666666666666,3563.0,0.4232,0.437,-0.109,1.3167124176174316,0.0783,38.31417624521073,1.8125,3.0
TOI-1268,1,1,8.1577094,0.0711,0.0711,9.1,0.0,96.4,0.0,0.105,5300.0,0.92,0.96,0.36,0.9115682304951336,0.0,0.0,10.593406593406595,1.0
TOI-1269,1,1,4.2529913,0.0496,0.0496,2.40144286,0.0,6.4,0.0,0.0,5499.0,0.8521,0.9027,-0.049,0.6286944943138688,0.0,0.0,2.6650644521269187,1.0
TOI-1272,1,2,5.998545,0.0417,0.079,4.541024535,0.5783786492808433,24.35,3.7476659402887034,0.235,5065.0,0.7934,0.8772,0.182,0.7780459212001024,0.0373,53.61930294906166,5.362226037829589,2.0
TOI-1273,1,1,4.631296,0.0549,0.0549,11.09689089,0.0,70.55790635,0.0,0.055,5690.0,1.06,1.06,0.07,0.665702538942179,0.0,0.0,6.358349113226255,1.0
TOI-1278,1,1,14.47567,0.095,0.095,12.21778896,0.0,5879.8255295,0.0,0.013,3799.0,0.573,0.54,-0.01,1.1606386739931798,0.0,0.0,481.25119436504,1.0
TOI-1279,1,1,9.61419,0.085,0.085,2.66146528,0.0,10.6,0.0,0.0,5457.0,0.8426,0.8784,-0.079,0.9829127006027173,0.0,0.0,3.982768469555237,1.0
TOI-1288,1,2,209.34991395,0.0374,1.07,8.034232755,4.335649616958199,64.9,29.415642097360376,0.0,5388.0,0.9583,0.9552,0.257,2.3208727867173478,1.0326,1.936858415649816,8.077933759089857,2.0
TOI-1294,1,2,81.907646,0.051,0.61,12.211849405,2.9530908917264482,105.45,58.76057351660211,0.0,5718.0,1.5566,1.1578,0.283,1.9133244446250788,0.5589999999999999,3.5778175313059037,8.635055715379583,2.0
TOI-1295,1,1,3.1968838,0.047,0.047,15.69257298,0.0,451.31633794,0.0,0.024,6280.0,1.7,1.38,0.26,0.5047268508678924,0.0,0.0,28.75986866622812,1.0
TOI-1296,1,1,3.9443736,0.051,0.051,14.11645916,0.0,95.3,0.0,0.0,5567.0,1.7031,1.1576,0.405,0.5959780433721527,0.0,0.0,6.750984713648263,1.0
TOI-1298,1,1,4.537143,0.057,0.057,9.65807033,0.0,99.0,0.0,0.0,5752.0,1.4536,1.2187,0.397,0.6567824674150612,0.0,0.0,10.250494831507403,1.0
TOI-132,1,1,2.1097019,0.026,0.026,3.42,0.0,22.4,0.0,0.059,5397.0,0.9,0.97,0.16,0.3242210940032985,0.0,0.0,6.549707602339181,1.0
TOI-1333,2,1,4.720219,0.0626,0.0626,15.647764,0.0,753.2571,0.0,0.073,6274.0,1.925,1.464,0.119,0.673962148694495,0.0,0.0,48.13832187141882,0.5
TOI-1338 A,2,2,155.59505,0.4607,0.794,8.9805,1.8660547955513003,43.35,45.325544674057696,0.03505,5723.2,1.313,1.0936,0.01,2.191995776510479,0.33330000000000004,6.000600060006,4.8271254384499755,1.0
TOI-1347,1,2,2.84469273,0.0171,0.0546,1.7000000000000002,0.14142135623730956,8.75,3.323401871576773,0.0,5464.0,0.83,0.913,0.04,0.45403536286737334,0.037500000000000006,53.33333333333333,5.147058823529411,2.0
TOI-1386,1,2,128.92005,0.173,0.75,8.25819325,2.8875507975949324,60.5,20.788939366884502,0.19,5735.0,1.0235,1.0363,0.149,2.110320465275915,0.577,3.466204506065858,7.326057670059973,2.0
TOI-1408,1,2,3.2961349999999996,0.03587,0.05778,13.61,16.10789247542955,300.3,413.9403097066049,0.0688,6117.0,1.53,1.312,0.25,0.518004990814638,0.02191,91.28251939753538,22.064658339456283,2.0
TOI-1410,1,2,24.388435,0.0207,0.239,4.365415045,1.78839319413397,19.75,10.253048327204938,0.0,4635.0,0.7558,0.7941,0.328,1.3871839326355482,0.2183,9.161704076958314,4.5241975382434685,2.0
TOI-1411,1,1,1.4520527,0.02122,0.02122,1.19880592,0.0,2.0,0.0,0.0,4115.0,0.614,0.6045,0.012,0.161982378694558,0.0,0.0,1.6683267630176533,1.0
TOI-1416,1,1,1.0697568,0.019,0.019,1.62,0.0,3.48,0.0,0.0,4884.0,0.793,0.798,0.08,0.02928505579452216,0.0,0.0,2.148148148148148,1.0
TOI-1420,1,1,6.9561063,0.071,0.071,11.89,0.0,25.1,0.0,0.17,5510.0,0.923,0.987,0.28,0.8423662100688412,0.0,0.0,2.111017661900757,1.0
TOI-1422,1,2,23.781119999999998,0.107,0.205,3.2199999999999998,0.8626702730475879,11.75,3.181980515339464,0.2,5840.0,1.019,0.9903,-0.028,1.376232304377102,0.09799999999999999,20.408163265306126,3.6490683229813667,2.0
TOI-1431,1,1,2.650237,0.046,0.046,16.70138124,0.0,991.62462984,0.0,0.0022,7690.0,1.92,1.9,0.09,0.4232847128763797,0.0,0.0,59.37380960234879,1.0
TOI-1437,1,1,18.840942,0.14,0.14,2.24,0.0,9.6,0.0,0.17,6008.0,1.17,1.1,-0.4924,1.2751026126381038,0.0,0.0,4.285714285714286,1.0
TOI-1438,1,2,7.283879499999999,0.0553,0.083,2.895,0.2050609665440988,10.0,0.8485281374238566,0.0,5230.0,0.82,0.876,0.03,0.862362752482857,0.027700000000000002,72.20216606498194,3.454231433506045,2.0
TOI-1439,1,1,27.644,0.192,0.192,4.2427861,0.0,38.5,0.0,0.157,5841.0,1.6184,1.2313,0.226,1.4416008842969312,0.0,0.0,9.074226013892146,1.0
TOI-1443,1,1,23.540678,0.147,0.147,2.30381001,0.0,30.0,0.0,0.0,5224.0,0.7511,0.7663,-0.294,1.3718189668939242,0.0,0.0,13.021907132003477,1.0
TOI-1444,1,1,0.4702743,0.0116,0.0116,1.41792246,0.0,3.58,0.0,0.0,5460.0,0.9105,0.9513,0.146,-0.32764875434589996,0.0,0.0,2.5248207155135973,1.0
TOI-1448,1,1,8.112245,0.0567,0.0567,2.749,0.0,19.5,0.0,0.36,3412.0,0.38,0.372,0.37,0.909141058426799,0.0,0.0,7.093488541287741,1.0
TOI-1451,1,1,16.537944,0.127,0.127,2.61143902,0.0,15.2,0.0,0.0,5801.0,1.0162,1.0022,0.019,1.2184815170088,0.0,0.0,5.820545639239165,1.0
TOI-1452,2,1,11.06201,0.061,0.061,1.672,0.0,4.82,0.0,0.0,3185.0,0.275,0.249,-0.07,1.0438340467332965,0.0,0.0,2.882775119617225,0.5
TOI-1467,1,1,5.97114713,0.050748,0.050748,1.92,0.0,9.0,0.0,0.0,3834.0,0.491,0.489,-0.062,0.7760577723976383,0.0,0.0,4.6875,1.0
TOI-1468,1,2,8.70649855,0.02107,0.08608,1.7635,0.5126524163602468,3.57,0.7495331880577402,0.060450000000000004,3376.0,0.3714,0.3527,-0.01,0.9398435320282185,0.06501000000000001,30.764497769573907,2.024383328607882,2.0
TOI-1470,1,2,10.3076265,0.0285,0.106,2.325,0.2050609665440988,7.28,0.05656854249492385,0.4,3709.0,0.469,0.471,0.0,1.0131586733705433,0.0775,25.806451612903228,3.1311827956989244,2.0
TOI-1472,1,2,10.95078022,0.064,0.116,3.6959999999999997,0.51194530957906,19.59,2.177888886054565,0.1065,5100.0,0.84,0.87,0.27,1.0394450628445737,0.052000000000000005,38.46153846153846,5.300324675324676,2.0
TOI-1478,1,1,10.1802117,0.0818,0.0818,11.99360935,0.0,279.68899816,0.0,0.055,5597.0,1.048,0.947,0.078,1.0077568093549494,0.0,0.0,23.319835588942205,1.0
TOI-150,1,1,5.857487,0.07037,0.07037,14.067295,0.0,797.7533,0.0,0.262,6255.0,1.526,1.351,0.28,0.767711333404804,0.0,0.0,56.70978677848158,1.0
TOI-1518,1,1,1.90261131,0.03712,0.03712,21.05046575,0.0,581.62598481,0.0,0.01,7299.0,1.942,1.88,-0.1,0.2793500740653056,0.0,0.0,27.63007677442956,1.0
TOI-157,1,1,2.0845435,0.03138,0.03138,14.414774,0.0,375.0394,0.0,0.0,5404.0,1.167,0.948,0.24,0.3190109623612586,0.0,0.0,26.01770933071861,1.0
TOI-1601,1,1,5.33175,0.069,0.069,14.19902343,0.0,387.0,0.0,0.0,5982.0,2.195,1.5055,0.343,0.7268697776199375,0.0,0.0,27.255395549410682,1.0
TOI-163,1,1,4.231306,0.058,0.058,16.690201,0.0,387.7526,0.0,0.0,6495.0,1.648,1.4352,0.22,0.6264744338177096,0.0,0.0,23.232350527114683,1.0
TOI-1634,2,2,51.99467275,0.01545,0.01545,1.773,0.0,7.57,0.0,0.0,3472.0,0.45,0.451,0.19,1.7159588491386955,0.0,0.0,4.269599548787366,1.0
TOI-1648,1,1,7.331602,0.0694,0.0694,2.54,0.0,7.4,0.0,0.178,4850.0,0.81,0.83,0.2,0.8651988810180407,0.0,0.0,2.9133858267716537,1.0
TOI-1669,1,2,251.34002675,0.0376,1.27,8.19819885,8.34640722875913,102.0,125.86500705120545,0.0,5497.0,1.0561,0.9867,0.274,2.4002616569666215,1.2324,1.622849724115547,12.441757252570177,2.0
TOI-1670,1,2,25.86719,0.103,0.249,6.561631975,6.366268991857382,120.77479466,112.36931092170897,0.33999999999999997,6170.0,1.316,1.21,0.09,1.4127492530776906,0.14600000000000002,13.6986301369863,18.40621283244097,2.0
TOI-1685,1,1,0.66913923,0.01164,0.01164,1.421,0.0,3.07,0.0,0.0,3470.0,0.462,0.466,0.01,-0.17448350774859855,0.0,0.0,2.1604503870513723,1.0
TOI-169,1,1,2.2554477,0.03524,0.03524,12.172974,0.0,251.40353,0.0,0.0,5880.0,1.288,1.147,0.24,0.35323276099934825,0.0,0.0,20.65259730284481,1.0
TOI-1691,1,1,16.736888935,0.129365,0.129365,3.66,0.0,14.6,0.0,0.0,5759.0,1.0,1.03,0.052,1.2236747341872298,0.0,0.0,3.9890710382513657,1.0
TOI-1694,1,2,198.4350535,0.045,0.1,9.5711133,5.980548924879202,164.15,187.87827176126567,0.0,5058.0,0.8036,0.853,0.131,2.2976183926010476,0.05500000000000001,36.36363636363636,17.15056491913015,2.0
TOI-1695,1,1,3.1342791,0.033548,0.033548,1.9,0.0,6.36,0.0,0.097,3690.0,0.515,0.513,0.0,0.49613766673146703,0.0,0.0,3.3473684210526318,1.0
TOI-1696,1,1,2.500311,0.0229,0.0229,3.09,0.0,48.8,0.0,0.0,3185.0,0.2775,0.255,0.336,0.3979940315454333,0.0,0.0,15.792880258899677,1.0
TOI-1710,2,1,24.283377,0.166,0.166,5.20315158,0.0,22.4,0.0,0.0,5684.0,0.9574,1.0258,0.147,1.3853090823407181,0.0,0.0,4.30508311272377,0.5
TOI-172,1,1,9.47725,0.0914,0.0914,10.816685,0.0,1722.6386,0.0,0.3806,5645.0,1.777,1.128,0.148,0.9766823370127437,0.0,0.0,159.2575359271348,1.0
TOI-1723,1,1,13.727012643,0.113496,0.113496,3.435,0.0,10.4,0.0,0.0,5777.0,1.09,1.04,0.159,1.1375760336807736,0.0,0.0,3.027656477438137,1.0
TOI-1728,1,1,3.49151,0.0391,0.0391,5.05,0.0,26.78,0.0,0.057,3980.0,0.6243,0.646,0.25,0.543013290237439,0.0,0.0,5.302970297029703,1.0
TOI-1736,1,2,289.161538,0.073,1.37,7.840877675,6.588993980770267,1406.15,1971.2015739137385,0.18425,5636.0,1.4286,1.0373,0.148,2.461140526017997,1.2970000000000002,1.5420200462606013,179.3357910025041,2.0
TOI-1742,1,1,21.269084,0.154,0.154,2.36507598,0.0,9.7,0.0,0.3,5815.0,1.131,1.0861,0.193,1.3277487864560122,0.0,0.0,4.101348152036959,1.0
TOI-1749,1,3,5.3103299999999996,0.0291,0.0707,2.01,0.5729746940310717,28.666666666666668,24.54248017893329,0.07366666666666667,3985.0,0.55,0.58,-0.26,0.7251215102953775,0.0416,72.11538461538461,14.2620232172471,3.0
TOI-1751,1,1,37.46852,0.215,0.215,2.9507845,0.0,19.5,0.0,0.327,5970.0,1.3137,0.9382,-0.373,1.5736665388763593,0.0,0.0,6.608412101934248,1.0
TOI-1753,1,1,5.3846104,0.059,0.059,2.47852533,0.0,16.6,0.0,0.0,5621.0,0.9715,0.9483,0.026,0.7311542856746278,0.0,0.0,6.697530906412,1.0
TOI-1758,1,1,20.705074685,0.141409,0.141409,3.62,0.0,6.9,0.0,0.0,5169.0,0.81,0.88,-0.02,1.3160768013790818,0.0,0.0,1.9060773480662985,1.0
TOI-1759,1,1,18.85019,0.1177,0.1177,3.14,0.0,10.8,0.0,0.0,4065.0,0.597,0.606,0.05,1.2753157320238118,0.0,0.0,3.4394904458598727,1.0
TOI-1775,1,1,10.2405549,0.08,0.08,8.04728896,0.0,96.0,0.0,0.0,5284.0,0.8288,0.9218,0.162,1.0103234901826523,0.0,0.0,11.929483392131107,1.0
TOI-1776,1,1,2.799868,0.0378,0.0378,1.21612741,0.0,1.4,0.0,0.0,5785.0,0.9356,0.9196,-0.193,0.4471375569768871,0.0,0.0,1.1511951695916467,1.0
TOI-178,1,6,9.603962516666666,0.02607,0.1275,2.2176666666666667,0.639606024570334,4.051666666666667,1.6830022776772071,0.001676,4316.0,0.662,0.647,-0.23,0.9824504563790966,0.10143,59.154096421177165,1.8269953404479182,6.0
TOI-1794,1,1,8.765528,0.082,0.082,3.29701268,0.0,8.7,0.0,0.0,5631.0,1.3162,0.9698,0.035,0.9427780813630742,0.0,0.0,2.6387523629420797,1.0
TOI-1798,1,2,4.2296670765,0.010789,0.074984,1.956,0.6957930726875627,6.05,0.636396103067893,0.0,5165.0,0.78,0.87,0.073,0.6263061847440444,0.064195,31.15507438274009,3.093047034764826,2.0
TOI-1799,1,1,7.094570865,0.072502,0.072502,1.642,0.0,4.0,0.0,0.0,5690.0,0.957,1.01,-0.064,0.8509261310691851,0.0,0.0,2.43605359317905,1.0
TOI-1801,2,1,10.64387,0.075,0.075,2.079,0.0,5.738,0.0,0.0,3863.0,0.547,0.556,-0.19,1.0270995616114609,0.0,0.0,2.7599807599807598,0.5
TOI-1803,1,2,9.589533,0.06,0.097,3.64,0.9192388155425116,9.16,1.6404877323527904,0.0,4687.0,0.715,0.756,0.014,0.981797458008889,0.037000000000000005,54.05405405405405,2.5164835164835164,2.0
TOI-1807,1,1,0.54937097,0.0122,0.0122,1.49681583,0.0,2.44,0.0,0.0,4914.0,0.746,0.8048,0.044,-0.26013429340819433,0.0,0.0,1.6301270678036588,1.0
TOI-181,1,1,4.532,0.0539,0.0539,6.9559,0.0,46.1687,0.0,0.1543,4994.0,0.745,0.822,0.272,0.6562899011913597,0.0,0.0,6.637343837605487,1.0
TOI-1811,1,1,3.7130765,0.04389,0.04389,11.14172682,0.0,308.9292116,0.0,0.052,4766.0,0.769,0.817,0.306,0.5697338970272937,0.0,0.0,27.727229054427664,1.0
TOI-1820,1,1,4.860674,0.061,0.061,12.778238,0.0,731.0053361,0.0,0.043,5734.0,1.51,1.04,0.14,0.686696494403322,0.0,0.0,57.207052811193535,1.0
TOI-1823,1,1,38.8,0.212,0.212,7.5406241,0.0,67.4,0.0,0.0,4927.0,0.8049,0.8414,0.243,1.5888317255942073,0.0,0.0,8.938252206471876,1.0
TOI-1824,1,1,22.808533,0.151,0.151,2.7438269,0.0,16.0,0.0,0.0,5165.0,0.8123,0.8801,0.124,1.3580973532076726,0.0,0.0,5.8312716447236514,1.0
TOI-1836,1,2,11.07677305,0.03089,0.1597,5.301544005,3.8207358306853108,23.228618625,21.536518995682513,0.0,6380.0,1.577,1.307,-0.101,1.0444132576218925,0.12881,15.526744817948916,4.381481810410814,2.0
TOI-1842,1,1,9.5739181,0.1,0.1,12.3485023,0.0,89.4,0.0,0.276,6039.0,2.032,1.4643,0.332,0.9810897079934121,0.0,0.0,7.23974436964716,1.0
TOI-1853,1,1,1.2436258,0.0213,0.0213,3.46,0.0,73.2,0.0,0.03,4985.0,0.808,0.837,0.11,0.09468972324684262,0.0,0.0,21.15606936416185,1.0
TOI-1855,1,1,1.36414864,0.02398,0.02398,18.49481816,0.0,360.09958513,0.0,0.033,5359.0,1.041,0.987,0.399,0.13486169437818007,0.0,0.0,19.47029605886106,1.0
TOI-1859,1,1,63.48347,0.337,0.337,9.75181321,0.0,68.6,0.0,0.57,6341.0,1.36,1.287,0.12,1.8026606572237238,0.0,0.0,7.034589211538025,1.0
TOI-1898,1,1,45.52234,0.269,0.269,9.39553231,0.0,129.0,0.0,0.485,6241.0,1.6131,1.2484,-0.095,1.6582245781446578,0.0,0.0,13.729929901119142,1.0
TOI-1899,1,1,29.090312,0.1525,0.1525,11.09689089,0.0,212.94503269,0.0,0.044,3926.0,0.607,0.632,0.28,1.4637483791759598,0.0,0.0,19.1896121896536,1.0
TOI-1937 A,2,1,0.94667944,0.01932,0.01932,13.97759893,0.0,638.83509807,0.0,0.0,5814.0,1.08,1.072,0.196,-0.023797054795064346,0.0,0.0,45.70420866053566,0.5
TOI-198,1,1,10.215213,0.0675,0.0675,1.36,0.0,3.17,0.0,0.15,3801.0,0.418,0.417,-0.66,1.0092474266473914,0.0,0.0,2.330882352941176,1.0
TOI-199,1,2,189.272,0.4254,0.807,10.239637185,1.6410008302464234,71.511391575,24.721248402775977,0.093,5255.0,0.82,0.936,0.22,2.27708637125427,0.38160000000000005,5.2410901467505235,6.983781776932169,2.0
TOI-1994,1,1,4.0337142,0.0613,0.0613,13.67495645,0.0,7024.0077947,0.0,0.341,7700.0,2.3,1.86,-0.01,0.6057051239808622,0.0,0.0,513.6402313515229,1.0
TOI-2000,1,2,6.1126925,0.04271,0.0878,5.42,3.846660889654819,46.35,49.992449429888914,0.0315,5611.0,1.134,1.082,0.439,0.7862325490840475,0.045090000000000005,44.35573297848747,8.551660516605166,2.0
TOI-2005,1,1,17.305904,0.16,0.16,11.99360935,0.0,2034.1018048,0.0,0.597,7130.0,2.02,1.59,0.0,1.2381942902500471,0.0,0.0,169.59880428321605,1.0
TOI-201,1,2,1426.488973,0.3026,4.28,11.47799624,0.49140866591170324,2348.75192773,3060.940029507353,0.48050000000000004,6394.0,1.339,1.316,0.24,3.154268418836585,3.9774000000000003,0.5028410519434806,204.63083264871324,2.0
TOI-2010,1,1,141.834025,0.5516,0.5516,11.81426566,0.0,408.7273314,0.0,0.212,5929.0,1.079,1.112,0.168,2.151780427583089,0.0,0.0,34.596084357899905,1.0
TOI-2015,1,2,4.4655165,0.029322,0.041232,3.1195000000000004,0.26799347006970164,9.055,0.2050609665440982,0.039615,3297.0,0.3273,0.3041,-0.31,0.6498716984153636,0.011909999999999997,167.92611251049541,2.9027087674306777,2.0
TOI-2019,1,1,15.3444,0.128,0.128,5.33275337,0.0,34.4,0.0,0.0,5626.0,1.7457,1.1832,0.409,1.1859499112244307,0.0,0.0,6.450701469436228,1.0
TOI-2025,1,1,8.8720982,0.0892,0.0892,11.89272852,0.0,1144.1822652,0.0,0.394,5977.0,1.459,1.199,0.15,0.9480263401160924,0.0,0.0,96.20855830315381,1.0
TOI-2031 A,2,1,5.71548654,0.066,0.066,14.20177855,0.0,254.2627256,0.0,0.076,6490.0,1.241,1.174,-0.24,0.7570532063224246,0.0,0.0,17.90358332266771,0.5
TOI-2076,1,4,17.379978825000002,0.03863,0.1982,2.67525,0.9995583608107467,6.475,1.2120918557051137,0.0186,5187.0,0.758,0.849,-0.09,1.2400492429877192,0.15957,25.067368552986153,2.420334548173068,4.0
TOI-2088,1,1,124.72997,0.472,0.472,3.6831179,0.0,37.0,0.0,0.0,5081.0,0.8481,0.9027,0.339,2.095970817887401,0.0,0.0,10.045836436569136,1.0
TOI-2093,1,2,33.323745,0.097,0.257,2.775,0.6717514421272203,13.2,3.6769552621700483,0.0,4426.0,0.729,0.745,-0.08,1.5227538025018614,0.16,12.5,4.756756756756757,2.0
TOI-2095,1,2,22.91858,0.101,0.137,1.29,0.05656854249492385,5.75,2.333452377915607,0.0,3759.0,0.44,0.44,-0.24,1.3601877059101541,0.036000000000000004,55.55555555555555,4.457364341085271,2.0
TOI-2096,1,2,4.75345165,0.025,0.04,1.5785,0.4744686501761733,3.2,1.5839191898578666,0.125,3300.0,0.235,0.231,-0.03,0.6770090808177727,0.015,133.33333333333334,2.0272410516312958,2.0
TOI-2107,1,1,2.4545467,0.03515,0.03515,13.57407563,0.0,263.79757781,0.0,0.033,5627.0,0.932,0.961,0.07,0.38997129936494346,0.0,0.0,19.433925742021227,1.0
TOI-2120,1,1,5.7998164,0.0377,0.0377,2.122,0.0,6.8,0.0,0.32,3131.0,0.245,0.211,0.39,0.7634142456786374,0.0,0.0,3.2045240339302548,1.0
TOI-2128,1,1,16.34136,0.127,0.127,2.08874836,0.0,4.5,0.0,0.0,5968.0,1.1174,1.0251,-0.07,1.213288197601345,0.0,0.0,2.154400255280153,1.0
TOI-2134,1,2,52.36460025,0.078,0.371,4.9799999999999995,3.238549057834387,25.51,23.164818151671298,0.365,4580.0,0.709,0.744,0.12,1.7190377924897053,0.293,6.825938566552901,5.122489959839358,2.0
TOI-2136,1,1,7.851928,0.057,0.057,2.19,0.0,6.37,0.0,0.0,3342.0,0.34,0.34,0.03,0.8949763085863918,0.0,0.0,2.908675799086758,1.0
TOI-2141,1,3,28.058002666666667,0.0585,0.2906,3.155666666666667,0.810034772916159,13.713333333333333,7.055248637244002,0.21,5635.0,0.95,0.896,-0.14,1.4480567521620893,0.23210000000000003,12.925463162429985,4.34562163304109,3.0
TOI-2145,1,1,10.261128,0.1117,0.1117,12.24020692,0.0,1805.26535176,0.0,0.214,6206.0,2.75,1.71,0.28,1.0111951051469723,0.0,0.0,147.48650603367415,1.0
TOI-2152,3,1,3.3773512,0.05064,0.05064,14.35870428,0.0,899.45439181,0.0,0.057,6630.0,1.612,1.516,0.282,0.5285762238843056,0.0,0.0,62.64175194852609,0.3333333333333333
TOI-2154,1,1,3.8240801,0.0513,0.0513,16.28664896,0.0,292.40213444,0.0,0.117,6280.0,1.396,1.233,0.011,0.5825269805244783,0.0,0.0,17.953486635472984,1.0
TOI-2158,1,1,8.60077,0.075,0.075,10.76062147,0.0,260.61929374,0.0,0.07,5673.0,1.41,1.12,0.47,0.9345373340088496,0.0,0.0,24.21972508433567,1.0
TOI-216,1,2,25.843129,0.1293,0.2069,9.05,1.4849242404917502,98.367891965,112.59404954567373,0.0823,5026.0,0.748,0.77,0.32,1.4123450954362262,0.0776,25.77319587628866,10.869380327624308,2.0
TOI-2169 A,2,1,8.2148282,0.0896,0.0896,12.50922246,0.0,329.58805806,0.0,0.045,6270.0,1.82,1.42,0.123,0.9145984852912048,0.0,0.0,26.347605465799667,0.5
TOI-2180,1,1,260.79,0.828,0.828,11.32107051,0.0,875.61726129,0.0,0.3683,5695.0,1.636,1.111,0.253,2.4162909343448398,0.0,0.0,77.34403389825721,1.0
TOI-2193 A,2,1,2.1225735,0.03319,0.03319,19.83989584,0.0,298.75870258,0.0,0.0,5966.0,1.248,1.082,0.027,0.3268627378284723,0.0,0.0,15.058481404809632,0.5
TOI-2196,1,1,1.1947268,0.02234,0.02234,3.51,0.0,26.0,0.0,0.0,5634.0,1.043,1.032,0.14,0.07726860585547461,0.0,0.0,7.407407407407407,1.0
TOI-220,1,1,10.695264,0.08911,0.08911,3.03,0.0,13.8,0.0,0.032,5298.0,0.858,0.825,-0.217,1.0291915090878334,0.0,0.0,4.554455445544555,1.0
TOI-2202,1,2,18.29350375,0.09564,0.15544,12.175587069999999,1.7315813715509805,202.29778105500003,120.23516268976417,0.0421,5169.0,0.808,0.841,0.059,1.262296893751986,0.05979999999999999,33.44481605351171,16.615033007603472,2.0
TOI-2207,1,1,8.001968,0.0854,0.0854,11.1529358,0.0,203.41018048,0.0,0.174,6101.0,1.564,1.296,0.181,0.903196810295764,0.0,0.0,18.238263370977176,1.0
TOI-2236,1,1,3.5315902,0.05009,0.05009,14.36991326,0.0,502.16888306,0.0,0.0,6248.0,1.573,1.343,0.119,0.5479703030017414,0.0,0.0,34.94585346300135,1.0
TOI-2257,1,1,35.189346,0.145,0.145,2.194,0.0,5.45,0.0,0.496,3430.0,0.313,0.328,-0.27,1.5464111954731425,0.0,0.0,2.4840474020054697,1.0
TOI-2285,1,1,13.635109,0.1363,0.1363,1.77,0.0,19.5,0.0,0.3,3491.0,0.464,0.454,-0.05,1.1346586140715111,0.0,0.0,11.016949152542372,1.0
TOI-2295,1,2,498.266651,0.1992,2.018,14.638600815,2.6001742083632253,1030.558609695,1064.1373744321195,0.264,5730.0,1.459,1.168,0.316,2.6974618208027055,1.8187999999999998,1.0996261271167804,70.4000759853359,2.0
TOI-2322,1,2,15.766349,0.0924,0.1362,1.4340000000000002,0.6222539674441618,10.205,11.165216074935586,0.0,4664.0,0.662,0.703,-0.12,1.1977311357684501,0.04379999999999999,45.66210045662101,7.116457461645745,2.0
TOI-2328,1,1,17.10197,0.127,0.127,9.97599282,0.0,50.85254512,0.0,0.057,5525.0,0.9,0.95,0.09,1.2330461402664736,0.0,0.0,5.097492153166967,1.0
TOI-2338,1,1,22.65398,0.158,0.158,11.2089807,0.0,1900.61387386,0.0,0.676,5581.0,1.05,0.99,0.22,1.3551445127591228,0.0,0.0,169.56170455891677,1.0
TOI-2346,1,1,3.3312029,0.0473,0.0473,16.11851425,0.0,394.10722468,0.0,0.086,6480.0,1.38,1.271,-0.03,0.5226010859084469,0.0,0.0,24.450592565006417,1.0
TOI-2364,1,1,4.0197517,0.04871,0.04871,8.60849718,0.0,71.51139158,0.0,0.0,5306.0,0.886,0.954,0.344,0.6041992275495742,0.0,0.0,8.307070338146987,1.0
TOI-2368,1,1,5.1750073,0.05649,0.05649,10.83908434,0.0,206.58846455,0.0,0.061,5360.0,0.846,0.897,0.1,0.713910966756488,0.0,0.0,19.05958640690861,1.0
TOI-2373,1,1,13.33668,0.112,0.112,10.42435205,0.0,2955.8041851,0.0,0.112,5651.0,1.102,1.041,0.3,1.125047730845053,0.0,0.0,283.54800096184397,1.0
TOI-2374,1,1,4.31361,0.0471,0.0471,6.81,0.0,56.64,0.0,0.13,4802.0,0.69,0.75,0.15,0.6348408773209004,0.0,0.0,8.317180616740089,1.0
TOI-2379,1,1,5.4693827,0.05263,0.05263,11.72459381,0.0,1830.69162432,0.0,0.342,3707.0,0.622,0.645,0.501,0.7379383126017942,0.0,0.0,156.14115541969466,1.0
TOI-238,1,2,4.869375,0.0212,0.0749,1.8695,0.43911331111684626,5.035,2.3546655813512034,0.27,5059.0,0.756,0.781,-0.114,0.6874732216930404,0.0537,37.243947858473,2.693233484889008,2.0
TOI-2382,1,1,4.6612061,0.059,0.059,12.25141591,0.0,235.19302118,0.0,0.18,6033.0,1.417,1.26,0.249,0.668498306132295,0.0,0.0,19.197211400522928,1.0
TOI-2384,1,1,2.13570304,0.02793,0.02793,11.48920522,0.0,624.85064816,0.0,0.0,3943.0,0.6113,0.635,0.332,0.3295408658400629,0.0,0.0,54.38588972823657,1.0
TOI-2406,1,1,3.0766891,0.02267,0.02267,2.86,0.0,15.6,0.0,0.17,3100.0,0.204,0.166,-0.26,0.4880836129272762,0.0,0.0,5.454545454545455,1.0
TOI-2407,1,1,2.702969,0.033,0.033,4.26,0.0,16.8,0.0,0.08,3530.0,0.567,0.548,0.21,0.431841064860345,0.0,0.0,3.9436619718309864,1.0
TOI-2416,1,1,8.275479,0.0831,0.0831,9.86390302,0.0,953.485221,0.0,0.32,5808.0,1.236,1.118,0.32,0.9177931409415595,0.0,0.0,96.66409118852022,1.0
TOI-2421,1,1,4.3474032,0.0543,0.0543,10.36830715,0.0,105.83685953,0.0,0.0,5607.0,1.75,1.131,0.19,0.6382299207095111,0.0,0.0,10.207728031089434,1.0
TOI-2431,1,1,0.22419578,0.0063,0.0063,1.534,0.0,6.2,0.0,0.0,4109.0,0.651,0.661,-0.02,-0.6493725663171475,0.0,0.0,4.041720990873533,1.0
TOI-2443,1,1,15.66858,0.105,0.105,2.363,0.0,4.8,0.0,0.301,4375.0,0.631,0.642,-0.29,1.1950296393461728,0.0,0.0,2.031316123571731,1.0
TOI-2447,1,1,69.33684,0.347,0.347,9.60609646,0.0,124.90656395,0.0,0.17,5730.0,1.006,1.034,0.18,1.8409640449662537,0.0,0.0,13.002842983111165,1.0
TOI-2449,1,1,106.14468,0.45,0.45,11.24,0.0,222.0,0.0,0.098,6021.0,1.065,1.079,-0.03,2.0258982320908743,0.0,0.0,19.750889679715304,1.0
TOI-2458,1,2,10.144795,0.0482,0.129,3.005,0.24748737341529187,11.765,2.1849599538664317,0.1885,6005.0,1.31,1.05,-0.1,1.0062432754927437,0.08080000000000001,24.75247524752475,3.91514143094842,2.0
TOI-2485,1,1,11.23479,0.1093,0.1093,12.1393261,0.0,766.60211768,0.0,0.0341,6016.4,1.72,1.163,0.097,1.0505649590254136,0.0,0.0,63.15030269102006,1.0
TOI-2497,1,1,10.655669,0.1166,0.1166,11.14172682,0.0,1531.93292174,0.0,0.195,7360.0,2.36,1.859,0.094,1.0275807214258708,0.0,0.0,137.4951070412261,1.0
TOI-2498,1,1,3.738252,0.0491,0.0491,6.06,0.0,34.62,0.0,0.089,5905.0,1.26,1.12,0.167,0.5726685743356282,0.0,0.0,5.712871287128713,1.0
TOI-251,1,1,4.93777,0.05741,0.05741,2.74,0.0,317.83,0.0,0.0,5875.0,0.881,1.036,-0.106,0.6935308567467492,0.0,0.0,115.99635036496349,1.0
TOI-2524,1,1,7.18585,0.073,0.073,11.2089807,0.0,203.41018048,0.0,0.0,5831.0,1.119,1.007,0.06,0.8564781473450847,0.0,0.0,18.14707205981718,1.0
TOI-2525,1,2,36.26875,0.1511,0.249,9.404334805,1.0303730135035805,117.75542479500001,128.7752303155714,0.1635,5096.0,0.785,0.849,0.14,1.5595325879086055,0.09789999999999999,20.42900919305414,12.521398614221287,2.0
TOI-2529,1,1,64.5949,0.327,0.327,11.54525012,0.0,743.71847238,0.0,0.021,5802.0,1.7,1.11,0.1,1.810198230235136,0.0,0.0,64.41770118878983,1.0
TOI-2537,1,2,1007.0511,0.3715,2.78,11.976908309999999,1.0226060748372816,1356.65055528,1331.1268571778576,0.3255,4870.0,0.771,0.771,0.08,3.0030515081752354,2.4084999999999996,0.8303923603902845,113.27218345215837,2.0
TOI-2567,1,1,5.983944,0.0672,0.0672,10.92875618,0.0,63.88350981,0.0,0.0,5611.0,1.686,1.13,0.241,0.7769875205842147,0.0,0.0,5.845451097802787,1.0
TOI-257,1,1,18.38818,0.1528,0.1528,7.16253867,0.0,43.86032017,0.0,0.0,6095.0,1.867,1.407,0.175,1.2645387463630298,0.0,0.0,6.123571849420815,1.0
TOI-2570,1,1,2.9887615,0.04145,0.04145,13.64132951,0.0,260.61929374,0.0,0.0,5771.0,1.095,1.063,0.191,0.47549126018261273,0.0,0.0,19.10512414123189,1.0
TOI-2580,1,1,3.39775,0.048,0.048,17.37392009,0.0,200.23189641,0.0,0.08,6120.0,1.81,1.33,0.26,0.5311914211443575,0.0,0.0,11.52485422822041,1.0
TOI-2583 A,2,1,4.5207265,0.0571,0.0571,14.4595851,0.0,79.45710175,0.0,0.0,5936.0,1.477,1.215,0.158,0.6552082333926758,0.0,0.0,5.4951162983231105,0.5
TOI-2587 A,2,1,5.45664,0.0635,0.0635,12.07207221,0.0,69.28659273,0.0,0.0,5760.0,1.726,1.15,0.13,0.7369253022950005,0.0,0.0,5.739411720268363,0.5
TOI-2589,1,1,61.6277,0.3,0.3,12.10569916,0.0,1112.3994245,0.0,0.522,5579.0,1.07,0.93,0.12,1.7897759597808516,0.0,0.0,91.8905558280865,1.0
TOI-260,1,1,13.475853,0.0943,0.0943,1.71,0.0,4.23,0.0,0.0,4026.0,0.607,0.616,-0.47,1.1295562648768296,0.0,0.0,2.473684210526316,1.0
TOI-2641,1,1,4.880974,0.0607,0.0607,18.10250383,0.0,122.6817651,0.0,0.18,6100.0,1.336,1.16,-0.15,0.6885064942603721,0.0,0.0,6.777060579691092,1.0
TOI-269,1,1,3.6977104,0.0345,0.0345,2.77,0.0,8.8,0.0,0.425,3514.0,0.398,0.3917,-0.29,0.5679328947606962,0.0,0.0,3.176895306859206,1.0
TOI-270,1,3,6.80079,0.03197,0.0721,1.87,0.5369357503463519,3.9600000000000004,2.3691348631937355,0.009233333333333333,3506.0,0.38,0.386,-0.17,0.8325593645757364,0.04013,74.757039621231,2.1176470588235294,3.0
TOI-2714,1,1,2.499387,0.036,0.036,13.72,0.0,228.0,0.0,0.164,5665.0,1.25,1.07,0.3,0.39783350660738814,0.0,0.0,16.61807580174927,1.0
TOI-2796,1,1,4.8084983,0.0569,0.0569,17.26183028,0.0,139.84449908,0.0,0.0,5764.0,1.069,1.063,0.239,0.6820094668413598,0.0,0.0,8.10137145433688,1.0
TOI-2803 A,2,1,1.96229325,0.03185,0.03185,18.11371281,0.0,309.88269682,0.0,0.0,6280.0,1.245,1.118,-0.105,0.2927639099450922,0.0,0.0,17.10763000774329,0.5
TOI-2818,1,1,4.039709,0.0493,0.0493,15.27784069,0.0,225.65816897,0.0,0.0,5721.0,1.229,0.977,-0.02,0.6063500818813975,0.0,0.0,14.770292055584983,1.0
TOI-283,1,1,17.61745,0.123,0.123,2.34,0.0,6.54,0.0,0.0,5213.0,0.85,0.8,-0.09,1.2459430476019775,0.0,0.0,2.794871794871795,1.0
TOI-2842,1,1,3.5514058,0.0475,0.0475,12.84549188,0.0,117.59651059,0.0,0.0,5910.0,1.265,1.135,0.233,0.5504002996267532,0.0,0.0,9.154691131220424,1.0
TOI-286,1,2,21.9367752,0.0503,0.213,1.65,0.3252691193458118,4.125,0.5727564927611034,0.0,5152.0,0.78,0.832,-0.05,1.3411727847801282,0.1627,12.292562999385371,2.5,2.0
TOI-2876,1,1,6.2996431,0.0654,0.0654,9.6397234,0.0,54.03082919,0.0,0.13,5271.0,0.873,0.939,0.353,0.7993159456295841,0.0,0.0,5.605018624289572,1.0
TOI-2886,1,1,1.60200105,0.02871,0.02871,18.6405349,0.0,444.9597698,0.0,0.11,6240.0,1.241,1.229,0.284,0.20466279639806687,0.0,0.0,23.870547287781964,1.0
TOI-2969,1,1,1.8237146,0.0261,0.0261,12.32987877,0.0,368.68095212,0.0,0.0,4738.0,0.7,0.71,0.08,0.2609568749226894,0.0,0.0,29.90142555310785,1.0
TOI-2977,1,1,2.3505614,0.03386,0.03386,13.15934334,0.0,533.95172376,0.0,0.0,5691.0,1.073,0.936,0.013,0.37117160006071603,0.0,0.0,40.575863853097104,1.0
TOI-2981,1,1,3.601501,0.048,0.048,13.4,0.0,638.0,0.0,0.035,5940.0,1.08,1.03,-0.11,0.5564835396998032,0.0,0.0,47.61194029850746,1.0
TOI-2986,1,1,3.2783662,0.04489,0.04489,9.292245,0.0,96.61983573,0.0,0.14,5906.0,1.458,1.122,0.095,0.515657463498201,0.0,0.0,10.39790015545221,1.0
TOI-2989,1,1,3.122832,0.0384,0.0384,12.55405838,0.0,953.485221,0.0,0.0,4672.0,0.76,0.77,-0.04,0.49454862097836044,0.0,0.0,75.95035741740752,1.0
TOI-2992,1,1,3.007812,0.0434,0.0434,13.75341932,0.0,1058.36859531,0.0,0.089,6000.0,1.545,1.21,0.084,0.4782506876662189,0.0,0.0,76.95312494187809,1.0
TOI-3023,1,1,3.9014971,0.0505,0.0505,16.43236571,0.0,197.05361234,0.0,0.0,5760.0,1.668,1.12,0.085,0.5912312884386703,0.0,0.0,11.991798126795707,1.0
TOI-3071,1,1,1.266938,0.0249,0.0249,7.16,0.0,68.2,0.0,0.09,6177.0,1.31,1.29,0.35,0.10275536238406414,0.0,0.0,9.525139664804469,1.0
TOI-3135,1,1,3.7065585,0.04756,0.04756,13.65253849,0.0,327.36325921,0.0,0.24,5890.0,0.985,1.044,0.071,0.5689708589098581,0.0,0.0,23.978197127939396,1.0
TOI-3160 A,2,1,3.971281,0.0505,0.0505,13.7646283,0.0,378.21580433,0.0,0.18,6190.0,1.346,1.088,-0.114,0.5989306179709022,0.0,0.0,27.47737142527852,0.5
TOI-3235,1,1,2.59261842,0.02709,0.02709,11.39953337,0.0,211.35589065,0.0,0.029,3388.8,0.3697,0.3939,0.264,0.41373860227534837,0.0,0.0,18.540749326303345,1.0
TOI-3261,1,1,0.8831331,0.01714,0.01714,3.82,0.0,30.3,0.0,0.0,5068.0,0.849,0.861,0.138,-0.053973837487710404,0.0,0.0,7.9319371727748695,1.0
TOI-3288,2,1,1.4338647,0.02285,0.02285,12.24020692,0.0,536.17652261,0.0,0.021,4072.0,0.672,0.643,0.65,0.15650817307820813,0.0,0.0,43.80453092944935,0.5
TOI-329,1,1,5.70439,0.0638,0.0638,4.94057819,0.0,40.4,0.0,0.39,5614.0,1.5326,1.0678,0.205,0.7562092098763945,0.0,0.0,8.177180574081754,1.0
TOI-332,1,1,0.777038,0.0159,0.0159,3.2,0.0,57.2,0.0,0.0,5251.0,0.87,0.88,0.256,-0.10955774209127034,0.0,0.0,17.875,1.0
TOI-3321,1,1,3.6525145,0.047,0.047,15.55806521,0.0,176.07693748,0.0,0.054,5850.0,1.549,1.041,-0.103,0.5625919487014714,0.0,0.0,11.317405802286132,1.0
TOI-333,1,1,3.7852503,0.049,0.049,4.26,0.0,20.1,0.0,0.0,6241.0,1.1,1.2,0.01,0.578094602545395,0.0,0.0,4.71830985915493,1.0
TOI-3331 A,2,1,2.0180231,0.03144,0.03144,12.97999965,0.0,721.47048389,0.0,0.0,5609.0,0.952,1.016,0.148,0.3049261332314731,0.0,0.0,55.58324370910133,0.5
TOI-3362,1,1,18.09547,0.153,0.153,12.80065596,0.0,1598.3590588,0.0,0.815,6532.0,1.83,1.445,0.017,1.2575698676738756,0.0,0.0,124.86540250707588,1.0
TOI-3364,1,1,5.8768918,0.0675,0.0675,12.22899794,0.0,530.77343969,0.0,0.0,5706.0,1.419,1.186,0.387,0.7691476949520176,0.0,0.0,43.40285625152375,1.0
TOI-3464,1,1,3.6515568,0.0515,0.0515,13.7646283,0.0,397.28550875,0.0,0.25,6370.0,1.56,1.363,0.045,0.5624780604847169,0.0,0.0,28.862785110586678,1.0
TOI-3474,1,1,3.8795105,0.0502,0.0502,14.67255574,0.0,193.87532827,0.0,0.13,6020.0,1.256,1.121,0.146,0.5887769316354456,0.0,0.0,13.213466808748345,1.0
TOI-3486,1,1,2.21778105,0.03138,0.03138,10.5700688,0.0,99.16246298,0.0,0.078,4930.0,0.788,0.837,0.283,0.34591866829173973,0.0,0.0,9.38143969129132,1.0
TOI-3523 A,3,1,2.30458952,0.03559,0.03559,15.9727975,0.0,435.42491759,0.0,0.047,6450.0,1.448,1.131,-0.366,0.3625935826219262,0.0,0.0,27.26040429611657,0.3333333333333333
TOI-3540 A,2,1,3.119999,0.04289,0.04289,23.53885947,0.0,375.03752026,0.0,0.0,5810.0,1.228,1.081,0.176,0.49415445482147113,0.0,0.0,15.932697195375203,0.5
TOI-3568,1,1,4.417965,0.0485,0.0485,5.3,0.0,26.4,0.0,0.035,4969.0,0.719,0.78,-0.01,0.6452222709815283,0.0,0.0,4.981132075471698,1.0
TOI-3593,1,1,3.8212867,0.0481,0.0481,11.02963701,0.0,565.73456446,0.0,0.105,5550.0,0.918,1.015,0.384,0.5822096227595813,0.0,0.0,51.29221967568632,1.0
TOI-3629,1,1,3.936551,0.043,0.043,8.29464572,0.0,82.63538582,0.0,0.05,3870.0,0.6,0.63,0.4,0.5951158823181376,0.0,0.0,9.962497327733969,1.0
TOI-3682,1,1,3.3462406,0.048,0.048,12.80065596,0.0,69.28659273,0.0,0.22,5703.0,1.735,1.32,0.416,0.5245571642102707,0.0,0.0,5.412737671140409,1.0
TOI-3688 A,2,1,3.246075,0.0456,0.0456,13.08088048,0.0,311.47183886,0.0,0.0,5950.0,1.302,1.199,0.262,0.5113585499048322,0.0,0.0,23.811228864618446,0.5
TOI-3693,1,1,9.088516,0.0813,0.0813,12.59889431,0.0,324.18497514,0.0,0.0,5321.0,0.791,0.867,0.071,0.9584929761124349,0.0,0.0,25.731224277569165,1.0
TOI-3714,2,1,2.154849,0.027,0.027,11.32107051,0.0,222.4798849,0.0,0.03,3660.0,0.51,0.53,0.1,0.33341684258751453,0.0,0.0,19.65184164372809,0.5
TOI-375,1,3,140.95156333333333,0.099,0.984,12.590610149999998,1.5782806144184458,450.57473832000005,216.3252148734091,0.087,5259.9,2.9,1.441,0.084,2.1490698971162754,0.885,3.389830508474576,35.786568955119314,3.0
TOI-3757,1,1,3.438753,0.03845,0.03845,12.0,0.0,85.3,0.0,0.14,3913.0,0.62,0.64,0.0,0.5364009822804379,0.0,0.0,7.108333333333333,1.0
TOI-3785,1,1,4.6747373,0.043,0.043,5.14,0.0,14.95,0.0,0.11,3576.0,0.5,0.52,0.099,0.6697572104243666,0.0,0.0,2.9085603112840466,1.0
TOI-3807,1,1,2.8989727,0.0421,0.0421,18.49481816,0.0,330.54154328,0.0,0.0,5772.0,1.468,1.181,0.278,0.4622441255670769,0.0,0.0,17.872116417715564,1.0
TOI-3819,1,1,3.2443141,0.04611,0.04611,13.13692538,0.0,352.78953177,0.0,0.0,5859.0,1.538,1.242,0.273,0.5111228940265282,0.0,0.0,26.854802137119243,1.0
TOI-3837,1,1,11.88865,0.099,0.099,10.87271128,0.0,187.51876013,0.0,0.221,5905.0,1.2,0.89,-0.26,1.0751325416803037,0.0,0.0,17.24673407588176,1.0
TOI-3856,1,1,2.04360352,0.0325,0.0325,13.59649359,0.0,171.62733978,0.0,0.083,5622.0,1.055,1.096,0.454,0.3103966420603627,0.0,0.0,12.622911829725652,1.0
TOI-3862,1,1,1.55745774,0.02539,0.02539,5.53,0.0,53.7,0.0,0.0232,5300.0,0.92,0.9,0.11,0.19241627136086908,0.0,0.0,9.710669077757686,1.0
TOI-3877,1,1,4.123596,0.0529,0.0529,11.67975789,0.0,99.7981198,0.0,0.22,5731.0,1.445,1.16,0.269,0.6152761096751768,0.0,0.0,8.544536688165888,1.0
TOI-3884,1,1,4.5445828,0.0361,0.0361,6.43,0.0,32.59,0.0,0.06,3180.0,0.302,0.298,0.04,0.6574940204569402,0.0,0.0,5.068429237947123,1.0
TOI-3894,1,1,4.33454,0.05354,0.05354,15.27784069,0.0,260.61929374,0.0,0.05,6000.0,1.502,1.138,0.021,0.6369430150620986,0.0,0.0,17.05864716278829,1.0
TOI-3912,1,1,3.4936264,0.0463,0.0463,14.28024141,0.0,129.03833324,0.0,0.0,5725.0,1.392,1.088,0.187,0.5432764607231654,0.0,0.0,9.03614508572933,1.0
TOI-3919,1,1,7.433234,0.0795,0.0795,12.31866979,0.0,1233.17421916,0.0,0.259,6100.0,1.319,1.208,0.175,0.871177804713236,0.0,0.0,100.1061186136397,1.0
TOI-3976 A,2,1,6.607662,0.0743,0.0743,12.27383387,0.0,55.61997123,0.0,0.0,5975.0,1.501,1.254,0.182,0.8200478195288492,0.0,0.0,4.531589055148259,0.5
TOI-3980,1,1,3.6089254,0.0494,0.0494,14.4595851,0.0,187.51876013,0.0,0.16,5840.0,1.626,1.24,0.188,0.5573779048627212,0.0,0.0,12.96847446404254,1.0
TOI-3984 A,2,1,4.353326,0.041,0.041,7.9,0.0,44.0,0.0,0.23,3476.0,0.47,0.49,0.18,0.6388211906354226,0.0,0.0,5.5696202531645564,0.5
TOI-4010,1,4,195.86796225,0.0229,1.57,7.1075,4.370410926522433,190.365,334.61300318427556,0.0975,4960.0,0.83,0.88,0.37,2.2919634050814954,1.5471000000000001,2.5854825156744874,26.783679212099894,4.0
TOI-406,1,2,8.2415615,0.0322,0.0809,1.7000000000000002,0.5374011537017761,4.325,3.1749094475275985,0.044,3392.0,0.41,0.408,-0.02,0.9160095037585229,0.0487,41.06776180698152,2.5441176470588234,2.0
TOI-4087,1,1,3.1774835,0.04469,0.04469,13.04725353,0.0,232.01473711,0.0,0.0,6060.0,1.112,1.178,0.237,0.5020833040324796,0.0,0.0,17.782649549694156,1.0
TOI-4127,1,1,56.39879,0.3081,0.3081,12.28504285,0.0,731.0053361,0.0,0.7471,6096.0,1.293,1.23,0.14,1.7512697865727012,0.0,0.0,59.50368631396349,1.0
TOI-4137,1,1,3.8016122,0.05222,0.05222,13.57407563,0.0,457.67290608,0.0,0.0,6202.0,1.438,1.313,0.182,0.5799678126898749,0.0,0.0,33.71669044398864,1.0
TOI-4145 A,2,1,4.0664428,0.04823,0.04823,13.30506009,0.0,136.66621501,0.0,0.0,5281.0,0.859,0.905,0.168,0.6092146677417662,0.0,0.0,10.271747296558058,0.5
TOI-4153,1,1,4.6174141,0.06311,0.06311,16.11851425,0.0,365.50266805,0.0,0.039,6860.0,1.605,1.572,0.317,0.6643988247959817,0.0,0.0,22.675952782062403,1.0
TOI-4201,1,1,3.5819194,0.04,0.04,13.67495645,0.0,788.21444936,0.0,0.041,3794.0,0.63,0.61,0.52,0.5541158091710059,0.0,0.0,57.63926578062338,1.0
TOI-421,2,2,10.632558499999998,0.0554,0.117,3.865,1.7324116139070411,10.4,5.232590180780451,0.16,5291.0,0.866,0.833,-0.044,1.026637780867114,0.06160000000000001,32.467532467532465,2.690815006468305,1.0
TOI-4214,1,1,3.4913885,0.05018,0.05018,10.68215861,0.0,165.27077164,0.0,0.17,6370.0,1.434,1.382,0.294,0.5429981770922153,0.0,0.0,15.471664265056255,1.0
TOI-431,1,3,5.933492333333334,0.0113,0.098,2.02,1.104852931389513,5.266666666666667,4.014378324639237,0.0,4850.0,0.731,0.78,0.2,0.7733103855494691,0.0867,34.602076124567475,2.607260726072607,3.0
TOI-4336 A,3,2,11.9618085,0.05092,0.0849,1.694,0.6264966081312812,2.44,1.2586500705120545,0.0,3307.0,0.326,0.306,0.14,1.0777968453876576,0.03398,58.858151854031775,1.4403778040141677,0.6666666666666666
TOI-4342,1,2,8.1134606,0.0519,0.0804,2.3390000000000004,0.014142135623730807,6.05,1.7677669529663689,0.0,3866.0,0.598,0.587,0.26,0.9092061315134436,0.028499999999999998,70.17543859649123,2.5865754595981185,2.0
TOI-4364,1,1,5.424019,0.04753,0.04753,2.01,0.0,4.7,0.0,0.29,3528.0,0.4684,0.487,0.148,0.7343212021681338,0.0,0.0,2.338308457711443,1.0
TOI-4377,1,1,4.378081,0.0579,0.0579,15.10970598,0.0,304.1617855,0.0,0.045,4974.0,3.52,1.36,0.205,0.6412837922998925,0.0,0.0,20.130225293768426,1.0
TOI-4406,1,1,30.08364,0.201,0.201,11.2089807,0.0,95.3485221,0.0,0.15,6219.0,1.29,1.19,0.1,1.4783303829925136,0.0,0.0,8.506440028039302,1.0
TOI-4438,1,1,7.44628,0.0534,0.0534,2.52,0.0,5.4,0.0,0.14,3422.0,0.372,0.368,-0.19,0.8719393628209466,0.0,0.0,2.142857142857143,1.0
TOI-4463 A,2,1,2.8807198,0.04036,0.04036,13.26022417,0.0,252.35575516,0.0,0.0,5640.0,1.062,1.056,0.25,0.4595010176584635,0.0,0.0,19.031032350941015,0.5
TOI-4465,1,1,101.94054,0.416,0.416,14.01122587,0.0,1872.00931723,0.0,0.24,5545.0,1.014,0.93,-0.06,2.008346929805947,0.0,0.0,133.60781808808284,1.0
TOI-4487 A,2,1,3.9540709,0.05448,0.05448,14.60530185,0.0,397.28550875,0.0,0.083,6206.0,1.634,1.378,0.216,0.5970444523329155,0.0,0.0,27.20145826701966,0.5
TOI-4495,1,2,3.8762600000000003,0.03957,0.06323,3.2565,1.0938941904955892,15.45,10.960155108391486,0.0505,6210.0,1.309,1.247,0.18,0.588412899642472,0.023659999999999994,84.53085376162302,4.744357438968217,2.0
TOI-4504,1,3,41.98722333333334,0.03392,0.3569,9.129296963333333,5.714467573203269,551.7562987366667,601.2692385008093,0.0255,5315.0,0.92,0.89,0.16,1.623117155159872,0.32298,9.288500835965076,60.437983445245145,3.0
TOI-4507,1,1,104.61611,0.456,0.456,8.2,0.0,20.0,0.0,0.09,6260.0,1.04,1.11,-0.06,2.019598567374238,0.0,0.0,2.439024390243903,1.0
TOI-451,2,3,9.138709433333332,0.0274,0.1168,2.9,1.0453229166147655,6.2,3.4999999999999996,0.0,5490.0,0.85,0.93,0.02,0.9608848690865823,0.08940000000000001,33.55704697986577,2.137931034482759,1.5
TOI-4515,1,1,15.266446,0.118,0.118,12.17,0.0,637.0,0.0,0.461,5433.0,0.86,0.949,0.05,1.1837379458819175,0.0,0.0,52.341824157765,1.0
TOI-4551,1,1,9.95581,0.0994,0.0994,11.85910158,0.0,473.56432643,0.0,0.101,4896.0,3.55,1.31,0.23,0.9980765997948383,0.0,0.0,39.93256346067996,1.0
TOI-4552,1,1,0.30110032,0.0056255,0.0056255,1.11,0.0,1.83,0.0,0.0,3258.0,0.2869,0.2619,-0.07,-0.5212887829324072,0.0,0.0,1.6486486486486485,1.0
TOI-4562,1,2,2107.5532,0.768,5.219,12.665,0.19091883092036943,1282.934954195,779.139684207969,0.441,6096.0,1.152,1.192,0.08,3.3237785461318103,4.4510000000000005,0.4493372275893057,101.29766712949073,2.0
TOI-4600,1,2,282.753,0.349,1.152,8.11,1.852619766708755,1953.055561015,1404.6163865213623,0.22999999999999998,5170.0,0.81,0.89,0.16,2.4514072214720604,0.8029999999999999,2.4906600249066004,240.8206610376079,2.0
TOI-4603,1,1,7.24599,0.0888,0.0888,11.67975789,0.0,4096.80816623,0.0,0.325,6264.0,2.738,1.765,0.342,0.8600977303405528,0.0,0.0,350.76139461226455,1.0
TOI-4633,2,1,271.9445,0.847,0.847,3.2,0.0,123.0,0.0,0.117,5800.0,1.05,1.1,0.2379,2.434480279757901,0.0,0.0,38.4375,0.5
TOI-4641,1,1,22.09341,0.173,0.173,8.18255591,0.0,1229.99593509,0.0,0.074,6560.0,1.72,1.41,-0.09,1.3442627520819144,0.0,0.0,150.31928270564057,1.0
TOI-4666,1,1,2.9089165,0.034,0.034,12.53164042,0.0,155.41809102,0.0,0.023,3793.0,0.585,0.576,0.79,0.4637312550697803,0.0,0.0,12.402054783822148,1.0
TOI-469,1,3,7.866117133333333,0.04518,0.111,2.1663333333333337,1.0770665408104243,6.246666666666666,2.4916928649681784,0.0,5289.0,0.98,0.901,0.24,0.8957604091448644,0.06582,45.57885141294439,2.8835205416217873,3.0
TOI-4734,1,1,6.235633,0.074,0.074,10.9175472,0.0,61.65871096,0.0,0.12,6070.0,1.857,1.391,0.288,0.7948805467404854,0.0,0.0,5.647670656280744,1.0
TOI-4773,1,1,1.7452851,0.03216,0.03216,15.22179579,0.0,1687.66884117,0.0,0.024,6740.0,1.55,1.452,0.11,0.24186638100476027,0.0,0.0,110.87186193095026,1.0
TOI-4791,1,1,4.28088,0.0555,0.0555,12.44196858,0.0,734.18362017,0.0,0.0,6058.0,1.409,1.242,0.207,0.6315330540271942,0.0,0.0,59.00863801811659,1.0
TOI-4794,1,1,3.5658116,0.0492,0.0492,14.35870428,0.0,308.29355479,0.0,0.1,6390.0,1.451,1.25,-0.102,0.5521583934546289,0.0,0.0,21.470847841014244,1.0
TOI-480,1,1,6.866196,0.077,0.077,2.85372018,0.0,20.8,0.0,0.0,6174.0,1.4877,1.2793,0.164,0.836716196483194,0.0,0.0,7.2887314410763295,1.0
TOI-481,1,1,10.33111,0.097,0.097,11.09691,0.0,486.2799,0.0,0.153,5735.0,1.66,1.14,0.26,1.0141469856993648,0.0,0.0,43.82119887428122,1.0
TOI-4860,1,1,1.5227591,0.01808,0.01808,8.7,0.0,86.7,0.0,0.008,3260.0,0.358,0.34,0.27,0.1826312035226472,0.0,0.0,9.965517241379311,1.0
TOI-4914,1,1,10.60057,0.098,0.098,12.87,0.0,227.0,0.0,0.408,5805.0,1.0,1.03,-0.13,1.0253292182080869,0.0,0.0,17.63791763791764,1.0
TOI-4961,1,1,7.479182,0.0726,0.0726,12.34108775,0.0,572.0911326,0.0,0.182,5380.0,0.912,0.912,0.206,0.8738541015659939,0.0,0.0,46.35662140883814,1.0
TOI-4994,1,1,21.491984,0.1515,0.1515,8.54124329,0.0,88.99195396,0.0,0.319,5640.0,1.055,1.005,0.165,1.3322765085803387,0.0,0.0,10.41908665266459,1.0
TOI-500,1,4,23.679194250000002,0.01189,0.01189,3.399,2.2918298366152756,13.655000000000001,14.199977699513004,0.055999999999999994,4440.0,0.678,0.74,0.12,1.3743669202327893,0.0,0.0,4.017358046484261,4.0
TOI-5007,1,1,2.543371,0.0307,0.0307,11.07447293,0.0,211.03806225,0.0,0.074,3793.0,0.656,0.632,0.43,0.40540971507179174,0.0,0.0,19.056262413926003,1.0
TOI-5027,1,1,10.24368,0.093,0.093,10.76062147,0.0,642.01338214,0.0,0.385,5909.0,0.92,1.02,-0.15,1.0104560031813121,0.0,0.0,59.663225207753726,1.0
TOI-5076,2,1,23.443162,0.1481,0.1481,3.48935569,0.0,16.14568308,0.0,0.0,4780.0,0.844,0.789,0.082,1.3700161886829458,0.0,0.0,4.627124464918049,0.5
TOI-5110,1,1,30.158577,0.2157,0.2157,11.98240037,0.0,921.7023803,0.0,0.745,6160.0,2.333,1.469,0.065,1.479410845963407,0.0,0.0,76.9213472959592,1.0
TOI-5126,1,2,11.679369249999999,0.06519,0.1439,4.3,0.622253967444162,17.2,4.242640687119285,0.0,6150.0,1.241,1.24,0.18,1.067419389125591,0.07871,25.409731927328167,4.0,2.0
TOI-5153,1,1,20.33003,0.158,0.158,11.88151954,0.0,1036.12060682,0.0,0.091,6300.0,1.4,1.24,0.12,1.3081380195049763,0.0,0.0,87.2043852077863,1.0
TOI-5181 A,2,1,3.8922295,0.0522,0.0522,13.34989601,0.0,330.54154328,0.0,0.15,6060.0,1.53,1.25,0.208,0.590198439932663,0.0,0.0,24.759859030542366,0.5
TOI-519,1,1,1.2652328,0.0159,0.0159,11.54525012,0.0,147.15455244,0.0,0.33,3322.0,0.35,0.335,0.27,0.10217044207577688,0.0,0.0,12.745895577011543,1.0
TOI-5205,1,1,1.630757,0.0199,0.0199,11.6,0.0,343.0,0.0,0.02,3430.0,0.394,0.392,0.0,0.2123892514010858,0.0,0.0,29.56896551724138,1.0
TOI-521,1,1,1.54285047,0.0195,0.0195,1.98,0.0,5.3,0.0,0.0,3544.0,0.421,0.42,-0.12,0.1883238371449968,0.0,0.0,2.676767676767677,1.0
TOI-5210,1,1,4.5661061,0.0557,0.0557,10.72699453,0.0,81.99972901,0.0,0.066,5723.0,1.209,1.105,0.324,0.6595459987243378,0.0,0.0,7.644240777850009,1.0
TOI-5218,1,1,4.291452,0.0469,0.0469,9.86,0.0,657.0,0.0,0.0,4230.0,0.708,0.739,0.41,0.6326042592932605,0.0,0.0,66.63286004056795,1.0
TOI-5232,1,1,4.0966692,0.05593,0.05593,12.778238,0.0,743.71847238,0.0,0.035,6500.0,1.785,1.389,-0.104,0.6124308967296104,0.0,0.0,58.201958077475155,1.0
TOI-5261,1,1,4.1509768,0.05134,0.05134,11.60129502,0.0,3651.84839643,0.0,0.1585,5790.0,1.021,1.037,0.254,0.6181503060934949,0.0,0.0,314.77937507273214,1.0
TOI-5292 A,1,1,2.02191,0.0279,0.0279,12.64373023,0.0,412.85910069,0.0,0.034,3919.0,0.611,0.596,0.33,0.30576182020984144,0.0,0.0,32.65326712763944,1.0
TOI-5293 A,2,1,2.930289,0.034,0.034,11.9,0.0,170.4,0.0,0.38,3586.0,0.52,0.54,-0.03,0.4669104547963603,0.0,0.0,14.319327731092438,0.5
TOI-530,1,1,6.387597,0.052,0.052,9.30345398,0.0,127.1313628,0.0,0.0,3659.0,0.54,0.53,0.376,0.8053375082496002,0.0,0.0,13.664963901933548,1.0
TOI-5300,1,1,2.262196,0.0295,0.0295,9.86390302,0.0,190.6970442,0.0,0.0,4610.0,0.65,0.67,-0.17,0.3545302301344457,0.0,0.0,19.332818237704043,1.0
TOI-5301,1,1,5.858858,0.073,0.073,13.09208946,0.0,1182.32167404,0.0,0.33,6240.0,2.19,1.483,0.03,0.7678129722243177,0.0,0.0,90.30809617153349,1.0
TOI-532,1,1,2.3266508,0.0296,0.0296,5.82,0.0,61.5,0.0,0.0,3927.0,0.612,0.639,0.338,0.36673120622902494,0.0,0.0,10.56701030927835,1.0
TOI-5322,1,1,5.4233207,0.0604,0.0604,16.6117094,0.0,184.02264765,0.0,0.055,5692.0,1.462,0.998,-0.048,0.7342652865527811,0.0,0.0,11.077887483993672,1.0
TOI-5340,1,1,4.9394392,0.0628,0.0628,15.07607904,0.0,270.15414595,0.0,0.13,5990.0,1.842,1.35,0.208,0.6936776440307715,0.0,0.0,17.91939039542207,1.0
TOI-5344,1,1,3.792622,0.04041,0.04041,10.60369574,0.0,130.94530368,0.0,0.054,3747.0,0.588,0.612,0.425,0.5789395599464667,0.0,0.0,12.349024990036163,1.0
TOI-5349,1,1,3.317921,0.0369,0.0369,10.2,0.0,127.4,0.0,0.03,3751.0,0.58,0.61,0.5,0.5208660412204333,0.0,0.0,12.490196078431374,1.0
TOI-5350,1,1,7.581367,0.0796,0.0796,12.41955062,0.0,2094.48920213,0.0,0.0165,6220.0,1.263,1.167,0.044,0.87974752054368,0.0,0.0,168.6445239618501,1.0
TOI-5386 A,2,1,3.62156552,0.04856,0.04856,14.70618268,0.0,155.10026262,0.0,0.072,6094.0,1.245,1.165,0.182,0.5588963467000797,0.0,0.0,10.546602472913113,0.5
TOI-5398,1,2,7.6816285,0.057,0.098,6.91,4.794183976444793,35.25,33.16330803764908,0.135,6000.0,1.051,1.146,0.09,0.885453299926092,0.041,48.78048780487805,5.1013024602026045,2.0
TOI-5422,1,1,5.377219,0.0619,0.0619,9.10169233,0.0,8899.195396,0.0,0.094,5820.0,1.474,1.066,-0.012,0.7305577245103553,0.0,0.0,977.7517271889587,1.0
TOI-544,1,2,25.818676,0.0225,0.0225,3.469,2.052023879003361,12.195,13.159257197881649,0.16,4169.0,0.623,0.631,-0.17,1.41193396757265,0.0,0.0,3.5154223119054486,2.0
TOI-5542,1,1,75.12375,0.332,0.332,11.30986153,0.0,419.53349724,0.0,0.018,5700.0,1.058,0.89,-0.21,1.8757772587529749,0.0,0.0,37.094485739473065,1.0
TOI-5573,1,1,8.79758977,0.0712,0.0712,9.75,0.0,112.0,0.0,0.072,3790.0,0.594,0.619,0.42,0.9443637070408163,0.0,0.0,11.487179487179487,1.0
TOI-558,1,1,14.574071,0.1291,0.1291,12.17295304,0.0,1147.36054927,0.0,0.298,6466.0,1.496,1.349,-0.004,1.1635808809314054,0.0,0.0,94.25490638958385,1.0
TOI-559,1,1,6.9839095,0.0723,0.0723,12.22899794,0.0,1910.14872607,0.0,0.151,5925.0,1.233,1.026,-0.069,0.8440986029905737,0.0,0.0,156.1983030369208,1.0
TOI-5592,1,1,2.6085846,0.03935,0.03935,17.14974047,0.0,285.72773789,0.0,0.062,6237.0,1.393,1.194,-0.013,0.41640492605642965,0.0,0.0,16.660761624341944,1.0
TOI-561,1,4,28.520521925,0.01064,0.33,2.3485,0.6510348172973035,8.42,5.388524844519138,0.052,5342.0,0.843,0.806,-0.41,1.455157468833174,0.31936000000000003,12.5250501002004,3.5852671918245687,4.0
TOI-5616,1,1,2.002849,0.0272,0.0272,10.78,0.0,624.0,0.0,0.0,3996.0,0.646,0.666,0.14,0.30164820793622676,0.0,0.0,57.88497217068646,1.0
TOI-5634 A,2,1,2.2035373,0.0272,0.0272,10.42,0.0,588.0,0.0,0.0,3896.0,0.54,0.556,-0.27,0.3431204063535709,0.0,0.0,56.4299424184261,0.5
TOI-564,1,1,1.651144,0.02734,0.02734,11.43318,0.0,464.98529,0.0,0.072,5640.0,1.088,0.998,0.143,0.21778495071782508,0.0,0.0,40.669812772999286,1.0
TOI-5678,1,1,47.73022,0.249,0.249,4.91,0.0,20.0,0.0,0.14,5485.0,0.938,0.905,0.0,1.6787934361379981,0.0,0.0,4.0733197556008145,1.0
TOI-5688 A,2,1,2.94815527,0.03379,0.03379,10.3,0.0,124.0,0.0,0.128,3713.0,0.57,0.6,0.47,0.46955035270412215,0.0,0.0,12.03883495145631,0.5
TOI-5713,1,1,10.441989,0.06008,0.06008,1.77,0.0,3.78,0.0,0.24,3225.0,0.2992,0.2653,-0.03,1.0187832313721286,0.0,0.0,2.135593220338983,1.0
TOI-5788,1,2,11.27706,0.064,0.1197,1.9,0.5260874452027912,5.0600000000000005,1.8950461735799473,0.0535,5615.0,0.87,0.87,-0.32,1.0521958911189049,0.0557,35.90664272890485,2.6631578947368424,2.0
TOI-5789,1,4,27.0803595,0.03608,0.2901,2.365,0.9673503329542338,5.755,4.091067505350325,0.058499999999999996,5185.0,0.833,0.821,-0.12,1.4326544254425717,0.25402,15.746791591213288,2.4334038054968286,4.0
TOI-5795,1,1,6.1406325,0.064,0.064,5.62,0.0,23.66,0.0,0.25,5715.0,1.082,0.901,-0.27,0.788213106827224,0.0,0.0,4.209964412811388,1.0
TOI-5800,1,1,2.6278838,0.0344,0.0344,2.46,0.0,9.5,0.0,0.3,4850.0,0.773,0.778,-0.04,0.4196061576402112,0.0,0.0,3.861788617886179,1.0
TOI-5817,2,1,15.61031,0.1223,0.1223,3.08,0.0,10.3,0.0,0.2,5770.0,1.427,0.97,-0.24,1.1934115276589954,0.0,0.0,3.344155844155844,0.5
TOI-5882,1,1,7.148972,0.0804,0.0804,11.46678726,0.0,6995.40323807,0.0,0.0339,5920.0,2.26,1.334,0.18,0.8542435960912539,0.0,0.0,610.0578199852292,1.0
TOI-5916,1,1,2.367128,0.0262,0.0262,11.35469745,0.0,226.61165419,0.0,0.09,3613.0,0.48,0.477,0.09,0.37422174258927665,0.0,0.0,19.95752464456902,1.0
TOI-6002,1,1,10.904821,0.05722,0.05722,1.65,0.0,3.36,0.0,0.15,3229.0,0.2432,0.2101,-0.18,1.0376185411343166,0.0,0.0,2.0363636363636366,1.0
TOI-6016,1,1,4.023687,0.055,0.055,13.67495645,0.0,371.85923619,0.0,0.0,6110.0,1.51,1.31,0.28,0.6046241898759489,0.0,0.0,27.19271813037474,1.0
TOI-6034,2,1,2.576184,0.02949,0.02949,11.92,0.0,254.0,0.0,0.04,3635.0,0.489,0.514,-0.09,0.41097687861435483,0.0,0.0,21.308724832214764,0.5
TOI-6054,1,2,10.032532,0.0763,0.1079,2.73,0.12727922061357835,10.9,2.2627416997969516,0.248,6047.0,1.662,1.107,-0.07,1.0014105536439781,0.03159999999999999,63.291139240506354,3.9926739926739927,2.0
TOI-6130,1,1,2.392679,0.036,0.036,14.3474953,0.0,333.71982735,0.0,0.036,6110.0,1.51,1.31,0.28,0.3788844379031389,0.0,0.0,23.25979694518527,1.0
TOI-615,1,1,4.6615983,0.0678,0.0678,18.97680433,0.0,138.25535705,0.0,0.39,6850.0,1.732,1.449,-0.1,0.6685348467028346,0.0,0.0,7.28549204838642,1.0
TOI-620,1,1,5.0988179,0.04825,0.04825,3.76,0.0,13.6,0.0,0.22,3708.0,0.55,0.577,0.35,0.7074695017816792,0.0,0.0,3.617021276595745,1.0
TOI-622,1,1,6.402513,0.0708,0.0708,9.2362001,0.0,96.30200732,0.0,0.42,6400.0,1.415,1.313,0.09,0.806350468955779,0.0,0.0,10.426583040356608,1.0
TOI-628,1,1,3.4095675,0.0486,0.0486,11.88154,0.0,2011.8639,0.0,0.072,6250.0,1.345,1.311,0.258,0.532699292694525,0.0,0.0,169.32686335273038,1.0
TOI-6303,1,1,9.485236,0.0761,0.0761,11.59,0.0,2493.0,0.0,0.02,3977.0,0.609,0.644,0.44,0.9770481409413562,0.0,0.0,215.09922346850735,1.0
TOI-6330,1,1,6.8500246,0.05763,0.05763,10.89,0.0,3179.0,0.0,0.34,3539.0,0.49,0.531,0.08,0.8356921311457206,0.0,0.0,291.9191919191919,1.0
TOI-640,1,1,5.003777,0.06608,0.06608,19.2794468,0.0,181.16219199,0.0,0.013,6460.0,2.082,1.536,0.072,0.6992979465394669,0.0,0.0,9.39664887013252,1.0
TOI-6420,1,1,6.961508,0.0753,0.0753,11.93756445,0.0,2606.1929374,0.0,0.078,6020.0,1.312,1.165,0.24,0.8427033265559234,0.0,0.0,218.31864852465782,1.0
TOI-654,1,1,1.527561,0.01944,0.01944,2.378,0.0,8.71,0.0,0.0,3521.0,0.43,0.419,0.12,0.18399856191586061,0.0,0.0,3.6627417998317915,1.0
TOI-6628,1,1,18.18424,0.134,0.134,10.98480109,0.0,235.19302118,0.0,0.67,5463.0,1.01,0.97,0.36,1.2596951546784092,0.0,0.0,21.410767409717383,1.0
TOI-6651,1,1,5.056973,0.0633,0.0633,5.09,0.0,61.0,0.0,0.091,5940.0,1.721,1.323,0.225,0.7038906348699748,0.0,0.0,11.984282907662083,1.0
TOI-669,1,1,3.945152,0.048,0.048,2.58606487,0.0,10.0,0.0,0.0,5597.0,0.9882,0.9245,0.001,0.5960637404958963,0.0,0.0,3.866879023804225,1.0
TOI-6692,1,1,131.125,0.512,0.512,11.67975789,0.0,197.05361234,0.0,0.537,5890.0,1.385,1.047,-0.008,2.1176855012016143,0.0,0.0,16.871378173747402,1.0
TOI-6695,1,2,161.3945,0.402,0.838,11.563816795000001,2.8795979039873147,263.79757781,278.67589108583826,0.031,6400.0,1.517,1.338,0.2,2.207888730755632,0.43599999999999994,4.587155963302753,22.812327667112612,2.0
TOI-6716,1,1,4.7185898,0.0319,0.0319,0.982,0.0,0.911,0.0,0.88,3110.0,0.231,0.223,0.0,0.6738122245691237,0.0,0.0,0.9276985743380856,1.0
TOI-672,1,1,3.633581,0.0376,0.0376,5.31,0.0,50.9,0.0,0.0,3810.0,0.54,0.54,-0.14,0.5603348459551597,0.0,0.0,9.585687382297552,1.0
TOI-674,1,1,1.977143,0.025,0.025,5.25,0.0,23.6,0.0,0.0,3514.0,0.42,0.42,0.17,0.29603808148614014,0.0,0.0,4.495238095238095,1.0
TOI-677,1,1,11.2365985,0.1041,0.1041,13.11450742,0.0,392.20025424,0.0,0.46,6295.0,1.28,1.181,0.0,1.0506348631679383,0.0,0.0,29.905831891320855,1.0
TOI-6894,1,1,3.37077196,0.02604,0.02604,9.5836785,0.0,53.39517238,0.0,0.029,3007.0,0.2276,0.207,0.142,0.5277293725555033,0.0,0.0,5.571469491594486,1.0
TOI-700,1,4,22.815524,0.0677,0.1633,1.385,0.812821013507894,2.5105,3.1817028459615773,0.061,3459.0,0.421,0.415,-0.07,1.3582304475857874,0.0956,41.84100418410041,1.8126353790613718,4.0
TOI-712,1,3,48.690007,0.07928,0.3405,2.408,0.33097280855079325,6.43,1.4710200542480718,0.234,4622.0,0.674,0.732,-0.02,1.6874398369829688,0.26122,11.484572391087971,2.670265780730897,3.0
TOI-7149,1,1,2.65206166,0.02603,0.02603,13.2,0.0,224.0,0.0,0.078,3363.0,0.351,0.344,-0.08,0.42358361712581727,0.0,0.0,16.96969696969697,1.0
TOI-7166,1,1,12.92063621,0.06191,0.06191,2.01,0.0,4.7,0.0,0.0,3099.0,0.222,0.19,-0.2,1.1112838987743652,0.0,0.0,2.338308457711443,1.0
TOI-733,1,1,4.884765,0.0618,0.0618,1.992,0.0,5.72,0.0,0.046,5585.0,0.949,0.956,-0.04,0.6888436751872015,0.0,0.0,2.8714859437751,1.0
TOI-7384,1,1,6.2340258,0.0439,0.0439,3.56,0.0,12.4,0.0,0.4,3185.0,0.319,0.318,0.0,0.7947685953059874,0.0,0.0,3.4831460674157304,1.0
TOI-7510,1,3,27.654693100000003,0.1019,0.2672,9.546666666666667,1.9424297499094616,113.03333333333335,87.34702818833239,0.03543333333333334,5720.0,1.035,1.063,0.25,1.4417688432168256,0.1653,18.148820326678766,11.840083798882683,3.0
TOI-756,1,2,75.31962475,0.018,0.439,7.905,7.2054181002909194,648.517524175,903.240558806779,0.2225,3657.0,0.505,0.505,0.196,1.8769081476509164,0.421,4.750593824228028,82.03890248893104,2.0
TOI-757,1,1,17.46819,0.122,0.122,2.5,0.0,10.5,0.0,0.39,5278.0,0.78,0.8,-0.27,1.242247907058714,0.0,0.0,4.2,1.0
TOI-762 A,2,1,3.4716826,0.03418,0.03418,8.33948164,0.0,79.77493016,0.0,0.083,3266.0,0.425,0.442,0.357,0.5405400127689604,0.0,0.0,9.56593390377678,0.5
TOI-763,1,2,8.9397,0.06,0.1011,2.455,0.24748737341529153,9.555,0.33234018715767655,0.04,5450.0,0.897,0.917,0.01,0.9513229449110557,0.0411,48.661800486618006,3.892057026476578,2.0
TOI-771,1,2,4.96800775,0.0208,0.046,1.4300000000000002,0.0989949493661165,2.67,0.2828427124746191,0.06,3370.0,0.232,0.22,-0.13,0.6961822646603937,0.0252,79.36507936507937,1.8671328671328669,2.0
TOI-776,1,2,11.9559715,0.0653,0.1001,1.9225,0.1760695885154504,5.95,1.3435028842544405,0.0705,3725.0,0.547,0.542,-0.21,1.0775848711207152,0.0348,57.4712643678161,3.094928478543563,2.0
TOI-778,1,1,4.633611,0.06,0.06,15.4,0.0,878.0,0.0,0.21,6643.0,1.71,1.4,0.0,0.6659195711793141,0.0,0.0,57.01298701298701,1.0
TOI-782,1,1,8.0240015,0.0578,0.0578,2.734,0.0,19.1,0.0,0.19,3370.0,0.413,0.397,0.34,0.9043910011990095,0.0,0.0,6.986100950987565,1.0
TOI-813,1,1,83.8911,0.423,0.423,6.71,0.0,36.4,0.0,0.0,5907.0,1.94,1.32,0.1,1.9237158890061474,0.0,0.0,5.424739195230998,1.0
TOI-815,2,2,23.086702000000002,0.0903,0.193,2.7800000000000002,0.22627416997969527,15.55,11.242997820866105,0.21000000000000002,4869.0,0.77,0.776,-0.09,1.3633618971657382,0.1027,19.474196689386563,5.5935251798561145,1.0
TOI-836,1,2,6.20609,0.0422,0.075,2.1455,0.6243752877877216,7.0649999999999995,3.5850313806157956,0.0655,4552.0,0.665,0.678,-0.284,0.7928180693822036,0.032799999999999996,60.97560975609757,3.2929387089256577,2.0
TOI-837,1,1,8.3249113,0.0888,0.0888,9.16894621,0.0,120.45696625,0.0,0.0,5995.0,1.052,1.142,0.01,0.9203796148959833,0.0,0.0,13.137492956237988,1.0
TOI-849,1,1,0.765548,0.0155,0.0155,3.64,0.0,41.8,0.0,0.0,5257.0,0.97,0.97,0.19,-0.11602757376834662,0.0,0.0,11.483516483516482,1.0
TOI-858 B,2,1,3.2797178,0.04435,0.04435,14.06727078,0.0,349.6112477,0.0,0.15,5842.0,1.308,1.081,0.153,0.515836476889933,0.0,0.0,24.852812828274853,0.5
TOI-892,1,1,10.62656,0.092,0.092,11.99363,0.0,301.9385,0.0,0.125,6261.0,1.39,1.28,0.24,1.026392698690369,0.0,0.0,25.174905345587614,1.0
TOI-905,1,1,3.739494,0.04666,0.04666,13.125739,0.0,211.99261,0.0,0.024,5570.0,0.918,0.968,0.14,0.5728128407366222,0.0,0.0,16.150908531702484,1.0
TOI-908,1,1,3.183792,0.041657,0.041657,3.186,0.0,16.137,0.0,0.132,5626.0,1.028,0.95,0.08,0.502944687142595,0.0,0.0,5.06497175141243,1.0
TOI-912,1,1,4.6780691,0.041,0.041,1.93,0.0,5.1,0.0,0.58,3572.0,0.419,0.418,-0.19,0.6700666325067086,0.0,0.0,2.6424870466321244,1.0
TOI-942,1,2,7.240240999999999,0.04866,0.08598,4.28,0.5515432893255068,26.5,14.849242404917497,0.33,4969.0,0.894,0.822,-0.221,0.8597530224441318,0.03732,53.59056806002144,6.191588785046728,2.0
TOI-954,1,1,3.6849729,0.04963,0.04963,9.550068,0.0,55.30242,0.0,0.14,5710.0,1.892,1.201,0.215,0.5664342983216004,0.0,0.0,5.79078808653509,1.0
TOI-969,1,2,850.91186525,0.02636,2.52,7.5825000000000005,6.812973836732386,1800.28049955,2533.111755121826,0.628,4435.0,0.671,0.734,0.175,2.9298845795701385,2.49364,0.8020403907540784,237.42571705242332,2.0
TRAPPIST-1,1,7,7.773692428571429,0.01154,0.06189,0.9785714285714286,0.15794815303642853,0.9211428571428572,0.4508245884197196,0.006292857142857143,2566.0,0.1192,0.0898,0.052,0.8906273534785883,0.05035,139.0268123138034,0.9413138686131386,7.0
TYC 0434-04538-1,1,1,193.2,0.66,0.66,12.7,0.0,1938.763,0.0,0.08,4679.0,9.99,1.04,-0.38,2.2860071220794747,0.0,0.0,152.65850393700788,1.0
TYC 1422-614-1,1,2,378.84999999999997,0.69,1.37,12.9,0.5656854249492386,1986.25,1685.389012958136,0.054,4806.0,6.85,1.15,-0.2,2.578467291585447,0.6800000000000002,2.9411764705882346,153.97286821705427,2.0
TYC 2187-512-1,1,1,691.9,1.22,1.22,12.5,0.0,104.88337431,0.0,0.05,3734.0,0.495,0.498,0.08,2.840043330603494,0.0,0.0,8.390669944799999,1.0
TYC 3318-01333-1,1,1,562.0,1.414,1.414,13.1,0.0,1086.9786,0.0,0.098,4776.0,5.9,1.19,-0.06,2.749736315569061,0.0,0.0,82.97546564885496,1.0
TYC 3667-1280-1,1,1,26.468,0.21,0.21,12.8,0.0,1716.282,0.0,0.036,5130.0,6.26,1.87,-0.08,1.422721125971558,0.0,0.0,134.08453125,1.0
TYC 4282-00605-1,1,1,101.54,0.422,0.422,12.4,0.0,3426.2074,0.0,0.28,4300.0,16.21,0.97,-0.07,2.0066371590685863,0.0,0.0,276.30704838709676,1.0
Teegarden's Star,1,3,14.15078,0.0259,0.0791,1.008,0.04911211663123479,1.01,0.17349351572897473,0.04666666666666667,3034.0,0.12,0.097,-0.11,1.1507803791083417,0.053200000000000004,56.39097744360902,1.001984126984127,3.0
TrES-1,2,1,3.03007,0.03925,0.03925,12.66617,0.0,266.9772,0.0,0.0,5230.0,0.85,1.04,0.02,0.4814526615922642,0.0,0.0,21.07797384686926,0.5
TrES-2,2,1,2.47063,0.03568,0.03568,15.24424,0.0,473.5667,0.0,0.0,5850.0,1.12,1.36,-0.15,0.39280771060238595,0.0,0.0,31.06528761027116,0.5
TrES-3,1,1,1.30618581,0.02282,0.02282,14.975,0.0,607.03,0.0,0.0,5650.0,0.829,0.928,-0.19,0.11600496140898799,0.0,0.0,40.53622704507512,1.0
TrES-4,2,1,3.55395,0.05084,0.05084,18.04649,0.0,247.9074,0.0,0.0,6200.0,1.66,1.08,0.14,0.5507113134870528,0.0,0.0,13.737153319011066,0.5
TrES-5,1,1,1.48224686,0.02459,0.02459,13.383546,0.0,568.9157,0.0,0.0,5171.0,0.868,0.901,0.2,0.17092053900612764,0.0,0.0,42.50859226695227,1.0
V1298 Tau,3,4,23.3670695,0.0824,0.2689,7.7975,2.395848840529524,9.775,5.214962447931273,0.009600000000000001,4970.0,1.32,1.1,0.1,1.368604250270639,0.18649999999999997,21.44772117962467,1.2536069252965694,1.3333333333333333
V830 Tau,1,1,4.927,0.057,0.057,14.0,0.0,222.481,0.0,0.0,4250.0,2.0,1.0,-0.08,0.6925825622749091,0.0,0.0,15.891499999999999,1.0
WASP-1,2,1,2.5199454,0.03889,0.03889,16.623,0.0,271.415,0.0,0.0,6110.0,1.47,1.24,0.17,0.4013911309658295,0.0,0.0,16.327678517716418,0.5
WASP-10,1,1,3.0927616,0.03781,0.03781,12.106,0.0,1001.12,0.0,0.0473,4675.0,0.698,0.75,0.03,0.49034644447947406,0.0,0.0,82.69618371055675,1.0
WASP-100,2,1,2.84938,0.04574,0.04574,14.90797,0.0,400.4658,0.0,0.0,6900.0,1.57,0.77,-0.03,0.454750371632637,0.0,0.0,26.862530579280747,0.5
WASP-101,1,1,3.58572,0.05057,0.05057,16.02887,0.0,162.0933,0.0,0.0,6380.0,1.31,1.41,0.2,0.5545763735689898,0.0,0.0,10.112584355603357,1.0
WASP-102,1,1,2.709813,0.041,0.041,14.90794433,0.0,197.68926915,0.0,0.0,5990.0,1.375,1.08,-0.2,0.4329393219185956,0.0,0.0,13.260665908993236,1.0
WASP-103,1,1,0.925542,0.01985,0.01985,17.127,0.0,473.547,0.0,0.0,6110.0,1.436,1.22,0.06,-0.033603868694577335,0.0,0.0,27.649150464179368,1.0
WASP-104,2,1,1.7554137,0.02918,0.02918,12.745,0.0,404.263,0.0,0.0,5475.0,0.963,1.076,0.32,0.24437948345385463,0.0,0.0,31.719340918007063,0.5
WASP-105,1,1,7.87288,0.075,0.075,10.76064,0.0,572.094,0.0,0.0,5070.0,0.9,0.89,0.28,0.896133631889752,0.0,0.0,53.16542510482648,1.0
WASP-106,1,1,9.28969,0.0901,0.0901,12.10569916,0.0,613.40882551,0.0,0.023,6002.0,1.47,1.175,-0.02,0.9680012216862456,0.0,0.0,50.671077928059134,1.0
WASP-107,1,2,535.8607438,0.055,0.055,11.768229999999999,1.741985839724308,70.87573476,57.08360994964238,0.18,4425.0,0.657,0.683,0.02,2.729051942571685,0.0,0.0,6.022633374772587,2.0
WASP-11,3,1,3.72247,0.0435,0.0435,12.44199,0.0,251.0857,0.0,0.0,4800.0,0.89,1.42,0.0,0.5708312063874219,0.0,0.0,20.18050970945966,0.3333333333333333
WASP-113,1,1,4.54216874538,0.05885,0.05885,15.793481,0.0,150.96925,0.0,0.0,5890.0,1.608,1.318,0.1,0.6572632645878248,0.0,0.0,9.558959801198988,1.0
WASP-114,2,1,1.5487743,0.02851,0.02851,15.008851,0.0,562.24127,0.0,0.012,5940.0,1.43,1.289,0.14,0.18998813344263138,0.0,0.0,37.46064705419489,0.5
WASP-116,1,1,6.6132,0.065,0.065,13.67495645,0.0,203.41018048,0.0,0.0,6250.0,1.426,1.25,0.0,0.8204116570730956,0.0,0.0,14.87464923370926,1.0
WASP-117,1,1,10.02165,0.09459,0.09459,11.88154,0.0,95.349,0.0,0.3,6040.0,1.22,1.29,-0.11,1.0009392312020133,0.0,0.0,8.02496982714362,1.0
WASP-118,1,1,4.0460435,0.05453,0.05453,16.14096,0.0,163.36462,0.0,0.0,6410.0,1.696,1.32,0.16,0.6070305476657317,0.0,0.0,10.121121668104005,1.0
WASP-119,1,1,2.49979,0.0363,0.0363,15.6926,0.0,390.9309,0.0,0.058,5650.0,1.2,1.02,0.14,0.39790352640328097,0.0,0.0,24.911799191975835,1.0
WASP-12,3,1,1.091418901,0.0234,0.0234,22.02564708,0.0,467.2101,0.0,0.0447,6265.0,1.69,1.325,0.12,0.03799147054747948,0.0,0.0,21.21209416926697,0.3333333333333333
WASP-120,1,1,3.61126721,0.0514,0.0514,15.58048317,0.0,1541.4755,0.0,0.057,6450.0,1.68443,1.393,-0.05,0.5576596245484039,0.0,0.0,98.93630917480718,1.0
WASP-121,1,1,1.27492504,0.02571,0.02571,19.52604438,0.0,371.85923619,0.0,0.0,6628.0,1.461,1.33,0.17,0.10548465091006662,0.0,0.0,19.04426871890578,1.0
WASP-123,2,1,2.97764359,0.04263,0.04263,15.13212395,0.0,285.72917,0.0,0.0,5740.0,1.285,1.166,0.18,0.4738727135103282,0.0,0.0,18.88229114063,0.5
WASP-124,1,1,3.37265,0.0449,0.0449,13.89916,0.0,190.698,0.0,0.017,6050.0,1.02,1.07,-0.02,0.5279712741997186,0.0,0.0,13.72010970447135,1.0
WASP-126,1,2,5.459415,0.0449,0.0449,9.946793865,0.8015675709528641,77.25,18.455486988968886,0.11499999999999999,5800.0,1.27,1.12,0.2068,0.737146108660165,0.0,0.0,7.7663215955265,2.0
WASP-127,2,1,4.17806203,0.0484,0.0484,14.694999,0.0,52.346601,0.0,0.0,5620.0,1.333,0.95,-0.193,0.6209748834869737,0.0,0.0,3.562205142035056,0.5
WASP-129,2,1,5.748145,0.0628,0.0628,10.42437,0.0,317.83,0.0,0.096,5900.0,0.9,1.0,0.15,0.7595277149085362,0.0,0.0,30.489132676603,0.5
WASP-13,1,1,4.35301,0.05362,0.05362,13.67498,0.0,114.4188,0.0,0.0,5950.0,1.37,0.72,0.0,0.6387896648463096,0.0,0.0,8.367017721415316,1.0
WASP-130,1,1,11.55098,0.1012,0.1012,9.97601,0.0,390.9309,0.0,0.0,5625.0,0.96,1.04,0.26,1.0626188318937184,0.0,0.0,39.187099852546254,1.0
WASP-131,1,1,5.3220125,0.0608,0.0608,13.74221034,0.0,86.76715511,0.0,0.0,5990.0,1.561,1.06,-0.2,0.7260758902594603,0.0,0.0,6.313915517465439,1.0
WASP-132,1,3,608.24835088,0.01833,2.71,8.24676387,5.709537154673935,594.0950461066667,908.0966225467781,0.04543333333333333,4686.0,0.758,0.789,0.15,2.784080940118784,2.69167,1.1145497033440208,72.03977893290482,3.0
WASP-133,1,1,2.176423,0.0345,0.0345,13.56289,0.0,368.6828,0.0,0.17,5700.0,1.44,1.16,0.29,0.3377433067947491,0.0,0.0,27.18320357976803,1.0
WASP-135,1,1,1.4013794,0.0243,0.0243,14.5717,0.0,603.877,0.0,0.0,5675.0,0.96,0.98,0.02,0.14655572916149376,0.0,0.0,41.44176726119807,1.0
WASP-136,1,1,5.21536178778,0.0661,0.0661,16.81347105,0.0,479.92089457,0.0,0.0,6250.0,2.39014,1.41,-0.18,0.7172844406602649,0.0,0.0,28.543832094087435,1.0
WASP-139,2,1,5.924262,0.062,0.062,8.9672,0.0,37.18611,0.0,0.0,5310.0,0.8,0.92,0.2,0.7726342569116543,0.0,0.0,4.146903158176465,0.5
WASP-14,3,1,2.24375,0.037,0.037,15.46842,0.0,2809.6172,0.0,0.09,6475.0,1.4,1.62,0.0,0.35097446592239434,0.0,0.0,181.63569388470188,0.3333333333333333
WASP-140,2,1,2.23598448,0.0323,0.0323,14.23540549,0.0,775.5052,0.0,0.047,5300.0,0.87,0.9,0.12,0.3494687847806866,0.0,0.0,54.477211804382534,0.5
WASP-141,1,1,3.310651,0.0469,0.0469,13.56289,0.0,854.9627,0.0,0.0,5900.0,1.37,1.25,0.29,0.5199134009988544,0.0,0.0,63.036911749634484,1.0
WASP-142,1,1,2.052868,0.0347,0.0347,17.14977,0.0,266.9772,0.0,0.0,6010.0,1.64,1.33,0.26,0.31236102500885843,0.0,0.0,15.567392448994942,1.0
WASP-144,1,1,2.2783152,0.0316,0.0316,9.52765,0.0,139.8452,0.0,0.0,5200.0,0.81,0.81,0.18,0.3576138076057098,0.0,0.0,14.677827166195232,1.0
WASP-145 A,2,1,1.7690381,0.0261,0.0261,10.0881,0.0,282.8687,0.0,0.0,4900.0,0.68,0.76,-0.04,0.24773718646629514,0.0,0.0,28.03983901824922,0.5
WASP-147,1,1,4.60273,0.0549,0.0549,12.498035,0.0,87.40325,0.0,0.0,5702.0,1.429,1.044,0.092,0.6630154995628169,0.0,0.0,6.993359356090777,1.0
WASP-148,1,2,21.6639045,0.08215,0.2044,11.186994705,3.8367688829790203,107.90274417500001,23.597555290023347,0.19445,5555.0,0.912,0.954,0.099,1.3357367325287561,0.12225,16.359918200409,9.645373670086135,2.0
WASP-149,1,1,1.332813,0.024,0.024,15.24421375,0.0,314.96795134,0.0,0.0,5750.0,1.08,1.05,0.0,0.12476922010767824,0.0,0.0,20.661475659248087,1.0
WASP-15,1,1,3.7521,0.05165,0.05165,15.80469,0.0,171.6282,0.0,0.0,6300.0,1.48,1.18,-0.17,0.5742744045656223,0.0,0.0,10.859320872475195,1.0
WASP-150,1,1,5.644207,0.0694,0.0694,11.99363,0.0,2688.8418,0.0,0.3775,6218.0,1.651,1.394,0.156,0.7516029330251206,0.0,0.0,224.18915707754869,1.0
WASP-151,1,1,4.5334775,0.055,0.055,13.30506009,0.0,100.43377661,0.0,0.0,5871.0,1.181,1.081,0.1,0.6564314646341444,0.0,0.0,7.548539873599323,1.0
WASP-153,1,1,3.332609,0.048,0.048,17.37395,0.0,123.9537,0.0,0.009,5914.0,1.73,1.336,0.34,0.5227843628343958,0.0,0.0,7.134457046325101,1.0
WASP-154,1,1,3.811678,0.044,0.044,10.76062147,0.0,198.96058278,0.0,0.0,4774.0,0.823,0.8,0.2,0.5811162055209127,0.0,0.0,18.489692564197224,1.0
WASP-155,1,1,3.110413,0.043,0.043,13.45077684,0.0,276.8285425,0.0,0.0,5660.0,1.24,1.09,0.0,0.49281805838779136,0.0,0.0,20.580859068062573,1.0
WASP-156,1,1,3.8361623,0.0458,0.0458,6.02802815,0.0,41.8,0.0,0.0,4987.0,0.8268,0.8712,0.305,0.5838969729781188,0.0,0.0,6.9342741871568725,1.0
WASP-157,1,1,3.951623,0.0499,0.0499,11.19,0.0,182.43442,0.0,0.0,5772.0,1.1,1.06,0.25,0.596775504531578,0.0,0.0,16.30334405719392,1.0
WASP-158,1,1,3.656333,0.0517,0.0517,11.99363,0.0,886.7457,0.0,0.0,6350.0,1.39,1.38,0.24,0.5630457421702862,0.0,0.0,73.93472201493627,1.0
WASP-159,1,1,3.840401,0.0538,0.0538,15.46842,0.0,174.8065,0.0,0.0,6120.0,2.11,1.41,0.22,0.5843765741057545,0.0,0.0,11.30086330730611,1.0
WASP-16,1,1,3.1186,0.0415,0.0415,13.67498,0.0,394.1092,0.0,0.0,5700.0,1.14,1.78,0.01,0.49395967455418127,0.0,0.0,28.819727707097194,1.0
WASP-160 B,2,1,3.7684952,0.0452,0.0452,12.21781,0.0,88.35674,0.0,0.0,5298.0,0.868,0.87,0.27,0.5761679664394814,0.0,0.0,7.231798497439394,0.5
WASP-162,1,1,9.62468,0.0871,0.0871,11.209,0.0,1652.716,0.0,0.434,5300.0,1.11,0.95,0.28,0.9833862990590337,0.0,0.0,147.4454456240521,1.0
WASP-164,1,1,1.7771255,0.02818,0.02818,12.643752,0.0,676.9779,0.0,0.0,5806.0,0.932,0.946,-0.01,0.24971809861729252,0.0,0.0,53.54248485734298,1.0
WASP-165,1,1,3.465509,0.04823,0.04823,14.12334,0.0,209.13214,0.0,0.0,5599.0,1.75,1.248,0.33,0.5397670310565108,0.0,0.0,14.807555436603522,1.0
WASP-166,1,1,5.44354,0.0641,0.0641,7.06167,0.0,32.10083,0.0,0.0,6050.0,1.22,1.19,0.19,0.7358814185330725,0.0,0.0,4.545784495735428,1.0
WASP-168,2,1,4.153658,0.0519,0.0519,16.8135,0.0,133.4886,0.0,0.0,6000.0,1.12,1.08,-0.01,0.6184307351390533,0.0,0.0,7.93937014898742,0.5
WASP-169,1,1,5.6114118,0.0681,0.0681,14.616536,0.0,178.30263,0.0,0.0,6110.0,2.011,1.337,0.06,0.7490721410800756,0.0,0.0,12.198692631414174,1.0
WASP-17,1,1,3.73543,0.0515,0.0515,20.96083,0.0,247.9074,0.0,0.0,6550.0,1.49,2.28,-0.25,0.5723406023704906,0.0,0.0,11.827174782677975,1.0
WASP-171,1,1,3.8186244,0.0504,0.0504,10.98482,0.0,344.52772,0.0,0.0,5965.0,1.637,1.171,0.04,0.5819069432569436,0.0,0.0,31.363984116262262,1.0
WASP-172,1,1,5.477433,0.0694,0.0694,17.59813,0.0,149.3801,0.0,0.0,6900.0,1.91,1.49,-0.1,0.7385770739719947,0.0,0.0,8.488407575123038,1.0
WASP-173 A,2,1,1.38665318,0.0248,0.0248,13.4508,0.0,1172.7927,0.0,0.0,5800.0,1.11,1.05,0.16,0.1419678519551119,0.0,0.0,87.19129717191542,0.5
WASP-174,1,1,4.2337005,0.05503,0.05503,16.10730527,0.0,104.88337431,0.0,0.0,6399.0,1.347,1.24,0.06,0.6267201319550127,0.0,0.0,6.511540729618269,1.0
WASP-175,1,1,3.0652907,0.04403,0.04403,13.540472,0.0,314.6517,0.0,0.0,6229.0,1.204,1.212,0.15,0.4864716675719555,0.0,0.0,23.2378679266129,1.0
WASP-176,1,1,3.899052,0.0535,0.0535,16.869545,0.0,271.74465,0.0,0.0,5941.0,1.925,1.345,0.164,0.5909590272276026,0.0,0.0,16.10859391880457,1.0
WASP-178,1,1,3.3448285,0.0558,0.0558,20.28829,0.0,527.5978,0.0,0.0,9360.0,1.67,2.07,0.21,0.5243738550147341,0.0,0.0,26.00504034593354,1.0
WASP-18,2,2,1.548626115,0.02024,0.035,11.239568035000001,3.7611971851509636,1648.5248757,2253.3016484813656,0.01005,6432.0,1.319,1.294,0.107,0.1899465786423296,0.014760000000000002,135.50135501355012,146.67155094986705,1.0
WASP-180 A,2,1,3.409264,0.048,0.048,13.89916,0.0,286.047,0.0,0.0,6600.0,1.19,1.3,0.1,0.5326606325882166,0.0,0.0,20.580164556707025,0.5
WASP-182,1,1,3.3769848,0.0451,0.0451,9.52765,0.0,47.03884,0.0,0.0,5638.0,1.34,1.076,0.27,0.528529105855731,0.0,0.0,4.937087319538397,1.0
WASP-184,1,1,5.1817,0.0627,0.0627,14.90797,0.0,181.1631,0.0,0.0,6000.0,1.65,1.23,0.12,0.7144722654394454,0.0,0.0,12.15209716681748,1.0
WASP-185,1,1,9.38755,0.0904,0.0904,14.01125,0.0,311.4734,0.0,0.24,5900.0,1.5,1.12,-0.02,0.9725522631590974,0.0,0.0,22.23023641716478,1.0
WASP-186,1,1,5.026799,0.06,0.06,12.44199,0.0,1341.2426,0.0,0.33,6361.0,1.47,1.22,-0.08,0.7012915200130209,0.0,0.0,107.79968477711363,1.0
WASP-187,1,1,5.147878,0.0653,0.0653,18.38276,0.0,254.264,0.0,0.0,6150.0,2.83,1.54,0.0,0.7116282459723214,0.0,0.0,13.831655311824775,1.0
WASP-188,1,1,5.748916,0.072,0.072,14.81827249,0.0,458.6263913,0.0,0.0,6850.0,1.83,1.5,0.0,0.7595859630201275,0.0,0.0,30.950057883569126,1.0
WASP-189,1,1,2.724033,0.05053,0.05053,18.14733975,0.0,632.47852993,0.0,0.0,8000.0,2.36,2.03,0.29,0.435212364485642,0.0,0.0,34.85241025092948,1.0
WASP-19,1,1,0.78883852,0.01652,0.01652,15.86070769,0.0,366.77398168,0.0,0.0126,5616.0,1.006,0.965,0.04,-0.10301189039064543,0.0,0.0,23.124692091213998,1.0
WASP-190,1,1,5.367753,0.0663,0.0663,12.89035,0.0,317.83,0.0,0.0,6400.0,1.6,1.35,-0.02,0.7297925233298902,0.0,0.0,24.656429034122425,1.0
WASP-192,1,1,2.8786765,0.0408,0.0408,13.78707,0.0,731.009,0.0,0.0,5910.0,1.32,1.09,0.14,0.4591928624609808,0.0,0.0,53.021345361994975,1.0
WASP-193,2,1,6.2463475,0.0668,0.0668,14.78464554,0.0,35.59678158,0.0,0.081,6080.0,1.213,1.018,-0.108,0.7956261414590898,0.0,0.0,2.4076858307960487,0.5
WASP-194,1,1,3.183387,0.047,0.047,15.47960235,0.0,373.13054982,0.0,0.0,6405.0,1.409,1.29,0.0,0.5028894384161471,0.0,0.0,24.104659886175952,1.0
WASP-195,1,1,5.051928,0.063,0.063,10.31226224,0.0,33.05415433,0.0,0.0,6300.0,1.578,1.3,0.0,0.7034571523691364,0.0,0.0,3.205325229394089,1.0
WASP-197,1,1,5.167228,0.065,0.065,14.44837612,0.0,403.32424848,0.0,0.0,6050.0,2.112,1.36,0.0,0.7132576248816922,0.0,0.0,27.914849747142377,1.0
WASP-2,2,1,2.152175,0.03144,0.03144,12.116929,0.0,295.89973,0.0,0.0054,5180.0,0.866,0.895,0.12,0.33287758225656794,0.0,0.0,24.420356841242526,0.5
WASP-20,2,1,4.89964477,0.05999,0.05999,15.46839337,0.0,98.841,0.0,0.0,5940.0,1.242,1.2,-0.008,0.6901645943098994,0.0,0.0,6.389868529701091,0.5
WASP-21,1,1,4.322482,0.052,0.052,11.99,0.0,95.345,0.0,0.0,5800.0,1.06,1.01,-0.22,0.6357331934284469,0.0,0.0,7.952043369474562,1.0
WASP-22,1,1,3.53269,0.047,0.047,13.78707,0.0,212.9461,0.0,0.02,6000.0,1.24,1.46,-0.05,0.5481055289728336,0.0,0.0,15.445348431537665,1.0
WASP-23,1,1,2.9444256,0.0376,0.0376,10.783,0.0,280.95,0.0,0.062,5150.0,0.765,0.78,-0.05,0.46900058500390446,0.0,0.0,26.05490123342298,1.0
WASP-24,3,1,2.34121,0.03651,0.03651,15.46842,0.0,394.1092,0.0,0.0,6075.0,1.42,1.43,0.0,0.3694403704462194,0.0,0.0,25.478310001926506,0.3333333333333333
WASP-25,1,1,3.7648337,0.0473,0.0473,13.80946422,0.0,179.25522155,0.0,0.0,5697.0,0.884,0.962,-0.2,0.5757457973315572,0.0,0.0,12.980606538694516,1.0
WASP-26,2,1,2.7566,0.04,0.04,13.56289,0.0,270.1555,0.0,0.0,6034.0,1.22,0.86,0.16,0.44037375181635624,0.0,0.0,19.91872676103692,0.5
WASP-28,1,1,3.40883495,0.0442,0.0442,13.66374747,0.0,282.54945382,0.0,0.0,6084.0,1.083,0.993,-0.2,0.5326059739365681,0.0,0.0,20.678767259155148,1.0
WASP-29,1,1,3.92273,0.0457,0.0457,8.63093,0.0,73.1009,0.0,0.03,4800.0,0.79,0.77,0.11,0.5935884168357595,0.0,0.0,8.469643479903093,1.0
WASP-3,3,1,1.84683,0.0315,0.0315,15.91678,0.0,772.3269,0.0,0.0,6400.0,1.44,1.62,0.0,0.2664269206379491,0.0,0.0,48.522810518207834,0.3333333333333333
WASP-31,1,1,3.4059096,0.04659,0.04659,17.363,0.0,151.916,0.0,0.0,6302.0,1.252,1.163,-0.2,0.5322331166911202,0.0,0.0,8.749409664228532,1.0
WASP-32,1,1,2.71866,0.0394,0.0394,10.76064,0.0,835.8929,0.0,0.0,6140.0,0.95,0.72,-0.13,0.43435489741583083,0.0,0.0,77.68059334760758,1.0
WASP-33,2,1,1.21987,0.0239,0.0239,17.855937,0.0,665.21819,0.0,0.0,7430.0,1.444,1.495,0.1,0.0863135509281217,0.0,0.0,37.25473437770306,0.5
WASP-34,1,1,4.31768,0.0524,0.0524,11.209,0.0,177.9848,0.0,0.04,5700.0,0.91,0.96,-0.02,0.6352504519435475,0.0,0.0,15.878740297974844,1.0
WASP-35,1,1,3.16158,0.04317,0.04317,14.5717,0.0,225.6593,0.0,0.0,5990.0,1.08,1.05,-0.15,0.499904175590634,0.0,0.0,15.486134081816123,1.0
WASP-36,2,1,1.53736596,0.02677,0.02677,14.874343,0.0,750.39663,0.0,0.0,5959.0,0.985,1.081,-0.26,0.18677726079216111,0.0,0.0,50.44906050640354,0.5
WASP-37,1,1,3.577469,0.0446,0.0446,13.002,0.0,572.07,0.0,0.0,5800.0,1.003,0.925,-0.4,0.5535758791369795,0.0,0.0,43.99861559760037,1.0
WASP-38,1,1,6.87188,0.07522,0.07522,13.78707,0.0,1093.3352,0.0,0.03,6180.0,1.52,1.76,-0.02,0.8370755670349355,0.0,0.0,79.30149045446204,1.0
WASP-39,1,1,4.0552941,0.04828,0.04828,14.336311,0.0,89.31023,0.0,0.0,5485.0,0.939,0.913,0.01,0.6080223558037746,0.0,0.0,6.229652105063848,1.0
WASP-4,1,1,1.338230994,0.02261,0.02261,15.12091496,0.0,381.3940884,0.0,0.0053,5436.0,0.912,0.899,-0.05,0.12653108410513314,0.0,0.0,25.22295042389419,1.0
WASP-41,1,2,212.0262,0.04022,1.07,12.71495,0.5445429321917598,640.42745,523.6436134563326,0.147,5545.0,0.83,0.81,0.06,2.32638952985506,1.0297800000000001,1.9421624036201905,50.368066724603715,2.0
WASP-42,1,1,4.9816819,0.0561,0.0561,12.576498,0.0,167.49641,0.0,0.062,5315.0,0.892,0.951,0.29,0.6973759926735346,0.0,0.0,13.318207501007036,1.0
WASP-43,1,1,0.813475,0.0142,0.0142,10.424,0.0,565.714,0.0,0.0,4400.0,0.6,0.58,-0.05,-0.0896557894129024,0.0,0.0,54.27033768227169,1.0
WASP-44,1,1,2.423804,0.03453,0.03453,12.3299,0.0,276.5121,0.0,0.0,5420.0,0.906,0.935,-0.003,0.38449749785397297,0.0,0.0,22.42614295330862,1.0
WASP-45,2,1,3.126089,0.03963,0.03963,10.603714,0.0,306.38812,0.0,0.0,5150.0,0.855,0.85,-0.03,0.49500133825727827,0.0,0.0,28.894415673602666,0.5
WASP-46,1,1,1.43036763,0.02335,0.02335,13.159366,0.0,607.0553,0.0,0.0,5600.0,0.858,0.828,-0.3,0.15544767324193653,0.0,0.0,46.13104461111576,1.0
WASP-47,1,4,150.8873155,0.01673,1.393,6.113333333333333,5.913225290256859,211.375,231.8682725888416,0.0664,5565.0,1.156,1.058,0.43,2.178652731890228,1.37627,2.906406446409498,34.57606324972737,4.0
WASP-48,1,1,2.14363,0.03444,0.03444,16.8135,0.0,254.264,0.0,0.0,5920.0,1.58,0.88,-0.12,0.33114982634474444,0.0,0.0,15.122609807595087,1.0
WASP-49,2,1,2.78174,0.0379,0.0379,12.44199,0.0,117.5971,0.0,0.0,5600.0,0.97,0.92,-0.23,0.4443165354899246,0.0,0.0,9.451631129746929,0.5
WASP-5,1,1,1.6284279,0.0267,0.0267,12.184,0.0,502.15,0.0,0.038,5700.0,1.029,0.96,0.09,0.2117685345770777,0.0,0.0,41.213887065003284,1.0
WASP-50,1,1,1.9551,0.0293,0.0293,13.069694,0.0,466.828704,0.0,0.009,5400.0,0.843,0.892,-0.12,0.2911689757152619,0.0,0.0,35.71841115790469,1.0
WASP-52,1,1,1.7497798,0.0272,0.0272,14.24,0.0,146.2,0.0,0.0,5000.0,0.79,0.87,0.03,0.2429833985937136,0.0,0.0,10.266853932584269,1.0
WASP-53,1,2,1421.65492215,0.04101,3.73,12.038466,0.0,2937.0670299999997,3195.3497408249505,0.43345,4953.0,0.798,0.839,0.22,3.1527941930231416,3.68899,0.5421538144587,243.97352868712673,2.0
WASP-54,2,1,3.69364,0.04988,0.04988,17.71022,0.0,187.5197,0.0,0.07,6100.0,1.76,1.08,-0.27,0.5674545647283816,0.0,0.0,10.588219683324093,0.5
WASP-55,2,1,4.465631,0.0558,0.0558,14.72860064,0.0,186.2474465,0.0,0.0,6096.0,1.09,1.071,-0.03,0.6498828339874009,0.0,0.0,12.645291365575378,0.5
WASP-56,2,1,4.6171,0.05614,0.05614,10.53646,0.0,143.0235,0.0,0.0,5600.0,0.96,0.71,0.12,0.6643692808708024,0.0,0.0,13.574151090593995,0.5
WASP-57,1,1,2.83891856,0.03769,0.03769,11.76945,0.0,204.68252,0.0,0.0,5600.0,0.927,0.886,-0.25,0.45315293410742985,0.0,0.0,17.39100127873435,1.0
WASP-58,2,1,5.01718,0.0562,0.0562,16.02887,0.0,308.2951,0.0,0.0,5800.0,1.22,1.06,-0.45,0.7004596823720668,0.0,0.0,19.233738872422073,0.5
WASP-59,1,1,7.919585,0.0697,0.0697,8.687,0.0,274.276,0.0,0.1,4650.0,0.613,0.719,-0.15,0.898702424401091,0.0,0.0,31.573155289513068,1.0
WASP-6,1,1,3.3610026,0.04217,0.04217,12.5428494,0.0,148.42586607,0.0,0.054,5438.0,0.79,0.854,-0.15,0.5264688484305653,0.0,0.0,11.833504599839971,1.0
WASP-60,1,1,4.305,0.05548,0.05548,9.86392,0.0,174.8065,0.0,0.0,5900.0,1.17,1.19,-0.04,0.6339731557896735,0.0,0.0,17.721808368275493,1.0
WASP-61,1,1,3.8559,0.0521,0.0521,15.80469,0.0,851.7844,0.0,0.0,6250.0,1.55,1.82,-0.1,0.586125762261047,0.0,0.0,53.89440729302504,1.0
WASP-62,1,1,4.41195,0.0571,0.0571,14.79588,0.0,165.2716,0.0,0.0,6230.0,1.23,1.11,0.04,0.6446305819986291,0.0,0.0,11.170109516973644,1.0
WASP-63,1,1,4.37808,0.0574,0.0574,15.80469,0.0,117.5971,0.0,0.0,5550.0,1.86,1.28,0.08,0.6412836931024287,0.0,0.0,7.440645782992263,1.0
WASP-64,2,1,1.5732918,0.02648,0.02648,14.247,0.0,403.945,0.0,0.0,5400.0,1.058,1.004,-0.08,0.19680927912486926,0.0,0.0,28.35298659366884,0.5
WASP-65,1,1,2.3114243,0.0334,0.0334,12.464,0.0,492.62,0.0,0.0,5600.0,1.01,0.93,-0.07,0.3638796747022311,0.0,0.0,39.52342747111682,1.0
WASP-66,1,1,4.08605,0.0546,0.0546,15.6926,0.0,746.9005,0.0,0.0,6600.0,1.76,1.33,-0.31,0.6113036766848859,0.0,0.0,47.59571390336846,1.0
WASP-67,1,1,4.61442,0.05179,0.05179,12.89035,0.0,136.6669,0.0,0.0,5200.0,0.88,0.91,-0.07,0.6641171210435587,0.0,0.0,10.602264484672643,1.0
WASP-68,2,1,5.0843,0.06206,0.06206,14.79588,0.0,343.2564,0.0,0.0,5910.0,1.79,1.49,0.22,0.7062311682589675,0.0,0.0,23.199458227560644,0.5
WASP-69,1,1,3.86813881,0.0453,0.0453,11.21,0.0,82.58,0.0,0.0,4792.0,0.801,0.83,0.35,0.5875020505545402,0.0,0.0,7.366636931311328,1.0
WASP-7,1,1,4.9546416,0.0617,0.0617,14.90797,0.0,305.1168,0.0,0.034,6400.0,1.432,1.276,0.0,0.6950122447402073,0.0,0.0,20.466689965166285,1.0
WASP-70 A,2,1,3.7130203,0.04853,0.04853,13.047,0.0,187.512,0.0,0.0,5763.0,1.215,1.106,-0.006,0.5697273236279586,0.0,0.0,14.372039549321682,0.5
WASP-71,1,1,2.90367,0.046,0.046,13.22662,0.0,441.7837,0.0,0.0,6050.0,1.82,0.76,0.15,0.46294725757810207,0.0,0.0,33.4011032296989,1.0
WASP-72,1,1,2.21673,0.03711,0.03711,14.45961,0.0,731.009,0.0,0.0,6250.0,2.18,2.78,-0.06,0.34571279881995115,0.0,0.0,50.555236275390556,1.0
WASP-73,1,1,4.08722,0.05512,0.05512,15.91678,0.0,908.9938,0.0,0.0,6030.0,2.55,2.52,0.14,0.6114280148132721,0.0,0.0,57.109151474104685,1.0
WASP-74,1,1,2.13775,0.03443,0.03443,15.24424,0.0,228.8376,0.0,0.0,5990.0,1.42,0.98,0.39,0.3299569151062389,0.0,0.0,15.011414147245125,1.0
WASP-75,2,1,2.484193,0.0375,0.0375,14.235,0.0,340.06,0.0,0.0,6100.0,1.26,1.14,0.07,0.39518533368607595,0.0,0.0,23.889005971197754,0.5
WASP-76,2,1,1.80988198,0.033,0.033,20.78145022,0.0,284.13859586,0.0,0.0,6329.0,1.756,1.458,0.366,0.25765025602616387,0.0,0.0,13.672702956338723,0.5
WASP-77 A,2,1,1.360029395,0.023233633,0.023233633,13.56,0.0,529.31142902,0.0,0.01353,5617.0,0.91,0.903,-0.1,0.13354829509693414,0.0,0.0,39.0347661519174,0.5
WASP-78,1,1,2.17518,0.03488,0.03488,21.63337,0.0,352.7913,0.0,0.0,6100.0,2.46,1.87,-0.35,0.33749520141579453,0.0,0.0,16.307736612464907,1.0
WASP-79,1,1,3.662392,0.0519,0.0519,17.14974047,0.0,270.15414595,0.0,0.0,6600.0,1.51,1.39,0.03,0.5637648266739447,0.0,0.0,15.752666719509836,1.0
WASP-8,2,2,2165.57936,0.0801,5.28,12.583085,0.11749993382976871,1905.3291,1552.8643328203593,0.155,5600.0,1.03,1.34,0.17,3.3355741035489186,5.1999,0.3846227812073309,151.41987040538945,1.0
WASP-80,1,1,3.06785234,0.0344,0.0344,11.197791,0.0,170.99254,0.0,0.002,4143.0,0.586,0.577,-0.13,0.48683445258253133,0.0,0.0,15.270202846257801,1.0
WASP-81,1,1,2.7164762,0.03908,0.03908,16.017661,0.0,231.69807,0.0,0.066,5870.0,1.283,1.08,-0.36,0.43400590438024994,0.0,0.0,14.465162547765244,1.0
WASP-82,1,1,2.70579,0.0447,0.0447,18.15858,0.0,371.8611,0.0,0.0,6480.0,2.1,1.48,0.12,0.4322940873908514,0.0,0.0,20.47853411445168,1.0
WASP-83,1,1,4.971252,0.059,0.059,11.65736,0.0,95.349,0.0,0.0,5510.0,1.05,1.11,0.29,0.6964657787164484,0.0,0.0,8.179296169973304,1.0
WASP-84,1,2,4.9851906900000005,0.02359,0.0778,6.335,6.2013264710060225,117.6,144.81546878700493,0.0,5280.0,0.768,0.853,0.0,0.6976817752917732,0.054209999999999994,36.893562073418195,18.56353591160221,2.0
WASP-85 A,2,1,2.6556777,0.039,0.039,13.89916,0.0,402.05495,0.0,0.0,6112.0,0.935,1.09,0.118,0.42417536677846274,0.0,0.0,28.926564626927096,0.5
WASP-88,1,1,4.954,0.06431,0.06431,16.36514,0.0,133.4886,0.0,0.0,6430.0,1.8,0.94,-0.08,0.6949560022498181,0.0,0.0,8.156887139370637,1.0
WASP-89,1,1,3.3564227,0.0427,0.0427,11.65736,0.0,1875.197,0.0,0.193,5130.0,0.88,0.92,0.15,0.52587664962908,0.0,0.0,160.8594913428083,1.0
WASP-90,1,1,3.916243,0.0562,0.0562,18.27067,0.0,200.2329,0.0,0.0,6430.0,1.98,1.55,0.11,0.5928696316206035,0.0,0.0,10.959253273142146,1.0
WASP-91,1,1,2.798581,0.037,0.037,11.54527,0.0,425.8922,0.0,0.0,4920.0,0.86,0.84,0.19,0.4469378813138399,0.0,0.0,36.88889042872103,1.0
WASP-92,1,1,2.1746742,0.0348,0.0348,16.376349,0.0,255.85315,0.0,0.0,6280.0,1.341,1.19,0.0,0.33739420209957066,0.0,0.0,15.623332770936916,1.0
WASP-93,1,1,2.7325321,0.04211,0.04211,17.900773,0.0,467.2101,0.0,0.0,6700.0,1.524,1.334,0.07,0.43656527245924626,0.0,0.0,26.099995793477746,1.0
WASP-94 A,2,2,3.95019,0.055,0.055,17.71022,0.0,158.915,0.0,0.0,6170.0,1.48,1.67,0.26,0.5966179852383753,0.0,0.0,8.973067528240756,1.0
WASP-94 B,2,2,2.00839,0.0335,0.0335,14.1,0.0,196.411,0.0,0.0,6040.0,1.35,1.24,0.23,0.3028480503065559,0.0,0.0,13.92985815602837,1.0
WASP-95,1,1,2.18467,0.03416,0.03416,13.78707,0.0,457.6752,0.0,0.0,5830.0,1.23,1.46,0.14,0.33938584496653373,0.0,0.0,33.19597274837946,1.0
WASP-96,1,1,3.4252602,0.0453,0.0453,13.45,0.0,152.55,0.0,0.0,5540.0,1.05,1.06,0.14,0.5346935682757227,0.0,0.0,11.34200743494424,1.0
WASP-97,1,1,2.07276,0.03303,0.03303,12.77826,0.0,432.2488,0.0,0.0,5640.0,1.08,1.18,0.23,0.31654901906938615,0.0,0.0,33.82689035909428,1.0
WASP-98,2,1,2.96264036,0.03762,0.03762,12.823096,0.0,293.03926,0.0,0.0,5473.0,0.741,0.809,-0.49,0.4716789349268435,0.0,0.0,22.852457783986022,0.5
WASP-99,1,1,5.75251,0.0717,0.0717,11.43318,0.0,772.3269,0.0,0.0,6150.0,1.64,1.21,0.21,0.7598573823065297,0.0,0.0,67.55136366260305,1.0
WTS-1,1,1,3.352057,0.047,0.047,16.7,0.0,1274.44,0.0,0.1,6250.0,1.15,1.2,-0.5,0.5253113949746459,0.0,0.0,76.31377245508983,1.0
WTS-2,1,1,1.0187068,0.01855,0.01855,15.277867,0.0,355.9696,0.0,0.0,5000.0,0.752,0.82,0.2,0.008049205140013588,0.0,0.0,23.29969229343337,1.0
Wolf 1061,1,3,79.98960000000001,0.0375,0.47,1.8533333333333333,0.7587050371081856,4.34,3.004945922974322,0.27,3342.0,0.307,0.294,-0.09,1.9030335250391897,0.4325,6.936416184971098,2.341726618705036,3.0
Wolf 327,1,1,0.5734745,0.01,0.01,1.24,0.0,2.53,0.0,0.0,3542.0,0.406,0.405,-0.17,-0.24148588858312034,0.0,0.0,2.040322580645161,1.0
Wolf 503,1,1,6.00127,0.05706,0.05706,2.043,0.0,6.26,0.0,0.41,4716.0,0.689,0.688,-0.47,0.7782431663215529,0.0,0.0,3.0641213901125792,1.0
XO-1,1,1,3.94153,0.0488,0.0488,12.77826,0.0,263.7989,0.0,0.0,5750.0,0.88,0.88,0.02,0.5956648364386401,0.0,0.0,20.64435220444724,1.0
XO-2 N,2,3,2.61586178,0.0368,0.0368,11.130537,0.0,179.89178,0.0,0.028,5340.0,0.99,0.971,0.43,0.41761479249275685,0.0,0.0,16.16200368409898,1.5
XO-2 S,2,3,69.4785,0.13,0.4756,12.25,1.9091883092036779,259.0224,249.44832194087815,0.1664,5399.0,1.0,0.98,0.39,1.8418504337135335,0.3456,8.680555555555555,21.144685714285714,1.5
XO-3,1,1,3.19152309,0.04815,0.04815,14.79585452,0.0,4217.58296089,0.0,0.2791,6970.0,1.523,1.449,-0.159,0.5039979908066551,0.0,0.0,285.0516646530261,1.0
XO-4,1,1,4.12508,0.05524,0.05524,14.01125,0.0,451.3186,0.0,0.0,6397.0,1.45,1.1,-0.04,0.6154323754851316,0.0,0.0,32.211158890177536,1.0
XO-5,1,1,4.1877558,0.0515,0.0515,12.78,0.0,378.2,0.0,0.0,5430.0,1.13,1.04,0.05,0.6219813487936726,0.0,0.0,29.593114241001565,1.0
XO-6,1,1,3.7650007,0.0815,0.0815,23.20263,0.0,1398.452,0.0,0.0,6720.0,1.93,1.47,-0.07,0.5757650612820339,0.0,0.0,60.27127097229926,1.0
XO-7,1,1,2.8641424,0.04421,0.04421,15.389957,0.0,225.34147,0.0,0.038,6250.0,1.48,1.405,0.432,0.4569946065118036,0.0,0.0,14.642111735594842,1.0
YZ Cet,1,3,3.245673333333333,0.01634,0.02851,0.9976666666666668,0.07400225221797871,0.9766666666666666,0.24090108620206208,0.043333333333333335,3151.0,0.157,0.142,-0.18,0.5113048073356001,0.01217,246.50780608052588,0.9789508853992647,3.0
alf Ari,1,1,380.8,1.2,1.2,13.4,0.0,572.07,0.0,0.25,4553.0,13.9,1.5,-0.09,2.580696939712437,0.0,0.0,42.691791044776124,1.0
alf Tau,2,1,628.96,1.46,1.46,12.7,0.0,2056.3601,0.0,0.1,4055.0,45.1,1.13,-0.27,2.798623026476014,0.0,0.0,161.9181181102362,0.5
bet Cnc,2,1,605.2,1.7,1.7,12.6,0.0,2479.0,0.0,0.08,4092.1,47.2,1.7,-0.29,2.781898919351149,0.0,0.0,196.74603174603175,0.5
bet Pic,1,2,4905.144515,2.68,10.018,15.497425,4.2389990871961745,3475.1358021349997,357.33440873103433,0.21,8038.68,1.54416,1.795,-0.21,3.690651807055926,7.338000000000001,0.2725538293813028,224.23956251667613,2.0
bet UMi,1,1,522.3,1.4,1.4,12.7,0.0,1938.7,0.0,0.19,4126.0,38.3,1.4,-0.27,2.7179200258369938,0.0,0.0,152.65354330708664,1.0
eps CrB,1,1,417.9,1.3,1.3,12.7,0.0,2129.461,0.0,0.11,4406.0,21.0,1.7,-0.094,2.621072371143626,0.0,0.0,167.67409448818896,1.0
eps Eri,1,1,2671.0,3.53,3.53,14.1,0.0,209.76674862,0.0,0.07,5020.38,0.759106,0.82,-0.13,3.426673888021373,0.0,0.0,14.877074370212766,1.0
eps Ind A,3,1,16510.0,28.4,28.4,12.7,0.0,2005.49724817,0.0,0.4,4760.0,0.679,0.76,0.22,4.217747073262793,0.0,0.0,157.9131691472441,0.3333333333333333
eps Tau,1,1,585.82,1.878,1.878,12.7,0.0,2285.18624633,0.0,0.076,4877.0,12.35,2.57,0.1,2.7677641944902835,0.0,0.0,179.935924907874,1.0
gam Cep,2,1,913.0,2.13,2.13,12.7,0.0,2097.6674862,0.0,0.15,4775.0,4.74,1.27,0.18,2.960470777534299,0.0,0.0,165.17066820472442,0.5
gam Lib,1,2,690.685,1.319,2.318,13.25,0.6363961030678917,1010.21759165,922.5520426707662,0.1125,4879.0,12.38,1.78,-0.27,2.839280024287649,0.9990000000000001,2.0020020020020017,76.24283710566039,2.0
gam Psc,1,1,555.1,1.32,1.32,13.6,0.0,425.89006538,0.0,0.204,4742.0,11.2,0.99,-0.62,2.7443712273318606,0.0,0.0,31.31544598382353,1.0
gam1 Leo,2,1,428.5,1.19,1.19,12.5,0.0,2790.43,0.0,0.144,4330.0,31.88,1.23,-0.51,2.631950826259217,0.0,0.0,223.2344,0.5
iot Dra,1,2,12755.4272,1.453,19.4,12.3,0.1414213562373109,4357.42745997,849.5119905681196,0.578,4504.0,11.79,1.54,0.03,4.105695008417841,17.947,0.11143923775561376,354.2623951195122,2.0
kap CrB,1,1,1253.68,2.5,2.5,13.4,0.0,591.1638,0.0,0.04,4840.0,4.68,1.33,0.09,3.0981866976037997,0.0,0.0,44.11670149253732,1.0
mu Leo,1,1,357.8,1.1,1.1,13.3,0.0,762.8,0.0,0.09,4538.2,11.4,1.5,0.36,2.553640336231354,0.0,0.0,57.35338345864661,1.0
nu Oct A,2,1,402.4,1.24,1.24,13.3,0.0,696.04421133,0.0,0.195,4910.0,5.04,1.57,0.18,2.604657972047871,0.0,0.0,52.33415122781955,0.5
nu Oph,1,2,1855.2649999999999,1.765,5.829,12.0,0.0,7448.02822,551.9608217376617,0.1525,4887.0,12.24,2.61,0.1,3.2684059515887536,4.064,0.4921259842519685,620.6690183333334,2.0
ome Ser,2,1,278.59,0.838,0.838,14.0,0.0,233.92170755,0.0,0.18,4724.0,10.99,1.01,-0.12,2.4449655233486656,0.0,0.0,16.708693396428572,0.5
omi CrB,1,1,187.01,0.699,0.699,13.7,0.0,355.96781584,0.0,0.105,4769.0,11.87,1.3,-0.27,2.2718648302193953,0.0,0.0,25.983052251094893,1.0
omi UMa,2,1,1569.81,3.691,3.691,13.0,0.0,1160.39151396,0.0,0.149,5075.0,13.84,2.72,-0.16,3.195847091297789,0.0,0.0,89.26088568923078,0.5
psi1 Dra B,3,1,3117.0,4.43,4.43,13.5,0.0,486.2799,0.0,0.4,6212.0,1.255735,1.19,0.01,3.49373680227684,0.0,0.0,36.02073333333333,0.3333333333333333
rho CrB,1,4,109.2957,0.1061,0.827,6.5475,5.071353369663763,100.2441122125,165.08379772257535,0.065,5817.0,1.34,0.95,-0.2,2.038603075920358,0.7209,5.548619780829519,15.3102882340588,4.0
tau Boo,2,1,3.3124568,0.049,0.049,12.8,0.0,1891.0,0.0,0.011,6466.27,1.42588,1.32,0.2642,0.5201502230523485,0.0,0.0,147.734375,0.5
tau Cet,1,3,235.17999999999998,0.133,1.334,1.3933333333333333,0.36087855759705845,2.5033333333333334,1.2361769021193258,0.15,5310.0,0.83,0.783,-0.52,2.371400386030984,1.201,2.497918401332223,1.7966507177033493,3.0
tau Gem,1,1,305.5,1.17,1.17,12.1,0.0,6547.0,0.0,0.031,4388.0,26.8,2.3,0.14,2.485011214578573,0.0,0.0,541.0743801652893,1.0
ups And,2,3,507.445011,0.05922166,2.51329,12.933333333333332,0.9291573243177567,2639.8377672033334,2179.08177527788,0.1932666666666667,6156.77,1.56,1.3,0.1014,2.7053889870519163,2.45406834,1.2224598439666925,204.11116756726807,1.5
ups Leo,1,1,385.2,1.18,1.18,14.2,0.0,162.09248757,0.0,0.32,4836.0,11.22,1.48,-0.2,2.585686278452497,0.0,0.0,11.414963913380282,1.0
xi Aql,1,1,136.97,0.625,0.625,13.4,0.0,616.90493799,0.0,0.059,4841.0,10.86,1.74,-0.11,2.1366254557609317,0.0,0.0,46.037681939552236,1.0
