num_stars,num_planets,log_orbital_period_mean,inner_orbit,outer_orbit,planet_radius_mean,planet_mass_mean,planet_mass_std,eccentricity_mean,orbital_span,planet_per_star_ratio
2.591622583681666,-0.47676258641713937,1.3210889689938698,0.50510338718285,0.20242413541729373,1.1014387306964808,2.143187019515608,-0.18245719450624603,1.0428369295791193,-0.15945125315364114,-1.0318788590013375
-0.3079233918913155,-0.47676258641713937,1.5442643690964786,0.7449495810666227,0.35058720726228204,1.1200032667746824,2.1231353890949536,-0.18245719450624603,0.009019487642122999,-0.15945125315364114,-0.397316236568382
-0.3079233918913155,-0.47676258641713937,1.059664905215536,0.2305067504352353,0.03279425486749186,1.2685195554002942,1.5288029115571269,-0.18245719450624603,-0.5144323816930652,-0.15945125315364114,-0.397316236568382
-0.3079233918913155,0.7715443142590449,2.8932437209058524,1.636877614571902,8.124939300946751,1.1664146069701862,1.887952689389852,0.5167061401215199,2.391706965372233,10.349502047803098,0.8718090082975287
5.491168559254648,-0.47676258641713937,1.7521737465598917,0.8335291413077885,0.4053065235686697,1.3427776997131,1.2390324911370603,-0.18245719450624603,3.934908507656034,-0.15945125315364114,-1.2433997331456559
-0.3079233918913155,-0.47676258641713937,1.5984569345510327,0.6904390824566743,0.3169137818429665,1.2313904832438913,1.6098443832936216,-0.18245719450624603,-0.12184347969167406,-0.15945125315364114,-0.397316236568382
2.591622583681666,-0.47676258641713937,1.8511812201811628,1.3895362271292615,0.748775462845688,1.1571323389310852,1.926317260708822,-0.18245719450624603,-0.3573968208925087,-0.15945125315364114,-1.0318788590013375
-0.3079233918913155,-0.47676258641713937,0.19329063969893864,-0.1653757457195144,-0.2117589972402871,1.4170358440259059,0.9458379860012563,-0.18245719450624603,-0.3050516339589899,-0.15945125315364114,-0.397316236568382
-0.3079233918913155,0.7715443142590449,1.6670483027827068,0.6107174782396249,0.5820920070200762,1.3706245038304024,1.1459859538142214,0.6075839549565707,0.7287658079780066,0.2979922592182885,0.8718090082975287
2.591622583681666,2.0198512149352292,1.6439715509577308,0.32930702916576665,0.09382733844000124,1.3365895210203662,1.2335125783063923,-0.039053022294311304,0.8378182807561708,-0.15945125315364114,0.2372463858645734
-0.3079233918913155,-0.47676258641713937,1.2358280170114149,0.3000076361629194,0.07572787227711913,1.1756968750092867,1.862392657585838,-0.18245719450624603,2.4496138284174376,-0.15945125315364114,-0.397316236568382
-0.3079233918913155,2.0198512149352292,2.699224936110303,1.1333368836625044,4.589229631918623,1.3675304144840352,1.1865134456103879,0.8031589470285068,0.11807196042028725,5.6581034557263195,2.1409342531634397
-0.3079233918913155,-0.47676258641713937,-0.745562123126693,-0.26165491388933565,-0.27123468488715313,1.491293988338712,0.6731174799282673,-0.18245719450624603,-0.4293714529260971,-0.15945125315364114,-0.397316236568382
2.591622583681666,7.013078817639967,1.8706711411007833,-0.2870431786169191,2.063722725469959,0.5027324421744835,1.001703680727469,1.4335916414904684,-0.1281249021236963,3.2603890968487454,2.7754968755963954
2.591622583681666,7.013078817639967,0.0012839640950822473,-0.2675829306131675,-0.2386977375757395,-0.80606735133872,-0.7920775878814585,-0.17849752955933657,-0.5144323816930652,-0.10678707368378043,2.7754968755963954
-0.3079233918913155,-0.47676258641713937,1.8196112503169104,1.0842774349135509,0.5602042804975211,1.3242131636348986,1.2621121936021626,-0.18245719450624603,-0.23962015029209136,-0.15945125315364114,-0.397316236568382
-0.3079233918913155,2.0198512149352292,0.47769223836377056,-0.2633576855896639,-0.0930601726371999,-0.4406553995327877,-0.2681434488366433,-0.153759950295348,0.816007786200538,0.10129706026597764,2.1409342531634397
-0.3079233918913155,0.7715443142590449,1.7906049545195037,0.9003045021049754,0.6128190077152016,1.3706245038304024,1.1264767254395787,0.5027263076463732,-0.05641199602477548,0.08243654789978883,0.8718090082975287
-0.3079233918913155,-0.47676258641713937,0.8354933570560766,0.030180668043675196,-0.09095558354849267,1.1756968750092867,1.8399831446650152,-0.18245719450624603,2.0949751869428472,-0.15945125315364114,-0.397316236568382
2.591622583681666,0.7715443142590449,2.010907651125817,1.0052372119291257,1.360369052024006,1.3613422357913016,1.2186898399753938,0.9131317508576633,-0.13492977642505377,1.075707467668557,-0.397316236568382
-0.3079233918913155,-0.47676258641713937,0.7289288857791284,0.017234424623812493,-0.0989530220855801,1.3427776997131,1.207313176083694,-0.18245719450624603,-0.10875718295829434,-0.15945125315364114,-0.397316236568382
-0.3079233918913155,-0.47676258641713937,1.8620739199134202,1.136062408593002,0.592194034645871,1.2685195554002942,1.4980893874009844,-0.18245719450624603,-0.27233589212554066,-0.15945125315364114,-0.397316236568382
5.491168559254648,-0.47676258641713937,1.0457853578817455,0.17940315798840872,0.001225418536883537,1.2685195554002942,1.4843128435932758,-0.18245719450624603,-0.33776737579243915,-0.15945125315364114,-1.2433997331456559
-0.3079233918913155,-0.47676258641713937,2.901643875920172,5.832141863840049,3.4931596345199027,1.2499550193220927,1.534753456070524,-0.18245719450624603,-0.41628515619271733,-0.15945125315364114,-0.397316236568382
-0.3079233918913155,3.2681581156114135,-0.04772853991788923,-0.24986701856493432,-0.24332783357089538,-0.5382739184106637,-0.3938982041212273,-0.15603975288999608,0.0374821830372238,-0.12944491833941818,3.4100594980293506
-0.3079233918913155,-0.47676258641713937,1.5114735832604478,0.5882318975630212,0.2537761091817499,1.194261411087488,1.7742258833952593,-0.18245719450624603,0.7941972916449053,-0.15945125315364114,-0.397316236568382
-0.3079233918913155,-0.47676258641713937,1.2334767009500862,0.23391365659835708,0.034898843956199084,1.3984713079477045,1.0142825878510258,-0.18245719450624603,1.3830806446469917,-0.15945125315364114,-0.397316236568382
-0.3079233918913155,-0.47676258641713937,0.9653151016670488,0.09491188514298882,-0.05096839086305551,1.3984713079477045,1.0226433427441444,-0.18245719450624603,-0.5078892333263753,-0.15945125315364114,-0.397316236568382
-0.3079233918913155,-0.47676258641713937,0.9136495501303605,0.06970077953588777,-0.0665423501194889,1.3799067718695028,1.0415119385254552,-0.18245719450624603,1.1867861936462962,-0.15945125315364114,-0.397316236568382
-0.3079233918913155,0.7715443142590449,1.5298193637329118,0.6904390824566743,0.552627759778175,1.1107209987355817,2.181421159816094,6.074825335986049,0.5651870988107602,0.1834782875803354,0.8718090082975287
-0.3079233918913155,-0.47676258641713937,1.598308575769728,0.5882318975630212,0.2537761091817499,1.2499550193220927,1.5980647741282015,-0.18245719450624603,0.8596287753118036,-0.15945125315364114,-0.397316236568382
-0.3079233918913155,-0.47676258641713937,0.34486838250213364,-0.13335082778616977,-0.19197585980643922,-0.6848279355728096,-0.1142838082513621,-0.18245719450624603,-0.5144323816930652,-0.15945125315364114,-0.397316236568382
-0.3079233918913155,-0.47676258641713937,2.162276336789294,2.8708590268546077,1.6638507986155875,1.1385678028528838,1.9852406561156293,-0.18245719450624603,3.346025154653947,-0.15945125315364114,-0.397316236568382
-0.3079233918913155,-0.47676258641713937,0.8607965421317263,0.07038216076851211,-0.06612143230174745,1.47272945226051,0.7478483786059196,-0.18245719450624603,4.262065925990527,-0.15945125315364114,-0.397316236568382
-0.3079233918913155,-0.47676258641713937,1.2979282132884329,0.26798271822957476,0.055944734843271254,1.3613422357913014,1.126474629253817,-0.18245719450624603,0.270745422309717,-0.15945125315364114,-0.397316236568382
-0.3079233918913155,-0.47676258641713937,1.4137893476091568,0.383817527775715,0.12750076385931675,1.4170358440259059,0.958436704001017,-0.18245719450624603,0.7941972916449053,-0.15945125315364114,-0.397316236568382
-0.3079233918913155,-0.47676258641713937,1.7113788598210569,0.8607843906127628,0.4221432362783275,1.3427776997131,1.2198004645517193,-0.18245719450624603,4.458360376991222,-0.15945125315364114,-0.397316236568382
-0.3079233918913155,-0.47676258641713937,2.3130204010711792,2.564237472173648,1.4744377806319375,1.3427776997131,1.1944228321458639,-0.18245719450624603,1.775669546648383,-0.15945125315364114,-0.397316236568382
-0.3079233918913155,-0.47676258641713937,1.2275022935369364,0.23391365659835708,0.034898843956199084,1.4356003801041073,0.8604895743684347,-0.18245719450624603,1.2522176773131948,-0.15945125315364114,-0.397316236568382
-0.3079233918913155,-0.47676258641713937,1.9457232407380072,1.1060816343575304,0.5736736506652473,1.1385678028528838,1.977274265119641,-0.18245719450624603,5.243538180994004,-0.15945125315364114,-0.397316236568382
-0.3079233918913155,0.7715443142590449,0.5559192129313798,-0.26840058809231676,-0.11031780316459909,0.392273452509185,1.3776271530975772,3.0513433704733193,0.49975561514386185,0.08072190019611893,0.8718090082975287
-0.3079233918913155,0.7715443142590449,0.8551465961707474,-0.2566808308911779,-0.007192937817945303,1.1571323389310852,1.654092391054145,6.074900419460747,0.5979028406442095,0.22022073837326164,0.8718090082975287
-0.3079233918913155,-0.47676258641713937,-0.8376123596279342,-0.27030845554366495,-0.27658034117246943,1.4541649161823087,0.7772115021769535,-0.18245719450624603,-0.38356941435926806,-0.15945125315364114,-0.397316236568382
-0.3079233918913155,0.7715443142590449,1.78425766559932,-0.09314933506133288,0.6999489959876805,0.520368751448775,0.5578384800464437,0.23819011178017446,0.9577760008121514,1.1020395574034874,0.8718090082975287
-0.3079233918913155,-0.47676258641713937,1.6990613228239442,0.8335291413077885,0.4053065235686697,1.1571323389310852,1.9515697389355633,-0.18245719450624603,0.8596287753118036,-0.15945125315364114,-0.397316236568382
5.491168559254648,-0.47676258641713937,-0.7390513870351714,-0.25286509598848145,-0.2658048450382885,2.8446486684395986,2.0498719184459513,-0.18245719450624603,-0.08258458949153491,-0.15945125315364114,-1.2433997331456559
-0.3079233918913155,-0.47676258641713937,1.6581669735995168,0.6154871468679954,0.27061282189140773,1.21282594716569,1.6841547173005271,-0.18245719450624603,3.0443860149495454,-0.15945125315364114,-0.397316236568382
-0.3079233918913155,0.7715443142590449,2.527925294814915,1.494468936953412,2.1899980707923925,1.333495431673999,1.4189183891804948,2.702766645796682,1.2195019354797456,1.84301231506083,0.8718090082975287
2.591622583681666,-0.47676258641713937,1.5718691122461976,0.6863507950609281,0.31438827493651783,1.47272945226051,0.7538878031594438,-0.18245719450624603,1.101725264879328,-0.15945125315364114,-1.0318788590013375
-0.3079233918913155,3.2681581156114135,-0.7617509741897492,-0.28475373767530127,-0.27738008502617817,-1.033761386337861,-1.9554570472660109,-0.18226865107956822,-0.2036328342752972,-0.14763243148191657,3.4100594980293506
-0.3079233918913155,-0.47676258641713937,-1.2369589484889367,-0.2788120933268169,-0.28183339553788267,1.936842854215547,1.010222719794148,-0.18245719450624603,-0.5144323816930652,-0.15945125315364114,-0.397316236568382
-0.3079233918913155,-0.47676258641713937,-0.20176847591110314,-0.22567798480676976,-0.24901022411040485,0.8545304008564012,1.4209386853215835,-0.18245719450624603,2.9534362526525566,-0.15945125315364114,-0.397316236568382
-0.3079233918913155,-0.47676258641713937,-0.9103193297471475,-0.26785548310621726,-0.27506503702860025,1.8124604624915974,1.351621907258899,-0.18245719450624603,-0.5144323816930652,-0.15945125315364114,-0.397316236568382
-0.3079233918913155,-0.47676258641713937,-0.937552331307173,-0.27019943454644507,-0.27651299432163085,1.8328814521776189,0.9616241148468921,-0.18245719450624603,-0.05641199602477548,-0.15945125315364114,-0.397316236568382
-0.3079233918913155,-0.47676258641713937,-0.7681232695694452,-0.26281326198479704,-0.27195024517731353,0.6781673081134875,1.1101543730526,-0.18245719450624603,-0.5144323816930652,-0.15945125315364114,-0.397316236568382
-0.3079233918913155,-0.47676258641713937,-1.2359541798263636,-0.27916641156778155,-0.2820522728031082,1.1051516379121213,1.8460788934858272,-0.18245719450624603,-0.5144323816930652,-0.15945125315364114,-0.397316236568382
-0.3079233918913155,-0.47676258641713937,-0.6334892739651589,-0.255454344672454,-0.26740433274570596,1.2703760090081142,0.7362686313438658,-0.18245719450624603,1.6448065793145856,-0.15945125315364114,-0.397316236568382
-0.3079233918913155,-0.47676258641713937,-0.8007644602438214,-0.26615203002465637,-0.2740127424842466,0.9584918028943296,1.3691960464421296,-0.18245719450624603,-0.5144323816930652,-0.15945125315364114,-0.397316236568382
-0.3079233918913155,-0.47676258641713937,-1.1271075441099956,-0.27746295848622066,-0.2809999782587546,1.5618392254358773,1.5181945089906057,-0.18245719450624603,0.009019487642122999,-0.15945125315364114,-0.397316236568382
-0.3079233918913155,-0.47676258641713937,-0.7847163847723504,-0.26226815699869754,-0.2716135109231204,1.5209972460638341,1.0415119385254552,-0.18245719450624603,-0.2069044084586421,-0.15945125315364114,-0.397316236568382
2.591622583681666,-0.47676258641713937,-1.1682346725636754,-0.27849865795980966,-0.2816397733417216,1.8870898975259667,1.5181945089906057,-0.18245719450624603,-0.4208653600494002,-0.15945125315364114,-1.0318788590013375
-0.3079233918913155,0.7715443142590449,1.7775256322582191,-0.23623939391244725,0.9272446175680601,0.8429795465085443,1.9872108636130512,8.696961659920554,3.3787408964873964,1.5613201923150632,0.8718090082975287
-0.3079233918913155,-0.47676258641713937,-0.9552886973380825,-0.2691501074482035,-0.27586478088230904,1.541733832863185,1.3388838101917597,-0.18245719450624603,-0.5144323816930652,-0.15945125315364114,-0.397316236568382
-0.3079233918913155,-0.47676258641713937,-0.347336517231682,-0.23487663144719853,-0.2546926146499144,-0.2574853102278665,-0.3655607561794769,-0.18245719450624603,-0.010609957457946573,-0.15945125315364114,-0.397316236568382
-0.3079233918913155,-0.47676258641713937,-0.8183905309322601,-0.26485740568267013,-0.2732129986305379,1.0216112255602146,1.4284787090621962,-0.18245719450624603,0.5324713569773111,-0.15945125315364114,-0.397316236568382
-0.3079233918913155,0.7715443142590449,-0.4166147604000974,-0.25940635582167526,-0.25216710774346573,-0.35587735144233434,-0.23051043761579637,-0.13340134544175639,-0.5144323816930652,-0.13373153759859288,0.8718090082975287
-0.3079233918913155,-0.47676258641713937,-0.6794085176734479,-0.2581798696029514,-0.26908800401667177,1.0847306482260994,0.4502664514865804,-0.18245719450624603,-0.5144323816930652,-0.15945125315364114,-0.397316236568382
-0.3079233918913155,-0.47676258641713937,-0.7485053927724913,-0.2617230520125981,-0.27127677666892724,1.457877823397949,0.7243632213559739,-0.18245719450624603,-0.5144323816930652,-0.15945125315364114,-0.397316236568382
-0.3079233918913155,-0.47676258641713937,-0.8257955543007545,-0.2651299581757199,-0.2733813657576345,0.9319445163025016,1.9768558307871578,-0.18245719450624603,-0.08912773785822477,-0.15945125315364114,-0.397316236568382
-0.3079233918913155,-0.47676258641713937,-0.6464666031971922,-0.2564764165213905,-0.26803570947231814,0.8238237299562522,0.6943876337534678,-0.18245719450624603,-0.2069044084586421,-0.15945125315364114,-0.397316236568382
-0.3079233918913155,-0.47676258641713937,-0.9337705261774804,-0.271262389269339,-0.2771696261173075,0.7093742932609443,0.9299104531043079,-0.18245719450624603,0.022105784375502712,-0.15945125315364114,-0.397316236568382
-0.3079233918913155,-0.47676258641713937,-0.74264027606277,-0.2581594281659727,-0.26907537648213947,0.9380708132083081,2.2840928766371635,-0.18245719450624603,-0.5144323816930652,-0.15945125315364114,-0.397316236568382
-0.3079233918913155,-0.47676258641713937,-0.38261030835819715,-0.2400551288151436,-0.2578915900647493,0.9361922678025549,1.4431659809996293,-0.18245719450624603,-0.46863034312623614,-0.15945125315364114,-0.397316236568382
-0.3079233918913155,-0.47676258641713937,-0.7026449644743209,-0.257634764616852,-0.2687512697624786,1.8746776487040815,0.9249610121212366,-0.18245719450624603,-0.38356941435926806,-0.15945125315364114,-0.397316236568382
-0.3079233918913155,-0.47676258641713937,-0.8745806497156066,-0.2683324499690543,-0.27535967950101925,2.332469376862717,1.0377383900533312,-0.18245719450624603,-0.5144323816930652,-0.15945125315364114,-0.397316236568382
-0.3079233918913155,-0.47676258641713937,-0.6105185655053501,-0.2525925434954317,-0.2656364779111919,1.7706276548435345,0.8365846178064051,-0.18245719450624603,-0.5144323816930652,-0.15945125315364114,-0.397316236568382
-0.3079233918913155,-0.47676258641713937,-0.37519784077192814,-0.23623939391244725,-0.2555344502853973,1.3130744419879776,0.8604777805873165,-0.18245719450624603,-0.5144323816930652,-0.15945125315364114,-0.397316236568382
-0.3079233918913155,-0.47676258641713937,-0.7678037210991367,-0.2638557752707123,-0.27259424943845795,1.7248358522024863,0.6794151776976648,-0.18245719450624603,0.07445097130902148,-0.15945125315364114,-0.397316236568382
-0.3079233918913155,-0.47676258641713937,-0.391824103615584,-0.2393056094592568,-0.25742858046523376,1.2625789038552695,1.4517142116138813,-0.18245719450624603,0.13988245497592006,-0.15945125315364114,-0.397316236568382
-0.3079233918913155,2.0198512149352292,-0.7155378597990268,-0.2859693217943031,-0.2740548342660208,-0.6175537697326231,-0.45407575681885576,-0.16175014638489058,-0.5144323816930652,-0.14170219992393832,2.1409342531634397
-0.3079233918913155,-0.47676258641713937,-0.5624663740619321,-0.2546366871933048,-0.26689923136441623,0.022839184552975574,0.36462117275506556,-0.18245719450624603,-0.5144323816930652,-0.15945125315364114,-0.397316236568382
2.591622583681666,-0.47676258641713937,0.7388503220172572,-0.02358031121038632,-0.12416599936829259,1.054803502195874,0.9249610121212366,-0.18245719450624603,0.3558063510766852,-0.15945125315364114,-1.0318788590013375
2.591622583681666,-0.47676258641713937,-0.6127753997380111,-0.2569670110088801,-0.268338770301092,-0.8961053513179971,-1.0009908198479522,-0.18245719450624603,2.2336899323166723,-0.15945125315364114,-1.0318788590013375
-0.3079233918913155,-0.47676258641713937,-0.8361891320798027,-0.26449627362937916,-0.2729899121871349,-0.5081065472835864,-0.3655607561794769,-0.18245719450624603,-0.10221403459160448,-0.15945125315364114,-0.397316236568382
-0.3079233918913155,0.7715443142590449,0.040718561455833156,-0.24448410682720192,-0.20056258328836465,-0.604642134890234,-0.464275429459038,-0.16558462220469286,1.6120908374811367,-0.0720654576844653,0.8718090082975287
-0.3079233918913155,-0.47676258641713937,-0.5194729755207907,-0.2737834998300491,-0.2787270220429508,-0.9690639781053288,-1.353266866527555,-0.18245719450624603,-0.5144323816930652,-0.15945125315364114,-0.397316236568382
-0.3079233918913155,0.7715443142590449,-0.634843911781967,-0.285503257031188,-0.2562500105755577,-0.6450200008603223,-0.3920954178819812,-0.16582660172922623,-0.1545592215251233,-0.1162176360539648,0.8718090082975287
-0.3079233918913155,-0.47676258641713937,-1.0914191298924807,-0.2773948203629582,-0.2809578864769805,-0.9948334106354801,-1.5681198315664142,-0.18245719450624603,-0.5144323816930652,-0.15945125315364114,-0.397316236568382
-0.3079233918913155,-0.47676258641713937,0.02191968138866966,-0.2161386475500288,-0.24311737466202468,-0.80699557814263,-0.7968573299853832,-0.18245719450624603,-0.12184347969167406,-0.15945125315364114,-0.397316236568382
-0.3079233918913155,-0.47676258641713937,-0.017440624487252556,-0.19583348681782303,-0.23057402369332963,-0.09411739273969365,-0.40886383732190545,-0.18245719450624603,-0.5144323816930652,-0.15945125315364114,-0.397316236568382
-0.3079233918913155,0.7715443142590449,0.32012249489079486,-0.2307883440514524,-0.1755600649145229,-0.6737022091011434,-0.5718374487144273,-0.18135728757654895,0.7941972916449053,-0.047999152415098716,0.8718090082975287
-0.3079233918913155,0.7715443142590449,-0.5085981221257845,-0.28861035545195507,-0.2482525720384703,-0.744247446198309,-0.5657074899385892,-0.18140128385373686,0.04173522947557228,-0.10179010037594248,0.8718090082975287
-0.3079233918913155,-0.47676258641713937,-0.10735510968848001,-0.21327684637300648,-0.24134951982751057,-0.7305096895004399,-0.43232173570997257,-0.18245719450624603,0.9904917426456007,-0.15945125315364114,-0.397316236568382
-0.3079233918913155,-0.47676258641713937,2.4765394215965526,2.768651841960954,1.6007131259543705,1.1463630515521208,2.0706001004175434,-0.18245719450624603,-0.5144323816930652,-0.15945125315364114,-0.397316236568382
-0.3079233918913155,2.0198512149352292,-0.04694939622480887,-0.2655387869152945,-0.20081513397900955,-0.5718447878187447,-0.4013280860227123,-0.17284730571017723,0.09626146586465437,-0.05351052003403765,2.1409342531634397
-0.3079233918913155,-0.47676258641713937,-0.5996563112176702,-0.2690819693249411,-0.27582268910053487,-0.8107084853582702,-0.8319384859553867,-0.18245719450624603,-0.5144323816930652,-0.15945125315364114,-0.397316236568382
-0.3079233918913155,2.0198512149352292,-0.4631301270116378,-0.2832546989635277,-0.27068749172408924,-0.9536554131604216,-1.233861810962483,-0.18130486153753184,-0.2745169415811039,-0.1392429052175318,2.1409342531634397
-0.3079233918913155,0.7715443142590449,-0.6400624587914582,-0.28686601949643675,-0.2733813657576345,-0.9200986543468047,-1.074707500120317,-0.18069084998618243,0.40749722317353493,-0.1399165168154021,0.8718090082975287
-0.3079233918913155,0.7715443142590449,1.2644218924893151,-0.1844544202329963,0.09045999589806969,0.8424634524055704,0.433205943676467,-0.11945452557319745,1.8476441786819713,0.29737988503840634,0.8718090082975287
-0.3079233918913155,-0.47676258641713937,-1.2149083464313124,-0.2873089172976426,-0.28708224072511845,-0.656065899826852,-0.521145723181281,-0.18245719450624603,-0.47386486181958803,-0.15945125315364114,-0.397316236568382
-0.3079233918913155,-0.47676258641713937,-1.7463622199562991,-0.29132906657012625,-0.289565655849793,-0.9419597554311547,-1.2956065638580607,-0.18245719450624603,-0.5144323816930652,-0.15945125315364114,-0.397316236568382
-0.3079233918913155,-0.47676258641713937,-0.8157986911159579,-0.2798477928004059,-0.28247319062084963,-0.6751873719873995,-0.5746537750602404,-0.18245719450624603,-0.25270644702547107,-0.15945125315364114,-0.397316236568382
-0.3079233918913155,-0.47676258641713937,0.8148412333343169,-0.11359077204006349,-0.17976924309193734,-0.7215987121829033,-0.6439548312529475,-0.18245719450624603,-0.5144323816930652,-0.15945125315364114,-0.397316236568382
-0.3079233918913155,0.7715443142590449,0.03372812852271909,-0.25020770918124646,-0.2128112917846407,-0.8383696441147905,-0.3326127904036839,-0.1406607311777571,0.7156795112446269,-0.0847416032080248,0.8718090082975287
2.591622583681666,0.7715443142590449,2.4964523599752844,-0.2485042560996856,1.9795391619216705,-0.40043223803001776,-0.16910162432946416,-0.10992933156202075,0.6764206210444877,3.103278377258194,-0.397316236568382
-0.3079233918913155,2.0198512149352292,1.1217401566618301,-0.25620386402834083,0.14029666551865663,-0.441274217402061,-0.26274694967960976,-0.1448101582887563,0.6742395715889243,0.43436798907803237,2.1409342531634397
-0.3079233918913155,-0.47676258641713937,2.2539272198995106,1.3445650657760542,0.7209948868747528,1.3984713079477045,0.9764254625775518,-0.18245719450624603,0.8596287753118036,-0.15945125315364114,-0.397316236568382
-0.3079233918913155,0.7715443142590449,3.0733801165994348,-0.274396742939411,6.761586489282214,0.16671433915903702,1.774811499998836,8.758443528700429,0.401608389643514,10.083731653734265,0.8718090082975287
-0.3079233918913155,-0.47676258641713937,1.2400943010367198,0.18621697031465226,0.00543459671429798,1.3613422357913014,1.1076042307774054,-0.18245719450624603,5.047243729993308,-0.15945125315364114,-0.397316236568382
-0.3079233918913155,0.7715443142590449,0.24691970033460917,-0.2425081012525913,-0.21091716160480423,-0.8302012482403818,-0.846297197944416,-0.18239120009046422,-0.5144323816930652,-0.08890574763122307,0.8718090082975287
-0.3079233918913155,0.7715443142590449,-0.2612740317728567,-0.27271577543852676,-0.2550710197680639,-0.9248803822392092,-1.1145728998811362,-0.17869551280668203,0.36889264781006487,-0.12599480220996243,0.8718090082975287
2.591622583681666,-0.47676258641713937,0.9003966146135737,0.036313099137294386,-0.08716732318881967,1.2685195554002942,1.505965506049036,-0.18245719450624603,2.8291164336854493,-0.15945125315364114,-1.0318788590013375
-0.3079233918913155,0.7715443142590449,-0.36521057785685535,-0.2760320578977095,-0.2514515474533052,-0.669618011163939,-0.5826419037771677,-0.17040221455676607,0.3034611641431663,-0.11774857150367006,0.8718090082975287
-0.3079233918913155,2.0198512149352292,0.7027938744888304,-0.2841404945659393,0.0003835829014006483,-0.7741982310711407,-0.6997689533499947,-0.16844379891214234,0.8378182807561708,0.255922153060388,2.1409342531634397
-0.3079233918913155,0.7715443142590449,2.46967962915191,0.4778481378778758,1.8280087475347504,1.333495431673999,1.2803600261660746,0.5654913482647043,0.4657312436370745,2.230032796746318,0.8718090082975287
2.591622583681666,-0.47676258641713937,-0.3047990006238827,-0.2355580126798229,-0.25511353246765583,-0.5322404441852483,-0.39239421060645846,-0.18245719450624603,5.564152450961807,-0.15945125315364114,-1.0318788590013375
-0.3079233918913155,0.7715443142590449,2.191327812360364,0.15010376498556155,1.4365551770352076,0.5268663390761456,1.1039419713978023,1.5253667588184119,0.9708622975455312,1.9550767899792545,0.8718090082975287
-0.3079233918913155,3.2681581156114135,0.4651527050429272,-0.24163593327483213,-0.14115003331415985,-0.4969678256366655,-0.3116799012314833,-0.15149795932593219,0.3034611641431663,0.011811433733986108,3.4100594980293506
-0.3079233918913155,0.7715443142590449,0.06043279048156282,-0.2752007727939078,-0.24021304171960867,-0.9267368358470294,-1.0886746392302569,-0.18181924848702175,0.7941972916449053,-0.10214527740027411,0.8718090082975287
-0.3079233918913155,-0.47676258641713937,-0.16819096270931672,-0.2369207751450716,-0.25595536810313874,-0.7067470833203421,-0.6225028018510959,-0.18245719450624603,1.5139436119807888,-0.15945125315364114,-0.397316236568382
2.591622583681666,-0.47676258641713937,0.09002613878144317,-0.2008075698159808,-0.23364672376284215,-0.5600872483025504,-0.4243553447139846,-0.18245719450624603,0.19877079027612868,-0.15945125315364114,-1.0318788590013375
-0.3079233918913155,-0.47676258641713937,-0.8587251094424009,-0.27337467109047453,-0.27847447135230596,-0.31503537207029103,-0.31100237323931856,-0.18245719450624603,-0.40319885945933764,-0.15945125315364114,-0.397316236568382
2.591622583681666,0.7715443142590449,-0.4213101677639202,-0.2867365570622381,-0.2565446530479767,-0.8019831534015156,-0.7703167578825577,-0.17024822758660849,-0.5144323816930652,-0.11553790071429566,-0.397316236568382
-0.3079233918913155,0.7715443142590449,1.9765501480965024,-0.06752940071465716,0.4351916886283123,1.491293988338712,0.6703789101968445,-0.17686388782042464,1.176644313677927,0.6938309290940788,0.8718090082975287
-0.3079233918913155,2.0198512149352292,-0.12954171203417186,-0.2927327119093324,-0.29043274655434037,-0.8608946145563415,-0.8762738227255044,-0.1739405127545593,0.11807196042028725,-0.15945125315364114,2.1409342531634397
-0.3079233918913155,-0.47676258641713937,-0.9057458340110169,-0.2798477928004059,-0.28247319062084963,-0.6529099286935578,-0.5420484745079748,-0.18245719450624603,-0.05641199602477548,-0.15945125315364114,-0.397316236568382
-0.3079233918913155,0.7715443142590449,-0.39497082208100853,-0.2803928977865054,-0.2593227106450703,-0.8524786915342236,-0.8611664635895688,-0.1737459316230452,-0.5144323816930652,-0.1252807739162199,0.8718090082975287
-0.3079233918913155,-0.47676258641713937,-0.5120782755208607,-0.2561357259050784,-0.2678252505634474,-0.6863260936343205,-0.5896124465006187,-0.18245719450624603,0.2772885706764069,-0.15945125315364114,-0.397316236568382
-0.3079233918913155,-0.47676258641713937,-0.5093800455226174,-0.26996776492735275,-0.2763698822635987,-0.8404117430833926,-0.8656756488545739,-0.18245719450624603,-0.5144323816930652,-0.15945125315364114,-0.397316236568382
-0.3079233918913155,2.0198512149352292,-0.020050329434662815,-0.27712226786990846,-0.21386358632899427,-0.777911138286781,-0.7278799078257032,-0.17527602354219565,-0.5144323816930652,-0.062083758552387056,2.1409342531634397
-0.3079233918913155,0.7715443142590449,2.0461168080875787,-0.24387767753016623,0.9440813302777179,-0.6798285060069499,-0.5345360621904511,-0.1584572253002558,0.1235245840591954,1.5926798740668255,0.8718090082975287
2.591622583681666,0.7715443142590449,1.423064892442609,-0.1392107063867392,0.2958678909558943,-0.1396005061312871,0.020590780522246763,-0.08075979978645426,1.3012912900633689,0.5555568392767002,-0.397316236568382
-0.3079233918913155,-0.47676258641713937,-0.19777507091577698,-0.24169044377344204,-0.25890179282732884,-0.38001124834399624,-0.23751852540961735,-0.18245719450624603,1.90653251398218,-0.15945125315364114,-0.397316236568382
-0.3079233918913155,2.0198512149352292,2.11583776638214,-0.25531806842592913,1.7349859098138913,-0.4988242792444856,-0.29152475664086486,-0.13432348368372174,-0.012791006913509798,2.753612720545514,2.1409342531634397
-0.3079233918913155,-0.47676258641713937,-0.9696470074622014,-0.2777355109792704,-0.28116834538585117,-0.38929351638309695,-0.11707712021127631,-0.18245719450624603,0.3902887429691406,-0.15945125315364114,-0.397316236568382
-0.3079233918913155,-0.47676258641713937,2.450921386784679,2.1077120463153305,1.1924228427451697,1.2685195554002942,1.5096883798133705,-0.18245719450624603,0.4408672798436531,-0.15945125315364114,-0.397316236568382
-0.3079233918913155,-0.47676258641713937,-0.357327934424206,-0.251229781030183,-0.264794642275709,-0.6232066709684354,-0.5021875764340465,-0.18245719450624603,-0.5144323816930652,-0.15945125315364114,-0.397316236568382
-0.3079233918913155,-0.47676258641713937,-1.2503598720809044,-0.2858848305214577,-0.28620252248603884,-0.9241378007960813,-0.985613246361616,-0.18245719450624603,-0.5088052740977118,-0.15945125315364114,-0.397316236568382
-0.3079233918913155,-0.47676258641713937,0.9237688526817758,-0.010020824681161692,-0.11578973479523787,-0.7680100523784069,-0.7222117471573843,-0.18245719450624603,2.4299843833173678,-0.15945125315364114,-0.397316236568382
-0.3079233918913155,0.7715443142590449,0.012016370252442538,-0.25204743850933226,-0.22535464275333575,-0.7262398462024536,-0.6533989750475478,-0.18140128385373686,-0.5144323816930652,-0.10133694348282973,0.8718090082975287
-0.3079233918913155,2.0198512149352292,-0.49573079937273407,-0.2784918441474834,-0.26319515456829157,-0.6269195781840757,-0.45166259009913823,-0.15319373293530214,-0.3438743142680163,-0.1326231403330063,2.1409342531634397
-0.3079233918913155,-0.47676258641713937,-0.1542719180291086,-0.2441699900789621,-0.2604335127660899,-0.8868230832788963,-0.9781314210352807,-0.18245719450624603,0.3361769059766156,-0.15945125315364114,-0.397316236568382
-0.3079233918913155,-0.47676258641713937,1.616028206994509,0.4601322258296427,0.1746435594463585,0.8415352256016605,0.43127093241913955,-0.18245719450624603,0.02864893274219257,-0.15945125315364114,-0.397316236568382
-0.3079233918913155,-0.47676258641713937,-0.6960611696170206,-0.2709898367762893,-0.2770012589902109,-0.5452356194399892,-0.4054559362225147,-0.18245719450624603,0.7941972916449053,-0.15945125315364114,-0.397316236568382
2.591622583681666,3.2681581156114135,2.489801580292406,-0.2709898367762893,3.800429641471157,0.19873816389393462,1.6564493737806316,6.130573231855461,1.0526516521291542,5.772617427364273,0.8718090082975287
-0.3079233918913155,-0.47676258641713937,0.08488515139128622,-0.20598606718392592,-0.23684569917767714,-0.6157808565371549,-0.4927889138946613,-0.18245719450624603,-0.5144323816930652,-0.15945125315364114,-0.397316236568382
-0.3079233918913155,0.7715443142590449,1.4018053999242968,-0.18649856393086936,0.196952203786655,-0.37815479473617597,-0.2367620171263127,-0.17981741787497305,1.3503649028135427,0.45414767508822423,0.8718090082975287
2.591622583681666,-0.47676258641713937,-0.018081958862867703,-0.21647933816634096,-0.24332783357089538,-0.4635516606959028,-0.3188993362050581,-0.18245719450624603,0.270745422309717,-0.15945125315364114,-1.0318788590013375
-0.3079233918913155,-0.47676258641713937,-0.6563813631466178,-0.2656409941001881,-0.27369705412094053,-0.5563743410869102,-0.4184785798877553,-0.18245719450624603,3.260964225886979,-0.15945125315364114,-0.397316236568382
-0.3079233918913155,-0.47676258641713937,-1.0202532929444696,-0.2778036491025328,-0.28121043716762534,-0.8793972688476156,-0.9578675256197935,-0.18245719450624603,1.0559232263124991,-0.15945125315364114,-0.397316236568382
-0.3079233918913155,-0.47676258641713937,2.5023372721314505,2.223546855861471,1.2639788717612155,1.3984713079477045,0.9936742115545039,-0.18245719450624603,-0.18727496335857252,-0.15945125315364114,-0.397316236568382
-0.3079233918913155,0.7715443142590449,2.5151109201684974,1.283240754839862,1.7901261439380205,1.4077535759868054,0.9726666273392837,-0.11463835104515291,-0.11857190550832912,1.4510928399362852,0.8718090082975287
2.591622583681666,-0.47676258641713937,-0.11859618380538844,-0.22261176925996015,-0.24711609393056838,1.2313904832438913,1.6194172147971337,-0.18245719450624603,-0.25270644702547107,-0.15945125315364114,-1.0318788590013375
-0.3079233918913155,3.2681581156114135,0.4713210686177442,-0.2833864440248556,-0.1527042274111625,0.40201983395024077,0.8854497346656489,0.8630352855243608,0.38575761272520787,0.03252397995110136,3.4100594980293506
-0.3079233918913155,3.2681581156114135,0.030620503569114606,-0.2691501074482035,-0.2041824765209411,-0.806531464740675,-0.7836093437056101,-0.1752365309986221,0.499755615143862,-0.055163930319719306,3.4100594980293506
-0.3079233918913155,-0.47676258641713937,1.735691795541705,0.30205177986079246,0.07699062573034347,0.6187607926632427,0.34517889304065125,-0.18245719450624603,2.4954158669842665,-0.15945125315364114,-0.397316236568382
-0.3079233918913155,-0.47676258641713937,0.6180285053567828,-0.09928176615495207,-0.17092996891936701,-0.2964708359920896,-0.1660056399102141,-0.18245719450624603,2.3645528996504694,-0.15945125315364114,-0.397316236568382
-0.3079233918913155,-0.47676258641713937,-0.04830493462448588,-0.21995438245272517,-0.24547451444137675,-0.5935034132433131,-0.463624836304372,-0.18245719450624603,1.3830806446469917,-0.15945125315364114,-0.397316236568382
-0.3079233918913155,-0.47676258641713937,2.3774706581744813,1.692750875647099,0.9360838917406303,1.47272945226051,0.7424913791519998,-0.18245719450624603,0.9119739622453225,-0.15945125315364114,-0.397316236568382
-0.3079233918913155,2.0198512149352292,-0.8112251890852878,-0.28468559955203876,-0.27110840954183063,-0.8818725403247092,-0.9448839544718968,-0.1786918053958494,-0.5144323816930652,-0.1385692936196615,2.1409342531634397
-0.3079233918913155,-0.47676258641713937,-1.1678013019506615,-0.2745330191859359,-0.27919003164246636,1.895481370435252,2.244440407720002,-0.18245719450624603,-0.5144323816930652,-0.15945125315364114,-0.397316236568382
-0.3079233918913155,-0.47676258641713937,-0.7939948292782247,-0.2706934359400977,-0.27681815973949336,-0.4839726503819244,-0.33835507121077313,-0.18245719450624603,0.19877079027612868,-0.15945125315364114,-0.397316236568382
2.591622583681666,-0.47676258641713937,-0.1802936011649959,-0.23589870329613505,-0.2553239913765265,-0.7475890626923852,-0.6889835976831252,-0.18245719450624603,1.860730475415351,-0.15945125315364114,-1.0318788590013375
-0.3079233918913155,-0.47676258641713937,-0.12575188803788254,-0.2355580126798229,-0.25511353246765583,-0.7067470833203421,-0.6209847497962874,-0.18245719450624603,-0.18727496335857252,-0.15945125315364114,-0.397316236568382
2.591622583681666,-0.47676258641713937,-0.28069029260210815,-0.251229781030183,-0.264794642275709,-0.8886795368867163,-0.9841061352462837,-0.18245719450624603,-0.5144323816930652,-0.15945125315364114,-1.0318788590013375
-0.3079233918913155,-0.47676258641713937,-0.21933796122783056,-0.25191116226280735,-0.2652155600934505,-0.9907844853168245,-1.433170538252062,-0.18245719450624603,1.0559232263124991,-0.15945125315364114,-0.397316236568382
2.591622583681666,-0.47676258641713937,-0.7198482107398101,-0.25967209450239875,-0.2700098140375255,1.5812709109942915,0.7283947397859654,-0.18245719450624603,-0.5144323816930652,-0.15945125315364114,-1.0318788590013375
-0.3079233918913155,0.7715443142590449,2.107536507332893,-0.26173667963725056,1.432345998857793,0.4665315968219906,1.1323768992240149,1.636305195811313,2.439799105867403,2.3190842499847726,0.8718090082975287
-0.3079233918913155,-0.47676258641713937,-0.8767150023172503,-0.2713986655158639,-0.2772538096808558,0.8320673122017778,0.34714827977344154,-0.18245719450624603,-0.5144323816930652,-0.15945125315364114,-0.397316236568382
-0.3079233918913155,0.7715443142590449,1.1475879879653348,-0.26769876542271365,0.2360975608366093,1.3017500749802746,1.8441771283141926,9.206258165019772,1.693553034646425,0.5840751048338096,0.8718090082975287
2.591622583681666,-0.47676258641713937,-0.7028241453534455,-0.25695338338422763,-0.26833035194473714,1.7914416947438572,1.5145820274559259,-0.18245719450624603,0.20531393864281852,-0.15945125315364114,-1.0318788590013375
-0.3079233918913155,-0.47676258641713937,-0.2960847946184378,-0.23181041590038892,-0.25279848447007786,1.0423181091018403,1.2750308620773705,-0.18245719450624603,0.7287658079780066,-0.15945125315364114,-0.397316236568382
5.491168559254648,-0.47676258641713937,-0.9464107684768521,-0.26942265994125325,-0.2760331480094056,1.5625381282385205,1.600150678112636,-0.18245719450624603,-0.212138927151994,-0.15945125315364114,-1.2433997331456559
-0.3079233918913155,0.7715443142590449,2.349697531175153,-0.23678449889854672,2.063722725469959,1.1450143380060394,1.2856659662102734,1.7891448953749554,1.90653251398218,3.215220377340642,0.8718090082975287
-0.3079233918913155,-0.47676258641713937,-0.6198169895999968,-0.2594744939449377,-0.2698877478703805,0.9070680379577116,0.3184381910108664,-0.18245719450624603,0.035192081108882424,-0.15945125315364114,-0.397316236568382
-0.3079233918913155,-0.47676258641713937,-0.7712526821050572,-0.2662269819602451,-0.27405904344419824,0.934107758151282,0.4609889810183713,-0.18245719450624603,-0.05641199602477548,-0.15945125315364114,-0.397316236568382
-0.3079233918913155,0.7715443142590449,2.5493952446322456,-0.25113438765761564,-0.26473571378122523,0.9770339687065568,1.954974772647835,0.9921372076684011,2.388108233770553,-0.15945125315364114,0.8718090082975287
-0.3079233918913155,-0.47676258641713937,-0.9296505100500295,-0.2729658423508999,-0.27822192066166107,0.6406669452355205,1.826131276014657,-0.18245719450624603,-0.41628515619271733,-0.15945125315364114,-0.397316236568382
-0.3079233918913155,-0.47676258641713937,-0.7576913557538791,-0.26324253216135035,-0.27221542340249066,1.1463630515521208,1.659965696884413,-0.18245719450624603,0.9904917426456007,-0.15945125315364114,-0.397316236568382
2.591622583681666,-0.47676258641713937,-0.8768395972140907,-0.26935452181799086,-0.2759910562276314,1.2295990055123447,1.3760443090087273,-0.18245719450624603,-0.38356941435926806,-0.15945125315364114,-1.0318788590013375
-0.3079233918913155,-0.47676258641713937,-1.3410641731033877,-0.2817556602517541,-0.2836517605105257,1.6832512913873148,1.3061610279248388,-0.18245719450624603,0.1791413451760591,-0.15945125315364114,-0.397316236568382
2.591622583681666,-0.47676258641713937,-0.8560768684080184,-0.26587266371928037,-0.2738401661789726,1.541733832863185,0.8775643627481154,-0.18245719450624603,-0.05641199602477548,-0.15945125315364114,-1.0318788590013375
-0.3079233918913155,-0.47676258641713937,-0.8155748394703441,-0.2658113394083442,-0.27380228357537595,1.1983855227772608,0.7620542255082637,-0.18245719450624603,-0.3639399692591985,-0.15945125315364114,-0.397316236568382
-0.3079233918913155,-0.47676258641713937,-0.7451415277922813,-0.26521172392363473,-0.27343187589576345,0.1475316040294315,-0.1142838082513621,-0.18245719450624603,0.270745422309717,-0.15945125315364114,-0.397316236568382
2.591622583681666,-0.47676258641713937,-0.9031708161987766,-0.27030845554366495,-0.27658034117246943,0.9584918028943296,0.7979443148160669,-0.18245719450624603,-0.5144323816930652,-0.15945125315364114,-1.0318788590013375
-0.3079233918913155,-0.47676258641713937,-0.870209478086392,-0.2679917593527421,-0.2751492205921485,1.3585575553795715,0.8019639018938622,-0.18245719450624603,-0.18073181499188273,-0.15945125315364114,-0.397316236568382
2.591622583681666,-0.47676258641713937,-0.6015520361959764,-0.2521155766325947,-0.2653418354387729,1.2712169824924568,0.9444167471269518,-0.18245719450624603,0.07445097130902148,-0.15945125315364114,-1.0318788590013375
2.591622583681666,-0.47676258641713937,-0.925625630584466,-0.27122150639538156,-0.27714437104824297,0.7926102472211682,0.8177163155157545,-0.18245719450624603,-0.5144323816930652,-0.15945125315364114,-1.0318788590013375
2.591622583681666,-0.47676258641713937,-0.940501092293955,-0.26901383120167865,-0.2757805973187607,1.8330596717239693,0.9199522949872734,-0.18245719450624603,-0.25270644702547107,-0.15945125315364114,-1.0318788590013375
-0.3079233918913155,-0.47676258641713937,-0.6654235910979155,-0.2559994496585535,-0.26774106699989914,1.1047450745720087,1.3407302718308989,-0.18245719450624603,1.1213547099793977,-0.15945125315364114,-0.397316236568382
2.591622583681666,-0.47676258641713937,-1.068204304730848,-0.2744171843763898,-0.2791184756134503,2.9567450501869947,0.8365867139921666,-0.18245719450624603,0.5259282086106213,-0.15945125315364114,-1.0318788590013375
2.591622583681666,-0.47676258641713937,-0.8394334001328198,-0.2635287122790526,-0.27239220888594207,2.6862281998162665,0.9630074913756793,-0.18245719450624603,-0.5144323816930652,-0.15945125315364114,-1.0318788590013375
-0.3079233918913155,-0.47676258641713937,-0.6246325786812128,-0.25140694015066534,-0.2649040809083218,1.3274012514156082,1.500990132008895,-0.18245719450624603,2.3122077127169502,-0.15945125315364114,-0.397316236568382
5.491168559254648,-0.47676258641713937,-0.816372654539625,-0.26364454708859875,-0.2724637649149581,1.6083225960313645,1.0206677940451734,-0.18245719450624603,-0.38356941435926806,-0.15945125315364114,-1.2433997331456559
-0.3079233918913155,-0.47676258641713937,-1.298080659479406,-0.28114241714239213,-0.2832729344745584,1.4938731593360564,1.254757181410157,-0.18245719450624603,-0.10221403459160448,-0.15945125315364114,-0.397316236568382
-0.3079233918913155,-0.47676258641713937,-0.9427387533576609,-0.2717393561321761,-0.27746426858972645,1.2878266729216237,1.0631673513324185,-0.18245719450624603,-0.13492977642505372,-0.15945125315364114,-0.397316236568382
-0.3079233918913155,-0.47676258641713937,-0.7015166440775674,-0.26192746638238534,-0.2714030520142497,0.5532279803071916,0.4455957119870847,-0.18245719450624603,-0.07604144112484505,-0.15945125315364114,-0.397316236568382
2.591622583681666,-0.47676258641713937,-0.8300067877566124,-0.2628814001080595,-0.27199233695908775,2.1055944871663987,0.7835250559304817,-0.18245719450624603,-0.5144323816930652,-0.15945125315364114,-1.0318788590013375
2.591622583681666,-0.47676258641713937,-0.9005188695763243,-0.2673240057447703,-0.2747367211307619,1.4875810811230714,0.8309969413957082,-0.18245719450624603,-0.5144323816930652,-0.15945125315364114,-1.0318788590013375
-0.3079233918913155,-0.47676258641713937,-0.7207093039456274,-0.2561357259050784,-0.2678252505634474,1.999531579644418,0.6909168845238334,-0.18245719450624603,-0.5144323816930652,-0.15945125315364114,-0.397316236568382
2.591622583681666,-0.47676258641713937,-0.9606877260617738,-0.2685504919634941,-0.27549437320269654,3.1024079696173867,1.0706308415895698,-0.18245719450624603,-0.5144323816930652,-0.15945125315364114,-1.0318788590013375
-0.3079233918913155,-0.47676258641713937,-0.7013630076165028,-0.2583842839727387,-0.26921427936199416,1.5002049656562486,1.0158710108287552,-0.18245719450624603,-0.5144323816930652,-0.15945125315364114,-0.397316236568382
-0.3079233918913155,-0.47676258641713937,-0.859298019168596,-0.26731037812011776,-0.2747283027744071,1.366911596614762,0.8253501309936163,-0.18245719450624603,-0.5144323816930652,-0.15945125315364114,-0.397316236568382
-0.3079233918913155,0.7715443142590449,1.4662190830170256,-0.26301767635458434,0.4440309628008826,1.3355375306426014,1.3230353903336816,2.368070788677259,1.245674528946505,0.8823809390797775,0.8718090082975287
-0.3079233918913155,-0.47676258641713937,-0.8893519376427446,-0.26676527313401827,-0.27439156852021396,1.8039207758956244,0.9500630182352868,-0.18245719450624603,-0.1938181117252624,-0.15945125315364114,-0.397316236568382
-0.3079233918913155,-0.47676258641713937,-0.7200799785982065,-0.25824800772621387,-0.2691300957984459,1.508373361530657,0.7020765618331661,-0.18245719450624603,0.2903748674097866,-0.15945125315364114,-0.397316236568382
-0.3079233918913155,-0.47676258641713937,-0.9611302353308857,-0.2677328344843449,-0.27498927182140676,2.14519449907481,1.3276304976865045,-0.18245719450624603,-0.5144323816930652,-0.15945125315364114,-0.397316236568382
-0.3079233918913155,-0.47676258641713937,-0.944265442137015,-0.2698110472438492,-0.2762730711655182,1.3544529364526807,0.989430353688277,-0.18245719450624603,-0.5144323816930652,-0.15945125315364114,-0.397316236568382
-0.3079233918913155,-0.47676258641713937,-0.8904165481933015,-0.26669713501075587,-0.2743494767384398,1.5167630466751179,1.1233901956966998,-0.18245719450624603,0.23802968047626782,-0.15945125315364114,-0.397316236568382
-0.3079233918913155,-0.47676258641713937,-0.7470022849074363,-0.2632084630997191,-0.2721943775116036,1.344044124096561,0.5039949409245233,-0.18245719450624603,-0.05641199602477548,-0.15945125315364114,-0.397316236568382
-0.3079233918913155,-0.47676258641713937,-0.9502676140293392,-0.27239348211549547,-0.27786834969475827,0.9361922678025549,0.9138615628461835,-0.18245719450624603,-0.2069044084586421,-0.15945125315364114,-0.397316236568382
-0.3079233918913155,-0.47676258641713937,-1.111911262014333,-0.27603887171003577,-0.280120260019675,1.579190012145286,1.1629693673322758,-0.18245719450624603,0.362349499443375,-0.15945125315364114,-0.397316236568382
-0.3079233918913155,-0.47676258641713937,-0.7967655322498622,-0.26951123950149447,-0.27608786732571194,0.8009338426171906,0.883103819651172,-0.18245719450624603,-0.030239402558016146,-0.15945125315364114,-0.397316236568382
-0.3079233918913155,-0.47676258641713937,-0.8244760802147941,-0.266029381402784,-0.2739369772770532,1.5916706620003516,0.7814410395442531,-0.18245719450624603,0.5979028406442097,-0.15945125315364114,-0.397316236568382
-0.3079233918913155,-0.47676258641713937,-0.9438656345433591,-0.2687412787086289,-0.27561223019166414,1.9787225911543616,1.348035660754718,-0.18245719450624603,1.3830806446469917,-0.15945125315364114,-0.397316236568382
5.491168559254648,-0.47676258641713937,-1.0029806153539034,-0.26989962680409035,-0.2763277904818246,2.45732932642565,1.1415766645326826,-0.18245719450624603,-0.5144323816930652,-0.15945125315364114,-1.2433997331456559
-0.3079233918913155,-0.47676258641713937,-0.7706520702942362,-0.26353552609137887,-0.2723964180641195,1.6083178230891386,0.5843130171054993,-0.18245719450624603,-0.036782550924706,-0.15945125315364114,-0.397316236568382
-0.3079233918913155,-0.47676258641713937,-0.755673622587074,-0.26305855922854177,-0.27210177559170046,1.1734107136542251,1.1784587785385936,-0.18245719450624603,-0.31813793069236956,-0.15945125315364114,-0.397316236568382
-0.3079233918913155,-0.47676258641713937,-0.7901469366381871,-0.2618661420714492,-0.2713651694106529,1.9162956256841936,1.1139915331573143,-0.18245719450624603,-0.5144323816930652,-0.15945125315364114,-0.397316236568382
-0.3079233918913155,-0.47676258641713937,-0.6859156919812224,-0.2547934048768084,-0.26699604246249675,2.230505507768082,0.7657111455093378,-0.18245719450624603,1.1213547099793977,-0.15945125315364114,-0.397316236568382
-0.3079233918913155,-0.47676258641713937,-1.1265450678392563,-0.277054129746646,-0.2807474275681097,0.7072901734649288,1.0210615548536925,-0.18245719450624603,0.2249433837428881,-0.15945125315364114,-0.397316236568382
-0.3079233918913155,-0.47676258641713937,-0.9693874084790697,-0.2718620047540485,-0.27754003379691994,1.0693659494234915,0.8836516550184984,-0.18245719450624603,0.1464256033426099,-0.15945125315364114,-0.397316236568382
-0.3079233918913155,-0.47676258641713937,-0.852892947112343,-0.26830519471974934,-0.2753428427883096,1.1650871312533781,0.7938849523719357,-0.18245719450624603,-0.06295514439146534,-0.15945125315364114,-0.397316236568382
-0.3079233918913155,-0.47676258641713937,-0.7714371544610492,-0.26085769784716517,-0.27074221104039564,2.380329966849434,0.7700601228069031,-0.18245719450624603,0.1464256033426099,-0.15945125315364114,-0.397316236568382
-0.3079233918913155,-0.47676258641713937,-0.9766269852108089,-0.2700222754259627,-0.27640355568901803,2.1888876031896607,0.7508789924657834,-0.18245719450624603,1.4746847217806496,-0.15945125315364114,-0.397316236568382
-0.3079233918913155,-0.47676258641713937,-0.9138733327835599,-0.26783504166923855,-0.275052409494068,2.14519449907481,0.8955728265241997,-0.18245719450624603,0.07445097130902148,-0.15945125315364114,-0.397316236568382
2.591622583681666,-0.47676258641713937,-0.6843946473156921,-0.2532398556664249,-0.26603634983804625,3.289681198874491,0.6639233020331639,-0.18245719450624603,-0.5144323816930652,-0.15945125315364114,-1.0318788590013375
-0.3079233918913155,-0.47676258641713937,-1.0363917559409621,-0.2771495231192135,-0.2808063560625936,1.0672888952899078,0.8628087007572336,-0.18245719450624603,-0.2461632986587812,-0.15945125315364114,-0.397316236568382
-0.3079233918913155,-0.47676258641713937,-0.6866949052606687,-0.2528991650501127,-0.2658258909291756,2.3241518000892913,1.5312654940452801,-0.18245719450624603,-0.5144323816930652,-0.15945125315364114,-0.397316236568382
5.491168559254648,-0.47676258641713937,-1.0562226726798907,-0.27160989369797744,-0.2773842942043556,1.9787225911543616,1.2528975028230913,-0.18245719450624603,-0.5144323816930652,-0.15945125315364114,-1.2433997331456559
-0.3079233918913155,-0.47676258641713937,-0.9518750538081363,-0.265273048234571,-0.27346975849936017,2.727846176796379,1.7983486076695345,-0.18245719450624603,-0.5144323816930652,-0.15945125315364114,-0.397316236568382
5.491168559254648,-0.47676258641713937,-0.8974405998588662,-0.26692880462984814,-0.27449258879647187,1.7498237177637455,1.1011221213882945,-0.18245719450624603,-0.5144323816930652,-0.15945125315364114,-1.2433997331456559
-0.3079233918913155,-0.47676258641713937,-0.7815858270007577,-0.2615390790797895,-0.2711631288581371,1.735257425820706,0.8770063601544392,-0.18245719450624603,0.035192081108882424,-0.15945125315364114,-0.397316236568382
-0.3079233918913155,-0.47676258641713937,-0.8432915848599752,-0.26731037812011776,-0.2747283027744071,1.545873724408624,1.2562756202625434,-0.18245719450624603,0.270745422309717,-0.15945125315364114,-0.397316236568382
-0.3079233918913155,-0.47676258641713937,-0.8621376060038127,-0.26696287369147936,-0.27451363468735895,0.8529563138423306,0.7291905970802086,-0.18245719450624603,2.7636849500185505,-0.15945125315364114,-0.397316236568382
-0.3079233918913155,-0.47676258641713937,-0.8199829796469259,-0.26301767635458434,-0.27207652052263603,2.1837511840556267,0.9199522949872734,-0.18245719450624603,1.7102380629814844,-0.15945125315364114,-0.397316236568382
-0.3079233918913155,-0.47676258641713937,-0.8872680720091438,-0.26751479248990506,-0.2748545781197295,0.2771733288243357,1.362274410666427,-0.18245719450624603,0.04173522947557228,-0.15945125315364114,-0.397316236568382
-0.3079233918913155,-0.47676258641713937,-0.90246993707864,-0.26992006824106907,-0.27634041801635684,1.358614734150692,0.7424934753401843,-0.18245719450624603,0.669877472677798,-0.15945125315364114,-0.397316236568382
-0.3079233918913155,-0.47676258641713937,-0.9479935845039593,-0.27156901082401996,-0.2773590391352911,0.9986192332727228,1.0265666630907422,-0.18245719450624603,0.41469468637689366,-0.15945125315364114,-0.397316236568382
-0.3079233918913155,-0.47676258641713937,-1.16700732560224,-0.27908464581986664,-0.2820017626649792,1.1359585573070925,1.3218882168794155,-0.18245719450624603,0.31000431250985616,-0.15945125315364114,-0.397316236568382
-0.3079233918913155,-0.47676258641713937,-0.9620250042775369,-0.27205279149918327,-0.27765789078588754,1.541733832863185,1.4933858701219629,-0.18245719450624603,-0.5144323816930652,-0.15945125315364114,-0.397316236568382
-0.3079233918913155,-0.47676258641713937,-0.10401588411350156,-0.20843903962137356,-0.23836100332154633,0.4534237348332551,1.1196560380152323,-0.18245719450624603,-0.32468107905905946,-0.15945125315364114,-0.397316236568382
-0.3079233918913155,-0.47676258641713937,-1.5173855436353996,-0.28570767140097536,-0.2860930838534261,1.6020798994843475,1.2834606940117355,-0.18245719450624603,0.5717302471774502,-0.15945125315364114,-0.397316236568382
-0.3079233918913155,-0.47676258641713937,-1.2885575310714203,-0.2817761016887328,-0.28366438804505795,1.171329818518127,1.1295385468541739,-0.18245719450624603,-0.5144323816930652,-0.15945125315364114,-0.397316236568382
-0.3079233918913155,-0.47676258641713937,-0.6931241505723434,-0.2633242979092653,-0.2722659335406196,0.8196619322582409,1.4194306544873472,-0.18245719450624603,0.0024763392754331413,-0.15945125315364114,-0.397316236568382
-0.3079233918913155,-0.47676258641713937,-1.0658805916384453,-0.2744171843763898,-0.2791184756134503,2.7070371883063222,1.1590051397186398,-0.18245719450624603,0.23148653210957795,-0.15945125315364114,-0.397316236568382
-0.3079233918913155,-0.47676258641713937,-1.2905454580207072,-0.2813468315121795,-0.2833992098198808,1.7394192235187174,1.3388838101917597,-0.18245719450624603,-0.5144323816930652,-0.15945125315364114,-0.397316236568382
-0.3079233918913155,-0.47676258641713937,-0.7379779540320311,-0.2623839918082437,-0.27168506695213646,1.4584978789029612,0.7932053485134505,-0.18245719450624603,0.6371617308443487,-0.15945125315364114,-0.397316236568382
-0.3079233918913155,-0.47676258641713937,-0.8636446157308936,-0.26530030348387595,-0.27348659521206986,2.478138314915706,0.8177163155157545,-0.18245719450624603,1.0886389681459485,-0.15945125315364114,-0.397316236568382
-0.3079233918913155,-0.47676258641713937,-0.7018602459296462,-0.2559313115352911,-0.26769897521812497,1.9579136026643058,0.7323589673996019,-0.18245719450624603,3.2871368193537385,-0.15945125315364114,-0.397316236568382
-0.3079233918913155,-0.47676258641713937,-0.881483039077833,-0.269415846128927,-0.2760289388312282,1.3211585548685914,0.8316372730090957,-0.18245719450624603,0.807283588378285,-0.15945125315364114,-0.397316236568382
-0.3079233918913155,-0.47676258641713937,-0.705074275476879,-0.2602580823624557,-0.27037180336078315,1.4397697892619106,0.8196421341845818,-0.18245719450624603,0.5193850602439314,-0.15945125315364114,-0.397316236568382
-0.3079233918913155,-0.47676258641713937,-0.8294716605786788,-0.26451671506635793,-0.27300253972166716,1.7103555140614892,1.0265495478333604,-0.18245719450624603,-0.5144323816930652,-0.15945125315364114,-0.397316236568382
2.591622583681666,-0.47676258641713937,-0.8824919685676081,-0.2678963659801747,-0.2750902920976647,1.2816214767374847,0.8522794567024784,-0.18245719450624603,0.11370986150916063,-0.15945125315364114,-1.0318788590013375
-0.3079233918913155,-0.47676258641713937,-0.8528602104177011,-0.264993681929195,-0.2732971821940862,2.24923944152509,0.9444167471269518,-0.18245719450624603,1.0101211877456704,-0.15945125315364114,-0.397316236568382
-0.3079233918913155,-0.47676258641713937,-0.9401527563902944,-0.2701449240478351,-0.27647932089621147,1.4356079915638993,0.9630074913756793,-0.18245719450624603,2.5673904990178547,-0.15945125315364114,-0.397316236568382
-0.3079233918913155,-0.47676258641713937,-0.9869631016285928,-0.2721686263087294,-0.2777294468149036,1.3960709134327929,1.0713331471818417,-0.18245719450624603,0.009019487642122999,-0.15945125315364114,-0.397316236568382
-0.3079233918913155,-0.47676258641713937,-1.0780253513924467,-0.27599117502375203,-0.28009079577243307,1.8122506832339136,0.9724465599710277,-0.18245719450624603,0.1922276419094388,-0.15945125315364114,-0.397316236568382
-0.3079233918913155,-0.47676258641713937,-1.1473669109108235,-0.275766319216986,-0.27995189289257844,1.883001244100104,1.081728617300322,-0.18245719450624603,1.4877710185140294,-0.15945125315364114,-0.397316236568382
-0.3079233918913155,-0.47676258641713937,-0.7518673664795069,-0.26192746638238534,-0.2714030520142497,1.2351033904595314,1.486421775932282,-0.18245719450624603,0.17259819680936925,-0.15945125315364114,-0.397316236568382
2.591622583681666,-0.47676258641713937,-0.7343446022191911,-0.26408744488980457,-0.2727373614964901,0.09759003165329692,0.03068253428588827,-0.18245719450624603,-0.5144323816930652,-0.15945125315364114,-1.0318788590013375
-0.3079233918913155,-0.47676258641713937,-0.7295835050813099,-0.2632493459736766,-0.2722196325806681,0.11423722244534178,-0.0910432249536192,-0.18245719450624603,-0.5144323816930652,-0.15945125315364114,-0.397316236568382
-0.3079233918913155,-0.47676258641713937,-0.7080056771859713,-0.25663313420489414,-0.2681325205703987,2.103576522094698,0.8046457867041873,-0.18245719450624603,1.2849334191466442,-0.15945125315364114,-0.397316236568382
-0.3079233918913155,-0.47676258641713937,-0.9931397411002577,-0.2728977042276375,-0.27817982887988696,0.9590487389766756,1.1149229683280566,-0.18245719450624603,-0.4293714529260971,-0.15945125315364114,-0.397316236568382
-0.3079233918913155,-0.47676258641713937,-0.8691776949425922,-0.2635150846544001,-0.2723837905295873,2.1243855105847538,1.1918237648773764,-0.18245719450624603,1.5270299087141685,-0.15945125315364114,-0.397316236568382
-0.3079233918913155,-0.47676258641713937,-0.7497642932485236,-0.2578391789866392,-0.26887754510780104,1.6041607983333532,1.9481346240843354,-0.18245719450624603,1.9719639976490786,-0.15945125315364114,-0.397316236568382
-0.3079233918913155,-0.47676258641713937,-1.0377007523148052,-0.2724275511771267,-0.27788939558564535,1.7498237177637455,1.2618918899497318,-0.18245719450624603,0.9839485942789109,-0.15945125315364114,-0.397316236568382
-0.3079233918913155,-0.47676258641713937,-0.7280793168698919,-0.26387621670769107,-0.2726068769729902,1.2920259709825128,0.4361080290464248,-0.18245719450624603,0.6175322857442791,-0.15945125315364114,-0.397316236568382
-0.3079233918913155,-0.47676258641713937,-0.9519487208581178,-0.2727001036701764,-0.2780577627127419,1.05688440104488,0.7553862260908738,-0.18245719450624603,1.3111060126134035,-0.15945125315364114,-0.397316236568382
-0.3079233918913155,-0.47676258641713937,-0.7504495206335072,-0.26001278511871095,-0.2702202729463962,1.5126012489771066,0.848709965203015,-0.18245719450624603,1.0559232263124991,-0.15945125315364114,-0.397316236568382
-0.3079233918913155,-0.47676258641713937,-0.691154143087659,-0.26099397409369,-0.2708263946039439,0.7156169898079608,0.26412272981889606,-0.18245719450624603,3.1431875552865622,-0.15945125315364114,-0.397316236568382
-0.3079233918913155,-0.47676258641713937,-0.7815866678062793,-0.2684755400279054,-0.275448072242745,1.1609293434951597,0.5809286747064243,-0.18245719450624603,0.061364674575641764,-0.15945125315364114,-0.397316236568382
2.591622583681666,-0.47676258641713937,-0.8889446931017921,-0.2718824461910272,-0.2775526613314522,0.5012844083603839,0.4062222551909072,-0.18245719450624603,0.5455576537106909,-0.15945125315364114,-1.0318788590013375
-0.3079233918913155,-0.47676258641713937,-0.7549756782338974,-0.2667993421956495,-0.274412614411101,0.4284529486451878,0.5623894452550664,-0.18245719450624603,-0.04986884765808572,-0.15945125315364114,-0.397316236568382
-0.3079233918913155,-0.47676258641713937,-0.68904677165666,-0.2606328420403991,-0.27060330816054096,0.734417852430438,0.39575109181706714,-0.18245719450624603,-0.3901125627259579,-0.15945125315364114,-0.397316236568382
-0.3079233918913155,-0.47676258641713937,-1.284170720660651,-0.28054280165768275,-0.28290252679494593,1.7123675384816446,1.3351662489856977,-0.18245719450624603,1.0951821165126383,-0.15945125315364114,-0.397316236568382
-0.3079233918913155,-0.47676258641713937,-0.9879696850616386,-0.272352599241538,-0.2778430946256938,0.9486740241039707,0.8792318212006321,-0.18245719450624603,-0.5144323816930652,-0.15945125315364114,-0.397316236568382
-0.3079233918913155,-0.47676258641713937,-0.7485665979970694,-0.26068735253900904,-0.2706369815859603,1.4397697892619106,0.9634618345837731,-0.18245719450624603,0.0875372680424012,-0.15945125315364114,-0.397316236568382
-0.3079233918913155,-0.47676258641713937,-0.7350865744523916,-0.2563878369611494,-0.26798099015601173,2.3491225862773586,0.7856323815989522,-0.18245719450624603,-0.3901125627259579,-0.15945125315364114,-0.397316236568382
-0.3079233918913155,-0.47676258641713937,-1.0256846518600728,-0.2737630583930704,-0.27871439450841856,1.2067091181732832,1.4773510514138104,-0.18245719450624603,-0.3312242274257493,-0.15945125315364114,-0.397316236568382
-0.3079233918913155,0.7715443142590449,1.6986661651140889,-0.25591768391063857,0.7605611617424485,1.1498303499554465,1.7966797932463436,8.133433187741971,0.1791413451760592,1.3365053833967462,0.8718090082975287
-0.3079233918913155,-0.47676258641713937,-0.86035308872617,-0.27287726279065877,-0.2781672013453547,0.9133023804634931,0.5200331056191805,-0.18245719450624603,-0.5144323816930652,-0.15945125315364114,-0.397316236568382
-0.3079233918913155,-0.47676258641713937,-0.8277313141186924,-0.2654842764166845,-0.27360024302286,1.2358417020593617,0.8253669474314972,-0.18245719450624603,0.7353089563446965,-0.15945125315364114,-0.397316236568382
-0.3079233918913155,-0.47676258641713937,-0.45289111777186436,-0.2436800769727052,-0.2601308728551338,1.3232394537175969,1.5096904759991314,-0.18245719450624603,0.0875372680424012,-0.15945125315364114,-0.397316236568382
-0.3079233918913155,-0.47676258641713937,-0.8673399683399244,-0.26919780413448724,-0.27589424512955085,1.0319136148568124,0.2783817091434915,-0.18245719450624603,1.4354258315805104,-0.15945125315364114,-0.397316236568382
-0.3079233918913155,-0.47676258641713937,-0.9005006717514614,-0.27013129642318257,-0.2764709025398567,1.3482102399056641,0.9808068959712454,-0.18245719450624603,0.3754357961767547,-0.15945125315364114,-0.397316236568382
-0.3079233918913155,-0.47676258641713937,-0.6747046634711651,-0.252851468363829,-0.26579642668193365,2.3303944966363086,0.9808068959712454,-0.18245719450624603,0.4735830216771024,-0.15945125315364114,-0.397316236568382
2.591622583681666,-0.47676258641713937,-0.8929959794596923,-0.2669219908175219,-0.2744883796182945,1.959994501513311,0.9153925818174261,-0.18245719450624603,-0.10875718295829434,-0.15945125315364114,-1.0318788590013375
-0.3079233918913155,-0.47676258641713937,-0.8874596472886463,-0.26544339354272706,-0.27357498795379553,1.772713605102807,1.6977133654576309,-0.18245719450624603,-0.09567088622491463,-0.15945125315364114,-0.397316236568382
-0.3079233918913155,-0.47676258641713937,-1.2063083443778861,-0.27690422587546865,-0.2806548256482066,2.342879889730342,1.1532759695522175,-0.18245719450624603,-0.1414729247917436,-0.15945125315364114,-0.397316236568382
-0.3079233918913155,-0.47676258641713937,-0.8243446298666752,-0.26301086254225814,-0.2720723113444586,1.4002327111308042,1.1043767905914645,-0.18245719450624603,-0.2788790404922305,-0.15945125315364114,-0.397316236568382
-0.3079233918913155,-0.47676258641713937,-1.0518075303668009,-0.2756845534690711,-0.2799013827544495,0.8030147414661961,0.7678933832838292,-0.18245719450624603,2.881461620618968,-0.15945125315364114,-0.397316236568382
-0.3079233918913155,-0.47676258641713937,-0.8808486272760517,-0.27022668979575004,-0.2765298310343405,0.008111381146055986,0.11113686162900928,-0.18245719450624603,0.5979028406442097,-0.15945125315364114,-0.397316236568382
-0.3079233918913155,-0.47676258641713937,-1.1300847746740479,-0.2728159384797225,-0.27812931874175795,1.7165293361796556,2.0673705640458415,-0.18245719450624603,0.6633343243111081,-0.15945125315364114,-0.397316236568382
-0.3079233918913155,-0.47676258641713937,-0.7973085756249265,-0.27204597768685707,-0.27765368160771015,0.9674057505376389,0.5820605370533459,-0.18245719450624603,-0.5144323816930652,-0.15945125315364114,-0.397316236568382
-0.3079233918913155,-0.47676258641713937,-0.48374245293734075,-0.25224026939816496,-0.26541886339941956,0.33980665767754914,0.12954573030108593,-0.18245719450624603,-0.4293714529260971,-0.15945125315364114,-0.397316236568382
2.591622583681666,-0.47676258641713937,-1.1712900670049884,-0.2813195762628745,-0.2833823731071712,0.984049243274097,1.1561482687492612,-0.18245719450624603,-0.22653385355871167,-0.15945125315364114,-1.0318788590013375
-0.3079233918913155,-0.47676258641713937,-0.9442371370316023,-0.2752539205300525,-0.2796353626936368,0.6760767445669994,0.700390892397045,-0.18245719450624603,-0.09567088622491463,-0.15945125315364114,-0.397316236568382
-0.3079233918913155,-0.47676258641713937,-1.1167913385709616,-0.27945259168548375,-0.2822290582865596,1.0818513220965353,1.4021332125530925,-0.18245719450624603,-0.10875718295829434,-0.15945125315364114,-0.397316236568382
-0.3079233918913155,-0.47676258641713937,-0.8956951619449713,-0.27298628378787865,-0.2782345481961933,1.2608083149397185,1.130757856413393,-0.18245719450624603,-0.21999070519202182,-0.15945125315364114,-0.397316236568382
-0.3079233918913155,-0.47676258641713937,-0.8246540325941626,-0.2657636427220605,-0.273772819328134,0.6531900243377927,0.16958850395166528,-0.18245719450624603,1.9457914041823192,-0.15945125315364114,-0.397316236568382
-0.3079233918913155,-0.47676258641713937,-1.123304368907616,-0.27630461039075926,-0.28028441796859416,1.407753575986805,0.9234646853661354,-0.18245719450624603,-0.023696254191326288,-0.15945125315364114,-0.397316236568382
-0.3079233918913155,-0.47676258641713937,2.68740303930253,3.8656756264861643,2.2783908125180954,1.3799067718695028,1.0741285388976252,-0.18245719450624603,2.2336899323166723,-0.15945125315364114,-0.397316236568382
2.591622583681666,-0.47676258641713937,0.9786585474120886,0.1657755333359217,-0.007192937817945303,1.3427776997131,1.1970516189730827,-0.18245719450624603,0.07445097130902148,-0.15945125315364114,-1.0318788590013375
-0.3079233918913155,-0.47676258641713937,1.40198961844755,0.42470040173317625,0.1527558329238034,1.3799067718695028,1.0844555544972654,-0.18245719450624603,1.9719639976490786,-0.15945125315364114,-0.397316236568382
-0.3079233918913155,5.764771916963783,1.529727146519577,-0.2538735402127655,1.1297060879016947,0.07605752131048653,1.6706018416247572,5.143204222815514,0.28383171904309673,1.8717204166137025,5.9483099877611725
2.591622583681666,-0.47676258641713937,0.595050486716831,-0.09314933506133288,-0.16714170855969404,0.8044061534452573,0.4180995652703406,-0.18245719450624603,0.20531393864281852,-0.15945125315364114,-1.0318788590013375
-0.3079233918913155,-0.47676258641713937,0.01381585121954367,-0.19535651995498599,-0.2302793812209106,0.4089815349795663,0.2568066910973427,-0.18245719450624603,0.270745422309717,-0.15945125315364114,-0.397316236568382
-0.3079233918913155,-0.47676258641713937,-0.758930640702317,-0.2634946432174214,-0.272371162995055,1.47272945226051,0.624992853205252,-0.18245719450624603,-0.5144323816930652,-0.15945125315364114,-0.397316236568382
-0.3079233918913155,-0.47676258641713937,0.878028271840903,0.04994072378978148,-0.0787489668339908,1.2313904832438913,1.6659343204561392,-0.18245719450624603,-0.18727496335857252,-0.15945125315364114,-0.397316236568382
-0.3079233918913155,0.7715443142590449,1.8352540808127393,0.9357363262014418,0.46844419622988637,1.2592372873611934,1.6573814072078445,4.4600106159972155,0.8563572011284587,-0.15945125315364114,0.8718090082975287
-0.3079233918913155,-0.47676258641713937,2.3972981567141916,2.478383436862979,1.4214021355965154,1.2685195554002942,0.5687010323991702,-0.18245719450624603,0.20531393864281852,-0.15945125315364114,-0.397316236568382
-0.3079233918913155,-0.47676258641713937,1.2025806355402004,0.4178865894069327,0.14854665474638895,1.21282594716569,1.7250459027768796,-0.18245719450624603,0.20531393864281852,-0.15945125315364114,-0.397316236568382
2.591622583681666,-0.47676258641713937,-0.5412766486070912,-0.24257623937585374,-0.2594489859903927,1.3984713079477045,0.9808068959712454,-0.18245719450624603,-0.27233589212554066,-0.15945125315364114,-1.0318788590013375
-0.3079233918913155,-0.47676258641713937,0.41050527451625457,-0.12721839669255058,-0.18818759944676622,-0.08112221748495257,-0.009178363788039939,-0.18245719450624603,-0.5144323816930652,-0.15945125315364114,-0.397316236568382
-0.3079233918913155,-0.47676258641713937,-0.7102950765752029,-0.26363091946394623,-0.2724553465586033,1.4541649161823087,0.7979358250494734,-0.18245719450624603,0.04827837784226205,-0.15945125315364114,-0.397316236568382
2.591622583681666,-0.47676258641713937,-0.5880122393008714,-0.24986701856493432,-0.2639528066402261,1.3056486275566972,0.5763416803334551,-0.18245719450624603,0.07445097130902148,-0.15945125315364114,-1.0318788590013375
-0.3079233918913155,-0.47676258641713937,2.1700994876307713,1.9305529258329988,1.0829842101323943,1.2870840914784953,1.4417192447525131,-0.18245719450624603,1.5139436119807888,-0.15945125315364114,-0.397316236568382
-0.3079233918913155,-0.47676258641713937,0.8523081375565861,0.0015626562734523367,-0.10863413189363332,-0.541522712224349,-0.4013280860227125,-0.18245719450624603,0.7287658079780066,-0.15945125315364114,-0.397316236568382
-0.3079233918913155,0.7715443142590449,0.2598460192327021,-0.22547357043698243,-0.18086362941806508,0.033049679395986326,0.1057333558341075,-0.07488629678187188,0.8367277560283891,-0.06049158568469358,0.8718090082975287
-0.3079233918913155,-0.47676258641713937,1.874578347544923,1.0720125727263123,0.552627759778175,1.3613422357913014,1.1638139779496997,-0.18245719450624603,0.3492632027099953,-0.15945125315364114,-0.397316236568382
-0.3079233918913155,-0.47676258641713937,1.0915478746029625,0.18962387647777404,0.007539185803005202,1.21282594716569,1.7153046503220462,-0.18245719450624603,-0.2069044084586421,-0.15945125315364114,-0.397316236568382
-0.3079233918913155,-0.47676258641713937,2.2790831888179888,2.0055048614216777,1.1292851700839535,1.4541649161823087,0.811230013755121,-0.18245719450624603,-0.5144323816930652,-0.15945125315364114,-0.397316236568382
-0.3079233918913155,-0.47676258641713937,2.063679240079453,1.511503467769021,0.8241197522214064,1.1571323389310852,1.96087126543378,-0.18245719450624603,2.6262788343180636,-0.15945125315364114,-0.397316236568382
-0.3079233918913155,-0.47676258641713937,2.1623369299054267,1.9782496121167032,1.1124484573742957,1.1385678028528838,2.01567028295015,-0.18245719450624603,0.6960500661445573,-0.15945125315364114,-0.397316236568382
-0.3079233918913155,0.7715443142590449,-0.13271712523689175,-0.23576242704961017,-0.22876407707704144,-0.5331686709891584,-0.3110023732393188,-0.17673767847182123,0.5095703376938966,-0.12093291723905698,0.8718090082975287
-0.3079233918913155,-0.47676258641713937,1.8542507632466825,1.0754194788894345,0.5547323488668824,1.3984713079477045,0.9719875996719469,-0.18245719450624603,0.4670398733104125,-0.15945125315364114,-0.397316236568382
2.591622583681666,-0.47676258641713937,2.4733950305354027,2.7550242173084674,1.592294769599542,1.0828741946182794,2.2271022614505775,-0.18245719450624603,3.2217053356868397,-0.15945125315364114,-1.0318788590013375
-0.3079233918913155,-0.47676258641713937,1.8940654356629594,1.099949203263911,0.5698853903055744,1.21282594716569,1.7289234452454636,-0.18245719450624603,0.16605504844267938,-0.15945125315364114,-0.397316236568382
2.591622583681666,0.7715443142590449,0.23626027734109695,-0.20169336541839247,-0.18019016090967876,0.16392965874730686,0.16438807529606875,-0.07940704246807859,0.7614815498114559,-0.08088364587476754,-0.397316236568382
-0.3079233918913155,-0.47676258641713937,-0.29455163970403464,-0.228062819120955,-0.25048343647249993,0.8600997616798619,0.43608972746903785,-0.18245719450624603,2.9534362526525566,-0.15945125315364114,-0.397316236568382
-0.3079233918913155,-0.47676258641713937,2.381472659433023,2.223546855861471,1.2639788717612155,1.2685195554002942,1.457342289457178,-0.18245719450624603,2.888004768985658,-0.15945125315364114,-0.397316236568382
-0.3079233918913155,4.516465016287598,-0.1531895937187253,-0.2667175764477346,-0.21941970152318138,-0.7429479286728348,-0.6681188295587297,-0.17466872254835944,-0.19643537107193837,-0.07951805145363047,4.679184742895261
2.591622583681666,-0.47676258641713937,1.9172577067837016,1.065198760400069,0.5484185816007607,1.3056486275566972,1.3370270640401287,-0.18245719450624603,5.047243729993308,-0.15945125315364114,-1.0318788590013375
-0.3079233918913155,-0.47676258641713937,1.465619870930346,0.6018595222155083,0.2621944655365788,1.3056486275566972,1.3664531919622789,-0.18245719450624603,-0.3050516339589899,-0.15945125315364114,-0.397316236568382
-0.3079233918913155,0.7715443142590449,1.8638106067472775,0.4110727770806891,0.8258034234923721,1.3799067718695028,1.0758632217746933,0.11821028405634383,0.6927784919612124,0.8319825440754806,0.8718090082975287
-0.3079233918913155,-0.47676258641713937,0.5800008424531655,-0.07270789808260225,-0.15451417402745068,1.4170358440259059,0.9348020045611019,-0.18245719450624603,0.270745422309717,-0.15945125315364114,-0.397316236568382
-0.3079233918913155,0.7715443142590449,-0.019893654876464384,-0.24373458747131513,-0.21091716160480423,-0.274193392698248,-0.145296690323292,-0.16707609600136208,0.7941972916449053,-0.0878034741074353,0.8718090082975287
-0.3079233918913155,-0.47676258641713937,1.547833476952978,0.5602952670254225,0.2365184786543507,1.2870840914784953,1.455945884547473,-0.18245719450624603,1.6971517662481046,-0.15945125315364114,-0.397316236568382
2.591622583681666,-0.47676258641713937,-0.643603515312232,-0.25565875904224133,-0.2675306080910284,0.8972288338362647,0.45028643368973464,-0.18245719450624603,-0.5144323816930652,-0.15945125315364114,-1.0318788590013375
-0.3079233918913155,-0.47676258641713937,1.2591108559055344,0.3497484661444972,0.10645487297224453,1.491293988338712,0.6639233020331639,-0.18245719450624603,2.377639196383849,-0.15945125315364114,-0.397316236568382
-0.3079233918913155,-0.47676258641713937,3.2135276772823618,8.231966565143026,4.975632188605268,1.0828741946182794,2.287205442692727,-0.18245719450624603,-0.14801607315843343,-0.15945125315364114,-0.397316236568382
-0.3079233918913155,-0.47676258641713937,1.7737500138797275,1.1605921329674787,0.6073470760845628,1.1385678028528838,2.004124991247238,-0.18245719450624603,2.508502163717646,-0.15945125315364114,-0.397316236568382
2.591622583681666,-0.47676258641713937,-0.3269313901485729,-0.2205676255620871,-0.24585334047734406,-0.5693695163416511,-0.4363625679363181,-0.18245719450624603,0.7941972916449053,-0.15945125315364114,-1.0318788590013375
-0.3079233918913155,0.7715443142590449,-0.7012991439279792,-0.2737153617067867,-0.264794642275709,-0.7769351229635074,-0.567648202849905,-0.16936830204285083,-0.06295514439146534,-0.1392429052175318,0.8718090082975287
-0.3079233918913155,-0.47676258641713937,3.383437391799704,11.091042217234815,6.741803351848366,1.0457451224618766,2.377802563779235,-0.18245719450624603,2.1093701133495655,-0.15945125315364114,-0.397316236568382
-0.3079233918913155,-0.47676258641713937,3.2166542048150544,8.819317187665218,5.338463347498394,1.1756968750092867,1.8766486801290256,-0.18245719450624603,1.3503649028135423,-0.15945125315364114,-0.397316236568382
-0.3079233918913155,0.7715443142590449,3.111154274874497,1.1660431828284734,6.967415302157781,1.1385678028528836,2.0710481557590183,6.877694158551739,2.0112228878492178,9.08862361142585,0.8718090082975287
-0.3079233918913155,-0.47676258641713937,1.8855779420744234,1.405889376712246,0.7588774904714827,1.2313904832438913,1.6175205091339167,-0.18245719450624603,1.1867861936462962,-0.15945125315364114,-0.397316236568382
-0.3079233918913155,-0.47676258641713937,1.758989291748596,1.0038744494638772,0.5105359780040307,1.2313904832438913,1.6539085617924487,-0.18245719450624603,0.3361769059766156,-0.15945125315364114,-0.397316236568382
-0.3079233918913155,-0.47676258641713937,1.4961259322742402,0.6086733345417519,0.2664036437139933,1.1014387306964808,2.1529701443692115,-0.18245719450624603,1.8411010303152815,-0.15945125315364114,-0.397316236568382
-0.3079233918913155,-0.47676258641713937,2.317599067882054,2.3598231023863416,1.348162435309504,1.2685195554002942,1.512141306973548,-0.18245719450624603,0.7941972916449053,-0.15945125315364114,-0.397316236568382
-0.3079233918913155,-0.47676258641713937,1.6263210749532253,0.8607843906127628,0.4221432362783275,1.2313904832438913,1.6709833501721294,-0.18245719450624603,1.0559232263124991,-0.15945125315364114,-0.397316236568382
5.491168559254648,0.7715443142590449,2.362573150126337,0.39880791489345074,2.570928695848399,1.1756968750092867,2.0207750719998567,11.397085953612015,0.938146555712082,3.3819086291045495,-0.8203579848570189
-0.3079233918913155,0.7715443142590449,1.9621867313430257,0.5473490236055599,0.733622421406996,1.3427776997131,0.8144656634918002,0.21606108426159898,0.5979028406442097,0.5753977627048802,0.8718090082975287
2.591622583681666,-0.47676258641713937,1.623983475614913,0.7926462673503275,0.38005145450418315,1.194261411087488,1.7676395601585642,-0.18245719450624603,1.3176491609800933,-0.15945125315364114,-1.0318788590013375
-0.3079233918913155,-0.47676258641713937,0.8062762392736793,0.050553966899143404,-0.07837014079802349,0.9174605952060412,1.8675475263216392,-0.18245719450624603,2.0701112231494263,-0.15945125315364114,-0.397316236568382
-0.3079233918913155,0.7715443142590449,1.6831510864131591,0.4178865894069327,0.4347707708105708,1.3427776997131,0.9607262457787109,0.5796308402380191,0.5651870988107603,0.2569631891661876,0.8718090082975287
2.591622583681666,-0.47676258641713937,1.914204064224512,1.1108513029859008,0.5766200753894375,1.4170358440259059,0.9174252608220435,-0.18245719450624603,0.0024763392754331413,-0.15945125315364114,-1.0318788590013375
-0.3079233918913155,0.7715443142590449,2.2812224503858785,0.49283852499561154,1.8111720348250926,1.352059967752201,1.1674473444532187,0.37689821604231305,0.12025300987585048,2.1920655975936274,0.8718090082975287
-0.3079233918913155,-0.47676258641713937,3.5211845387893046,13.498362112096657,8.228906001928888,1.1756968750092867,1.8622338488193653,-0.18245719450624603,0.4277809831102734,-0.15945125315364114,-0.397316236568382
-0.3079233918913155,2.0198512149352292,2.9298159873962715,0.2277812255047379,7.3672872290121525,1.2623313767075606,1.7490869508704598,6.026029232836546,1.4419689799472004,10.513618328011498,2.1409342531634397
-0.3079233918913155,0.7715443142590449,2.830164431555247,-0.23760215637769597,4.489893026931642,0.5621389576247282,1.6880271790590349,6.96439041204998,0.9348749815287369,6.745679999196932,0.8718090082975287
-0.3079233918913155,-0.47676258641713937,2.4830243590433265,3.1093424582731313,1.8111720348250926,1.1756968750092867,1.8904347315823724,-0.18245719450624603,2.6720808728848926,-0.15945125315364114,-0.397316236568382
2.591622583681666,0.7715443142590449,1.7461669178497987,0.826715328981545,0.40109734539125524,1.370624503830402,1.1187172657200106,-0.09156550544518428,-0.3901125627259579,-0.15945125315364114,-0.397316236568382
-0.3079233918913155,-0.47676258641713937,2.3188278039272427,2.28282702309979,1.300598721904721,1.3242131636348986,1.3093658852259127,-0.18245719450624603,0.5128419118772416,-0.15945125315364114,-0.397316236568382
-0.3079233918913155,-0.47676258641713937,1.461244037096094,0.4451418387119069,0.16538336745604673,1.21282594716569,1.72061449933225,-0.18245719450624603,0.7287658079780066,-0.15945125315364114,-0.397316236568382
-0.3079233918913155,-0.47676258641713937,0.1161887244074214,-0.17491508297625538,-0.21765184668866733,0.4312589782734079,0.266533243016062,-0.18245719450624603,0.4670398733104125,-0.15945125315364114,-0.397316236568382
-0.3079233918913155,0.7715443142590449,2.3064547718073336,-0.24898122296252262,2.349946841534141,1.1736768678386178,1.809605282784451,6.564468984651697,1.3621425698735843,3.6425963174803604,0.8718090082975287
2.591622583681666,0.7715443142590449,1.8553360745492484,-0.141527402577662,1.0366832501808358,0.6447511431727249,0.5597944409903893,0.19811060316894266,0.6011744148275544,1.6354174680807974,-0.397316236568382
-0.3079233918913155,-0.47676258641713937,1.6968542150301074,1.0175020741163643,0.5189543343588596,1.194261411087488,1.7835558226461932,-0.18245719450624603,2.1028269649828757,-0.15945125315364114,-0.397316236568382
-0.3079233918913155,-0.47676258641713937,2.2224987766480164,2.5710512844998914,1.4786469588093518,1.194261411087488,1.774223787209498,-0.18245719450624603,2.645908279418133,-0.15945125315364114,-0.397316236568382
-0.3079233918913155,-0.47676258641713937,0.5442001357910634,-0.07270789808260225,-0.15451417402745068,1.3613422357913014,1.170233274000359,-0.18245719450624603,-0.31813793069236956,-0.15945125315364114,-0.397316236568382
-0.3079233918913155,0.7715443142590449,3.2415748233695947,-0.260769118286924,9.055167678155343,0.2966660917064473,1.6667357266918061,6.692415874886378,1.2849334191466442,13.408311076314193,0.8718090082975287
-0.3079233918913155,-0.47676258641713937,1.2365153070363577,0.2884241552083054,0.06857226937551458,1.4356003801041073,0.8775622665623539,-0.18245719450624603,1.7102380629814844,-0.15945125315364114,-0.397316236568382
-0.3079233918913155,-0.47676258641713937,0.5090686536813517,-0.09519347875920595,-0.16840446201291837,1.2870840914784953,1.454546897741395,-0.18245719450624603,-0.05641199602477548,-0.15945125315364114,-0.397316236568382
-0.3079233918913155,-0.47676258641713937,3.1470549611873166,7.072937088449,4.259650980627072,1.1385678028528838,1.9970661980460886,-0.18245719450624603,0.5651870988107603,-0.15945125315364114,-0.397316236568382
-0.3079233918913155,-0.47676258641713937,2.1281681405482646,2.084545084406103,1.1781116369419606,1.0457451224618766,2.379419912998828,-0.18245719450624603,3.391827193220776,-0.15945125315364114,-0.397316236568382
2.591622583681666,2.0198512149352292,1.9169172530856928,-0.26281326198479704,1.3826776963643028,0.6911624833682285,1.5097293800473,3.3608568295434718,1.0341127317568664,2.2477916479628988,0.2372463858645734
-0.3079233918913155,-0.47676258641713937,0.9000043723098057,0.07038216076851211,-0.06612143230174745,1.3242131636348986,1.279320365135689,-0.18245719450624603,-0.25270644702547107,-0.15945125315364114,-0.397316236568382
-0.3079233918913155,-0.47676258641713937,1.8401727321893544,0.9541336194822992,0.4798089773089053,0.7487125452106531,0.395766138530844,-0.18245719450624603,-0.2854221888589203,-0.15945125315364114,-0.397316236568382
-0.3079233918913155,0.7715443142590449,1.8523941469201037,0.2747965305558183,0.8912561441511668,1.2963663595175963,1.4022932312927179,0.09719962388740877,0.8301846076616994,1.0496815650235676,0.8718090082975287
5.491168559254648,-0.47676258641713937,1.9685422243342057,1.2348626873235333,0.6532271182183803,1.194261411087488,0.5454627265703395,-0.18245719450624603,3.0712129232529737,-0.15945125315364114,-1.2433997331456559
-0.3079233918913155,-0.47676258641713937,0.5623202641658244,-0.1020072910854495,-0.1726136401903328,-0.11082547521007495,-0.028193865109638054,-0.18245719450624603,1.0559232263124991,-0.15945125315364114,-0.397316236568382
-0.3079233918913155,0.7715443142590449,1.6806806200469058,0.44105355131616075,0.43897994898798526,1.2963663595175963,1.4253414948194854,1.229859820134867,0.9970348910122904,0.24226620884901717,0.8718090082975287
-0.3079233918913155,-0.47676258641713937,1.2827017597079633,0.29523796753454895,0.07278144755292902,1.4170358440259059,0.9491424796896483,-0.18245719450624603,3.21516218732015,-0.15945125315364114,-0.397316236568382
-0.3079233918913155,-0.47676258641713937,2.445516826352809,3.007135273379478,1.7480343621638759,1.0828741946182794,2.2465579964562927,-0.18245719450624603,5.047243729993308,-0.15945125315364114,-0.397316236568382
-0.3079233918913155,-0.47676258641713937,2.1500623747692384,1.6784418697619876,0.9272446175680601,1.3056486275566972,1.3827607971789815,-0.18245719450624603,4.06577147498983,-0.15945125315364114,-0.397316236568382
-0.3079233918913155,-0.47676258641713937,-0.30292504723840175,-0.23453594083088633,-0.2544821557410436,1.3799067718695028,1.0563146387575444,-0.18245719450624603,-0.32468107905905946,-0.15945125315364114,-0.397316236568382
-0.3079233918913155,-0.47676258641713937,1.807084757319551,1.0720125727263123,0.552627759778175,1.3242131636348986,1.243705421113749,-0.18245719450624603,0.669877472677798,-0.15945125315364114,-0.397316236568382
-0.3079233918913155,-0.47676258641713937,2.31723438879027,2.4960993489112124,1.432345998857793,1.2685195554002942,1.498470709438462,-0.18245719450624603,3.169360148753321,-0.15945125315364114,-0.397316236568382
-0.3079233918913155,-0.47676258641713937,1.5011756654546249,0.5541628359318035,0.23273021829467772,1.1385678028528838,1.9988289129723504,-0.18245719450624603,1.2522176773131948,-0.15945125315364114,-0.397316236568382
-0.3079233918913155,-0.47676258641713937,1.8134259002892,1.0515711357475819,0.5400002252459318,1.21282594716569,1.7430290204796903,-0.18245719450624603,1.1213547099793977,-0.15945125315364114,-0.397316236568382
5.491168559254648,-0.47676258641713937,2.066465685136096,1.4876551246271685,0.809387628600456,1.3613422357913014,1.164639488191147,-0.18245719450624603,0.9250602589787021,-0.15945125315364114,-1.2433997331456559
2.591622583681666,2.0198512149352292,2.2149854857220843,0.6836252701304307,1.5965039477769563,1.4263181120650064,0.9630074913756793,0.5167096444249981,2.1682584486497745,1.7082899954867676,0.2372463858645734
2.591622583681666,2.0198512149352292,2.694729633932359,3.8929308757911385,2.2952275252277534,1.3056486275566972,1.3810933387247175,-0.18245719450624603,3.476888121987744,-0.15945125315364114,0.2372463858645734
-0.3079233918913155,0.7715443142590449,1.6522021982189214,-0.26731037812011776,0.7137551004095998,-0.32153295969766155,-0.16526175452201508,-0.1402427665444722,1.3176491609800933,1.2786482708814852,0.8718090082975287
-0.3079233918913155,4.516465016287598,1.123983433103644,-0.26165491388933565,0.5235844303540155,-0.5136759081070468,-0.28948114721484186,-0.1289337088834107,0.1660550484426795,0.9968949107177306,4.679184742895261
-0.3079233918913155,0.7715443142590449,2.3201603544653557,0.25435509357708774,2.147906289018248,1.3799067718695028,1.0789898208848714,0.37124981273057683,0.6306185824776588,2.896295904458044,0.8718090082975287
-0.3079233918913155,-0.47676258641713937,2.5266926918813306,3.381894951322873,1.9795391619216705,1.3056486275566972,1.3462191457494712,-0.18245719450624603,0.5324713569773111,-0.15945125315364114,-0.397316236568382
-0.3079233918913155,-0.47676258641713937,-0.11382606906943872,-0.21259887204654526,-0.24093070659885785,-0.6330458750898822,-0.6554507676268888,-0.18245719450624603,-0.5144323816930652,-0.15945125315364114,-0.397316236568382
-0.3079233918913155,-0.47676258641713937,2.281119349351103,2.5451587976601657,1.462652081735177,1.21282594716569,1.7100048687330398,-0.18245719450624603,0.5586439504440706,-0.15945125315364114,-0.397316236568382
-0.3079233918913155,-0.47676258641713937,1.9413755609057795,1.2880104234682328,0.6860587080022128,1.1200032667746824,2.073866638902861,-0.18245719450624603,1.7364106564482438,-0.15945125315364114,-0.397316236568382
-0.3079233918913155,2.0198512149352292,0.4200245855530809,-0.23187855402365137,-0.11452698134201353,-0.7214749486090486,-0.5286724328987826,-0.17220370187783735,-0.5144323816930652,0.0417749023556173,2.1409342531634397
-0.3079233918913155,-0.47676258641713937,1.4937400000814032,0.5814180852367776,0.2495669310043355,1.3056486275566972,1.3160659945640008,-0.18245719450624603,1.1213547099793977,-0.15945125315364114,-0.397316236568382
-0.3079233918913155,-0.47676258641713937,2.5805412244069137,3.1979220185142974,1.8658913511314803,1.4170358440259059,0.9249589159354751,-0.18245719450624603,0.15951190007598953,-0.15945125315364114,-0.397316236568382
-0.3079233918913155,-0.47676258641713937,0.9298359175984029,0.06629387337276599,-0.06864693920819613,0.35514438035278184,0.23144999086029724,-0.18245719450624603,3.7451572050220285,-0.15945125315364114,-0.397316236568382
-0.3079233918913155,-0.47676258641713937,1.3309984068630818,0.308865592187036,0.08119980390775791,0.5667800916442787,0.32477582615819955,-0.18245719450624603,1.8411010303152815,-0.15945125315364114,-0.397316236568382
-0.3079233918913155,0.7715443142590449,1.1807201470487818,-0.27894836957334174,0.21854528783679103,0.12772881339481393,1.5601877179097472,5.16424670075049,1.0461085037624644,0.5686493992425794,0.8718090082975287
-0.3079233918913155,0.7715443142590449,0.24727414536779121,-0.2258892129888833,-0.1859146432309624,-0.5619437019103706,-0.425145189862663,-0.17972942532059727,0.22821495792623295,-0.06746652759355072,0.8718090082975287
-0.3079233918913155,0.7715443142590449,1.504791250482223,-0.19263099502448855,0.5610461161330039,1.3149308955957981,1.4569779747678593,2.7993684937639367,-0.05641199602477557,0.9893627083051806,0.8718090082975287
-0.3079233918913155,-0.47676258641713937,2.545477086922996,3.2115496431667845,1.8743097074863093,1.2870840914784953,1.4284878919120776,-0.18245719450624603,-0.38356941435926806,-0.15945125315364114,-0.397316236568382
-0.3079233918913155,-0.47676258641713937,1.9154776170368242,1.711829550160581,0.9478695906373911,1.0828741946182794,2.2480550021442913,-0.18245719450624603,0.13333930660923018,-0.15945125315364114,-0.397316236568382
-0.3079233918913155,-0.47676258641713937,-0.2674838239355883,-0.22281618362974745,-0.2472423692758908,0.9715675482356501,0.6300622835398614,-0.18245719450624603,1.1278978583460875,-0.15945125315364114,-0.397316236568382
-0.3079233918913155,-0.47676258641713937,2.340550314737938,3.2115496431667845,1.8743097074863093,1.1014387306964808,2.1387279633215077,-0.18245719450624603,3.7386140566553387,-0.15945125315364114,-0.397316236568382
-0.3079233918913155,0.7715443142590449,2.8001788815456607,-0.23964630007556897,4.673413195466912,0.45817755558679996,0.9650460638812843,1.041777804433572,3.5488627540213327,7.014512264165173,0.8718090082975287
-0.3079233918913155,-0.47676258641713937,-0.1264183545076248,-0.21320870824974406,-0.24130742804573643,-0.4635516606959028,-0.31905762058884746,-0.18245719450624603,0.5324713569773111,-0.15945125315364114,-0.397316236568382
-0.3079233918913155,3.2681581156114135,2.080925208565057,-0.014790493309532176,1.8111720348250926,1.4216769780454563,0.9562479550978176,0.2301463280442188,0.17586977099271425,2.6482843616057927,3.4100594980293506
-0.3079233918913155,-0.47676258641713937,1.6564553024065238,0.724508144087892,0.3379596727300387,1.0457451224618766,2.3827274925735282,-0.18245719450624603,2.1682584486497736,-0.15945125315364114,-0.397316236568382
2.591622583681666,2.0198512149352292,2.4619330567675615,0.02541099941530471,3.8362076559791793,1.064309658540078,1.753252987444821,5.149308211310734,0.7178605607001903,5.558286464405537,0.2372463858645734
2.591622583681666,-0.47676258641713937,2.172329655436112,1.6988833067407183,0.9398721521003035,1.2313904832438913,1.627845428547796,-0.18245719450624603,2.9534362526525566,-0.15945125315364114,-1.0318788590013375
5.491168559254648,-0.47676258641713937,1.984111777944741,1.596676121847065,0.8767344794390868,1.2685195554002942,1.4669908105603755,-0.18245719450624603,-0.5144323816930652,-0.15945125315364114,-1.2433997331456559
-0.3079233918913155,-0.47676258641713937,1.406078796182296,0.42470040173317625,0.1527558329238034,1.3427776997131,1.2123541631260186,-0.18245719450624603,2.7571418016518607,-0.15945125315364114,-0.397316236568382
-0.3079233918913155,-0.47676258641713937,-1.057812130614883,-0.2717393561321761,-0.27746426858972645,1.3799067718695028,1.0776013843130205,-0.18245719450624603,-0.05641199602477548,-0.15945125315364114,-0.397316236568382
-0.3079233918913155,-0.47676258641713937,1.8777306953367774,1.0570221856085769,0.5433675677878633,1.2313904832438913,1.6127386708442306,-0.18245719450624603,0.7745678465448357,-0.15945125315364114,-0.397316236568382
-0.3079233918913155,-0.47676258641713937,0.7803972941562273,0.009057849832320239,-0.10400403589847743,1.21282594716569,1.748626155053329,-0.18245719450624603,1.5139436119807888,-0.15945125315364114,-0.397316236568382
-0.3079233918913155,-0.47676258641713937,1.0317331033175297,0.2216487944111187,0.027322323236853085,1.2870840914784953,1.4275907384436672,-0.18245719450624603,0.2118570870095084,-0.15945125315364114,-0.397316236568382
-0.3079233918913155,-0.47676258641713937,2.3418572419830763,3.034390522684452,1.7648710748735337,1.3242131636348986,1.3025588522451301,-0.18245719450624603,-0.004066809091256716,-0.15945125315364114,-0.397316236568382
-0.3079233918913155,0.7715443142590449,-0.3531178493823653,-0.25436413470025504,-0.2464005336404079,-0.731809207025914,-0.6613194474925657,-0.18058735272576099,1.0461085037624644,-0.12987358026533566,0.8718090082975287
-0.3079233918913155,0.7715443142590449,1.553316893171162,-0.13484986649794334,0.515586991816928,1.2592372873611934,1.6110553309018198,2.910481091801935,1.4537466470072422,0.8712969664239115,0.8718090082975287
2.591622583681666,-0.47676258641713937,0.693248691492008,-0.07999867727168286,-0.15901799467728417,-0.24634658858094557,-0.1266478555290276,-0.18245719450624603,-0.10221403459160448,-0.15945125315364114,-1.0318788590013375
2.591622583681666,-0.47676258641713937,1.5553797958856013,0.6018595222155083,0.2621944655365788,1.3799067718695028,1.0780640751772865,-0.18245719450624603,1.1867861936462962,-0.15945125315364114,-1.0318788590013375
-0.3079233918913155,-0.47676258641713937,1.673216822173274,0.8607843906127628,0.4221432362783275,1.3799067718695028,1.0456494842225137,-0.18245719450624603,0.49975561514386185,-0.15945125315364114,-0.397316236568382
2.591622583681666,0.7715443142590449,1.2919899367763719,0.058117298581273735,0.2790311782462366,1.2592372873611934,1.5473088867597866,1.803176628058487,0.9152455364286674,0.3537183095875597,-0.397316236568382
-0.3079233918913155,-0.47676258641713937,1.8721249177472576,1.3718203150810284,0.7378315995844106,1.4170358440259059,0.9298926497817326,-0.18245719450624603,2.888004768985658,-0.15945125315364114,-0.397316236568382
-0.3079233918913155,0.7715443142590449,2.3320106882620184,0.37904785914734446,2.2952275252277534,1.2963663595175963,1.4836818876364493,2.565268482493543,1.8149284368485221,2.9985623924983544,0.8718090082975287
-0.3079233918913155,-0.47676258641713937,-0.9295555344489469,-0.2678282278569123,-0.2750482003158906,0.37643047742004776,0.59321380820376,-0.18245719450624603,-0.5144323816930652,-0.15945125315364114,-0.397316236568382
-0.3079233918913155,-0.47676258641713937,-0.763816064077467,-0.26145049951954835,-0.27110840954183063,1.3613422357913014,1.1171479472485752,-0.18245719450624603,-0.4051618039693446,-0.15945125315364114,-0.397316236568382
-0.3079233918913155,-0.47676258641713937,3.196229110249906,8.15428910462385,4.927647557382744,1.1200032667746824,2.0574278866873996,-0.18245719450624603,1.821471585215212,-0.15945125315364114,-0.397316236568382
-0.3079233918913155,-0.47676258641713937,1.5847635563992162,0.6563700208254565,0.2958678909558943,1.3056486275566972,1.3640185503450368,-0.18245719450624603,0.7941972916449053,-0.15945125315364114,-0.397316236568382
-0.3079233918913155,-0.47676258641713937,1.4554946990122433,0.5623394107232957,0.23778123210757507,1.2870840914784953,1.4209542367986454,-0.18245719450624603,-0.3115947823256797,-0.15945125315364114,-0.397316236568382
-0.3079233918913155,-0.47676258641713937,2.70494685508136,4.267690553734533,2.5267323249855473,1.3056486275566972,1.3692139324595227,-0.18245719450624603,1.9719639976490786,-0.15945125315364114,-0.397316236568382
-0.3079233918913155,-0.47676258641713937,2.3700049498811406,2.5553795161495314,1.468965849001299,1.2870840914784953,1.4071951557968487,-0.18245719450624603,2.966522549385936,-0.15945125315364114,-0.397316236568382
-0.3079233918913155,-0.47676258641713937,1.6801404153266113,0.8335291413077885,0.4053065235686697,1.3242131636348986,1.259437654205273,-0.18245719450624603,-0.25270644702547107,-0.15945125315364114,-0.397316236568382
-0.3079233918913155,0.7715443142590449,-0.12478894044265348,-0.22608681354634436,-0.23103703329284522,-0.32895877412894214,-0.45952775029961457,-0.18212722242733692,-0.12184347969167406,-0.13293545116474614,0.8718090082975287
-0.3079233918913155,0.7715443142590449,-0.29151033599618176,-0.2618252591974917,-0.2414337033910589,-0.7646684358843306,-0.6190006320976557,-0.18185664532263143,-0.010609957457946573,-0.11594206767301785,0.8718090082975287
-0.3079233918913155,-0.47676258641713937,1.528475523252691,0.5746042729105341,0.24535775282692104,1.2870840914784953,1.4503152641839183,-0.18245719450624603,1.7102380629814844,-0.15945125315364114,-0.397316236568382
-0.3079233918913155,-0.47676258641713937,-0.04079870784394205,-0.20625861967697565,-0.2370140663047737,-0.7067470833203421,-0.6225028018510959,-0.18245719450624603,1.7364106564482438,-0.15945125315364114,-0.397316236568382
-0.3079233918913155,-0.47676258641713937,2.425594828948837,2.5356194604034252,1.456759232286797,1.3799067718695028,1.0692205862196866,-0.18245719450624603,-0.13492977642505372,-0.15945125315364114,-0.397316236568382
-0.3079233918913155,-0.47676258641713937,2.641832168118561,4.785540290529042,2.8466298664690446,1.1571323389310852,1.921428381269633,-0.18245719450624603,0.7941972916449053,-0.15945125315364114,-0.397316236568382
-0.3079233918913155,-0.47676258641713937,0.9975479191923742,0.11126503472597332,-0.040866363237260846,1.21282594716569,1.700840280075643,-0.18245719450624603,3.476888121987744,-0.15945125315364114,-0.397316236568382
-0.3079233918913155,0.7715443142590449,2.1728979182855253,0.5814180852367776,1.9627024492120126,1.2963663595175963,1.3835869635251117,-0.09163457960036905,1.1867861936462962,2.332911658966511,0.8718090082975287
-0.3079233918913155,-0.47676258641713937,1.3626390995957505,0.4110727770806891,0.1443374765689745,1.4356003801041073,0.8775622665623539,-0.18245719450624603,0.8596287753118036,-0.15945125315364114,-0.397316236568382
-0.3079233918913155,0.7715443142590449,1.2744795321268105,0.13170647170470395,0.13591912021414562,1.4077535759868054,0.956408172701686,-0.06443344126618868,0.5651870988107603,0.07937467700037831,0.8718090082975287
-0.3079233918913155,0.7715443142590449,2.8851455624739804,-0.27712226786990846,5.255542537403328,0.2725321948047854,1.4526458631527286,3.9321190297671587,0.35253477689334023,7.895106334835635,0.8718090082975287
-0.3079233918913155,0.7715443142590449,2.511977334541593,-0.18377303900037195,3.2486063824121234,0.4071250813717462,1.403721000650718,3.4378105522051263,1.1213547099793977,4.8914109825139285,0.8718090082975287
-0.3079233918913155,0.7715443142590449,2.291532354033503,0.044489673928786645,2.015738094247434,1.1571323389310852,1.9434063053834862,0.0398767459141826,2.4561569767841274,2.8926216593787513,0.8718090082975287
-0.3079233918913155,-0.47676258641713937,1.77757010315052,0.9834330124851465,0.49790844347178737,1.4356003801041073,0.8719252972649332,-0.18245719450624603,0.9250602589787021,-0.15945125315364114,-0.397316236568382
-0.3079233918913155,0.7715443142590449,1.4320964906332787,-0.2634946432174214,0.3674239199719398,-0.41714032050039923,-0.20702245200880912,-0.12229933556925948,-0.22326227937536675,0.7713575002671527,0.8718090082975287
2.591622583681666,-0.47676258641713937,1.3718219397667075,0.4655832756906375,0.17801090198829006,1.1385678028528838,1.9879955221582633,-0.18245719450624603,5.047243729993308,-0.15945125315364114,-1.0318788590013375
-0.3079233918913155,-0.47676258641713937,1.5486575516846997,0.724508144087892,0.3379596727300387,1.3427776997131,1.1757362860528922,-0.18245719450624603,1.3830806446469917,-0.15945125315364114,-0.397316236568382
-0.3079233918913155,-0.47676258641713937,1.7649538924743542,1.1333368836625044,0.5905103633749051,1.1200032667746824,2.1015937501048034,-0.18245719450624603,0.3361769059766156,-0.15945125315364114,-0.397316236568382
-0.3079233918913155,0.7715443142590449,-0.10403369822837144,-0.23623939391244725,-0.2340676415805836,-0.6835414132225902,-0.5814913586721222,-0.1752858013246211,-0.023696254191326288,-0.128220169979654,0.8718090082975287
-0.3079233918913155,0.7715443142590449,0.8888508698629805,-0.22261176925996015,0.04331720031102797,1.352059967752201,1.1716180450653848,0.35599124385766107,-0.2036328342752972,0.2630869309650087,0.8718090082975287
-0.3079233918913155,0.7715443142590449,1.7333317028075625,0.4056217272196943,0.6831122832780226,1.3706245038304024,1.16549809921303,0.831334721944058,0.16605504844267938,0.6292866905345051,0.8718090082975287
-0.3079233918913155,0.7715443142590449,2.0070697775631094,0.7190570942268971,1.2151524049032079,1.3242131636348986,1.342017961510333,1.6955049348630753,0.12025300987585048,1.1216355311597146,0.8718090082975287
-0.3079233918913155,3.2681581156114135,1.9570822474594511,-0.2326962115028006,1.461810246099694,-0.5638001555181907,1.570619671720954,2.670107844251739,-0.25908601668299364,2.3358510550299445,3.4100594980293506
-0.3079233918913155,-0.47676258641713937,1.2514926508442659,0.2816103428820618,0.06436309119810014,1.4541649161823087,0.7627864980483613,-0.18245719450624603,-0.22653385355871167,-0.15945125315364114,-0.397316236568382
2.591622583681666,-0.47676258641713937,0.6281252154391821,-0.05226646110387164,-0.14188663949520738,0.8600997616798619,0.43450256495620193,-0.18245719450624603,1.1213547099793977,-0.15945125315364114,-1.0318788590013375
-0.3079233918913155,-0.47676258641713937,1.8546360789909577,1.1469645083149915,0.598928719729734,1.21282594716569,1.7402031794455688,-0.18245719450624603,3.411456638320846,-0.15945125315364114,-0.397316236568382
-0.3079233918913155,-0.47676258641713937,-0.4170669655996539,-0.24305320623869076,-0.2597436284628117,1.1571323389310852,1.9541276850252625,-0.18245719450624603,1.3176491609800933,-0.15945125315364114,-0.397316236568382
-0.3079233918913155,0.7715443142590449,1.6711059342829273,-0.050903698638622936,0.7125765305199239,1.3613422357913016,1.1653019674857608,0.8085418829948993,2.181671902801488,1.0824435836472601,0.8718090082975287
2.591622583681666,-0.47676258641713937,-0.07596319242338843,-0.20217033228122952,-0.23448855939832505,-0.23520786693402476,-0.11707712021127631,-0.18245719450624603,0.7941972916449053,-0.15945125315364114,-1.0318788590013375
2.591622583681666,-0.47676258641713937,1.2529750297475029,0.29523796753454895,0.07278144755292902,1.491293988338712,0.6573685782013114,-0.18245719450624603,1.0428369295791193,-0.15945125315364114,-1.0318788590013375
2.591622583681666,-0.47676258641713937,0.32519577810983746,-0.14084602134503765,-0.1966059558015951,-0.39114996999091706,-0.24851493015488307,-0.18245719450624603,0.061364674575641764,-0.15945125315364114,-1.0318788590013375
-0.3079233918913155,0.7715443142590449,2.386302140307023,0.6304775339857313,2.0452023414893357,1.1385678028528838,2.0138319376521028,2.404447143616488,1.69388019206476,2.4088460572718913,0.8718090082975287
-0.3079233918913155,3.2681581156114135,1.337083799439913,-0.22738143788833065,0.6157654324393917,-0.14145695973910738,0.08559505456178557,-0.015868996063592416,0.14969717752595474,1.100202434863841,3.4100594980293506
-0.3079233918913155,-0.47676258641713937,2.265167882955635,2.1145258586415743,1.1966320209225845,1.0828741946182794,2.222653039894263,-0.18245719450624603,3.874711542682487,-0.15945125315364114,-0.397316236568382
-0.3079233918913155,-0.47676258641713937,1.4621224148360972,0.4723970880168809,0.1822200801657044,1.2870840914784953,1.4417213409382745,-0.18245719450624603,0.7941972916449053,-0.15945125315364114,-0.397316236568382
-0.3079233918913155,-0.47676258641713937,1.2353516196207202,0.34293465381825367,0.10224569479483007,1.194261411087488,1.7754347348176969,-0.18245719450624603,3.607751089321541,-0.15945125315364114,-0.397316236568382
-0.3079233918913155,-0.47676258641713937,2.6400748991358336,3.39552257597536,1.987957518276499,1.2499550193220927,1.5562054854723755,-0.18245719450624603,4.288238519457286,-0.15945125315364114,-0.397316236568382
-0.3079233918913155,-0.47676258641713937,1.4432932622033972,0.5337213989530728,0.2201026837624344,1.3613422357913014,1.1377007269962554,-0.18245719450624603,-0.44900089802616666,-0.15945125315364114,-0.397316236568382
-0.3079233918913155,-0.47676258641713937,2.1448531912283046,1.6627701014116274,0.9175635077600071,1.2870840914784953,1.4358902600553263,-0.18245719450624603,0.6764206210444877,-0.15945125315364114,-0.397316236568382
-0.3079233918913155,-0.47676258641713937,0.010135302791721828,-0.19453886247583677,-0.22977427983962087,1.4170358440259059,0.9299083569185463,-0.18245719450624603,0.4604967249437227,-0.15945125315364114,-0.397316236568382
-0.3079233918913155,-0.47676258641713937,-0.13762570352883688,-0.21634306191981612,-0.2432436500073471,-0.5972163204589535,-0.4686452574515759,-0.18245719450624603,0.270745422309717,-0.15945125315364114,-0.397316236568382
-0.3079233918913155,0.7715443142590449,1.8121700527431672,-0.09860038492232773,0.9028313841390564,1.1385678028528836,2.053089436144509,6.584045558008077,1.90653251398218,1.402102905545717,0.8718090082975287
-0.3079233918913155,-0.47676258641713937,-0.5479798910883865,-0.24986701856493432,-0.2639528066402261,0.8972288338362647,0.45028643368973464,-0.18245719450624603,0.20531393864281852,-0.15945125315364114,-0.397316236568382
-0.3079233918913155,-0.47676258641713937,3.142941294258566,7.171055985946905,4.32026314638184,1.194261411087488,1.7983465114837731,-0.18245719450624603,0.709136362877937,-0.15945125315364114,-0.397316236568382
-0.3079233918913155,-0.47676258641713937,1.5595112020585356,0.6291147715204825,0.2790311782462366,1.1571323389310852,1.9069349970714085,-0.18245719450624603,3.67318257298844,-0.15945125315364114,-0.397316236568382
-0.3079233918913155,-0.47676258641713937,2.9689686394220964,5.698591142245678,3.4106597422425797,1.1385678028528838,2.0119854760129634,-0.18245719450624603,3.934908507656034,-0.15945125315364114,-0.397316236568382
-0.3079233918913155,0.7715443142590449,1.8699146327602425,0.22369293810899177,1.0009052356728132,1.2313904832438909,1.6792631658437327,3.409844018798017,1.2522176773131948,1.2551331023740127,0.8718090082975287
2.591622583681666,-0.47676258641713937,1.9239650899380474,1.228730256229914,0.6494388578587074,1.4541649161823087,0.8241015217099026,-0.18245719450624603,0.20531393864281852,-0.15945125315364114,-1.0318788590013375
-0.3079233918913155,-0.47676258641713937,1.372338691966102,0.5950457098892648,0.2579852873591644,1.1571323389310852,1.966275222574024,-0.18245719450624603,0.5979028406442097,-0.15945125315364114,-0.397316236568382
-0.3079233918913155,-0.47676258641713937,1.5744760588529194,0.6018595222155083,0.2621944655365788,1.2870840914784953,1.4007011271340046,-0.18245719450624603,3.346025154653947,-0.15945125315364114,-0.397316236568382
-0.3079233918913155,-0.47676258641713937,2.057428192452768,1.4181542388994843,0.7664540111908286,1.1571323389310852,1.9074084243955671,-0.18245719450624603,1.8280147335819017,-0.15945125315364114,-0.397316236568382
-0.3079233918913155,-0.47676258641713937,0.022959459734243945,-0.1863622876843445,-0.22472326602672354,1.113064750994465,1.4921028452720269,-0.18245719450624603,3.9165876922293026,-0.15945125315364114,-0.397316236568382
-0.3079233918913155,-0.47676258641713937,1.3193456468946165,0.49147576253036285,0.19400577906246486,1.3242131636348986,1.253122639941407,-0.18245719450624603,0.8465424785784239,-0.15945125315364114,-0.397316236568382
-0.3079233918913155,-0.47676258641713937,1.6014308332522111,0.8607843906127628,0.4221432362783275,1.2499550193220927,1.59806267794244,-0.18245719450624603,2.1028269649828757,-0.15945125315364114,-0.397316236568382
-0.3079233918913155,-0.47676258641713937,1.936292558525513,1.3377512534498106,0.7167857086973383,1.1200032667746824,2.1248322372167854,-0.18245719450624603,2.8225732853187595,-0.15945125315364114,-0.397316236568382
-0.3079233918913155,-0.47676258641713937,1.2830692443529321,0.3667829969601061,0.11697781841578063,1.4541649161823087,0.7828442187262697,-0.18245719450624603,0.20531393864281852,-0.15945125315364114,-0.397316236568382
-0.3079233918913155,-0.47676258641713937,1.6344899682376264,0.6699976454779436,0.3042862473107232,1.4170358440259059,0.9396370050230268,-0.18245719450624603,0.3361769059766156,-0.15945125315364114,-0.397316236568382
-0.3079233918913155,2.0198512149352292,0.1590349896710795,-0.25466666796754023,-0.17493289736608814,-0.7011777224968816,1.5526416621151644,3.1631287446401375,0.06463624875898669,-0.02562667412728604,2.1409342531634397
-0.3079233918913155,-0.47676258641713937,0.37606331933149556,-0.129943921623048,-0.189871270717732,-0.42085322771603945,-0.2763710495606393,-0.18245719450624603,-0.12642368354835695,-0.15945125315364114,-0.397316236568382
2.591622583681666,0.7715443142590449,1.218278973396802,0.052461834350491614,0.18642925834311885,0.8201860091117288,0.9630060610800295,0.8942641370755885,0.7941972916449053,0.22407869570651873,-0.397316236568382
5.491168559254648,-0.47676258641713937,0.6019276110784841,-0.0658940857563587,-0.15030499585003626,1.1756968750092867,1.8691150250159156,-0.18245719450624603,0.20531393864281852,-0.15945125315364114,-1.2433997331456559
-0.3079233918913155,-0.47676258641713937,-0.8949412309174454,-0.2673785162433802,-0.27477039455618124,1.4170358440259059,0.961167525495584,-0.18245719450624603,-0.37048311762588837,-0.15945125315364114,-0.397316236568382
-0.3079233918913155,-0.47676258641713937,1.1239355756949065,0.27684067425369135,0.06141666647391003,1.3056486275566972,1.3264883316186222,-0.18245719450624603,0.015562636008812856,-0.15945125315364114,-0.397316236568382
-0.3079233918913155,-0.47676258641713937,2.2518394568168127,2.339381665407611,1.335534900777261,1.2685195554002942,1.497203187531106,-0.18245719450624603,0.45395357657703284,-0.15945125315364114,-0.397316236568382
-0.3079233918913155,-0.47676258641713937,1.4163682819764256,0.6890763199914256,0.31607194620748363,1.064309658540078,2.303850896627338,-0.18245719450624603,1.101725264879328,-0.15945125315364114,-0.397316236568382
2.591622583681666,-0.47676258641713937,0.7893051857465158,-0.06384994205848564,-0.1490422423968119,-0.5081065472835864,-0.3650811034401758,-0.18245719450624603,0.1464256033426099,-0.15945125315364114,-1.0318788590013375
2.591622583681666,-0.47676258641713937,1.5393268553201307,0.6563700208254565,0.2958678909558943,1.3427776997131,1.2160938859452017,-0.18245719450624603,0.18568449354274896,-0.15945125315364114,-1.0318788590013375
-0.3079233918913155,-0.47676258641713937,2.8257002022898527,4.7630547098524385,2.8327395784835767,1.1571323389310852,1.9340581828346515,-0.18245719450624603,4.235893332523767,-0.15945125315364114,-0.397316236568382
-0.3079233918913155,-0.47676258641713937,1.586541259648823,0.7871952174893326,0.3766841119622516,1.2870840914784953,1.3877319365545586,-0.18245719450624603,-0.37048311762588837,-0.15945125315364114,-0.397316236568382
-0.3079233918913155,0.7715443142590449,3.133900787140652,-0.23760215637769597,7.085272291125386,0.3013072257259976,1.6723174304653123,6.784006271729215,0.8530856269451139,10.521579192349966,0.8718090082975287
-0.3079233918913155,2.0198512149352292,2.3223732995787842,-0.2411453387873426,2.5435690376952054,1.2870840914784953,1.6715385130720375,1.9394060402876416,1.841537240206394,3.917246137157483,2.1409342531634397
-0.3079233918913155,-0.47676258641713937,1.8379790820993505,0.962991575506416,0.4852809089395441,1.4356003801041073,0.6146658376056118,-0.18245719450624603,1.1867861936462962,-0.15945125315364114,-0.397316236568382
-0.3079233918913155,0.7715443142590449,2.323292974256689,0.6972528947829179,2.0574089582038373,1.21282594716569,1.7736025264133048,3.8999575163786813,0.9054308138786326,2.3665922388600262,0.8718090082975287
-0.3079233918913155,-0.47676258641713937,-0.06961118756597869,-0.2074851058956995,-0.23777171837670832,-0.5155323617148669,-0.15055281209105695,-0.18245719450624603,-0.1153003313249842,-0.15945125315364114,-0.397316236568382
-0.3079233918913155,2.0198512149352292,1.561978896222745,0.34293465381825367,0.5147451561814451,1.2004495897802223,0.5627820851834776,-0.09953434009688972,-0.5144323816930652,0.44067544313081797,2.1409342531634397
-0.3079233918913155,-0.47676258641713937,1.754852317422866,1.1333368836625044,0.5905103633749051,1.0828741946182794,2.2711664399494054,-0.18245719450624603,0.13988245497592006,-0.15945125315364114,-0.397316236568382
5.491168559254648,-0.47676258641713937,-0.5167424376116201,-0.24509734993656382,-0.26100638191603603,1.3984713079477045,1.0020410442106185,-0.18245719450624603,0.9839485942789109,-0.15945125315364114,-1.2433997331456559
-0.3079233918913155,-0.47676258641713937,2.5272800432183926,2.836789965223389,1.642804907728515,1.3613422357913014,1.1076042307774054,-0.18245719450624603,-0.05641199602477548,-0.15945125315364114,-0.397316236568382
2.591622583681666,-0.47676258641713937,-0.7561965427564098,-0.26485740568267013,-0.2732129986305379,-0.68075673281086,-0.08084470204277987,-0.18245719450624603,1.7102380629814844,-0.15945125315364114,-1.0318788590013375
-0.3079233918913155,-0.47676258641713937,1.8687435516687565,1.1333368836625044,0.5905103633749051,1.4170358440259059,0.9229647177251,-0.18245719450624603,1.1278978583460875,-0.15945125315364114,-0.397316236568382
-0.3079233918913155,0.7715443142590449,2.1669966916495604,-0.2685368643388416,1.7648710748735337,1.3799067718695028,1.2189340071170727,1.4584929157946651,0.3437015265983088,2.8089713464068558,0.8718090082975287
-0.3079233918913155,-0.47676258641713937,1.7323682058839223,0.9425501385276853,0.4726533744073008,1.2685195554002942,1.5096904759991314,-0.18245719450624603,-0.25270644702547107,-0.15945125315364114,-0.397316236568382
2.591622583681666,-0.47676258641713937,1.4905469779754623,0.5221379179984589,0.2129470808608299,1.3613422357913014,1.1674324424580216,-0.18245719450624603,0.38197894454344455,-0.15945125315364114,-1.0318788590013375
-0.3079233918913155,-0.47676258641713937,3.136767772500158,7.897408379924466,4.768961540094219,1.0457451224618766,2.4113886474560386,-0.18245719450624603,-0.29196533722561013,-0.15945125315364114,-0.397316236568382
-0.3079233918913155,0.7715443142590449,0.08147974874583348,-0.2219303880273358,-0.21049624378706272,-0.6631204235365685,-0.5553265066142572,-0.1791574737171548,0.6273470082943139,-0.10678707368378043,0.8718090082975287
2.591622583681666,-0.47676258641713937,-1.0532409303966432,-0.2762637275168018,-0.2802591628995297,1.1879810285322325,1.0489937987443476,-0.18245719450624603,-0.5144323816930652,-0.15945125315364114,-1.0318788590013375
-0.3079233918913155,-0.47676258641713937,-0.25974591233709493,-0.23487663144719853,-0.2546926146499144,-0.40971450606911863,-0.26543649516684525,-0.18245719450624603,0.3754357961767547,-0.15945125315364114,-0.397316236568382
-0.3079233918913155,-0.47676258641713937,1.9233813556987607,1.3418395408455568,0.719311215603787,1.2313904832438913,1.6734830932431946,-0.18245719450624603,3.1431875552865622,-0.15945125315364114,-0.397316236568382
2.591622583681666,0.7715443142590449,2.038022968551155,-0.2092566971005228,1.3746802578272153,0.594626895761581,0.9444146509411904,0.9362041408981796,1.067046578535872,2.1880239280064058,-0.397316236568382
-0.3079233918913155,-0.47676258641713937,1.9368803844496696,1.2225978251362948,0.6456505974990342,1.3242131636348986,1.2846211063342234,-0.18245719450624603,0.9512328524454616,-0.15945125315364114,-0.397316236568382
-0.3079233918913155,-0.47676258641713937,2.6154510956707337,3.450033074585308,2.0216309436958144,1.2499550193220927,1.5312633978595191,-0.18245719450624603,3.21516218732015,-0.15945125315364114,-0.397316236568382
-0.3079233918913155,-0.47676258641713937,2.0844554388877223,1.5755533036357103,0.8636860270891021,1.1571323389310852,1.9320467398851113,-0.18245719450624603,0.8792582204118732,-0.15945125315364114,-0.397316236568382
-0.3079233918913155,5.764771916963783,1.5829129499166648,-0.242780653745641,1.26818804993863,0.05996825670937854,0.7530050249111808,0.9502922743941323,-0.3432199994313473,2.063222070146433,5.9483099877611725
-0.3079233918913155,-0.47676258641713937,0.08872846853731586,-0.19535651995498599,-0.2302793812209106,1.47272945226051,0.7553862260908738,-0.18245719450624603,-0.18727496335857252,-0.15945125315364114,-0.397316236568382
-0.3079233918913155,0.7715443142590449,1.285983092162365,-0.07952171040884579,0.20326597105277663,-0.2797627535217083,-0.14952901015526152,-0.16683851610454753,0.9577760008121514,0.3671905415449658,0.8718090082975287
-0.3079233918913155,-0.47676258641713937,1.3465433292175442,0.4267445454310492,0.15401858637702767,1.3242131636348986,1.3073773880218638,-0.18245719450624603,0.022105784375502712,-0.15945125315364114,-0.397316236568382
-0.3079233918913155,-0.47676258641713937,3.085340386663603,7.276670077003681,4.385505408131763,1.1385678028528838,2.00852922245808,-0.18245719450624603,1.1278978583460875,-0.15945125315364114,-0.397316236568382
2.591622583681666,-0.47676258641713937,-0.05010006396167636,-0.20217033228122952,-0.23448855939832505,1.2499550193220927,1.575563251372809,-0.18245719450624603,-0.44900089802616666,-0.15945125315364114,-1.0318788590013375
5.491168559254648,-0.47676258641713937,2.017069612519361,1.508096561605899,0.8220151631326992,1.2313904832438913,1.6451035443235236,-0.18245719450624603,0.7941972916449053,-0.15945125315364114,-1.2433997331456559
2.591622583681666,0.7715443142590449,2.114901407615426,2.9117419008120686,1.6891058676800739,0.28552737005952633,1.726979000528658,7.765126756112588,2.096022090681518,-0.15945125315364114,-0.397316236568382
-0.3079233918913155,-0.47676258641713937,1.4250669292537406,0.45195565103815044,0.16959254563346118,1.1756968750092867,1.8929021303729232,-0.18245719450624603,0.7941972916449053,-0.15945125315364114,-0.397316236568382
2.591622583681666,-0.47676258641713937,1.996426755305362,1.3173098164710801,0.704158174165095,1.2870840914784953,1.3942507868833762,-0.18245719450624603,2.6262788343180636,-0.15945125315364114,-1.0318788590013375
2.591622583681666,-0.47676258641713937,1.8761456225247866,1.1128954466837737,0.5778828288426617,1.4170358440259059,0.8991523432581217,-0.18245719450624603,0.9250602589787021,-0.15945125315364114,-1.0318788590013375
-0.3079233918913155,-0.47676258641713937,0.7601258397600852,-0.007295299750664274,-0.11410606352427209,0.21591035976627085,0.16348085578008925,-0.18245719450624603,1.9261619590822496,-0.15945125315364114,-0.397316236568382
5.491168559254648,-0.47676258641713937,1.4956865096551306,0.5916388037261429,0.2558806982704571,1.3613422357913014,1.1295242183577952,-0.18245719450624603,-0.10221403459160448,-0.15945125315364114,-1.2433997331456559
-0.3079233918913155,0.7715443142590449,0.05906541356982628,-0.23119717279102703,-0.2107487944777076,-0.4839726503819244,-0.3373925325076084,-0.17634171197713028,0.9904917426456006,-0.09882620934531314,0.8718090082975287
-0.3079233918913155,0.7715443142590449,1.709032181148924,0.7687979242084749,0.5315818688911029,1.3613422357913014,1.140537232017011,0.08672203848228296,0.5651870988107602,0.08243654789978883,0.8718090082975287
2.591622583681666,-0.47676258641713937,1.9695824885111548,1.3445650657760542,0.7209948868747528,1.1014387306964808,2.204369256052245,-0.18245719450624603,0.9250602589787021,-0.15945125315364114,-1.0318788590013375
2.591622583681666,-0.47676258641713937,-0.8626973203143633,-0.2620773702535627,-0.2714956539341528,2.0515540508695578,1.0049296202455205,-0.18245719450624603,-0.26579274375885076,-0.15945125315364114,-1.0318788590013375
-0.3079233918913155,-0.47676258641713937,-1.469638813440479,-0.2852988426614007,-0.2858405331627812,-0.8441246502990329,-0.5735249676761343,-0.18245719450624603,-0.5144323816930652,-0.15945125315364114,-0.397316236568382
-0.3079233918913155,0.7715443142590449,2.0516687917333525,0.9091624581290919,1.8393735286137693,1.2221082152047904,1.7095093213524113,2.617691960688956,2.5412179055510955,1.8589340437377644,0.8718090082975287
-0.3079233918913155,-0.47676258641713937,1.91344290656452,1.20147500692494,0.6326021451490496,1.194261411087488,1.7669751868942776,-0.18245719450624603,4.131202958656729,-0.15945125315364114,-0.397316236568382
-0.3079233918913155,2.0198512149352292,2.403877895450279,-0.1537922647649004,2.8453671130158202,0.6565086826889189,1.791003620873495,7.564225163886203,0.3841599939990078,4.277812054272063,2.1409342531634397
2.591622583681666,-0.47676258641713937,2.121506395011655,1.4399584383434636,0.7799233813585548,0.7115834730542501,0.38322746848085554,-0.18245719450624603,1.90653251398218,-0.15945125315364114,-1.0318788590013375
-0.3079233918913155,-0.47676258641713937,1.252345156079064,0.31295387958278215,0.08372531081420657,1.3613422357913014,1.1295242183577952,-0.18245719450624603,1.2522176773131948,-0.15945125315364114,-0.397316236568382
-0.3079233918913155,-0.47676258641713937,1.6708156304464779,0.8880396399177369,0.43897994898798526,1.3242131636348986,1.2952306615853961,-0.18245719450624603,0.13988245497592006,-0.15945125315364114,-0.397316236568382
-0.3079233918913155,-0.47676258641713937,-0.5452333957602321,-0.25470482531656724,-0.2669413231461904,-0.7457326090845652,-0.6554507676268888,-0.18245719450624603,0.9970348910122906,-0.15945125315364114,-0.397316236568382
2.591622583681666,4.516465016287598,0.2402069578712614,-0.26151863764281075,-0.15139938217616403,-0.6779720523991297,-0.5433574673822648,-0.1656900233631841,0.07445097130902148,0.014769201022816623,1.5063716307304842
2.591622583681666,4.516465016287598,1.6136109520872262,0.6324535395603418,0.2810936755531696,1.3613422357913014,1.1640057748534187,-0.18245719450624603,5.701558566662293,-0.15945125315364114,1.5063716307304842
5.491168559254648,0.7715443142590449,1.6598471414623897,0.10172569746923237,0.5955613771878024,1.4541649161823087,0.8144867791440525,-0.0635988318879346,1.0133927619290153,0.7750317453464455,-0.8203579848570189
-0.3079233918913155,-0.47676258641713937,-0.10557110599247972,-0.21784210063158968,-0.24416966920637828,-0.7284636325727458,-0.2847637636128284,-0.18245719450624603,-0.5144323816930652,-0.15945125315364114,-0.397316236568382
-0.3079233918913155,3.2681581156114135,1.149833039132341,-0.21191408390775776,0.2765477631215621,-0.8014262173191695,-0.7805930213576387,-0.17838376525969565,0.9266960460703746,0.592789189413532,3.4100594980293506
-0.3079233918913155,-0.47676258641713937,0.884632341673817,0.06356834844226858,-0.0703306104791619,1.491293988338712,0.6731153837425063,-0.18245719450624603,1.90653251398218,-0.15945125315364114,-0.397316236568382
-0.3079233918913155,-0.47676258641713937,1.7960529030009325,1.1333368836625044,0.5905103633749051,1.1571323389310852,1.95665452971758,-0.18245719450624603,0.009019487642122999,-0.15945125315364114,-0.397316236568382
-0.3079233918913155,-0.47676258641713937,1.399306462439671,0.3497484661444972,0.10645487297224453,1.3799067718695028,1.0912033272773054,-0.18245719450624603,4.392928893324323,-0.15945125315364114,-0.397316236568382
-0.3079233918913155,-0.47676258641713937,1.3701751024969675,0.4267445454310492,0.15401858637702767,1.3799067718695028,1.0720321792126497,-0.18245719450624603,-0.38356941435926806,-0.15945125315364114,-0.397316236568382
-0.3079233918913155,-0.47676258641713937,-0.8325854998151229,-0.26549109022901074,-0.27360445220103746,1.7290147292736895,0.8662603534876108,-0.18245719450624603,-0.5144323816930652,-0.15945125315364114,-0.397316236568382
-0.3079233918913155,-0.47676258641713937,1.6540398411268016,0.7156501880637754,0.3324877410994,1.491293988338712,0.6923989949445044,-0.18245719450624603,1.0559232263124991,-0.15945125315364114,-0.397316236568382
-0.3079233918913155,-0.47676258641713937,1.4704843703434223,0.4723970880168809,0.1822200801657044,1.3613422357913014,1.1043767905914645,-0.18245719450624603,2.6262788343180636,-0.15945125315364114,-0.397316236568382
-0.3079233918913155,-0.47676258641713937,1.366475627593735,0.4376466451530389,0.1607532714608908,1.3613422357913014,1.171613734050877,-0.18245719450624603,-0.04986884765808572,-0.15945125315364114,-0.397316236568382
-0.3079233918913155,-0.47676258641713937,1.1459018248930746,0.22573708180686483,0.02984783014330175,1.21282594716569,1.7138727659154098,-0.18245719450624603,0.035192081108882424,-0.15945125315364114,-0.397316236568382
-0.3079233918913155,-0.47676258641713937,2.070768033945599,1.5121848490016454,0.824540670039148,1.4356003801041073,0.8303907061192365,-0.18245719450624603,3.934908507656034,-0.15945125315364114,-0.397316236568382
2.591622583681666,-0.47676258641713937,-1.047446791526746,-0.27712226786990846,-0.2807895193498839,1.47272945226051,0.7162714885751174,-0.18245719450624603,-0.5144323816930652,-0.15945125315364114,-1.0318788590013375
-0.3079233918913155,-0.47676258641713937,1.3991186872475025,0.5132799619743422,0.20747514923019106,1.3056486275566972,1.362274410666427,-0.18245719450624603,-0.01715310582463643,-0.15945125315364114,-0.397316236568382
2.591622583681666,-0.47676258641713937,1.7999566680884624,0.99024682481139,0.5021176216492018,1.21282594716569,1.688187756094057,-0.18245719450624603,2.2336899323166723,-0.15945125315364114,-1.0318788590013375
-0.3079233918913155,-0.47676258641713937,3.209836626036213,8.560392319267963,5.178514576756644,1.2685195554002942,1.5218116310242185,-0.18245719450624603,2.9534362526525566,-0.15945125315364114,-0.397316236568382
-0.3079233918913155,-0.47676258641713937,-0.28486995566639006,-0.23010696281882806,-0.2517461899257243,-0.6083550421058742,-0.482823662231011,-0.18245719450624603,2.187887893749843,-0.15945125315364114,-0.397316236568382
-0.3079233918913155,0.7715443142590449,-0.9261465700926707,-0.28385431444823706,-0.26950976367004864,-0.5642642689201458,-0.2965131750076275,-0.15799526438978304,-0.5144323816930652,-0.13699059298392544,0.8718090082975287
-0.3079233918913155,-0.47676258641713937,0.6804608762302754,-0.050903698638622936,-0.1410448038597245,0.6039091638006815,0.33985682003080375,-0.18245719450624603,2.1028269649828757,-0.15945125315364114,-0.397316236568382
2.591622583681666,-0.47676258641713937,2.1538922144593897,1.8010904916343715,1.0030098247615202,1.0828741946182794,2.22063534317061,-0.18245719450624603,0.539014505344001,-0.15945125315364114,-1.0318788590013375
-0.3079233918913155,-0.47676258641713937,0.10363224923987416,-0.1799573040976756,-0.22076663853995399,-0.6627491328150046,-0.20992802390627024,-0.18245719450624603,-0.5144323816930652,-0.15945125315364114,-0.397316236568382
-0.3079233918913155,0.7715443142590449,1.2610668202293087,-0.2634946432174214,0.2579852873591644,1.2499550193220927,1.4093094576815977,3.067953148171639,1.5466593538142381,0.6121402134978063,0.8718090082975287
-0.3079233918913155,-0.47676258641713937,1.9884946644575043,1.4467722506697074,0.7841325595359693,1.3799067718695028,1.0944670748631475,-0.18245719450624603,-0.05641199602477548,-0.15945125315364114,-0.397316236568382
-0.3079233918913155,-0.47676258641713937,2.0056339690097205,1.4535860629959507,0.7883417377133837,1.2499550193220927,1.59806267794244,-0.18245719450624603,1.5139436119807888,-0.15945125315364114,-0.397316236568382
-0.3079233918913155,0.7715443142590449,0.7371831791424578,-0.16265022078901697,-0.0711724461146448,-0.5870058256159426,-0.4550456045570233,-0.18065334714154282,0.17259819680936925,0.04263222620745225,0.8718090082975287
-0.3079233918913155,-0.47676258641713937,0.9507221428824819,0.11807884705221687,-0.03665718505984641,1.3984713079477045,1.0182847512333775,-0.18245719450624603,1.9719639976490786,-0.15945125315364114,-0.397316236568382
-0.3079233918913155,-0.47676258641713937,0.8426368009789278,0.015871662158563785,-0.09979485772106299,1.4541649161823087,0.7627885942341228,-0.18245719450624603,1.90653251398218,-0.15945125315364114,-0.397316236568382
-0.3079233918913155,0.7715443142590449,0.30333880502173094,-0.1984227355017956,-0.1845677062141898,-0.5006807328523057,-0.34548220217270376,-0.16235089583138346,0.10716671314247077,-0.09019173340897549,0.8718090082975287
-0.3079233918913155,0.7715443142590449,2.309865570340878,-0.2474208599398129,2.199258262782704,1.2963663595175963,1.444316014693336,1.8618963959497419,1.1874405084829651,3.421964024210638,0.8718090082975287
2.591622583681666,0.7715443142590449,1.6555212701872077,-0.27167121800891364,0.7361479283134448,0.22055149378582128,1.807950739463991,9.486272560054532,1.808385288481832,1.3151457720024586,-0.397316236568382
-0.3079233918913155,-0.47676258641713937,2.307504117678755,2.2630669673536836,1.2883921051902192,1.47272945226051,0.7275952689463012,-0.18245719450624603,0.5062987635105517,-0.15945125315364114,-0.397316236568382
-0.3079233918913155,-0.47676258641713937,1.1499312484212465,0.17258934566216516,-0.0029837596405309064,0.5667800916442787,0.32477582615819955,-0.18245719450624603,1.4485121283138902,-0.15945125315364114,-0.397316236568382
-0.3079233918913155,-0.47676258641713937,2.670119516458067,3.746433910776902,2.2047301944133424,1.1571323389310852,1.9446689645673758,-0.18245719450624603,4.510705563924741,-0.15945125315364114,-0.397316236568382
-0.3079233918913155,5.764771916963783,1.4267699511158243,-0.2711533682721191,1.0156373592937633,-0.48233278302835,-0.061519557837807985,-0.05549013020467039,-0.0694982927581552,1.7212968230674632,5.9483099877611725
-0.3079233918913155,-0.47676258641713937,1.2449632946332168,0.34293465381825367,0.10224569479483007,1.4356003801041073,0.893965266248215,-0.18245719450624603,0.20531393864281852,-0.15945125315364114,-0.397316236568382
-0.3079233918913155,-0.47676258641713937,2.2115370150863476,1.882856239549294,1.0535199628904937,1.3984713079477045,0.9978795881651646,-0.18245719450624603,2.1028269649828757,-0.15945125315364114,-0.397316236568382
-0.3079233918913155,-0.47676258641713937,-0.576308771178415,-0.25425511370303516,-0.26666351738648103,-0.2541436937337903,-0.2122975649866345,-0.18245719450624603,-0.18727496335857252,-0.15945125315364114,-0.397316236568382
-0.3079233918913155,0.7715443142590449,2.276080729720044,-0.26417602445004573,2.0877150410812213,0.39505813292091496,1.8705167988389941,10.999961179534646,2.4365275316840576,3.274743147625182,0.8718090082975287
-0.3079233918913155,-0.47676258641713937,1.6700361630235432,0.7926462673503275,0.38005145450418315,1.1014387306964808,2.1738426336406733,-0.18245719450624603,0.40160838964351414,-0.15945125315364114,-0.397316236568382
-0.3079233918913155,-0.47676258641713937,2.1201292326848677,1.5619256789832232,0.8552676707342735,0.5667800916442787,0.32477582615819955,-0.18245719450624603,0.709136362877937,-0.15945125315364114,-0.397316236568382
-0.3079233918913155,-0.47676258641713937,2.249406139157667,2.0164069611436672,1.1360198551678165,1.3799067718695028,1.0741285388976252,-0.18245719450624603,-0.16110236989181315,-0.15945125315364114,-0.397316236568382
-0.3079233918913155,-0.47676258641713937,2.4861956498723092,3.0684595843156703,1.7859169657606062,1.3613422357913014,1.1532274156776694,-0.18245719450624603,2.8225732853187595,-0.15945125315364114,-0.397316236568382
2.591622583681666,-0.47676258641713937,1.1344129584483575,0.2066584072933829,0.01806213124654131,1.2685195554002942,1.4817137763247883,-0.18245719450624603,2.1289995584496353,-0.15945125315364114,-1.0318788590013375
-0.3079233918913155,-0.47676258641713937,1.4852469314240047,0.5541628359318035,0.23273021829467772,1.2685195554002942,1.4696875172719224,-0.18245719450624603,0.009019487642122999,-0.15945125315364114,-0.397316236568382
-0.3079233918913155,-0.47676258641713937,-0.16585829075140537,-0.2138900894823684,-0.24172834586347788,0.5389332875269764,0.30410082275898737,-0.18245719450624603,0.23802968047626782,-0.15945125315364114,-0.397316236568382
-0.3079233918913155,-0.47676258641713937,2.961190869153205,6.618455806288554,3.978898796193529,1.064309658540078,2.3073905943950446,-0.18245719450624603,0.40160838964351414,-0.15945125315364114,-0.397316236568382
-0.3079233918913155,-0.47676258641713937,1.9354805727248594,1.2737014175831214,0.6772194338296426,1.3427776997131,1.1970516189730827,-0.18245719450624603,0.2903748674097866,-0.15945125315364114,-0.397316236568382
-0.3079233918913155,-0.47676258641713937,1.7935967166623945,0.9493639508539289,0.47686255258471527,1.3427776997131,1.1838573738813885,-0.18245719450624603,0.009019487642122999,-0.15945125315364114,-0.397316236568382
-0.3079233918913155,-0.47676258641713937,2.5200644274332373,3.2047358308405407,1.8701005293088946,1.3242131636348986,1.250616257226123,-0.18245719450624603,0.5324713569773111,-0.15945125315364114,-0.397316236568382
-0.3079233918913155,-0.47676258641713937,3.1467352326163205,7.061353607494386,4.2524953777254675,1.21282594716569,1.6865792045652865,-0.18245719450624603,3.149730703653252,-0.15945125315364114,-0.397316236568382
2.591622583681666,-0.47676258641713937,1.5934865858882754,0.6154871468679954,0.27061282189140773,1.1756968750092867,1.8864584588205122,-0.18245719450624603,4.262065925990527,-0.15945125315364114,-1.0318788590013375
-0.3079233918913155,2.0198512149352292,0.5322635652364754,-0.2326962115028006,-0.0703306104791619,-0.8088520317504501,-0.6464077584131251,-0.17123023878071827,-0.25270644702547107,0.10680904025909646,2.1409342531634397
-0.3079233918913155,-0.47676258641713937,1.9471417085450242,1.3207167226342018,0.7062627632538022,1.194261411087488,1.7826978529334336,-0.18245719450624603,2.600106240851304,-0.15945125315364114,-0.397316236568382
-0.3079233918913155,-0.47676258641713937,0.13236071039799668,-0.16741988941738747,-0.2130217506935114,1.4356003801041073,0.848709965203015,-0.18245719450624603,0.16605504844267938,-0.15945125315364114,-0.397316236568382
-0.3079233918913155,-0.47676258641713937,1.7944714781829203,0.9970606371376336,0.5063267998266162,1.3242131636348986,1.3121368941086644,-0.18245719450624603,-0.31813793069236956,-0.15945125315364114,-0.397316236568382
-0.3079233918913155,-0.47676258641713937,1.555082031185193,0.4976081936239821,0.19779403942213789,1.1200032667746824,2.0909879591995884,-0.18245719450624603,4.845060445462592,-0.15945125315364114,-0.397316236568382
-0.3079233918913155,2.0198512149352292,0.002994564419294273,-0.25854100165624233,-0.1689095633942081,-0.7737650585626493,-0.23508577086664342,-0.15506319006212443,0.42123783474358373,-0.01338164002636354,2.1409342531634397
-0.3079233918913155,0.7715443142590449,1.386488495975371,0.7926462673503275,0.38005145450418315,0.32172821541201924,1.121212161146813,1.659146813125016,0.043305585083577874,-0.15945125315364114,0.8718090082975287
-0.3079233918913155,-0.47676258641713937,1.9507435225577978,1.3173098164710801,0.704158174165095,1.3427776997131,1.1749154361683465,-0.18245719450624603,2.142085855183015,-0.15945125315364114,-0.397316236568382
-0.3079233918913155,-0.47676258641713937,0.9278244870187152,0.08877945404936961,-0.05475665122272851,1.3799067718695028,1.0489937987443476,-0.18245719450624603,0.3361769059766156,-0.15945125315364114,-0.397316236568382
-0.3079233918913155,-0.47676258641713937,1.0728538884291163,0.2114280759217534,0.02100855597073142,1.194261411087488,1.7854904475999873,-0.18245719450624603,-0.18727496335857252,-0.15945125315364114,-0.397316236568382
2.591622583681666,-0.47676258641713937,2.2034308119930692,1.6287010397804098,0.8965176168729349,1.3427776997131,1.2390324911370603,-0.18245719450624603,1.8345578819485915,-0.15945125315364114,-1.0318788590013375
-0.3079233918913155,4.516465016287598,-0.16500811240787397,-0.26827793947044437,-0.22413398108188554,-0.9193110214157489,-0.9880359780138988,-0.17209916357271393,-0.06295514439146534,-0.08497430539638,4.679184742895261
-0.3079233918913155,-0.47676258641713937,-0.47688536142014165,-0.2494581898253597,-0.26370025594958124,-0.795485565774145,-0.8165420400211367,-0.18245719450624603,-0.5144323816930652,-0.15945125315364114,-0.397316236568382
2.591622583681666,-0.47676258641713937,2.0637162268050426,1.5380773358413706,0.8405355471133228,1.1385678028528838,2.0341142565775123,-0.18245719450624603,1.3307354577134727,-0.15945125315364114,-1.0318788590013375
-0.3079233918913155,-0.47676258641713937,-0.18652141265151978,-0.23405897396804928,-0.25418751326862465,-0.6956083616734211,-0.6045186173633943,-0.18245719450624603,1.4485121283138902,-0.15945125315364114,-0.397316236568382
-0.3079233918913155,-0.47676258641713937,2.531952978193806,3.5863093211101793,2.1058145072441032,1.21282594716569,1.747234397090351,-0.18245719450624603,3.149730703653252,-0.15945125315364114,-0.397316236568382
-0.3079233918913155,-0.47676258641713937,1.530713150734222,0.49283852499561154,0.19484761469794773,1.21282594716569,1.6881710861923378,-0.18245719450624603,0.4670398733104125,-0.15945125315364114,-0.397316236568382
-0.3079233918913155,-0.47676258641713937,1.719566355665364,1.0106882617901207,0.5147451561814451,1.1014387306964808,2.154554422323126,-0.18245719450624603,2.1028269649828757,-0.15945125315364114,-0.397316236568382
-0.3079233918913155,0.7715443142590449,2.2111725625574628,0.5882318975630212,1.777498609405777,0.9018699678558151,1.3975746619704488,3.1728276483658044,-0.023696254191326288,2.057343278019565,0.8718090082975287
-0.3079233918913155,-0.47676258641713937,1.5618305832397261,0.5814180852367776,0.2495669310043355,1.1200032667746824,2.0670462345360487,-0.18245719450624603,1.775669546648383,-0.15945125315364114,-0.397316236568382
-0.3079233918913155,-0.47676258641713937,-1.0919547670945944,-0.274396742939411,-0.2791058480789181,-0.5211017225383274,-0.3795028099366328,-0.18245719450624603,0.9250602589787021,-0.15945125315364114,-0.397316236568382
-0.3079233918913155,-0.47676258641713937,2.724003597990385,3.959706236588325,2.3364774713664147,1.1571323389310852,1.9203699963418166,-0.18245719450624603,1.7167812113481742,-0.15945125315364114,-0.397316236568382
2.591622583681666,-0.47676258641713937,2.1401924474193015,1.7268199372783168,0.9571297826277029,1.4170358440259059,0.960728341964472,-0.18245719450624603,-0.23962015029209136,-0.15945125315364114,-1.0318788590013375
-0.3079233918913155,0.7715443142590449,-0.6615186776215404,-0.2673785162433802,-0.2614272997337775,-0.800599383513731,-0.6288880080452435,-0.17277801352491176,-0.5144323816930652,-0.14003899165137854,0.8718090082975287
-0.3079233918913155,-0.47676258641713937,1.4861969560515587,0.7176943317616484,0.3337504945526243,1.3056486275566972,1.381091242538956,-0.18245719450624603,-0.25270644702547107,-0.15945125315364114,-0.397316236568382
-0.3079233918913155,0.7715443142590449,3.088354741167875,-0.13266944655354543,7.219124157167164,0.6094785246241421,1.8841264241189495,11.288715636733711,-0.1840033891752276,10.62200855785063,0.8718090082975287
-0.3079233918913155,0.7715443142590449,-0.7447831604690944,-0.2775787932957668,-0.273427666717586,-0.9060373781198349,-1.0096958677019834,-0.18036737133982159,-0.26252116957550586,-0.14833053804698218,0.8718090082975287
-0.3079233918913155,-0.47676258641713937,2.9998413775197053,6.57552878863322,3.952380973675818,1.0457451224618766,2.398296641725058,-0.18245719450624603,5.5183504123949785,-0.15945125315364114,-0.397316236568382
5.491168559254648,-0.47676258641713937,-0.8436041006136555,-0.27030845554366495,-0.27658034117246943,1.491293988338712,0.6350710006738245,-0.18245719450624603,-0.5144323816930652,-0.15945125315364114,-1.2433997331456559
-0.3079233918913155,-0.47676258641713937,-0.7574140862245983,-0.25886125083557576,-0.2695089218344132,1.8330596717239693,1.0635421484643393,-0.18245719450624603,0.08099411967571134,-0.15945125315364114,-0.397316236568382
2.591622583681666,-0.47676258641713937,1.4550495572103712,0.5684718418169149,0.24156949246724801,1.3427776997131,1.1838448898025853,-0.18245719450624603,-0.12184347969167406,-0.15945125315364114,-1.0318788590013375
-0.3079233918913155,-0.47676258641713937,2.234830089589591,1.9114742513195166,1.0711985112356341,1.3427776997131,1.183855277695627,-0.18245719450624603,0.4081515380102038,-0.15945125315364114,-0.397316236568382
-0.3079233918913155,2.0198512149352292,2.109872006763426,-0.21239105077059484,1.9635442848474953,1.0049031430898332,1.3682950600547403,3.3085616731692475,0.36889264781006487,3.0475523268889226,2.1409342531634397
-0.3079233918913155,-0.47676258641713937,1.657388389017634,0.7599399681843584,0.3598473992525938,1.2313904832438913,1.6539085617924487,-0.18245719450624603,0.6764206210444877,-0.15945125315364114,-0.397316236568382
-0.3079233918913155,2.0198512149352292,0.47168987647994753,-0.20510027158151425,-0.12041983079039376,-0.5489485266556295,-0.5939301307443473,-0.17667596537940344,-0.4786631706218273,0.009135358567901302,2.1409342531634397
-0.3079233918913155,0.7715443142590449,2.600883863449982,0.406984489684943,3.2843843969201463,1.21282594716569,1.7419715663590125,-0.07758269431208102,0.18241291935940404,4.4125343738461265,0.8718090082975287
2.591622583681666,-0.47676258641713937,1.996426755305362,1.3718203150810284,0.7378315995844106,1.2499550193220927,1.5562054854723755,-0.18245719450624603,5.701558566662293,-0.15945125315364114,-1.0318788590013375
-0.3079233918913155,2.0198512149352292,-0.5062376578158239,-0.26894569307841626,-0.25132527210798283,-0.7878122241951551,-0.7571421287887057,-0.1793275259952985,0.3056422135987295,-0.12393355072047928,2.1409342531634397
-0.3079233918913155,-0.47676258641713937,-0.5720913339843267,-0.2566808308911779,-0.26816198481764053,1.3984713079477045,0.989430353688277,-0.18245719450624603,0.07445097130902148,-0.15945125315364114,-0.397316236568382
-0.3079233918913155,-0.47676258641713937,-0.3973804301474135,-0.2525925434954317,-0.2656364779111919,-0.6380582998309966,-0.5216433114397616,-0.18245719450624603,-0.5144323816930652,-0.15945125315364114,-0.397316236568382
-0.3079233918913155,-0.47676258641713937,1.3984922769198456,0.5064661496480987,0.20326597105277663,1.3427776997131,1.179003668936716,-0.18245719450624603,0.4604967249437227,-0.15945125315364114,-0.397316236568382
-0.3079233918913155,-0.47676258641713937,2.007733688483436,1.2655248427916292,0.6721684200167453,1.2313904832438913,1.6241195875859964,-0.18245719450624603,2.4496138284174376,-0.15945125315364114,-0.397316236568382
-0.3079233918913155,-0.47676258641713937,2.285170069497564,2.0395739230528953,1.1503310609710256,1.3056486275566972,1.3692160286452841,-0.18245719450624603,0.009019487642122999,-0.15945125315364114,-0.397316236568382
-0.3079233918913155,-0.47676258641713937,1.805326050886263,1.0059185931617503,0.5117987314572551,1.3427776997131,1.1865276374713722,-0.18245719450624603,-0.18727496335857252,-0.15945125315364114,-0.397316236568382
-0.3079233918913155,-0.47676258641713937,1.3043863716706017,0.46353913199276436,0.17674814853506568,1.4170358440259059,0.9519504022374463,-0.18245719450624603,1.245674528946505,-0.15945125315364114,-0.397316236568382
-0.3079233918913155,-0.47676258641713937,3.301576015877796,8.826130999991463,5.342672525675807,1.21282594716569,1.7087840019459624,-0.18245719450624603,1.1933293420129862,-0.15945125315364114,-0.397316236568382
-0.3079233918913155,0.7715443142590449,2.8069175545966227,2.158134257529533,4.024357920509605,1.1849791430483871,1.8279035251148537,1.3927577984079111,0.2903748674097866,3.9152865397818593,0.8718090082975287
-0.3079233918913155,-0.47676258641713937,1.9289344021930797,1.2968683794923492,0.6915306396328516,1.3613422357913014,1.1590030435328784,-0.18245719450624603,4.458360376991222,-0.15945125315364114,-0.397316236568382
-0.3079233918913155,-0.47676258641713937,2.1078354889357938,1.5353518109108732,0.838851875842357,1.491293988338712,0.6820835888979534,-0.18245719450624603,0.6633343243111081,-0.15945125315364114,-0.397316236568382
-0.3079233918913155,-0.47676258641713937,-0.9428068262286715,-0.27167121800891364,-0.27742217680795234,-0.8051391245348098,-0.46275895011117907,-0.18245719450624603,-0.5144323816930652,-0.15945125315364114,-0.397316236568382
2.591622583681666,-0.47676258641713937,1.7802789082611712,0.962991575506416,0.4852809089395441,1.3427776997131,1.180357580387572,-0.18245719450624603,-0.1153003313249842,-0.15945125315364114,-1.0318788590013375
-0.3079233918913155,-0.47676258641713937,1.4954819889269506,0.560976648258047,0.23693939647209217,1.4541649161823087,0.7979540778346002,-0.18245719450624603,1.4485121283138902,-0.15945125315364114,-0.397316236568382
-0.3079233918913155,2.0198512149352292,0.8207934927472844,-0.2121184982775451,0.047442194924894085,-0.5118194544992266,-0.36727830636312603,-0.17664893602931675,0.31436641142098276,0.25965763555766885,2.1409342531634397
-0.3079233918913155,3.2681581156114135,0.24719429891927158,-0.28532609791070573,-0.12989048168957623,-0.7262398462024536,-0.5855321908984679,-0.1725999335779837,0.02537735855884755,0.06745787545987264,3.4100594980293506
-0.3079233918913155,-0.47676258641713937,0.9779925712846758,0.1071767473302272,-0.043391870143709516,1.2870840914784953,1.435743489432354,-0.18245719450624603,-0.3312242274257493,-0.15945125315364114,-0.397316236568382
-0.3079233918913155,-0.47676258641713937,2.2711125089295123,2.025946298400408,1.1419127046161968,1.3242131636348986,1.3021549672506434,-0.18245719450624603,-0.05641199602477548,-0.15945125315364114,-0.397316236568382
-0.3079233918913155,-0.47676258641713937,-0.8514836375751558,-0.27030845554366495,-0.27658034117246943,1.491293988338712,0.6909168845238334,-0.18245719450624603,-0.5144323816930652,-0.15945125315364114,-0.397316236568382
-0.3079233918913155,-0.47676258641713937,1.632821347917438,0.6836252701304307,0.31270460366555203,1.3613422357913014,1.167452278009766,-0.18245719450624603,3.346025154653947,-0.15945125315364114,-0.397316236568382
-0.3079233918913155,2.0198512149352292,1.434497815922267,0.010420612297568948,0.5294772798023958,1.121240902513229,0.8957487353983371,0.3494892568451232,0.18568449354274896,0.760947139209157,2.1409342531634397
-0.3079233918913155,-0.47676258641713937,-0.03691051306079815,-0.19876342611810774,-0.23238397030961783,0.5209318231102947,0.38890478292550357,-0.18245719450624603,-0.5144323816930652,-0.15945125315364114,-0.397316236568382
2.591622583681666,-0.47676258641713937,-0.05015820235247877,-0.19481141496888651,-0.22994264696671743,1.1571323389310852,0.532942244092758,-0.18245719450624603,2.096283816616186,-0.15945125315364114,-1.0318788590013375
-0.3079233918913155,-0.47676258641713937,1.4081717485607077,0.45195565103815044,0.16959254563346118,1.1571323389310852,1.921408352906305,-0.18245719450624603,1.7102380629814844,-0.15945125315364114,-0.397316236568382
-0.3079233918913155,0.7715443142590449,1.71183382630938,0.7926462673503275,0.6494388578587074,1.333495431673999,1.2618918899497318,-0.0006738163841225293,0.40160838964351414,0.23246822197090367,0.8718090082975287
-0.3079233918913155,5.764771916963783,1.9849375607056652,-0.11447656764247516,2.3836202669534563,0.4804549988806416,0.45451797511778397,0.1057210207174877,0.015562636008812856,3.570703588762202,5.9483099877611725
-0.3079233918913155,-0.47676258641713937,0.6700505396294378,-0.03250640535776536,-0.1296800227807055,1.2499550193220927,1.5517819013971437,-0.18245719450624603,2.030852332949287,-0.15945125315364114,-0.397316236568382
-0.3079233918913155,0.7715443142590449,0.16246684122780372,-0.23760215637769597,-0.18818759944676622,-0.7151011245555327,-0.5127760630530935,-0.17040221455676607,-0.013881531641291502,-0.06024663601274075,0.8718090082975287
-0.3079233918913155,-0.47676258641713937,1.2407929241734637,0.37018990312322786,0.11908240750448786,1.4356003801041073,0.8775622665623539,-0.18245719450624603,0.3950652412768243,-0.15945125315364114,-0.397316236568382
-0.3079233918913155,-0.47676258641713937,1.5194185104009694,0.5882318975630212,0.2537761091817499,1.194261411087488,1.787093198978518,-0.18245719450624603,0.7941972916449053,-0.15945125315364114,-0.397316236568382
-0.3079233918913155,-0.47676258641713937,0.5360017111177092,-0.09655624122445466,-0.16924629764840124,0.7115834730542501,0.37957484367456973,-0.18245719450624603,3.7058983148218894,-0.15945125315364114,-0.397316236568382
-0.3079233918913155,2.0198512149352292,1.8435763043343045,0.06604857612902121,0.8880992605181058,1.441788558796841,0.8330869204983502,-0.16069673813289775,0.224943383742888,1.2326957124231324,2.1409342531634397
-0.3079233918913155,0.7715443142590449,2.015528488003335,-0.108821103411693,1.2808155844708733,1.2778018234393946,1.4488951511660517,0.16712622495937596,1.7903916304734349,1.9612005317780752,0.8718090082975287
-0.3079233918913155,-0.47676258641713937,1.9506766172261463,1.1387879335234994,0.5938777059168366,0.4256896174499476,0.2641206336255285,-0.18245719450624603,1.4354258315805104,-0.15945125315364114,-0.397316236568382
-0.3079233918913155,-0.47676258641713937,1.376689176731084,0.39744515242820205,0.13591912021414562,1.4356003801041073,0.6146658376056118,-0.18245719450624603,2.1682584486497736,-0.15945125315364114,-0.397316236568382
2.591622583681666,0.7715443142590449,1.8921013993427689,-0.2192048630968384,1.0644638261517712,1.3056486275566972,1.7119812073679008,6.620402051421919,1.4910425926973743,1.7456448204595754,-0.397316236568382
-0.3079233918913155,-0.47676258641713937,1.6792717517916413,0.8083180357006875,0.3897325643122363,1.1571323389310852,1.9480483836712206,-0.18245719450624603,-0.40319885945933764,-0.15945125315364114,-0.397316236568382
-0.3079233918913155,2.0198512149352292,1.7158463038202838,-0.2509640423494595,1.0871933883098088,-0.04715530464053653,1.6466879900001326,7.851470004152779,1.3656322490024855,1.8072557866975136,2.1409342531634397
-0.3079233918913155,2.0198512149352292,-0.059462795662291,-0.2573962811854334,-0.2113801712043198,-0.7451137912152916,-0.6796784893077115,-0.17771228898865926,0.22276233428732486,-0.0761989833986695,2.1409342531634397
-0.3079233918913155,4.516465016287598,0.49220155907142255,-0.2656750631618193,-0.040866363237260846,-0.7280962998102738,1.4641098504087755,2.6696539937690664,0.32309060924323585,0.17931414315713723,4.679184742895261
-0.3079233918913155,-0.47676258641713937,1.5986381992612266,0.6563700208254565,0.2958678909558943,1.2870840914784953,1.4132802071441117,-0.18245719450624603,1.0559232263124991,-0.15945125315364114,-0.397316236568382
5.491168559254648,-0.47676258641713937,1.2249109783200973,0.2816103428820618,0.06436309119810014,1.2313904832438913,1.6424275766182377,-0.18245719450624603,1.1213547099793977,-0.15945125315364114,-1.2433997331456559
5.491168559254648,-0.47676258641713937,1.5536844756875259,0.5746042729105341,0.24535775282692104,1.3427776997131,1.2205357582980612,-0.18245719450624603,5.367857999961111,-0.15945125315364114,-1.2433997331456559
-0.3079233918913155,-0.47676258641713937,1.786151289110163,0.8403429536340321,0.40951570174608415,1.3427776997131,1.1944458605004353,-0.18245719450624603,0.7941972916449053,-0.15945125315364114,-0.397316236568382
-0.3079233918913155,0.7715443142590449,2.4654340640606223,0.4996523373218551,2.6319617794209083,1.3056486275566972,1.3276211967764575,-0.14043876995934404,1.9719639976490786,3.380071506564904,0.8718090082975287
-0.3079233918913155,-0.47676258641713937,1.7723176324826286,0.8348919037730373,0.4061483592041526,1.4170358440259059,0.9097512311675092,-0.18245719450624603,-0.23962015029209136,-0.15945125315364114,-0.397316236568382
-0.3079233918913155,-0.47676258641713937,0.9539507332273722,0.07992149802525308,-0.06022858285336724,-0.441274217402061,-0.29622264155939015,-0.18245719450624603,0.7287658079780066,-0.15945125315364114,-0.397316236568382
-0.3079233918913155,-0.47676258641713937,-0.12483203786552366,-0.21579795693371662,-0.24290691575315393,-0.39857578442219765,-0.2550041967366243,-0.18245719450624603,-0.5144323816930652,-0.15945125315364114,-0.397316236568382
-0.3079233918913155,-0.47676258641713937,1.3674266086184692,0.49079438129773856,0.19358486124472346,1.3242131636348986,1.2722189055493724,-0.18245719450624603,0.447410428210343,-0.15945125315364114,-0.397316236568382
-0.3079233918913155,0.7715443142590449,2.6073274704983755,0.3034145423260412,3.301221109629804,1.3242131636348982,1.599106930375367,4.931922598306862,2.400540215667264,4.530110216383489,0.8718090082975287
5.491168559254648,-0.47676258641713937,0.2880197889865007,-0.13539497148404284,-0.19323861325966354,1.2870840914784953,1.3893752505820822,-0.18245719450624603,0.006402228295447073,-0.15945125315364114,-1.2433997331456559
-0.3079233918913155,-0.47676258641713937,1.5015797550326826,0.560976648258047,0.23693939647209217,1.4541649161823087,0.7700601228069031,-0.18245719450624603,2.1682584486497736,-0.15945125315364114,-0.397316236568382
-0.3079233918913155,0.7715443142590449,-0.35948809923661185,-0.2536827534676307,-0.24711609393056838,-0.566584835929921,-0.42831957232762075,-0.1750218236614938,-0.05641199602477548,-0.13152699055101733,0.8718090082975287
-0.3079233918913155,-0.47676258641713937,1.8417532528694005,1.0106882617901207,0.5147451561814451,1.3427776997131,1.2413565895160932,-0.18245719450624603,4.576137047591639,-0.15945125315364114,-0.397316236568382
-0.3079233918913155,0.7715443142590449,1.262141056466441,0.16529856647308463,0.08625081772065524,0.9928361946390021,0.5810965532802679,0.0690318569419829,-0.23307700192540148,-0.023075523293897206,0.8718090082975287
-0.3079233918913155,-0.47676258641713937,0.3714141244966301,-0.13607635271666718,-0.193659531077405,1.491293988338712,0.6478196957781531,-0.18245719450624603,3.4572586768876747,-0.15945125315364114,-0.397316236568382
-0.3079233918913155,-0.47676258641713937,3.294972182262091,10.174584459355058,6.1756688869861245,1.0457451224618766,2.3695891694867046,-0.18245719450624603,3.1824464454867005,-0.15945125315364114,-0.397316236568382
2.591622583681666,-0.47676258641713937,-0.9056870307252751,-0.2704447317901898,-0.2766645247360177,0.6930189369760487,0.37571777371159043,-0.18245719450624603,-0.10221403459160448,-0.15945125315364114,-1.0318788590013375
-0.3079233918913155,0.7715443142590449,1.6747937791203202,-0.2634946432174214,0.714681119608631,0.5092300298018541,0.3457429891208638,0.013704386982263585,0.43105255729361835,1.2765661986698862,0.8718090082975287
2.591622583681666,0.7715443142590449,2.1337169652678387,0.4717157067842566,1.6954196349461954,1.2963663595175963,1.4094658026850215,0.7816890439388439,0.9675907233621862,2.0426462977023943,-0.397316236568382
-0.3079233918913155,0.7715443142590449,1.5466452193999574,0.5248634429289563,0.48107173076212967,1.333495431673999,1.2441677590448863,0.209074272885303,0.24457282884295758,0.22818160271172888,0.8718090082975287
-0.3079233918913155,-0.47676258641713937,1.6976111357391974,1.0175020741163643,0.5189543343588596,1.1756968750092867,1.8310242761025741,-0.18245719450624603,0.7941972916449053,-0.15945125315364114,-0.397316236568382
-0.3079233918913155,-0.47676258641713937,1.4615736116094207,0.47921090034312447,0.18642925834311885,1.1200032667746824,2.0985957237760564,-0.18245719450624603,0.9904917426456007,-0.15945125315364114,-0.397316236568382
-0.3079233918913155,0.7715443142590449,2.6804096844951757,0.9384618511319393,4.08412825062889,1.203543679126589,1.7419715663590125,1.8800746426456638,1.5172151861641336,5.0983934553140795,0.8718090082975287
-0.3079233918913155,2.0198512149352292,0.5622436492530081,-0.2531376484815312,-0.08741987387946454,-0.6745685541181262,-0.5646025411269852,-0.17353608813847676,0.9250602589787026,0.10031787395234619,2.1409342531634397
-0.3079233918913155,-0.47676258641713937,1.4232851120395569,0.4976081936239821,0.19779403942213789,1.3427776997131,1.198348435149868,-0.18245719450624603,-0.08258458949153491,-0.15945125315364114,-0.397316236568382
-0.3079233918913155,-0.47676258641713937,-0.6709836415794302,-0.2566808308911779,-0.26816198481764053,-0.012433433995607122,0.03488581471078774,-0.18245719450624603,0.07445097130902148,-0.15945125315364114,-0.397316236568382
-0.3079233918913155,0.7715443142590449,2.6748643085554993,2.3141705598005102,3.503261662145697,1.3149308955957977,1.3431185486768473,0.7222646950707837,0.3558063510766852,3.0169336178948174,0.8718090082975287
-0.3079233918913155,-0.47676258641713937,1.9819051279399145,1.305726335516466,0.6970025712634905,1.21282594716569,1.7366438142855427,-0.18245719450624603,2.7636849500185505,-0.15945125315364114,-0.397316236568382
-0.3079233918913155,0.7715443142590449,0.47705666994044305,-0.22540543231372,-0.1330894571044112,-0.46819279471545316,-0.32197678115724426,-0.17906948116277902,0.23802968047626782,0.008951646313936691,0.8718090082975287
-0.3079233918913155,-0.47676258641713937,0.8459250619660486,0.056754536116025024,-0.07453978865657634,1.3799067718695028,1.0776013843130205,-0.18245719450624603,1.2522176773131948,-0.15945125315364114,-0.397316236568382
-0.3079233918913155,0.7715443142590449,0.14841268912792438,-0.21566168068719174,-0.19172330911579433,-0.5192452689305072,-0.3357932078744054,-0.159139167596668,-0.023696254191326198,-0.08510902771595405,0.8718090082975287
-0.3079233918913155,0.7715443142590449,1.7252529407633292,0.7722048303715968,0.5189543343588596,1.3706245038304024,1.1090515216964107,0.16922372547616982,0.3852505187267895,0.0610034516039152,0.8718090082975287
-0.3079233918913155,-0.47676258641713937,2.146682888483686,1.869228614896807,1.0451016065356644,1.2313904832438913,1.6049756102405754,-0.18245719450624603,4.09848721682328,-0.15945125315364114,-0.397316236568382
-0.3079233918913155,-0.47676258641713937,0.9200890403252999,0.06356834844226858,-0.0703306104791619,1.21282594716569,1.7316113523856866,-0.18245719450624603,-0.01715310582463643,-0.15945125315364114,-0.397316236568382
2.591622583681666,-0.47676258641713937,1.7340452988818367,0.9221087015489547,0.46002583987505746,1.3799067718695028,1.0628245296416268,-0.18245719450624603,0.20531393864281852,-0.15945125315364114,-1.0318788590013375
-0.3079233918913155,-0.47676258641713937,1.521650544947863,0.5200937743005858,0.2116843274076055,1.1571323389310852,0.5341959587854281,-0.18245719450624603,0.11370986150916063,-0.15945125315364114,-0.397316236568382
-0.3079233918913155,-0.47676258641713937,0.1727373558586541,-0.141527402577662,-0.19702687361933655,-0.4746903823428237,-0.3294563763124231,-0.18245719450624603,3.934908507656034,-0.15945125315364114,-0.397316236568382
-0.3079233918913155,-0.47676258641713937,1.0343777870290392,0.13852028403094752,-0.024029650527603075,1.1756968750092867,1.8477452231364153,-0.18245719450624603,-0.05641199602477548,-0.15945125315364114,-0.397316236568382
2.591622583681666,-0.47676258641713937,1.2845522782573033,0.44241631378140944,0.16369969618508096,1.194261411087488,1.8068965261680967,-0.18245719450624603,-0.18727496335857252,-0.15945125315364114,-1.0318788590013375
-0.3079233918913155,-0.47676258641713937,1.5246424960583218,0.724508144087892,0.3379596727300387,1.194261411087488,1.7807100889701315,-0.18245719450624603,1.2522176773131948,-0.15945125315364114,-0.397316236568382
-0.3079233918913155,0.7715443142590449,1.4238797915299377,0.22709984427211355,0.38005145450418315,1.352059967752201,1.2402056276199325,0.8313347219440577,0.4343241314769634,0.34881931614850287,0.8718090082975287
2.591622583681666,-0.47676258641713937,-0.6422402051057049,-0.2566808308911779,-0.26816198481764053,-0.7127553896041963,-0.4487247353958337,-0.18245719450624603,-0.5144323816930652,-0.15945125315364114,-1.0318788590013375
-0.3079233918913155,0.7715443142590449,3.6175460954704195,3.8929308757911385,15.273807517467436,1.073591926579179,2.287760889801996,4.124388946800793,4.0003399913229325,18.722494209331067,0.8718090082975287
-0.3079233918913155,-0.47676258641713937,1.6076469870432029,0.8199015166553015,0.39688816721384085,1.3056486275566972,1.3462160928480005,-0.18245719450624603,-0.38356941435926806,-0.15945125315364114,-0.397316236568382
-0.3079233918913155,2.0198512149352292,-0.3068771736207111,-0.2632902288476341,-0.23196305249187638,-0.7980227190381659,-0.3439167996641886,-0.14974797189852507,0.816007786200538,-0.10084704413892405,2.1409342531634397
-0.3079233918913155,-0.47676258641713937,-0.9392393556718709,-0.27030845554366495,-0.27658034117246943,1.1218597203825027,0.4180995652703406,-0.18245719450624603,-0.5144323816930652,-0.15945125315364114,-0.397316236568382
-0.3079233918913155,-0.47676258641713937,1.3698157642459807,0.34293465381825367,0.10224569479483007,1.47272945226051,0.7323589673996019,-0.18245719450624603,1.0559232263124991,-0.15945125315364114,-0.397316236568382
-0.3079233918913155,0.7715443142590449,-0.13502578438258805,-0.2410090625408177,-0.2311212168563935,-0.6083304069664984,-0.41653786697643963,-0.18113730619060955,-0.5144323816930652,-0.11964693146130456,0.8718090082975287
-0.3079233918913155,-0.47676258641713937,1.6338783088021163,0.7313219564141356,0.34216885090745314,1.2870840914784953,1.3910100366499452,-0.18245719450624603,0.20531393864281852,-0.15945125315364114,-0.397316236568382
-0.3079233918913155,-0.47676258641713937,0.040202078143285594,-0.20217033228122952,-0.23448855939832505,1.47272945226051,0.6995403422408649,-0.18245719450624603,0.5979028406442097,-0.15945125315364114,-0.397316236568382
5.491168559254648,0.7715443142590449,2.3788831980503136,0.5889132787956455,2.1268603981311758,1.3427776997131,1.2104716863607161,0.3314304321082182,0.9250602589787024,2.5650014731418267,-0.8203579848570189
-0.3079233918913155,-0.47676258641713937,1.5100868620628407,0.5200937743005858,0.2116843274076055,1.21282594716569,1.747216851792356,-0.18245719450624603,-0.05641199602477548,-0.15945125315364114,-0.397316236568382
-0.3079233918913155,0.7715443142590449,2.742288500701715,2.015725579911043,3.6665777754293774,1.2406727512829918,1.771272770702856,6.237260544037103,1.7036949146147944,3.522754690477433,0.8718090082975287
-0.3079233918913155,0.7715443142590449,2.0070697775631094,0.4383280263856633,1.3313257225998463,1.2499550193220927,1.5727556747633704,1.0648372637702395,2.528131608817716,1.5429489669186,0.8718090082975287
-0.3079233918913155,-0.47676258641713937,1.906152792029669,1.187847382272453,0.6241837887942207,1.1756968750092867,1.8622867917760617,-0.18245719450624603,-0.31813793069236956,-0.15945125315364114,-0.397316236568382
-0.3079233918913155,-0.47676258641713937,2.840446249027408,4.656077856330414,2.7666554810981703,1.21282594716569,1.6841547173005271,-0.18245719450624603,3.542319605654643,-0.15945125315364114,-0.397316236568382
-0.3079233918913155,-0.47676258641713937,1.6641636498345374,1.0856401973787995,0.5610461161330039,1.0457451224618766,2.3953472438743333,-0.18245719450624603,1.3176491609800933,-0.15945125315364114,-0.397316236568382
-0.3079233918913155,0.7715443142590449,2.8507491453443783,-0.24986701856493432,5.262698140304932,1.21282594716569,1.8929023732843995,8.948609052254527,1.3503649028135427,7.881021728698346,0.8718090082975287
-0.3079233918913155,-0.47676258641713937,1.9436586896440688,1.393624514525008,0.7513009697521368,1.2685195554002942,1.4697044569166933,-0.18245719450624603,0.7287658079780066,-0.15945125315364114,-0.397316236568382
-0.3079233918913155,2.0198512149352292,0.650035176628084,-0.2440752780876273,-0.028238828705017517,-0.4777844716891906,-0.3273652575463263,-0.1694640080208512,0.13988245497592014,0.17827310705133764,2.1409342531634397
-0.3079233918913155,-0.47676258641713937,1.7829724057029608,0.9016672645702241,0.44739830534281416,1.21282594716569,1.7457007935584803,-0.18245719450624603,2.1028269649828757,-0.15945125315364114,-0.397316236568382
-0.3079233918913155,-0.47676258641713937,2.218597674980208,1.9632592249989678,1.1031882653839837,1.2499550193220927,1.56706902825518,-0.18245719450624603,0.6306185824776588,-0.15945125315364114,-0.397316236568382
-0.3079233918913155,-0.47676258641713937,1.7864291297182693,0.9834330124851465,0.49790844347178737,1.3427776997131,1.236203464237581,-0.18245719450624603,0.2969180157764764,-0.15945125315364114,-0.397316236568382
-0.3079233918913155,0.7715443142590449,3.275830031917196,2.84155963385176,8.756316027558917,1.1849791430483871,2.008043806800389,11.292211453395852,0.6414147772826971,10.185385767594694,0.8718090082975287
-0.3079233918913155,-0.47676258641713937,0.3185485969992216,-0.14220878381028637,-0.197447791437078,1.21282594716569,1.7084017490351526,-0.18245719450624603,2.227146783949982,-0.15945125315364114,-0.397316236568382
-0.3079233918913155,-0.47676258641713937,2.331076937124394,2.291684979123906,1.30607065353536,1.1014387306964808,2.1574375377690513,-0.18245719450624603,0.5324713569773111,-0.15945125315364114,-0.397316236568382
-0.3079233918913155,0.7715443142590449,2.915355025820876,1.2212350626710462,5.047188217621314,1.2313904832438913,1.6401355646822544,0.4978287300843708,0.6306185824776588,6.245370294233254,0.8718090082975287
-0.3079233918913155,2.0198512149352292,2.182161657638818,-0.2083027633748487,2.5267323249855473,0.6672761136142757,0.9916944180012375,1.1678736872525395,0.2140381364650716,3.8632347344918814,2.1409342531634397
-0.3079233918913155,0.7715443142590449,1.258942878617554,0.14533409635719105,0.14012829839156007,1.2870840914784953,1.4078165647584777,0.3979117766878198,1.02320748447905,0.0732509352015573,0.8718090082975287
-0.3079233918913155,-0.47676258641713937,2.126159205054458,1.7397661806981797,0.9651272211647903,1.3799067718695028,1.0422782112095388,-0.18245719450624603,0.31000431250985616,-0.15945125315364114,-0.397316236568382
-0.3079233918913155,0.7715443142590449,-0.22393642315909187,-0.25640827839812813,-0.24113906091863987,-0.6826131864186802,-0.45082109508301305,-0.18135728757654895,0.04173522947557219,-0.1203817804771631,0.8718090082975287
-0.3079233918913155,0.7715443142590449,1.9658080064179326,-0.10677695971381994,1.2547186797709038,1.2499550193220927,1.6849644423974515,4.704694514519841,2.7996722660353446,1.9213962100857385,0.8718090082975287
2.591622583681666,-0.47676258641713937,1.973557481902368,1.3636437402895363,0.7327805857715132,1.1756968750092867,1.876546362604531,-0.18245719450624603,4.406015190057703,-0.15945125315364114,-1.0318788590013375
-0.3079233918913155,0.7715443142590449,2.1212336198306208,-0.21511657570109224,1.6007131259543705,0.6113349782319623,0.3911563247399495,0.04412363301135189,0.46703987331041275,2.5221352805500796,0.8718090082975287
2.591622583681666,-0.47676258641713937,-0.8346832077092377,-0.2634946432174214,-0.272371162995055,1.47272945226051,0.6995403422408649,-0.18245719450624603,-0.31813793069236956,-0.15945125315364114,-1.0318788590013375
-0.3079233918913155,-0.47676258641713937,2.5608214738077293,3.3137568280604373,1.9374473801475258,1.21282594716569,1.7031681224057622,-0.18245719450624603,2.0373954813159774,-0.15945125315364114,-0.397316236568382
-0.3079233918913155,0.7715443142590449,2.53434178506347,0.4056217272196943,3.242292615146002,1.3056486275566972,1.4997323178820974,3.061676938134727,1.4027100897470612,4.35252170421768,0.8718090082975287
-0.3079233918913155,0.7715443142590449,2.4659644124641273,0.5217972273821466,2.8171656192271435,1.2313904832438909,1.7123602041151047,3.970573013182685,0.09080884222574612,3.6296139848668596,0.8718090082975287
-0.3079233918913155,-0.47676258641713937,-0.7757699295205053,-0.2634946432174214,-0.272371162995055,0.6187607926632427,0.3451809892264125,-0.18245719450624603,0.07445097130902148,-0.15945125315364114,-0.397316236568382
-0.3079233918913155,-0.47676258641713937,1.441258771793332,0.44582321994453117,0.16580428527378813,1.2685195554002942,1.4750836035072072,-0.18245719450624603,5.2317605139339625,-0.15945125315364114,-0.397316236568382
-0.3079233918913155,-0.47676258641713937,-0.6004780835252457,-0.2566808308911779,-0.26816198481764053,-0.39857578442219765,-0.2547805586836218,-0.18245719450624603,0.07445097130902148,-0.15945125315364114,-0.397316236568382
-0.3079233918913155,-0.47676258641713937,-0.53888557130857,-0.24782287486706125,-0.26269005318700184,-0.6257200789531766,-0.41268325091681013,-0.18245719450624603,0.8661719236784935,-0.15945125315364114,-0.397316236568382
-0.3079233918913155,-0.47676258641713937,1.2407929241734637,0.3156794045132796,0.08540898208517235,1.4541649161823087,0.811230013755121,-0.18245719450624603,1.1802430452796064,-0.15945125315364114,-0.397316236568382
2.591622583681666,-0.47676258641713937,2.1414364343050734,1.732952368371936,0.9609180429873756,1.3613422357913014,1.1202807175666485,-0.18245719450624603,3.2478779291535993,-0.15945125315364114,-1.0318788590013375
2.591622583681666,-0.47676258641713937,0.8135460028934764,0.01607607652835107,-0.09966858237574057,0.984049243274097,1.5944725023921038,-0.18245719450624603,5.582669560839539,-0.15945125315364114,-1.0318788590013375
-0.3079233918913155,0.7715443142590449,1.4902986602806634,-0.28624596257474855,0.5320027867088444,0.17441862163149063,1.415440850281509,3.587433510554234,2.2762203967001566,1.0312429784673174,0.8718090082975287
-0.3079233918913155,-0.47676258641713937,2.1269540249231955,1.6818487759251093,0.9293492066567672,1.21282594716569,1.6763831149421498,-0.18245719450624603,5.531436709128358,-0.15945125315364114,-0.397316236568382
-0.3079233918913155,-0.47676258641713937,2.7429947956838827,4.105521820369937,2.4265538843630834,1.21282594716569,1.7108421520602966,-0.18245719450624603,0.8138267367449747,-0.15945125315364114,-0.397316236568382
-0.3079233918913155,-0.47676258641713937,2.9953574368124527,6.482179559763684,3.8947152326452397,1.064309658540078,2.3202312271008916,-0.18245719450624603,1.5335730570808583,-0.15945125315364114,-0.397316236568382
-0.3079233918913155,-0.47676258641713937,1.860711608113791,1.0284041738383538,0.5256890194427227,1.1756968750092867,1.8258003780258494,-0.18245719450624603,2.920720510819107,-0.15945125315364114,-0.397316236568382
-0.3079233918913155,-0.47676258641713937,1.0523870999727845,0.14397133389194236,-0.02066230798567152,1.3427776997131,1.2083258227832172,-0.18245719450624603,-0.25270644702547107,-0.15945125315364114,-0.397316236568382
-0.3079233918913155,0.7715443142590449,1.766050834853039,1.2866476610029842,1.067410250875961,1.064309658540078,2.3158604655617827,0.8795719108087302,0.11370986150916063,0.39658450217930663,0.8718090082975287
-0.3079233918913155,-0.47676258641713937,1.6928149065356755,0.7790186426978404,0.37163309814935425,1.3056486275566972,1.3516410527548186,-0.18245719450624603,-0.05641199602477548,-0.15945125315364114,-0.397316236568382
-0.3079233918913155,0.7715443142590449,1.3321150249025384,0.20900917254593696,0.20455397957506546,1.333495431673999,1.2483092906563646,0.011902959412805466,1.213940259368059,0.10975456006432932,0.8718090082975287
-0.3079233918913155,-0.47676258641713937,0.9829376524030415,0.06561249214014164,-0.06906785702593757,0.6150478854476025,0.3442758198953088,-0.18245719450624603,0.7941972916449053,-0.15945125315364114,-0.397316236568382
-0.3079233918913155,0.7715443142590449,2.534502866579404,-0.26989962680409035,3.0739254880494244,1.407753575986805,0.9768654656473721,0.5852241469238404,2.0112228878492178,4.714679794199955,0.8718090082975287
2.591622583681666,-0.47676258641713937,1.9892212431800798,1.3718203150810284,0.7378315995844106,1.4356003801041073,0.8365867139921666,-0.18245719450624603,0.4670398733104125,-0.15945125315364114,-1.0318788590013375
-0.3079233918913155,-0.47676258641713937,1.7527822099417372,0.637972727544599,0.2845031098768753,-0.019859248426887716,0.03068253428588827,-0.18245719450624603,2.7571418016518607,-0.15945125315364114,-0.397316236568382
-0.3079233918913155,-0.47676258641713937,1.1526687254164554,0.22028603194587,0.026480487601370197,1.3242131636348986,1.2939963580374798,-0.18245719450624603,1.4485121283138902,-0.15945125315364114,-0.397316236568382
-0.3079233918913155,-0.47676258641713937,3.4082229615179096,10.568422811811935,6.4189593856406795,1.1571323389310852,1.9192627315837647,-0.18245719450624603,0.9185171106120124,-0.15945125315364114,-0.397316236568382
2.591622583681666,-0.47676258641713937,-1.0709088456663536,-0.2739879141998364,-0.27885329738827325,1.3613422357913014,1.1618405599481698,-0.18245719450624603,-0.4365689161294559,-0.15945125315364114,-1.0318788590013375
-0.3079233918913155,0.7715443142590449,1.7625023629916143,-0.26417602445004573,0.8556885885520147,0.3644266483918827,0.39471567800647983,0.11621923253220623,-0.07604144112484505,1.482323923110272,0.8718090082975287
-0.3079233918913155,-0.47676258641713937,2.049110471573549,1.585092640892451,0.8695788765374824,1.1571323389310852,1.9527632981178737,-0.18245719450624603,4.857492427359302,-0.15945125315364114,-0.397316236568382
-0.3079233918913155,-0.47676258641713937,0.20602876121169508,-0.16701106067781285,-0.21276920000286656,-0.6009292276745937,-0.4732698165856784,-0.18245719450624603,-0.07604144112484505,-0.15945125315364114,-0.397316236568382
2.591622583681666,-0.47676258641713937,2.096577638736812,1.7261385560456926,0.9567088648099613,1.1200032667746824,2.0785012624811356,-0.18245719450624603,4.262065925990527,-0.15945125315364114,-1.0318788590013375
-0.3079233918913155,-0.47676258641713937,1.9733503780910866,1.5557932478896042,0.8514794103746003,1.2499550193220927,1.533595432561161,-0.18245719450624603,0.5979028406442097,-0.15945125315364114,-0.397316236568382
5.491168559254648,-0.47676258641713937,-0.1931921722752237,-0.21784210063158968,-0.24416966920637828,1.1385678028528838,2.050837862736389,-0.18245719450624603,-0.18727496335857252,-0.15945125315364114,-1.2433997331456559
-0.3079233918913155,0.7715443142590449,2.5249363107517153,0.8049111295375658,3.974689618016115,1.1664146069701862,1.9380964424718672,3.634974612561358,2.658994576151513,5.059201507801625,0.8718090082975287
-0.3079233918913155,-0.47676258641713937,2.384016417570586,2.2712435421451755,1.2934431190031164,1.194261411087488,1.7683007835121993,-0.18245719450624603,4.196634442323628,-0.15945125315364114,-0.397316236568382
-0.3079233918913155,-0.47676258641713937,3.2511381010258633,9.170228522466761,5.555236023635237,1.1756968750092867,1.8624455804439748,-0.18245719450624603,0.5062987635105517,-0.15945125315364114,-0.397316236568382
-0.3079233918913155,-0.47676258641713937,-0.8476784443190482,-0.26492554380593253,-0.273255090412312,1.3984713079477045,1.0061615000225295,-0.18245719450624603,-0.3115947823256797,-0.15945125315364114,-0.397316236568382
-0.3079233918913155,-0.47676258641713937,0.9424719767695716,0.09763741007348622,-0.049284719592089736,-0.7011777224968816,-0.22191230755248428,-0.18245719450624603,1.0559232263124991,-0.15945125315364114,-0.397316236568382
-0.3079233918913155,-0.47676258641713937,2.2278095340944413,1.9305529258329988,1.0829842101323943,1.3242131636348986,1.291928959472269,-0.18245719450624603,0.7941972916449053,-0.15945125315364114,-0.397316236568382
-0.3079233918913155,-0.47676258641713937,-0.256094063451079,-0.22492846545088294,-0.24854721451088926,0.20995856949959954,0.07474671278471574,-0.18245719450624603,0.9250602589787021,-0.15945125315364114,-0.397316236568382
2.591622583681666,-0.47676258641713937,1.2114234321877277,0.3272628854678936,0.0925645849867769,1.1756968750092867,1.8854579251329835,-0.18245719450624603,3.915279062555965,-0.15945125315364114,-1.0318788590013375
-0.3079233918913155,-0.47676258641713937,2.441486057724533,2.9137860445099415,1.6903686211332982,1.21282594716569,1.7108421520602966,-0.18245719450624603,0.6960500661445573,-0.15945125315364114,-0.397316236568382
-0.3079233918913155,-0.47676258641713937,0.42935634550387386,-0.12721839669255058,-0.18818759944676622,-0.3410257225797732,-0.20336385289193337,-0.18245719450624603,1.5139436119807888,-0.15945125315364114,-0.397316236568382
-0.3079233918913155,-0.47676258641713937,1.9379123920291907,1.20147500692494,0.6326021451490496,1.3799067718695028,1.0415253345311202,-0.18245719450624603,0.270745422309717,-0.15945125315364114,-0.397316236568382
-0.3079233918913155,0.7715443142590449,2.710937770432251,0.3633760907969843,4.126220032403034,1.2499550193220927,1.5467463811176003,-0.1195321790024341,2.135542706816325,5.676474681122782,0.8718090082975287
-0.3079233918913155,-0.47676258641713937,0.9343421673574636,0.027455143113177777,-0.09263925481945845,1.3242131636348986,0.5820352858175212,-0.18245719450624603,0.40160838964351414,-0.15945125315364114,-0.397316236568382
-0.3079233918913155,0.7715443142590449,2.787350382281762,-0.2737153617067867,4.401500285205938,0.13515462782609453,1.7833057583881677,8.947916792391151,1.6382634309478958,6.649537252955441,0.8718090082975287
-0.3079233918913155,2.0198512149352292,0.04292866795097347,-0.24605128366223794,-0.18545163363144684,-0.709841172666709,-0.6182995214261964,-0.17536073455969575,0.7614815498114558,-0.048672764012969036,2.1409342531634397
2.591622583681666,0.7715443142590449,-1.0275631810637307,-0.28352043764425117,-0.2735244778156666,-0.7374431492292566,-0.4243553447139846,-0.1481400982996972,-0.5144323816930652,-0.14313148125978314,-0.397316236568382
-0.3079233918913155,0.7715443142590449,0.8137137886726892,-0.16878265188263616,-0.018136801079222855,1.3799067718695028,1.0945182528536044,0.6005753480005409,0.3361769059766156,0.12530274049153592,0.8718090082975287
-0.3079233918913155,-0.47676258641713937,2.2273692240864906,2.073642984684113,1.1713769518580976,1.47272945226051,0.7337225156545475,-0.18245719450624603,2.0373954813159774,-0.15945125315364114,-0.397316236568382
-0.3079233918913155,-0.47676258641713937,2.0762431674709525,1.569420872542091,0.8598977667294294,1.3799067718695028,1.0945357981515993,-0.18245719450624603,0.40160838964351414,-0.15945125315364114,-0.397316236568382
-0.3079233918913155,0.7715443142590449,2.100534083550581,1.1128954466837737,1.5291570969383252,1.2313904832438913,1.7123602041151047,4.557870214270007,0.36889264781006487,1.2245143933799076,0.8718090082975287
-0.3079233918913155,0.7715443142590449,1.9154388885285885,0.6291147715204825,1.1082392791968814,1.3242131636348982,1.3561045196874961,1.3487181827531787,0.8040120141949398,1.046925881214098,0.8718090082975287
-0.3079233918913155,-0.47676258641713937,1.5115724805633672,0.5746042729105341,0.24535775282692104,1.1385678028528838,1.9864247301448943,-0.18245719450624603,0.20531393864281852,-0.15945125315364114,-0.397316236568382
-0.3079233918913155,-0.47676258641713937,0.4776982436465794,-0.11904182190105833,-0.1831365856338689,-0.3704054858379184,0.1603276989538713,-0.18245719450624603,0.7745678465448357,-0.15945125315364114,-0.397316236568382
-0.3079233918913155,-0.47676258641713937,2.1996036821684037,1.8596892776400658,1.039208757087284,1.21282594716569,1.748693525338264,-0.18245719450624603,-0.1938181117252624,-0.15945125315364114,-0.397316236568382
-0.3079233918913155,-0.47676258641713937,2.5628959417357997,3.2115496431667845,1.8743097074863093,1.2499550193220927,1.5495513740730593,-0.18245719450624603,-0.12184347969167406,-0.15945125315364114,-0.397316236568382
-0.3079233918913155,-0.47676258641713937,1.3757696514450513,0.45876946336439395,0.1738017238108756,1.3799067718695028,1.0978419251071467,-0.18245719450624603,0.5979028406442097,-0.15945125315364114,-0.397316236568382
-0.3079233918913155,-0.47676258641713937,1.6521159727572972,0.6699976454779436,0.3042862473107232,1.0828741946182794,2.2703711614762407,-0.18245719450624603,1.4485121283138902,-0.15945125315364114,-0.397316236568382
2.591622583681666,-0.47676258641713937,1.5271757558692953,0.6100360970070006,0.2672454793494762,1.4356003801041073,0.858745434689825,-0.18245719450624603,3.9676242494894836,-0.15945125315364114,-1.0318788590013375
-0.3079233918913155,2.0198512149352292,0.36883144275973845,-0.2446203830737268,-0.11494789915975498,-0.6541475644321045,-0.5233062276740298,-0.16807460580219594,1.014483286656797,0.052613925339530486,2.1409342531634397
-0.3079233918913155,-0.47676258641713937,1.5422102092279972,0.5473490236055599,0.2285210401172633,1.3799067718695028,1.0526786056815345,-0.18245719450624603,2.1682584486497736,-0.15945125315364114,-0.397316236568382
-0.3079233918913155,-0.47676258641713937,2.747845543190518,4.421001331075012,2.621438833977372,1.0828741946182794,2.2732523439335277,-0.18245719450624603,1.821471585215212,-0.15945125315364114,-0.397316236568382
-0.3079233918913155,-0.47676258641713937,-0.36052607532972697,-0.24271251562237858,-0.25953316955394096,-0.769866505986227,-0.5266520285737247,-0.18245719450624603,-0.18727496335857252,-0.15945125315364114,-0.397316236568382
-0.3079233918913155,-0.47676258641713937,1.4613539132650326,0.560976648258047,0.23693939647209217,1.3242131636348986,1.2801730114695902,-0.18245719450624603,0.0024763392754331413,-0.15945125315364114,-0.397316236568382
-0.3079233918913155,-0.47676258641713937,2.661809768761175,3.7702822539187544,2.219462318034293,1.1571323389310852,1.948132527898574,-0.18245719450624603,5.060330026726688,-0.15945125315364114,-0.397316236568382
2.591622583681666,-0.47676258641713937,1.8443184679811766,0.972530912763157,0.4911737583879244,1.3056486275566972,1.3516410527548186,-0.18245719450624603,0.9643191491788413,-0.15945125315364114,-1.0318788590013375
-0.3079233918913155,-0.47676258641713937,1.467359011108159,0.45876946336439395,0.1738017238108756,1.491293988338712,0.6545267356795398,-0.18245719450624603,0.07445097130902148,-0.15945125315364114,-0.397316236568382
-0.3079233918913155,-0.47676258641713937,1.301813599315738,0.4383280263856633,0.16117418927863228,1.3984713079477045,0.985138754444197,-0.18245719450624603,0.7941972916449053,-0.15945125315364114,-0.397316236568382
2.591622583681666,0.7715443142590449,0.48677451793847465,-0.21579795693371662,-0.24290691575315393,-0.24820304218876585,-0.12471610668158287,-0.16573860917485045,-0.19708968590860731,-0.15945125315364114,-0.397316236568382
-0.3079233918913155,0.7715443142590449,1.8869745782682987,1.0515711357475819,0.5400002252459318,1.2963663595175963,1.5170065147206853,2.9358269071271024,1.648078153497931,-0.15945125315364114,0.8718090082975287
-0.3079233918913155,-0.47676258641713937,1.0530862639719012,0.25435509357708774,0.04752637848844241,1.1756968750092867,1.877859627737546,-0.18245719450624603,-0.38356941435926806,-0.15945125315364114,-0.397316236568382
-0.3079233918913155,-0.47676258641713937,0.9367263434818459,0.19303078264089582,0.009643774891712423,1.3242131636348986,1.283566319187677,-0.18245719450624603,0.07445097130902148,-0.15945125315364114,-0.397316236568382
-0.3079233918913155,-0.47676258641713937,1.5285518799938322,0.47512261294737834,0.18390375143667018,1.3427776997131,1.1838573738813885,-0.18245719450624603,3.077756071619664,-0.15945125315364114,-0.397316236568382
2.591622583681666,-0.47676258641713937,1.163217681710304,0.18349144538415485,0.003750925443332203,1.2870840914784953,1.4101707290140602,-0.18245719450624603,0.5521008020773807,-0.15945125315364114,-1.0318788590013375
-0.3079233918913155,0.7715443142590449,-0.2932642967534092,-0.2505552136098849,-0.2493090757610013,-0.7708875554705282,-0.7242272830194174,-0.17728763193666977,0.5979028406442097,-0.1375282575138619,0.8718090082975287
-0.3079233918913155,-0.47676258641713937,2.0468026257072927,1.6375589958045262,0.9019895485035736,1.3242131636348986,1.275028765891609,-0.18245719450624603,0.8596287753118036,-0.15945125315364114,-0.397316236568382
2.591622583681666,-0.47676258641713937,-0.3804914464731003,-0.24359831122479025,-0.2600803627170048,-0.705076275073304,-0.4614634729310398,-0.18245719450624603,0.8923445171452529,-0.15945125315364114,-1.0318788590013375
-0.3079233918913155,-0.47676258641713937,0.49763032741146745,-0.12721839669255058,-0.18818759944676622,1.2870840914784953,0.5706016591067841,-0.18245719450624603,0.5979028406442097,-0.15945125315364114,-0.397316236568382
-0.3079233918913155,2.0198512149352292,1.3966588071639248,-0.25013957105798407,0.523163512536274,1.3551540570985678,1.2735911949692666,1.5388095844831378,0.5446634234339098,0.985933412897841,2.1409342531634397
2.591622583681666,-0.47676258641713937,3.3327271452797507,11.285917249765381,6.86218584772242,1.064309658540078,2.327012323799414,-0.18245719450624603,1.8411010303152815,-0.15945125315364114,-1.0318788590013375
-0.3079233918913155,-0.47676258641713937,3.4961868052533682,14.760961536149587,9.008866718203784,1.064309658540078,2.319983202340393,-0.18245719450624603,3.0842992199863537,-0.15945125315364114,-0.397316236568382
-0.3079233918913155,0.7715443142590449,2.595194347056745,0.308865592187036,2.9476501427269914,1.2313904832438909,1.8793784589261204,9.340896012432902,1.6448065793145856,4.0108169118434684,0.8718090082975287
-0.3079233918913155,-0.47676258641713937,2.4247221362124347,2.4279612256487773,1.3902542170836487,1.3056486275566972,1.3640185503450368,-0.18245719450624603,-0.31813793069236956,-0.15945125315364114,-0.397316236568382
-0.3079233918913155,-0.47676258641713937,2.3285143069826906,2.8027209035921716,1.6217590168414429,1.194261411087488,1.7977292082249574,-0.18245719450624603,0.2576591255763373,-0.15945125315364114,-0.397316236568382
-0.3079233918913155,2.0198512149352292,0.9778059395815061,-0.24986701856493432,0.13170994203673117,1.47272945226051,1.5600662623174966,5.584787610840422,0.5979028406442097,0.4161804759355339,2.1409342531634397
-0.3079233918913155,-0.47676258641713937,0.8667629846844026,0.08741669158412091,-0.0555984868582114,1.1571323389310852,1.9250739797206968,-0.18245719450624603,0.9904917426456007,-0.15945125315364114,-0.397316236568382
2.591622583681666,-0.47676258641713937,-1.4422114462327393,-0.2854214912832731,-0.2859162983699747,3.0607899926372752,1.486031460568517,-0.18245719450624603,-0.5144323816930652,-0.15945125315364114,-1.0318788590013375
-0.3079233918913155,0.7715443142590449,0.40923328124229025,-0.17695922667412844,-0.1604070234758309,1.4541649161823091,0.788402079681428,0.06644620015327683,0.3361769059766156,-0.07433124215002908,0.8718090082975287
-0.3079233918913155,-0.47676258641713937,1.895913360336525,1.6062154591038063,0.8826273288874671,1.21282594716569,1.739351690420907,-0.18245719450624603,0.32309060924323585,-0.15945125315364114,-0.397316236568382
-0.3079233918913155,-0.47676258641713937,1.3025807579389597,0.24685990001821984,0.042896282493286524,1.2313904832438913,1.670981253986368,-0.18245719450624603,5.688472269928914,-0.15945125315364114,-0.397316236568382
-0.3079233918913155,0.7715443142590449,-0.3056714790276649,-0.24659638864833744,-0.24172834586347788,0.5002410944279642,0.29958320719571435,-0.13164149435424105,-0.05314042184143055,-0.1300572925193003,0.8718090082975287
-0.3079233918913155,-0.47676258641713937,2.300650399395659,2.977835880376631,1.7299348960009941,1.1200032667746824,2.0881748335912564,-0.18245719450624603,3.319852561187188,-0.15945125315364114,-0.397316236568382
-0.3079233918913155,0.7715443142590449,2.0860671025903272,-0.011383587146410402,1.6217590168414429,1.2870840914784953,1.5821811358677467,3.863601022986837,0.8923445171452529,2.369654109759437,0.8718090082975287
-0.3079233918913155,-0.47676258641713937,1.766172687238176,1.1333368836625044,0.5905103633749051,1.3056486275566972,1.3640206465307982,-0.18245719450624603,-0.05641199602477548,-0.15945125315364114,-0.397316236568382
-0.3079233918913155,-0.47676258641713937,1.8229880331462582,1.0788263850525561,0.5568369379555895,1.3427776997131,1.241373386412107,-0.18245719450624603,2.2336899323166723,-0.15945125315364114,-0.397316236568382
-0.3079233918913155,-0.47676258641713937,0.8146705797164142,-0.05226646110387164,-0.14188663949520738,1.3242131636348986,1.3081572173827944,-0.18245719450624603,1.3830806446469917,-0.15945125315364114,-0.397316236568382
-0.3079233918913155,0.7715443142590449,-0.13666957844557132,-0.23419525021457419,-0.2349094772160665,-0.6936884628353269,-0.45717396987272113,-0.17849752955933657,0.13988245497592006,-0.13128204087906448,0.8718090082975287
2.591622583681666,0.7715443142590449,1.8782764805246164,0.33135117286363974,1.2761854884757173,1.2963663595175963,1.6038968309583095,4.6487614477716175,1.2162303612964007,1.5588706955955347,-0.397316236568382
-0.3079233918913155,-0.47676258641713937,1.484868649786044,0.6291147715204825,0.2790311782462366,1.3242131636348986,1.3085707844492116,-0.18245719450624603,0.015562636008812856,-0.15945125315364114,-0.397316236568382
-0.3079233918913155,-0.47676258641713937,-0.6611501134807597,-0.2566808308911779,-0.26816198481764053,1.3799067718695028,1.033921072644188,-0.18245719450624603,-0.38356941435926806,-0.15945125315364114,-0.397316236568382
2.591622583681666,-0.47676258641713937,-0.4593295815767228,-0.24393900184110243,-0.2602908216258756,-0.6064985884980542,1.0714949943343566,-0.18245719450624603,1.5793750956476873,-0.15945125315364114,-1.0318788590013375
-0.3079233918913155,0.7715443142590449,0.28374356616105934,-0.19876342611810774,-0.18019016090967876,-0.4898259994113608,-0.5607580489555182,-0.17959743648903362,-0.5144323816930652,-0.08351685484826057,0.8718090082975287
-0.3079233918913155,0.7715443142590449,-0.1974732711241236,-0.2355580126798229,-0.24122324448218815,-0.6779596327244934,-0.3216680156342359,-0.1580392606669709,0.43432413147696325,-0.1392429052175318,0.8718090082975287
-0.3079233918913155,-0.47676258641713937,1.8882168709839313,1.399756945618627,0.7550892301118097,1.0828741946182794,2.2334053170356474,-0.18245719450624603,3.607751089321541,-0.15945125315364114,-0.397316236568382
-0.3079233918913155,-0.47676258641713937,0.2765105673884299,-0.20101198418576813,-0.23377299910816463,-0.7550148771236658,-0.7018065840891714,-0.18245719450624603,0.0024763392754331413,-0.15945125315364114,-0.397316236568382
2.591622583681666,-0.47676258641713937,3.4303394427288914,11.967298482389735,7.283103665463864,1.2685195554002942,1.498468613252701,-0.18245719450624603,4.98181224632641,-0.15945125315364114,-1.0318788590013375
-0.3079233918913155,-0.47676258641713937,1.2899981377925152,0.32930702916576665,0.09382733844000124,1.194261411087488,1.7609457551032157,-0.18245719450624603,0.40160838964351414,-0.15945125315364114,-0.397316236568382
2.591622583681666,2.0198512149352292,-0.5103634282789781,-0.2642577901979607,-0.24938905014637217,-0.7931340578709063,-0.7542377915479103,-0.17629313445809944,-0.5144323816930652,-0.12532976385061048,0.2372463858645734
-0.3079233918913155,3.2681581156114135,3.9122083761504522,10.877088510190767,28.328994552536063,1.2552705101146837,1.9070621186117178,1.4861110846058592,2.2118794377610396,31.439056428762783,3.4100594980293506
-0.3079233918913155,-0.47676258641713937,-0.7739692840908243,-0.2679236212294797,-0.2751071288103744,1.3613422357913014,1.1561482687492612,-0.18245719450624603,1.2522176773131948,-0.15945125315364114,-0.397316236568382
-0.3079233918913155,-0.47676258641713937,1.7120286698054274,1.0910912472397944,0.5644134586749355,1.194261411087488,1.7676395601585642,-0.18245719450624603,0.6633343243111081,-0.15945125315364114,-0.397316236568382
-0.3079233918913155,-0.47676258641713937,-0.02202743862105037,-0.20421447597910258,-0.23575131285154938,-0.46299472461355673,-0.06217851396198695,-0.18245719450624603,1.5139436119807888,-0.15945125315364114,-0.397316236568382
-0.3079233918913155,-0.47676258641713937,-1.1875125373457298,-0.277054129746646,-0.2807474275681097,-0.44313067100988124,-0.1227932394693981,-0.18245719450624603,-0.5144323816930652,-0.15945125315364114,-0.397316236568382
-0.3079233918913155,-0.47676258641713937,-0.1527025683610164,-0.2209764543016617,-0.2461058911679889,-0.7921439492800688,-0.7680670328131446,-0.18245719450624603,0.13988245497592006,-0.15945125315364114,-0.397316236568382
-0.3079233918913155,-0.47676258641713937,-1.1088664329194156,-0.28107427901912974,-0.28323084269278426,-0.8311294750442919,-0.8468385868639251,-0.18245719450624603,0.07445097130902148,-0.15945125315364114,-0.397316236568382
-0.3079233918913155,-0.47676258641713937,-0.42625654187718126,-0.2433257587317405,-0.25991199558990824,-0.5322404441852483,-0.2681434488366433,-0.18245719450624603,-0.5144323816930652,-0.15945125315364114,-0.397316236568382
-0.3079233918913155,-0.47676258641713937,-0.8619775000789165,-0.2651980962989823,-0.2734234575394086,1.8031781944524965,0.9249610121212366,-0.18245719450624603,-0.5144323816930652,-0.15945125315364114,-0.397316236568382
-0.3079233918913155,-0.47676258641713937,-0.6919965117727879,-0.2579754552331641,-0.2689617286713493,-0.1739448978759599,0.29642679310445347,-0.18245719450624603,0.6633343243111081,-0.15945125315364114,-0.397316236568382
-0.3079233918913155,-0.47676258641713937,-0.17984817226083027,-0.22801512243467129,-0.250453972225258,-0.6822418956971161,-0.2547805586836218,-0.18245719450624603,0.3361769059766156,-0.15945125315364114,-0.397316236568382
-0.3079233918913155,0.7715443142590449,-0.31157372239395364,-0.2590656652053631,-0.24472107154761957,-0.6853978668304104,-0.5251431049335781,-0.17035821827957817,0.04500680365891712,-0.12320482544641957,0.8718090082975287
-0.3079233918913155,-0.47676258641713937,-0.5937466171421663,-0.2538190297141556,-0.2663941299831265,1.09030000904956,1.1043767905914645,-0.18245719450624603,-0.5144323816930652,-0.15945125315364114,-0.397316236568382
-0.3079233918913155,-0.47676258641713937,-0.2734879959084018,-0.2332413164889001,-0.25368241188733487,0.8030113552948155,1.2898534074112498,-0.18245719450624603,0.0024763392754331413,-0.15945125315364114,-0.397316236568382
-0.3079233918913155,-0.47676258641713937,0.0012790597540213889,-0.20114826043229303,-0.2338571826717129,1.02774804484507,1.002038948024857,-0.18245719450624603,-0.10221403459160448,-0.15945125315364114,-0.397316236568382
-0.3079233918913155,-0.47676258641713937,-0.6999754389500406,-0.26485740568267013,-0.2732129986305379,-1.035339371904508,-1.9799492370038456,-0.18245719450624603,-0.12184347969167406,-0.15945125315364114,-0.397316236568382
-0.3079233918913155,0.7715443142590449,-0.8542947599239323,-0.28468559955203876,-0.27270789724924815,-0.7837899080448781,-0.7522166898075304,-0.18219321684311873,0.17259819680936925,-0.14089631550321347,0.8718090082975287
-0.3079233918913155,-0.47676258641713937,0.4402529244398035,-0.13062530285567236,-0.19029218853547344,-0.6918954544577809,-0.5984922467827819,-0.18245719450624603,0.7941972916449053,-0.15945125315364114,-0.397316236568382
-0.3079233918913155,-0.47676258641713937,-0.45845128236195826,-0.2500032948114592,-0.2640369902037744,-0.693751908065601,-0.6014945775653135,-0.18245719450624603,-0.05641199602477548,-0.15945125315364114,-0.397316236568382
-0.3079233918913155,-0.47676258641713937,-0.42538101499301534,-0.24359831122479025,-0.2600803627170048,-0.7104599905359823,-0.7222117471573843,-0.18245719450624603,2.7571418016518607,-0.15945125315364114,-0.397316236568382
-0.3079233918913155,-0.47676258641713937,-0.648555058678217,-0.2617911901358605,-0.2713188684507014,0.16578611235512697,0.23266093846849592,-0.18245719450624603,0.9250602589787021,-0.15945125315364114,-0.397316236568382
2.591622583681666,-0.47676258641713937,-1.0530848478297397,-0.2721481848717507,-0.27771681928037134,-0.9480860523369611,-1.2022828247459199,-0.18245719450624603,0.8596287753118036,-0.15945125315364114,-1.0318788590013375
-0.3079233918913155,-0.47676258641713937,0.20295915223005703,-0.18520393958888312,-0.2240077057365631,-0.6510534750857376,-0.5394427160353276,-0.18245719450624603,-0.12184347969167406,-0.15945125315364114,-0.397316236568382
-0.3079233918913155,-0.47676258641713937,-0.5472621292208577,-0.26417602445004573,-0.27279208081279643,-0.6250631245762556,-0.5045706192458423,-0.18245719450624603,0.009019487642122999,-0.15945125315364114,-0.397316236568382
-0.3079233918913155,-0.47676258641713937,-0.4800036493545372,-0.25286509598848145,-0.2658048450382885,-0.7977133101035293,-0.7789778137370643,-0.18245719450624603,-0.12184347969167406,-0.15945125315364114,-0.397316236568382
-0.3079233918913155,-0.47676258641713937,-0.8240864870987751,-0.26955893618777815,-0.2761173315729539,0.39041699890136455,0.2479585721443019,-0.18245719450624603,0.270745422309717,-0.15945125315364114,-0.397316236568382
-0.3079233918913155,-0.47676258641713937,-0.6055135792747325,-0.25940635582167526,-0.26984565608860633,-0.8998182585336373,-1.0121017586047965,-0.18245719450624603,0.9904917426456007,-0.15945125315364114,-0.397316236568382
-0.3079233918913155,-0.47676258641713937,-0.9974409388704499,-0.27575950540465977,-0.279947683714401,-0.9313779698665798,-1.1014233343345856,-0.18245719450624603,0.5979028406442097,-0.15945125315364114,-0.397316236568382
-0.3079233918913155,-0.47676258641713937,-1.9078489797529756,-0.29118597651127515,-0.28947726310806726,-0.8496940111224934,-0.5473092090535518,-0.18245719450624603,-0.5144323816930652,-0.15945125315364114,-0.397316236568382
-0.3079233918913155,-0.47676258641713937,-0.37659580914821356,-0.23514918394024825,-0.25486098177701094,1.541733832863185,0.6995403422408649,-0.18245719450624603,1.3830806446469917,-0.15945125315364114,-0.397316236568382
2.591622583681666,2.0198512149352292,-0.08398034170840449,-0.24939005170209727,-0.22867989351349316,-0.8181961815764782,-0.5183371844842143,-0.15642430817597183,0.04827837784226214,-0.10856295880543852,0.2372463858645734
-0.3079233918913155,-0.47676258641713937,-2.2511338621874106,-0.2936116936994178,-0.2909757305392268,-1.0446216399436088,0.7079895767177526,-0.18245719450624603,-0.5144323816930652,-0.15945125315364114,-0.397316236568382
-0.3079233918913155,5.764771916963783,-0.23364111122274506,-0.2744989501243047,-0.19614715538025693,-0.6836651767964449,-0.6594694123744145,-0.16980627302416004,-0.15019712261399676,-0.038666569913695506,5.9483099877611725
-0.3079233918913155,-0.47676258641713937,0.16162734020020703,-0.17518763546930513,-0.21782021381576389,0.5277945658800555,0.6008478146148625,-0.18245719450624603,0.270745422309717,-0.15945125315364114,-0.397316236568382
-0.3079233918913155,-0.47676258641713937,-0.4204825019674852,-0.2548411015630921,-0.2670255067097387,-0.2704804854826076,-0.14444726012459336,-0.18245719450624603,0.40160838964351414,-0.15945125315364114,-0.397316236568382
-0.3079233918913155,-0.47676258641713937,-0.5358412049497583,-0.251229781030183,-0.264794642275709,1.3544486016335067,0.9675267676792015,-0.18245719450624603,-0.5144323816930652,-0.15945125315364114,-0.397316236568382
-0.3079233918913155,0.7715443142590449,-0.7705838781494336,-0.2924737870409352,-0.2646683669303866,-0.37351366071662573,-0.6298542531001903,-0.17579175851228174,-0.21344755682533195,-0.12220053179141292,0.8718090082975287
-0.3079233918913155,0.7715443142590449,-0.8604222539868389,-0.28066545027955514,-0.27965304124198204,-0.769866505986227,-0.6206060961878787,-0.1786735146680881,0.15296875170929977,-0.15461349713257252,0.8718090082975287
-0.3079233918913155,-0.47676258641713937,-1.451550788528204,-0.2868319504348055,-0.28678759825269945,-0.8900050336239783,-0.985613246361616,-0.18245719450624603,1.9719639976490786,-0.15945125315364114,-0.397316236568382
-0.3079233918913155,2.0198512149352292,0.20271621836189785,-0.2910088173907928,-0.16335344820002104,-0.41002391500375523,-0.19340387042989826,-0.13447920548261535,1.775669546648383,0.02388132881946229,2.1409342531634397
-0.3079233918913155,-0.47676258641713937,-0.3365853079879177,-0.23405897396804928,-0.25418751326862465,-0.7243657692805344,-0.6288880080452435,-0.18245719450624603,2.6262788343180636,-0.15945125315364114,-0.397316236568382
-0.3079233918913155,-0.47676258641713937,-0.05626195062054633,-0.21647933816634096,-0.24332783357089538,-0.7494455163002054,-0.6912180974701244,-0.18245719450624603,0.6633343243111081,-0.15945125315364114,-0.397316236568382
-0.3079233918913155,0.7715443142590449,0.016954579850072315,-0.2566808308911779,-0.23326789772687487,-0.6974648152812414,-0.530957115932408,-0.17935545696450028,1.677522321148035,-0.10868543364141495,0.8718090082975287
-0.3079233918913155,-0.47676258641713937,-0.39294801560489095,-0.24605128366223794,-0.26159566686087404,-0.7056377130556489,-0.3935575573169885,-0.18245719450624603,-0.023696254191326288,-0.15945125315364114,-0.397316236568382
-0.3079233918913155,-0.47676258641713937,-0.5128312707991599,-0.2494581898253597,-0.26370025594958124,-0.6640486503404787,-0.5580334602840553,-0.18245719450624603,2.1028269649828757,-0.15945125315364114,-0.397316236568382
-0.3079233918913155,-0.47676258641713937,-0.6916975151927759,-0.262309039872655,-0.2716387659921849,-0.6598580163485772,-0.13889434797011077,-0.18245719450624603,-0.04986884765808572,-0.15945125315364114,-0.397316236568382
-0.3079233918913155,2.0198512149352292,-0.4763219465992416,-0.2738652655779641,-0.25208292417991746,-0.4509277761627259,-0.2511142106281046,-0.14196092160571927,0.6851448188667411,-0.12061448266551829,2.1409342531634397
-0.3079233918913155,0.7715443142590449,-0.6381719423543056,-0.27153494176238874,-0.2655522943476436,-0.7383067946532845,-0.463624836304372,-0.17035821827957817,-0.35085367252581884,-0.1423047761169423,0.8718090082975287
-0.3079233918913155,-0.47676258641713937,-0.35031525713329376,-0.2414178912803923,-0.2587334257002322,-0.9285015954982522,-1.093532102451374,-0.18245719450624603,0.9904917426456007,-0.15945125315364114,-0.397316236568382
-0.3079233918913155,-0.47676258641713937,-0.5017736564905013,-0.24727776988096178,-0.26235331893280867,-0.5745413101991825,-0.440442823538469,-0.18245719450624603,1.3176491609800933,-0.15945125315364114,-0.397316236568382
-0.3079233918913155,-0.47676258641713937,-0.7500688763622289,-0.2643259283212231,-0.27288468273269956,-0.8525489174613001,-0.89380206904978,-0.18245719450624603,1.90653251398218,-0.15945125315364114,-0.397316236568382
-0.3079233918913155,0.7715443142590449,-0.2325138369533765,-0.2457787311691882,-0.2483788473837927,-0.7615124647510364,-0.7064278784238516,-0.17647370080869393,0.49975561514386185,-0.14046765357729601,0.8718090082975287
-0.3079233918913155,-0.47676258641713937,-1.624249558772095,-0.2878949051576995,-0.2874442300483761,-0.9162243127101088,-1.0579570442605566,-0.18245719450624603,0.7287658079780066,-0.15945125315364114,-0.397316236568382
-0.3079233918913155,-0.47676258641713937,-1.062739654224483,-0.27848503033515715,-0.2816313549853668,-0.8385552894755725,-0.5420484745079748,-0.18245719450624603,-0.5144323816930652,-0.15945125315364114,-0.397316236568382
2.591622583681666,-0.47676258641713937,-1.892896280873409,-0.2914312737550199,-0.2896287935224542,-0.7364503410454645,1.1385999766504267,-0.18245719450624603,0.7287658079780066,-0.15945125315364114,-1.0318788590013375
-0.3079233918913155,-0.47676258641713937,-0.13011244132137526,-0.215389128194142,-0.24265436506250904,-0.7271680730063637,-0.5069673185379712,-0.18245719450624603,0.5324713569773111,-0.15945125315364114,-0.397316236568382
-0.3079233918913155,-0.47676258641713937,-0.11536036824047186,-0.2015570891718676,-0.23410973336235774,-0.4933863943219846,-0.34876239845385165,-0.18245719450624603,0.9904917426456007,-0.15945125315364114,-0.397316236568382
-0.3079233918913155,-0.47676258641713937,-0.8681834305257907,-0.26966114337267183,-0.27618046924561507,-0.877727750835835,-0.9550511992739802,-0.18245719450624603,0.9250602589787021,-0.15945125315364114,-0.397316236568382
-0.3079233918913155,0.7715443142590449,-0.7208694127273059,-0.28863761070126004,-0.2610484736978102,-0.882181949259346,-0.7578713754981787,-0.17266802283194205,-0.5144323816930652,-0.1203817804771631,0.8718090082975287
-0.3079233918913155,-0.47676258641713937,-0.28288930583578503,-0.226999864398061,-0.24982680467682328,0.9174641781615043,0.6125694779184321,-0.18245719450624603,1.1736998969129167,-0.15945125315364114,-0.397316236568382
-0.3079233918913155,2.0198512149352292,-0.27736545445871685,-0.2751258208583191,-0.2296059127125243,-0.8571198255537739,-0.6789526177654999,-0.16977308483398149,-0.12184347969167406,-0.0867808092270322,2.1409342531634397
-0.3079233918913155,-0.47676258641713937,-1.0614847763505877,-0.273361043465822,-0.2784660529959511,1.818488244830251,1.1283156720572474,-0.18245719450624603,-0.31813793069236956,-0.15945125315364114,-0.397316236568382
-0.3079233918913155,-0.47676258641713937,-0.8779626870717762,-0.2662201681479188,-0.2740548342660208,1.541733832863185,0.9348020045611019,-0.18245719450624603,-0.5144323816930652,-0.15945125315364114,-0.397316236568382
-0.3079233918913155,0.7715443142590449,0.2130598133075693,-0.19263099502448855,-0.18945035289999054,0.033977906199896546,-0.22191230755248428,-0.17453786461242707,-0.08912773785822477,-0.10250045442460573,0.8718090082975287
-0.3079233918913155,-0.47676258641713937,-0.8380506792872283,-0.27800806347232015,-0.2813367125129478,-0.5248146297539676,-0.07396021931316828,-0.18245719450624603,2.286035119250191,-0.15945125315364114,-0.397316236568382
-0.3079233918913155,-0.47676258641713937,-0.7706423211764577,-0.26617928527396134,-0.2740295791969563,-0.6598580163485772,-0.5521011213587583,-0.18245719450624603,0.8596287753118036,-0.15945125315364114,-0.397316236568382
-0.3079233918913155,-0.47676258641713937,-0.9727552984354316,-0.26763744111177745,-0.274930343326923,2.2554762512577162,1.2246899198227528,-0.18245719450624603,-0.16764551825850302,-0.15945125315364114,-0.397316236568382
-0.3079233918913155,-0.47676258641713937,-0.2634459462008179,-0.22356570298563422,-0.2477053788754064,0.5574657143835768,0.358892347245341,-0.18245719450624603,1.2783902707799544,-0.15945125315364114,-0.397316236568382
-0.3079233918913155,-0.47676258641713937,0.43929746863630265,-0.12224431369439281,-0.1851148993772537,-0.7160293513594428,-0.2819474372670154,-0.18245719450624603,0.4670398733104125,-0.15945125315364114,-0.397316236568382
-0.3079233918913155,0.7715443142590449,-0.21975892916136808,-0.26333792553391777,-0.2459248965063601,-0.7086963596085532,-0.6221860862873658,-0.17807956492605168,2.5935630924846143,-0.12111662949302161,0.8718090082975287
2.591622583681666,-0.47676258641713937,-1.021968410771067,-0.274676109244787,-0.2792784243841921,-0.846306232053005,-0.5779539824366369,-0.18245719450624603,0.5324713569773111,-0.15945125315364114,-1.0318788590013375
2.591622583681666,3.2681581156114135,-0.3049692342238126,-0.288664865950565,-0.24084441844622084,-0.7148690678545552,-0.5074729227247108,-0.16372910893885065,-0.22653385355871164,-0.09096332487562694,0.8718090082975287
5.491168559254648,-0.47676258641713937,-0.5213944765809255,-0.2518975346381549,-0.26520714173709564,-0.28347566073734853,0.013518961886772526,-0.18245719450624603,1.1278978583460875,-0.15945125315364114,-1.2433997331456559
-0.3079233918913155,-0.47676258641713937,-0.5537630407583574,-0.25231999100238195,-0.2654681107840953,-0.7576600933145622,-0.5746537750602404,-0.18245719450624603,2.888004768985658,-0.15945125315364114,-0.397316236568382
-0.3079233918913155,-0.47676258641713937,-1.0443275021691756,-0.2829821464704779,-0.28440941258246033,-0.7327374338298241,-0.663061319572882,-0.18245719450624603,-0.5144323816930652,-0.15945125315364114,-0.397316236568382
-0.3079233918913155,-0.47676258641713937,-0.0076855087538004385,-0.19801390676222097,-0.23192096071010224,0.22890553502101194,0.09957879433083064,-0.18245719450624603,1.775669546648383,-0.15945125315364114,-0.397316236568382
-0.3079233918913155,-0.47676258641713937,-0.6858870934018072,-0.2650550062401311,-0.2733350647976829,-0.6473405678700974,-0.5342794049980337,-0.18245719450624603,-0.004066809091256716,-0.15945125315364114,-0.397316236568382
-0.3079233918913155,3.2681581156114135,-0.3880559887249915,-0.2715553831993675,-0.21747927038339332,-0.6737950317815344,-0.4227801154245641,-0.17061541035820746,-0.5144323816930652,-0.07234714980721109,3.4100594980293506
-0.3079233918913155,-0.47676258641713937,-0.14570518390034162,-0.215389128194142,-0.24265436506250904,0.5990866542636473,0.5147557752567753,-0.18245719450624603,2.613192537584684,-0.15945125315364114,-0.397316236568382
2.591622583681666,-0.47676258641713937,-0.8699729029507518,-0.26882985826887007,-0.2756669495079705,1.312834959472569,0.8662603534876108,-0.18245719450624603,-0.08258458949153491,-0.15945125315364114,-1.0318788590013375
5.491168559254648,0.7715443142590449,0.16844111751555557,-0.23467221707741123,-0.16503711947098682,0.1672948522022024,0.6189799913473049,0.3347199677591406,-0.5144323816930652,-0.029199265092718224,-0.8203579848570189
-0.3079233918913155,-0.47676258641713937,-1.0518248160889645,-0.2753438628527589,-0.2796909238455787,-0.8684441925614768,-0.6295319233101168,-0.18245719450624603,-0.5144323816930652,-0.15945125315364114,-0.397316236568382
-0.3079233918913155,-0.47676258641713937,-0.08309111165648385,-0.20898414460747305,-0.2386977375757395,-0.6751873719873995,-0.07396021931316828,-0.18245719450624603,-0.25270644702547107,-0.15945125315364114,-0.397316236568382
-0.3079233918913155,-0.47676258641713937,-0.7693441818954994,-0.2668334112572807,-0.27443366030198807,0.7031315967139272,0.5405006946718245,-0.18245719450624603,-0.5144323816930652,-0.15945125315364114,-0.397316236568382
-0.3079233918913155,2.0198512149352292,0.1274917365290541,-0.24666452677159986,-0.2086442053890004,-0.846723685349981,-0.90860796500648,-0.17760372509255853,0.022105784375502712,-0.08186344456257894,2.1409342531634397
-0.3079233918913155,-0.47676258641713937,-0.7607028183492234,-0.2645916670019466,-0.2730488406816187,0.9986192332727228,0.7693405227274358,-0.18245719450624603,-0.5144323816930652,-0.15945125315364114,-0.397316236568382
2.591622583681666,-0.47676258641713937,-1.3237132475260434,-0.2825733177309033,-0.28415686189181544,1.0423181091018403,1.237620369766486,-0.18245719450624603,-0.5144323816930652,-0.15945125315364114,-1.0318788590013375
2.591622583681666,3.2681581156114135,-0.09890570563286417,-0.264182838262372,-0.21587557349779837,-0.5541001854173305,-0.5433574673822648,-0.1658482356642208,-0.23307700192540154,-0.0766398928081846,0.8718090082975287
-0.3079233918913155,-0.47676258641713937,-1.0364810627503878,-0.27821929165443365,-0.2814671970364476,-0.7826308368041964,-0.7504920569226791,-0.18245719450624603,2.3645528996504694,-0.15945125315364114,-0.397316236568382
-0.3079233918913155,-0.47676258641713937,-0.23091754364617403,-0.22833537161400472,-0.2506518035995965,0.44718103828623806,0.43450256495620193,-0.18245719450624603,-0.058374940534782496,-0.15945125315364114,-0.397316236568382
-0.3079233918913155,-0.47676258641713937,-0.9101116777505619,-0.2674466543666426,-0.27481248633795535,1.3891890399086038,1.219308147977013,-0.18245719450624603,-0.5144323816930652,-0.15945125315364114,-0.397316236568382
-0.3079233918913155,0.7715443142590449,-0.7718029281287186,-0.2764408866372841,-0.2702665739063478,-0.8617609595733243,-0.9073539224419446,-0.17788158167870619,0.3034611641431663,-0.14475427283647072,0.8718090082975287
-0.3079233918913155,0.7715443142590449,-0.8523255942015961,-0.2819737022461939,-0.2701487169173802,-0.7336656606337342,-0.6554507676268888,-0.17453786461242707,0.08099411967571134,-0.13961032972546109,0.8718090082975287
-0.3079233918913155,0.7715443142590449,-0.4863164898205261,-0.26353552609137887,-0.25337093270220623,-0.80792380494654,-0.5526369611270217,-0.18025738064685187,0.6567911759444183,-0.13177194022297015,0.8718090082975287
-0.3079233918913155,-0.47676258641713937,-0.7051203178473211,-0.258670464090441,-0.26939106484544556,0.0018686845990393297,-0.009178363788039939,-0.18245719450624603,-0.5144323816930652,-0.15945125315364114,-0.397316236568382
-0.3079233918913155,-0.47676258641713937,-0.3353985582149527,-0.24441596870393947,-0.2605854640982946,-0.7735794132018674,-0.7336259455588027,-0.18245719450624603,0.009019487642122999,-0.15945125315364114,-0.397316236568382
2.591622583681666,-0.47676258641713937,0.003284569612686858,-0.21525285194761712,-0.24257018149896076,0.7951238854061569,0.7957098150290676,-0.18245719450624603,-0.23962015029209136,-0.15945125315364114,-1.0318788590013375
-0.3079233918913155,-0.47676258641713937,-0.34600364399338,-0.24571059304592574,-0.2613852079520033,-0.6785860744299163,-0.5786287678801711,-0.18245719450624603,1.0559232263124991,-0.15945125315364114,-0.397316236568382
-0.3079233918913155,-0.47676258641713937,-0.9339877777077574,-0.2738107550793541,-0.2787438587556605,-0.3410257225797732,0.17091618557291835,-0.18245719450624603,-0.05641199602477548,-0.15945125315364114,-0.397316236568382
-0.3079233918913155,-0.47676258641713937,-0.38539351637574804,-0.2463238361552877,-0.2617640339879706,-0.7347702468174799,-0.6665669803499235,-0.18245719450624603,1.1213547099793977,-0.15945125315364114,-0.397316236568382
-0.3079233918913155,-0.47676258641713937,-0.9089967939648362,-0.26690154938054317,-0.27447575208376224,0.2578192430267283,0.6410033395991216,-0.18245719450624603,-0.5144323816930652,-0.15945125315364114,-0.397316236568382
-0.3079233918913155,-0.47676258641713937,-0.6593481506747119,-0.256796665700724,-0.26823354084665657,-0.7011777224968816,-0.13249722195491165,-0.18245719450624603,-0.5144323816930652,-0.15945125315364114,-0.397316236568382
-0.3079233918913155,-0.47676258641713937,0.16659735379885812,-0.1703498287176722,-0.21483169730979962,-0.4143123754373386,-0.2708680375081062,-0.18245719450624603,1.0559232263124991,-0.15945125315364114,-0.397316236568382
-0.3079233918913155,-0.47676258641713937,-0.43014526319874175,-0.2462556980320252,-0.2617219422061965,-0.6993950257909002,1.2663175702107248,-0.18245719450624603,1.3830806446469917,-0.15945125315364114,-0.397316236568382
-0.3079233918913155,-0.47676258641713937,-0.2903628838357845,-0.2302432390653529,-0.25183037348927256,-0.40414514524565814,-0.48359683218531885,-0.18245719450624603,0.9904917426456007,-0.15945125315364114,-0.397316236568382
-0.3079233918913155,-0.47676258641713937,-1.613705046247965,-0.2887057488245225,-0.28794512225148844,-0.9035311657492775,-0.9252622250675275,-0.18245719450624603,1.0559232263124991,-0.15945125315364114,-0.397316236568382
-0.3079233918913155,0.7715443142590449,-0.42339688152091665,-0.2737153617067867,-0.2530089433789486,-0.8014262173191695,-0.7596267731725093,-0.17139213079349344,0.3361769059766156,-0.12209642818083297,0.8718090082975287
-0.3079233918913155,-0.47676258641713937,-0.3291865399285513,-0.2617911901358605,-0.2713188684507014,-0.5489485266556295,-0.40886383732190545,-0.18245719450624603,0.5324713569773111,-0.15945125315364114,-0.397316236568382
-0.3079233918913155,-0.47676258641713937,-0.41826086851389044,-0.23937374758251923,-0.25747067224700787,1.333639648416069,0.7470872812423299,-0.18245719450624603,0.839999330211734,-0.15945125315364114,-0.397316236568382
-0.3079233918913155,-0.47676258641713937,-0.3290882802175787,-0.23037951531187778,-0.25191455705282084,-0.2228700099211118,0.06318011348874877,-0.18245719450624603,0.26420227394302714,-0.15945125315364114,-0.397316236568382
-0.3079233918913155,0.7715443142590449,1.2357467367277635,-0.1933123762571129,0.30849542548813763,1.109005592903523,1.6392792429470562,5.082242715240833,0.8923445171452529,0.6225505745558019,0.8718090082975287
-0.3079233918913155,-0.47676258641713937,-1.3392481534516196,-0.2807608436521225,-0.28303722049662317,1.1463649080057285,2.3798040907949,-0.18245719450624603,-0.44965521286283555,-0.15945125315364114,-0.397316236568382
-0.3079233918913155,-0.47676258641713937,-0.6917740884003649,-0.25511365405614184,-0.26719387383683524,1.645773939251817,0.3351007455399841,-0.18245719450624603,-0.5144323816930652,-0.15945125315364114,-0.397316236568382
-0.3079233918913155,-0.47676258641713937,-0.6629349478426724,-0.2518566517641974,-0.2651818866680311,2.5405652803858745,0.9764275587633129,-0.18245719450624603,-0.5144323816930652,-0.15945125315364114,-0.397316236568382
-0.3079233918913155,-0.47676258641713937,-1.1773277196489473,-0.27708819880827723,-0.2807684734589968,2.463572022972667,1.102427030034811,-0.18245719450624603,-0.5144323816930652,-0.15945125315364114,-0.397316236568382
2.591622583681666,-0.47676258641713937,-0.8597561045850535,-0.26613158858767766,-0.2740001149497144,2.45732932642565,1.1108111156865927,-0.18245719450624603,-0.5144323816930652,-0.15945125315364114,-1.0318788590013375
2.591622583681666,-0.47676258641713937,-1.4480672899742941,-0.2836362724537973,-0.2848134936874921,1.7810372004988293,1.4209542367986454,-0.18245719450624603,-0.5144323816930652,-0.15945125315364114,-1.0318788590013375
2.591622583681666,-0.47676258641713937,-0.9302418728260627,-0.266560858764231,-0.2742652931748915,2.103576522094698,1.0671015136243656,-0.18245719450624603,-0.5144323816930652,-0.15945125315364114,-1.0318788590013375
2.591622583681666,-0.47676258641713937,-0.75892832343912,-0.2601081784912783,-0.27027920144088,1.6457787753134652,1.2198004645517193,-0.18245719450624603,-0.5144323816930652,-0.15945125315364114,-1.0318788590013375
-0.3079233918913155,-0.47676258641713937,-0.8394829940897351,-0.2606328420403991,-0.27060330816054096,2.459410225274656,1.5074704731826205,-0.18245719450624603,-0.5144323816930652,-0.15945125315364114,-0.397316236568382
-0.3079233918913155,-0.47676258641713937,-0.8208296593912544,-0.2619683492563428,-0.27142830708331417,2.136870903678788,1.5681421183217874,-0.18245719450624603,-0.5144323816930652,-0.15945125315364114,-0.397316236568382
2.591622583681666,-0.47676258641713937,-1.045426073466223,-0.2750644965473829,-0.2795183475403047,1.5895945063903139,0.9711110946044985,-0.18245719450624603,-0.5144323816930652,-0.15945125315364114,-1.0318788590013375
2.591622583681666,-0.47676258641713937,-0.6160700923478042,-0.25225185287911955,-0.26542601900232116,1.1963005601513075,1.6351989873449055,-0.18245719450624603,-0.3057059487956589,-0.15945125315364114,-1.0318788590013375
2.591622583681666,-0.47676258641713937,-0.9590381364497155,-0.269470356627537,-0.27606261225664747,2.0827675336046414,1.2750308620773705,-0.18245719450624603,-0.5144323816930652,-0.15945125315364114,-1.0318788590013375
5.491168559254648,-0.47676258641713937,-0.9110739275813713,-0.2681484770362457,-0.27524603169022904,2.372012473616421,0.954743762726592,-0.18245719450624603,-0.5144323816930652,-0.15945125315364114,-1.2433997331456559
-0.3079233918913155,0.7715443142590449,1.6481400100890522,-0.2434688487905916,0.7125765305199239,1.3958444260926388,1.3111514505630453,2.0478850216844227,0.8923445171452529,1.2555066506237407,0.8718090082975287
-0.3079233918913155,-0.47676258641713937,-0.9535373826808698,-0.26748072342827384,-0.27483353222884244,2.1660034875648657,1.1356019503216794,-0.18245719450624603,-0.5144323816930652,-0.15945125315364114,-0.397316236568382
-0.3079233918913155,-0.47676258641713937,-0.8721383764067484,-0.266560858764231,-0.2742652931748915,2.207621464544978,0.8241015217099026,-0.18245719450624603,-0.25270644702547107,-0.15945125315364114,-0.397316236568382
2.591622583681666,-0.47676258641713937,-1.2458324252137352,-0.27397428657518397,-0.2788448790319184,2.771545052625496,1.4402716934490198,-0.18245719450624603,-0.5144323816930652,-0.15945125315364114,-1.0318788590013375
-0.3079233918913155,-0.47676258641713937,2.4635671452448915,3.2047358308405407,1.8701005293088946,1.0828741946182794,2.210167847611999,-0.18245719450624603,5.047243729993308,-0.15945125315364114,-0.397316236568382
-0.3079233918913155,0.7715443142590449,1.331656313176041,0.21563901193937188,0.21029950778723616,-0.05698832058329068,0.008643702394761688,-0.16595859056078988,-0.5144323816930652,0.11215506684946717,0.8718090082975287
-0.3079233918913155,0.7715443142590449,1.280077194516739,-0.18164712955458398,0.36046193926649633,-0.34659508340323353,-0.20757183242393826,-0.1762977156999424,-0.5144323816930652,0.6876704448444647,0.8718090082975287
-0.3079233918913155,0.7715443142590449,-0.02699300332742687,-0.24982613569097684,-0.22577135139289975,-0.5628719287142806,-0.4243553447139846,-0.17453786461242707,-0.5144323816930652,-0.10393953374732866,0.8718090082975287
-0.3079233918913155,0.7715443142590449,1.9691766425583468,-0.19263099502448855,1.4744377806319375,1.2301902859864355,2.021139422761683,14.430129739156756,2.7244260598184113,2.3182146786493405,0.8718090082975287
2.591622583681666,-0.47676258641713937,0.6936210297130843,-0.03727607398613584,-0.1326264475048956,0.7932674317983364,1.1532546428435864,-0.18245719450624603,4.5368781573915005,-0.15945125315364114,-1.0318788590013375
5.491168559254648,-0.47676258641713937,-1.1626359527314356,-0.2727546141687864,-0.27809143613816123,1.982884388852373,1.9296222647823122,-0.18245719450624603,-0.5102447667383836,-0.15945125315364114,-1.2433997331456559
-0.3079233918913155,0.7715443142590449,0.43666314683054885,-0.14050533072872548,-0.14062388604198306,0.8692377155130783,0.8209190080534197,0.4258149066199105,0.7941972916449053,-0.07831167431926275,0.8718090082975287
-0.3079233918913155,2.0198512149352292,1.5083249981564488,-0.23224649988926852,0.7447051311451407,0.7263113383429567,1.0901086701543683,1.3829665437125855,0.6259293261481979,1.2921632869733433,2.1409342531634397
-0.3079233918913155,0.7715443142590449,-0.0819404894688427,-0.22104936209355253,-0.23142427768516735,-0.8107084853582702,-0.6100176095688317,-0.17277801352491176,-0.43133439743610397,-0.13802611772210607,0.8718090082975287
-0.3079233918913155,0.7715443142590449,1.1140633680247674,0.06125846606367201,0.07149764820881763,0.16392965874730686,0.16130144300706856,-0.05926761838017339,-0.5144323816930652,0.048964175227433154,0.8718090082975287
-0.3079233918913155,-0.47676258641713937,-0.029493815776038605,0.043126911463537934,-0.08295814501140523,-0.6432108552597902,2.309212919203848,-0.18245719450624603,1.8411010303152815,-0.15945125315364114,-0.397316236568382
-0.3079233918913155,0.7715443142590449,0.1290652692439115,-0.20048732063664737,-0.21475593210260618,-0.9406602379056805,-0.45802835807981207,-0.1799054104293488,-0.5144323816930652,-0.13225571582507703,0.8718090082975287
-0.3079233918913155,8.261385718316152,0.7903262008228948,-0.24714149363443688,0.11513419837407313,-0.4394177637942409,0.02645551221706652,0.03401323368492676,-0.4679760282895672,0.38961568401224844,8.486560477492993
-0.3079233918913155,-0.47676258641713937,0.9265158262963166,0.06629387337276599,-0.06864693920819613,0.8966551896714482,1.2728694987040379,-0.18245719450624603,2.730969208185101,-0.15945125315364114,-0.397316236568382
-0.3079233918913155,-0.47676258641713937,-1.855703269043156,-0.29211265498764427,-0.29004971134019564,-1.0687555368452708,0.5109098000632497,-0.18245719450624603,-0.5144323816930652,-0.15945125315364114,-0.397316236568382
-0.3079233918913155,-0.47676258641713937,-0.5163749199668922,-0.2513660572767079,-0.2648788258392573,-0.7513019699080254,-0.6942161237988717,-0.18245719450624603,-0.5144323816930652,-0.15945125315364114,-0.397316236568382
-0.3079233918913155,2.0198512149352292,0.3159736061207619,-0.2296981340792534,-0.2514936392350794,-0.5765061837917888,-0.43044929243295016,-0.167372811390468,-0.5144323816930652,-0.15945125315364114,2.1409342531634397
2.591622583681666,-0.47676258641713937,0.08721828001113383,-0.19835459737853314,-0.232131419618973,-0.7290245266141838,-0.6568242430219673,-0.18245719450624603,-0.5144323816930652,-0.15945125315364114,-1.0318788590013375
2.591622583681666,3.2681581156114135,0.05533307992929655,-0.2626837995505984,-0.1652054865980834,-0.05606009377938063,0.14921394803801702,-0.04526677127123997,0.6649701114027805,-0.004269512229717906,0.8718090082975287
-0.3079233918913155,0.7715443142590449,-0.21418656538742725,-0.26322209072437164,-0.23166841001945734,0.5445026483504367,0.5670454305286017,0.24144693619900753,1.1213547099793977,-0.1004796196309948,0.8718090082975287
-0.3079233918913155,-0.47676258641713937,-1.1783784438509213,-0.279234549691044,-0.28209436458488235,0.9798911436316725,1.033921072644188,-0.18245719450624603,-0.5144323816930652,-0.15945125315364114,-0.397316236568382
-0.3079233918913155,-0.47676258641713937,0.8549113561151159,-0.08565414150246499,-0.16251161256453814,-0.6918954544577809,-0.5978943583579834,-0.18245719450624603,0.9904917426456007,-0.15945125315364114,-0.397316236568382
-0.3079233918913155,2.0198512149352292,0.5619335415226073,-0.28608243107891873,-0.0670053597190045,-0.7107693994706191,-0.5001331995599446,-0.1673202904186589,0.19658974082056543,0.15962631327392768,2.1409342531634397
-0.3079233918913155,3.2681581156114135,0.17160902540856263,-0.24776155055612506,-0.1619258692222186,-0.6798285060069499,-0.4679516048291199,-0.1517231613857574,0.3957800802358852,-0.012909140682405035,3.4100594980293506
-0.3079233918913155,-0.47676258641713937,0.8489054453661972,0.06533993964709185,-0.06923622415303418,-0.2797627535217083,-0.15260796552351855,-0.18245719450624603,-0.5144323816930652,-0.15945125315364114,-0.397316236568382
-0.3079233918913155,0.7715443142590449,-0.2589594175912819,-0.24103631779012266,-0.24649734473848847,-0.724569707206941,-0.6221860862873658,-0.1670804956290809,-0.5144323816930652,-0.14199246528520246,0.8718090082975287
-0.3079233918913155,-0.47676258641713937,-0.7338065175529589,-0.2591338033286255,-0.2696772889615098,-0.8459811039068531,-0.8795024579480306,-0.18245719450624603,-0.5144323816930652,-0.15945125315364114,-0.397316236568382
-0.3079233918913155,-0.47676258641713937,-0.8285313799786119,-0.26803945603902585,-0.27517868483939045,-0.832985928652112,-0.8511951146103198,-0.18245719450624603,-0.5144323816930652,-0.15945125315364114,-0.397316236568382
-0.3079233918913155,-0.47676258641713937,-0.6392565551373913,-0.2512911053411192,-0.26483252487930575,0.0024181948669540656,0.044215753961721546,-0.18245719450624603,-0.5144323816930652,-0.15945125315364114,-0.397316236568382
-0.3079233918913155,-0.47676258641713937,-0.5410334098367394,-0.2517953274532612,-0.26514400406443445,-0.8849666296710761,-0.9722408605308682,-0.18245719450624603,-0.5144323816930652,-0.15945125315364114,-0.397316236568382
-0.3079233918913155,-0.47676258641713937,-0.010895533875578381,-0.19780949239243367,-0.23179468536477982,-0.8775408152397955,-0.9536501162821405,-0.18245719450624603,-0.5144323816930652,-0.15945125315364114,-0.397316236568382
-0.3079233918913155,-0.47676258641713937,-0.6486227045681555,-0.26485740568267013,-0.2732129986305379,-0.8961053513179971,-1.0009908198479522,-0.18245719450624603,-0.5144323816930652,-0.15945125315364114,-0.397316236568382
2.591622583681666,-0.47676258641713937,-0.23152297059472296,-0.23109496560613335,-0.2523565207614493,-0.9258086090431193,-1.085787012923775,-0.18245719450624603,-0.5144323816930652,-0.15945125315364114,-1.0318788590013375
-0.3079233918913155,-0.47676258641713937,-0.2751987691369742,-0.2433257587317405,-0.25991199558990824,-0.7605842379471263,-0.7103183518918211,-0.18245719450624603,-0.5144323816930652,-0.15945125315364114,-0.397316236568382
-0.3079233918913155,0.7715443142590449,-0.6895139313235429,-0.26526623442224473,-0.2646262751486124,-0.5118194544992267,-0.02656356994004692,-0.07836200267971465,-0.23307700192540154,-0.146591395376117,0.8718090082975287
-0.3079233918913155,-0.47676258641713937,0.2514836938026439,-0.16605712695213876,-0.2121799150580285,-0.7327374338298241,-0.663061319572882,-0.18245719450624603,-0.5144323816930652,-0.15945125315364114,-0.397316236568382
-0.3079233918913155,-0.47676258641713937,-0.5990574692279884,-0.2544322728235175,-0.2667729560190938,-0.6306324853997161,-0.5118023189998963,-0.18245719450624603,-0.5144323816930652,-0.15945125315364114,-0.397316236568382
-0.3079233918913155,-0.47676258641713937,-0.619766681800215,-0.2562311192776458,-0.2678841790579312,-0.9239521554352992,-1.0800708936656533,-0.18245719450624603,-0.5144323816930652,-0.15945125315364114,-0.397316236568382
-0.3079233918913155,-0.47676258641713937,-0.0313764475132115,-0.20421447597910258,-0.23575131285154938,-0.7642971451627665,-0.7166193807872552,-0.18245719450624603,-0.5144323816930652,-0.15945125315364114,-0.397316236568382
-0.3079233918913155,-0.47676258641713937,-0.09482453427944246,-0.21511657570109224,-0.24248599793541248,-0.719742258575083,-0.641958536856811,-0.18245719450624603,-0.5144323816930652,-0.15945125315364114,-0.397316236568382
-0.3079233918913155,-0.47676258641713937,-0.11139375632854609,-0.20591792906066347,-0.23680360739590298,-0.5043936400679461,-0.3621466728779715,-0.18245719450624603,-0.5144323816930652,-0.15945125315364114,-0.397316236568382
-0.3079233918913155,0.7715443142590449,0.46651049591979565,-0.27682246012755374,-0.1102378287792282,-0.6194937637527951,-0.4815561634918179,-0.1654966296503171,-0.5144323816930652,0.0884071961536393,0.8718090082975287
-0.3079233918913155,-0.47676258641713937,-0.4898923229736803,-0.24853151134899057,-0.26312780771745287,-0.7940004028878889,-0.7716724248132456,-0.18245719450624603,-0.5144323816930652,-0.15945125315364114,-0.397316236568382
-0.3079233918913155,-0.47676258641713937,0.4229094516904111,-0.12517425299467752,-0.1869248459935419,-0.6844696400265002,-0.5872759997427865,-0.18245719450624603,-0.5144323816930652,-0.15945125315364114,-0.397316236568382
-0.3079233918913155,-0.47676258641713937,-1.268872685156045,-0.2825051796076409,-0.28411477011004127,-0.8923924441023567,-0.9916965955365834,-0.18245719450624603,-0.5144323816930652,-0.15945125315364114,-0.397316236568382
-0.3079233918913155,4.516465016287598,-0.20129055085410255,-0.2599446469954485,-0.2237130632641441,-0.969917946764926,-0.9578675256197935,-0.17756984374178375,0.10716671314247077,-0.091851267436456,4.679184742895261
-0.3079233918913155,-0.47676258641713937,0.7469974559979667,-0.041405244255839434,-0.13517720948040876,-0.7401632482611047,-0.67510243746023,-0.18245719450624603,-0.5144323816930652,-0.15945125315364114,-0.397316236568382
-0.3079233918913155,-0.47676258641713937,-0.19341511950068552,-0.2271088853952809,-0.2498941515276619,-0.730880980222004,-0.6595848001201923,-0.18245719450624603,-0.5144323816930652,-0.15945125315364114,-0.397316236568382
-0.3079233918913155,-0.47676258641713937,-0.2903629367244857,-0.24271251562237858,-0.25953316955394096,-0.7253116193985435,-0.650678816632828,-0.18245719450624603,-0.5144323816930652,-0.15945125315364114,-0.397316236568382
-0.3079233918913155,-0.47676258641713937,0.5351492946425217,-0.09121421236067971,-0.16594630195730833,-0.6751873719873995,-0.5740889905288733,-0.18245719450624603,-0.5144323816930652,-0.15945125315364114,-0.397316236568382
-0.3079233918913155,-0.47676258641713937,0.5668794334705447,-0.0909007769936725,-0.16575267976114724,-0.43756131018642075,-0.29332835400878093,-0.18245719450624603,-0.5144323816930652,-0.15945125315364114,-0.397316236568382
-0.3079233918913155,-0.47676258641713937,0.2921787312427559,-0.1503376619154949,-0.20246934100273342,-0.795856856495709,-0.7753091684415341,-0.18245719450624603,-0.5144323816930652,-0.15945125315364114,-0.397316236568382
-0.3079233918913155,-0.47676258641713937,0.2817553368762662,-0.1628546351588043,-0.21020160131464374,-0.7531584235158457,-0.6972357967145091,-0.18245719450624603,-0.5144323816930652,-0.15945125315364114,-0.397316236568382
2.591622583681666,-0.47676258641713937,-1.125170920649338,-0.27772869716694415,-0.2811641362076738,-0.9982102997481052,-1.5983659870744926,-0.18245719450624603,-0.5144323816930652,-0.15945125315364114,-1.0318788590013375
-0.3079233918913155,-0.47676258641713937,-0.9935385067219404,-0.273442809213737,-0.2785165631340801,-0.9165263410040186,-1.0579570442605566,-0.18245719450624603,-0.5144323816930652,-0.15945125315364114,-0.397316236568382
-0.3079233918913155,-0.47676258641713937,-0.7249567647905496,-0.2655387869152945,-0.27363391644827934,-0.9295215162587597,-1.0954909954092888,-0.18245719450624603,-0.5144323816930652,-0.15945125315364114,-0.397316236568382
-0.3079233918913155,0.7715443142590449,0.7512688080844114,-0.2069400009096,-0.012286043412616774,-0.3336370372206489,0.0760450140806454,-0.07950590588659961,0.38197894454344455,0.1681076956652948,0.8718090082975287
-0.3079233918913155,-0.47676258641713937,-0.021435412992489376,-0.2063948959235005,-0.23709824986832198,-0.7030341761047018,-0.6155898695529607,-0.18245719450624603,-0.5144323816930652,-0.15945125315364114,-0.397316236568382
-0.3079233918913155,-0.47676258641713937,-1.3358530754264515,-0.2827095939774282,-0.2842410454553637,-1.0019232069637454,-1.6323865948384217,-0.18245719450624603,-0.5144323816930652,-0.15945125315364114,-0.397316236568382
-0.3079233918913155,-0.47676258641713937,-0.8654188712163271,-0.2729658423508999,-0.27822192066166107,-0.8162778461817307,-0.8155354862695254,-0.18245719450624603,-0.5144323816930652,-0.15945125315364114,-0.397316236568382
-0.3079233918913155,-0.47676258641713937,-0.46884969513466696,-0.24571059304592574,-0.2613852079520033,-0.6974648152812414,-0.606953691968475,-0.18245719450624603,-0.5144323816930652,-0.15945125315364114,-0.397316236568382
-0.3079233918913155,-0.47676258641713937,-0.2437601296655786,-0.23181041590038892,-0.25279848447007786,-0.743876155476745,-0.681620328579957,-0.18245719450624603,-0.5144323816930652,-0.15945125315364114,-0.397316236568382
-0.3079233918913155,-0.47676258641713937,-0.9571575251827887,-0.27110567158583543,-0.2770728150192269,-0.946229598729141,-1.1873447053034778,-0.18245719450624603,-0.5144323816930652,-0.15945125315364114,-0.397316236568382
-0.3079233918913155,-0.47676258641713937,0.8601407155224028,0.027632302233660134,-0.09252981618684566,-0.604642134890234,-0.47817702136573254,-0.18245719450624603,-0.5144323816930652,-0.15945125315364114,-0.397316236568382
-0.3079233918913155,-0.47676258641713937,-1.4035817123234484,-0.2840723564426769,-0.2850828810908466,-0.9258086090431193,-1.085787012923775,-0.18245719450624603,-0.5144323816930652,-0.15945125315364114,-0.397316236568382
-0.3079233918913155,0.7715443142590449,0.642246520175988,-0.2504121235510338,-0.07294030094915885,-0.7043119916875005,-0.5749364535988282,-0.16131698331746822,-0.5144323816930652,0.11893404902076209,0.8718090082975287
-0.3079233918913155,-0.47676258641713937,-1.4651484013555636,-0.2858848305214577,-0.28620252248603884,-0.8923924441023567,-0.9916965955365834,-0.18245719450624603,-0.5144323816930652,-0.15945125315364114,-0.397316236568382
2.591622583681666,2.0198512149352292,0.17110139069514527,-0.23351386898194984,-0.18524117472257612,-0.5563743410869102,-0.4180310405734857,-0.15851407105597348,-0.5144323816930652,-0.05963426183285865,0.2372463858645734
-0.3079233918913155,-0.47676258641713937,1.09497613330269,0.16065836027891278,-0.010354030629183554,-0.7772923204175076,-0.740290993102915,-0.18245719450624603,-0.5144323816930652,-0.15945125315364114,-0.397316236568382
-0.3079233918913155,-0.47676258641713937,0.09653214142474204,-0.18254655278164814,-0.22236612624737145,-0.617637310144975,-0.4946518251348534,-0.18245719450624603,-0.5144323816930652,-0.15945125315364114,-0.397316236568382
-0.3079233918913155,-0.47676258641713937,-0.3293097588149201,-0.24605128366223794,-0.26159566686087404,-0.756871330731486,-0.7041108482208138,-0.18245719450624603,-0.5144323816930652,-0.15945125315364114,-0.397316236568382
-0.3079233918913155,-0.47676258641713937,0.3070442922364074,-0.15045349672504105,-0.20254089703174946,-0.6900390008499607,-0.5955113155461875,-0.18245719450624603,-0.5144323816930652,-0.15945125315364114,-0.397316236568382
-0.3079233918913155,-0.47676258641713937,-0.5212015286089817,-0.24707335551117446,-0.26222704358748616,-0.667761557556119,-0.5629505723619258,-0.18245719450624603,-0.5144323816930652,-0.15945125315364114,-0.397316236568382
-0.3079233918913155,-0.47676258641713937,0.1273350632374826,-0.1874524976565435,-0.2253967345351099,-0.6640486503404787,-0.5580334602840553,-0.18245719450624603,-0.5144323816930652,-0.15945125315364114,-0.397316236568382
-0.3079233918913155,-0.47676258641713937,-0.16258507310732265,-0.21676551828404317,-0.24350461905434678,-0.8459811039068531,-0.8795024579480306,-0.18245719450624603,-0.5144323816930652,-0.15945125315364114,-0.397316236568382
-0.3079233918913155,0.7715443142590449,0.1831066721989134,-0.26749435105292635,-0.1676846925445805,-0.8775408152397955,-0.9552617671471463,-0.1734753545183397,-0.5144323816930652,-0.0035530344392558444,0.8718090082975287
-0.3079233918913155,-0.47676258641713937,-0.5109744084559195,-0.2573622121238022,-0.26858290263538204,-0.8645456399850545,-0.9226564665948805,-0.18245719450624603,-0.5144323816930652,-0.15945125315364114,-0.397316236568382
-0.3079233918913155,-0.47676258641713937,-0.8678381120611364,-0.2737834998300491,-0.2787270220429508,-0.9870715781011842,-1.5003635093748626,-0.18245719450624603,-0.5144323816930652,-0.15945125315364114,-0.397316236568382
-0.3079233918913155,0.7715443142590449,-0.5581303698051214,-0.25657180989395795,-0.26298890483759824,-0.7949286296917991,-0.5317214589083343,-0.17101816243739643,-0.38356941435926806,-0.15202315435167124,0.8718090082975287
-0.3079233918913155,0.7715443142590449,-0.048732826817777124,-0.2133926811825526,-0.2291681581820732,-0.8775408152397955,-0.9536501162821405,-0.18157726896248838,-0.5144323816930652,-0.14162504077727317,0.8718090082975287
-0.3079233918913155,-0.47676258641713937,0.11917224105218273,-0.17222362710738917,-0.21598922130858858,-0.5322404441852483,-0.3902730930731779,-0.18245719450624603,-0.5144323816930652,-0.15945125315364114,-0.397316236568382
-0.3079233918913155,0.7715443142590449,0.7981193583023859,-0.15455541174543966,-0.03518397269775133,-0.6779720523991297,-0.574371287456175,-0.1758357547894696,-0.5144323816930652,0.08771521333037255,0.8718090082975287
-0.3079233918913155,-0.47676258641713937,-1.0129340616681959,-0.27610019602097197,-0.2801581426232717,-0.9815022172777237,-1.4539280373831684,-0.18245719450624603,-0.5144323816930652,-0.15945125315364114,-0.397316236568382
-0.3079233918913155,-0.47676258641713937,-0.7371012871312506,-0.2598015569365974,-0.2700897884228964,-0.6751873719873995,-0.5740889905288733,-0.18245719450624603,-0.5144323816930652,-0.15945125315364114,-0.397316236568382
-0.3079233918913155,-0.47676258641713937,-1.0370909778198392,-0.2747374335557233,-0.27931630698778886,-0.93509087708222,-1.1135465855454338,-0.18245719450624603,-0.5144323816930652,-0.15945125315364114,-0.397316236568382
-0.3079233918913155,-0.47676258641713937,0.1465273960827631,-0.18656670205413184,-0.22484954137204596,-0.604642134890234,-0.47817702136573254,-0.18245719450624603,-0.5144323816930652,-0.15945125315364114,-0.397316236568382
-0.3079233918913155,-0.47676258641713937,-0.17219086280810567,-0.2200225205759876,-0.24551660622315089,-0.5396662586165288,-0.4013280860227125,-0.18245719450624603,-0.5144323816930652,-0.15945125315364114,-0.397316236568382
-0.3079233918913155,-0.47676258641713937,0.8115258697403033,-0.046883549366139234,-0.13856138873504997,-0.6584792895170182,-0.5499646013512769,-0.18245719450624603,-0.5144323816930652,-0.15945125315364114,-0.397316236568382
-0.3079233918913155,-0.47676258641713937,-0.8012591691287274,-0.2675829306131675,-0.27489666990150363,-0.8422681966912127,-0.8713813701195341,-0.18245719450624603,-0.5144323816930652,-0.15945125315364114,-0.397316236568382
-0.3079233918913155,3.2681581156114135,0.03785821465701138,-0.25333524903899224,-0.19237152255511616,-0.8464452173088082,-0.5044511440609366,-0.1742189038403288,-0.5144323816930652,-0.05219391554729112,3.4100594980293506
-0.3079233918913155,-0.47676258641713937,0.4008224339460907,-0.12755908730886276,-0.18839805835563694,-0.7215987121829033,-0.6446223858749948,-0.18245719450624603,-0.5144323816930652,-0.15945125315364114,-0.397316236568382
-0.3079233918913155,-0.47676258641713937,-0.9495087841407708,-0.27112611302281414,-0.2770854425537592,-0.795856856495709,-0.7753091684415341,-0.18245719450624603,-0.5144323816930652,-0.15945125315364114,-0.397316236568382
-0.3079233918913155,-0.47676258641713937,-0.36994002096137,-0.24659638864833744,-0.2619324011150672,-0.8366988358677524,-0.8589299722602949,-0.18245719450624603,-0.5144323816930652,-0.15945125315364114,-0.397316236568382
2.591622583681666,-0.47676258641713937,-0.1724805472876352,-0.21743327189201508,-0.2439171185157334,-0.8868230832788963,-0.9766509845091718,-0.18245719450624603,-0.5144323816930652,-0.15945125315364114,-1.0318788590013375
-0.3079233918913155,-0.47676258641713937,-0.095696864385558,-0.216956305029178,-0.2436224760433144,-0.8756843616319754,-0.9494748115676043,-0.18245719450624603,-0.5144323816930652,-0.15945125315364114,-0.397316236568382
-0.3079233918913155,0.7715443142590449,-0.9110396560471834,-0.2741241904463613,-0.2742652931748915,-0.668689784360029,-0.5269040459853389,-0.1599970950018317,-0.5144323816930652,-0.15265389975694982,0.8718090082975287
-0.3079233918913155,-0.47676258641713937,-1.119272835804318,-0.27725854411643336,-0.28087370291343217,-0.7253116193985435,-0.650678816632828,-0.18245719450624603,-0.5144323816930652,-0.15945125315364114,-0.397316236568382
-0.3079233918913155,0.7715443142590449,-0.8947146306241281,-0.28638905263359965,-0.267871551523399,-0.9270316146896008,-1.1077442034957752,-0.1752792018830429,-0.5144323816930652,-0.13232920072666288,0.8718090082975287
-0.3079233918913155,-0.47676258641713937,-0.08479646708638024,-0.20872521973907582,-0.23853778880499776,-0.4895420112053849,-0.34548220217270376,-0.18245719450624603,-0.5144323816930652,-0.15945125315364114,-0.397316236568382
-0.3079233918913155,-0.47676258641713937,0.07970864267973463,-0.18454299979323752,-0.2235994154533539,-0.8664020935928747,-0.9265712179418177,-0.18245719450624603,-0.5144323816930652,-0.15945125315364114,-0.397316236568382
-0.3079233918913155,3.2681581156114135,-0.46030728690917205,-0.26660174163818845,-0.24022146007596354,-0.8433820688559048,-0.49746184387135006,-0.16905216105881218,0.1235245840591954,-0.10988568703398388,3.4100594980293506
-0.3079233918913155,-0.47676258641713937,-0.5617514764572248,-0.2515500302095165,-0.2649924736500475,-0.8422681966912127,-0.8713813701195341,-0.18245719450624603,-0.5144323816930652,-0.15945125315364114,-0.397316236568382
-0.3079233918913155,-0.47676258641713937,-0.5649514759567834,-0.25470482531656724,-0.2669413231461904,-0.7215987121829033,-0.6446223858749948,-0.18245719450624603,-0.5144323816930652,-0.15945125315364114,-0.397316236568382
-0.3079233918913155,-0.47676258641713937,-1.2183401170201347,-0.2788802314500793,-0.28187548731965684,-0.8701150008085149,-0.9358507116865746,-0.18245719450624603,-0.5144323816930652,-0.15945125315364114,-0.397316236568382
-0.3079233918913155,2.0198512149352292,-0.6593300213443168,-0.27357908546026183,-0.25953316955394096,-0.8275583086804266,-0.8301995109679665,-0.17732145747816727,-0.5144323816930652,-0.13171070280498196,2.1409342531634397
-0.3079233918913155,-0.47676258641713937,-0.5833750163861947,-0.26104167077997376,-0.2708558588511858,-0.9313779698665798,-1.1014233343345856,-0.18245719450624603,-0.5144323816930652,-0.15945125315364114,-0.397316236568382
-0.3079233918913155,-0.47676258641713937,-1.2323154474795963,-0.2833909752100525,-0.28466196327310517,-0.8998182585336373,-1.0121017586047965,-0.18245719450624603,-0.5144323816930652,-0.15945125315364114,-0.397316236568382
-0.3079233918913155,-0.47676258641713937,-0.5674805866530834,-0.2559313115352911,-0.26769897521812497,-1.0149183822184864,-1.7579326464889593,-0.18245719450624603,-0.5144323816930652,-0.15945125315364114,-0.397316236568382
-0.3079233918913155,-0.47676258641713937,0.25263141486080937,-0.1544055078742623,-0.20498222037464983,-0.6491970214779175,-0.5368530923934889,-0.18245719450624603,-0.5144323816930652,-0.15945125315364114,-0.397316236568382
-0.3079233918913155,-0.47676258641713937,-0.9082667729887113,-0.27112611302281414,-0.2770854425537592,-0.8107084853582702,-0.8046203905890386,-0.18245719450624603,-0.5144323816930652,-0.15945125315364114,-0.397316236568382
-0.3079233918913155,-0.47676258641713937,-0.2016089636450309,-0.22315687424605962,-0.24745282818476155,-0.8608327327694143,-0.91366207946824,-0.18245719450624603,-0.5144323816930652,-0.15945125315364114,-0.397316236568382
2.591622583681666,0.7715443142590449,0.8478541802723373,-0.09860038492232773,0.010064692709453867,0.3987710401365552,0.25228437629618095,-0.17123814382333583,0.3361769059766156,0.10325727001578025,-0.397316236568382
-0.3079233918913155,-0.47676258641713937,0.6389316475892282,-0.03993346079337083,-0.13426802699408724,-0.55451788747909,-0.41653786697643963,-0.18245719450624603,-0.5144323816930652,-0.15945125315364114,-0.397316236568382
-0.3079233918913155,-0.47676258641713937,-0.7896599648145615,-0.2657977117836917,-0.2737938652190211,-0.9759328564542634,-1.4075570528047567,-0.18245719450624603,-0.5144323816930652,-0.15945125315364114,-0.397316236568382
-0.3079233918913155,-0.47676258641713937,-1.226261035233586,-0.28004539335786693,-0.2825952567879947,-0.9555118667682417,-1.2534477320803525,-0.18245719450624603,-0.5144323816930652,-0.15945125315364114,-0.397316236568382
-0.3079233918913155,-0.47676258641713937,0.23950109946685477,-0.16816940877327424,-0.21348476029302701,-0.5396662586165288,-0.4013280860227125,-0.18245719450624603,-0.5144323816930652,-0.15945125315364114,-0.397316236568382
-0.3079233918913155,-0.47676258641713937,-1.0901321537764552,-0.27548695291161,-0.2797793165873044,-0.9573683203760618,-1.2680214324826926,-0.18245719450624603,-0.5144323816930652,-0.15945125315364114,-0.397316236568382
-0.3079233918913155,0.7715443142590449,0.9156196427998448,-0.09452572515123406,0.01537246639117348,-0.18989393123148512,-0.04991303425736259,-0.1153628717947243,-0.5144323816930652,0.10731731082839856,0.8718090082975287
2.591622583681666,0.7715443142590449,0.7125092432253955,-0.21593423318024146,-0.0816953915581809,-0.6640486503404787,-0.5555964149049537,-0.17711164682791825,-0.5144323816930652,0.07521053257718001,-0.397316236568382
-0.3079233918913155,-0.47676258641713937,-1.6072702621988852,-0.28697504049365663,-0.2868759909944252,-1.0501910007670692,-2.165276598200297,-0.18245719450624603,-0.5144323816930652,-0.15945125315364114,-0.397316236568382
-0.3079233918913155,-0.47676258641713937,0.06406734366753143,-0.18743205621956474,-0.22538410700057765,-0.8998182585336373,-1.0121017586047965,-0.18245719450624603,-0.5144323816930652,-0.15945125315364114,-0.397316236568382
-0.3079233918913155,-0.47676258641713937,-0.6534749372675874,-0.2636990575872087,-0.27249743834037743,-0.8237036606130113,-0.8308942335229285,-0.18245719450624603,-0.5144323816930652,-0.15945125315364114,-0.397316236568382
-0.3079233918913155,0.7715443142590449,-0.18024747909625644,-0.24979888044167187,-0.2283431592593,-0.6863260936343204,-0.6256832193218174,-0.17519780877024532,0.1660550484426795,-0.1077056349536036,0.8718090082975287
-0.3079233918913155,0.7715443142590449,0.8510276268632805,-0.14342164240435773,-0.026879264153712674,-0.6489503127168403,-0.5269040459853389,-0.1709961642988025,-0.5144323816930652,0.08979116180017284,0.8718090082975287
-0.3079233918913155,-0.47676258641713937,-1.2609971491789052,-0.2803928977865054,-0.2828099248750428,-0.8923924441023567,-0.9916965955365834,-0.18245719450624603,-0.5144323816930652,-0.15945125315364114,-0.397316236568382
-0.3079233918913155,-0.47676258641713937,0.5072161409704333,-0.09342188755438263,-0.1673100756867906,-0.7791487740253277,-0.743663776559236,-0.18245719450624603,-0.5144323816930652,-0.15945125315364114,-0.397316236568382
-0.3079233918913155,0.7715443142590449,0.49735952465836747,-0.17802899520934867,-0.12068500901557085,-0.8004979905152595,-0.7845418365822654,-0.18236920195187026,-0.5144323816930652,-0.015580063332140289,0.8718090082975287
-0.3079233918913155,-0.47676258641713937,0.6441178190365813,-0.05056300802231076,-0.14083434495085378,-0.5730824235572914,-0.440442823538469,-0.18245719450624603,-0.5144323816930652,-0.15945125315364114,-0.397316236568382
-0.3079233918913155,-0.47676258641713937,-0.7410494931359898,-0.2625407094917473,-0.271781878050217,-0.9388037842978604,-1.1389011895967178,-0.18245719450624603,-0.5144323816930652,-0.15945125315364114,-0.397316236568382
-0.3079233918913155,-0.47676258641713937,-0.9268571483404712,-0.274396742939411,-0.2791058480789181,-0.9332344234743999,-1.1074410335789702,-0.18245719450624603,-0.5144323816930652,-0.15945125315364114,-0.397316236568382
-0.3079233918913155,-0.47676258641713937,1.0621772970417958,0.0970241669641243,-0.04966354562805704,-0.5582307946947304,-0.4204283404444091,-0.18245719450624603,-0.5144323816930652,-0.15945125315364114,-0.397316236568382
-0.3079233918913155,-0.47676258641713937,-0.9881764909061351,-0.27317025672068723,-0.2783481960069835,-0.9220957018274791,-1.0744318480296775,-0.18245719450624603,-0.5144323816930652,-0.15945125315364114,-0.397316236568382
-0.3079233918913155,-0.47676258641713937,-1.0641328045945313,-0.2746011573091984,-0.2792321234242406,-0.6380582998309966,-0.5216433114397616,-0.18245719450624603,-0.5144323816930652,-0.15945125315364114,-0.397316236568382
-0.3079233918913155,5.764771916963783,0.3312768212851247,-0.2355580126798229,-0.09726935081461431,-0.612686767190788,-0.5499646013512769,-0.15503177007353805,-0.24180119974765465,0.07018906430214679,5.9483099877611725
-0.3079233918913155,0.7715443142590449,0.04467574194394699,-0.22465591295783321,-0.2100753259693213,-0.7884310420644286,-0.7587481533495293,-0.17913547557856085,-0.5144323816930652,-0.10372520278436992,0.8718090082975287
-0.3079233918913155,-0.47676258641713937,-0.5466420271263621,-0.25160454070812643,-0.2650261470754668,-0.8385552894755725,-0.8634149791235463,-0.18245719450624603,-0.5144323816930652,-0.15945125315364114,-0.397316236568382
-0.3079233918913155,-0.47676258641713937,0.663345988758725,-0.06023862152557658,-0.1468113779627823,-0.7048906297125218,-0.618717953559068,-0.18245719450624603,-0.5144323816930652,-0.15945125315364114,-0.397316236568382
-0.3079233918913155,-0.47676258641713937,0.44405339045247544,-0.111478490218928,-0.17846439785693885,-0.669618011163939,-0.5657074899385893,-0.18245719450624603,-0.5144323816930652,-0.15945125315364114,-0.397316236568382
-0.3079233918913155,-0.47676258641713937,-0.010167707497086996,-0.19306707901336817,-0.22886509735329938,-0.7420197018689249,-0.6787109402771692,-0.18245719450624603,-0.5144323816930652,-0.15945125315364114,-0.397316236568382
-0.3079233918913155,-0.47676258641713937,-0.6623993584058494,-0.2544935971344537,-0.26681083862269056,-0.93509087708222,-1.1135465855454338,-0.18245719450624603,-0.5144323816930652,-0.15945125315364114,-0.397316236568382
-0.3079233918913155,-0.47676258641713937,-0.7245387894988942,-0.26547064879203197,-0.27359182466650517,-0.7902874956722487,-0.7644924565060902,-0.18245719450624603,-0.5144323816930652,-0.15945125315364114,-0.397316236568382
-0.3079233918913155,-0.47676258641713937,-1.3256488854876274,-0.28127869338891703,-0.2833571180381067,-0.8571198255537739,-0.9048570619993147,-0.18245719450624603,-0.5144323816930652,-0.15945125315364114,-0.397316236568382
-0.3079233918913155,-0.47676258641713937,-1.7001135464451707,-0.2888079560094161,-0.28800825992414963,-0.9146698873961985,-1.052606571943598,-0.18245719450624603,-0.5144323816930652,-0.15945125315364114,-0.397316236568382
-0.3079233918913155,-0.47676258641713937,-0.7150944618377701,-0.2627451238615346,-0.2719081533955394,-0.8923924441023567,-0.9916965955365834,-0.18245719450624603,-0.5144323816930652,-0.15945125315364114,-0.397316236568382
-0.3079233918913155,-0.47676258641713937,0.296295871382792,-0.12953509288347337,-0.1896187200270871,-0.756871330731486,-0.7041108482208138,-0.18245719450624603,-0.5144323816930652,-0.15945125315364114,-0.397316236568382
-0.3079233918913155,0.7715443142590449,0.82463634045757,-0.2662201681479188,0.022692227241697196,-0.359211931977237,0.5646421619386278,0.30009372049188043,0.061364674575641764,0.27227254366324016,0.8718090082975287
-0.3079233918913155,-0.47676258641713937,-0.35041750935601995,-0.2461875599087628,-0.2616798504244223,-0.669618011163939,-0.5657074899385893,-0.18245719450624603,-0.5144323816930652,-0.15945125315364114,-0.397316236568382
-0.3079233918913155,-0.47676258641713937,-0.39669834837903795,-0.2381472613637954,-0.2567130201750733,-0.7921439492800688,-0.7680670328131446,-0.18245719450624603,-0.5144323816930652,-0.15945125315364114,-0.397316236568382
-0.3079233918913155,-0.47676258641713937,-0.1629964300681222,-0.21314057012648163,-0.2412653362639623,-0.6027856812824138,-0.47549322895649954,-0.18245719450624603,-0.5144323816930652,-0.15945125315364114,-0.397316236568382
-0.3079233918913155,-0.47676258641713937,0.3518489251163056,-0.1330101371698576,-0.1917654008975685,-0.6417712070466369,-0.5266520285737247,-0.18245719450624603,-0.5144323816930652,-0.15945125315364114,-0.397316236568382
-0.3079233918913155,-0.47676258641713937,-0.1431178356207891,-0.22223019576969053,-0.24688037995263318,-0.9128134337883784,-1.047323686348948,-0.18245719450624603,-0.5144323816930652,-0.15945125315364114,-0.397316236568382
-0.3079233918913155,-0.47676258641713937,0.07277878115252981,-0.15215694980660194,-0.20359319157610306,-0.8478375575146732,-0.8842148783059317,-0.18245719450624603,-0.5144323816930652,-0.15945125315364114,-0.397316236568382
-0.3079233918913155,-0.47676258641713937,0.3450088032512142,-0.1388018776471646,-0.19534320234837077,-0.6918954544577809,-0.5984922467827819,-0.18245719450624603,-0.5144323816930652,-0.15945125315364114,-0.397316236568382
-0.3079233918913155,-0.47676258641713937,-0.6863629068516414,-0.2601899442391933,-0.27032971157900904,-0.9573683203760618,-1.2680214324826926,-0.18245719450624603,-0.5144323816930652,-0.15945125315364114,-0.397316236568382
-0.3079233918913155,-0.47676258641713937,0.3090967615504711,-0.1559045465860359,-0.205908239573681,-0.6547663823013778,-0.5446705701310338,-0.18245719450624603,-0.5144323816930652,-0.15945125315364114,-0.397316236568382
-0.3079233918913155,-0.47676258641713937,-0.422852457872492,-0.24223554875954156,-0.259238527081522,-0.80699557814263,-0.7968573299853832,-0.18245719450624603,-0.5144323816930652,-0.15945125315364114,-0.397316236568382
-0.3079233918913155,0.7715443142590449,-0.04255927933888529,-0.2457787311691882,-0.22101918923059888,-0.7215987121829033,-0.6446223858749948,-0.18206122801155508,-0.5144323816930652,-0.10066333188495945,0.8718090082975287
-0.3079233918913155,-0.47676258641713937,-0.9175854094907349,-0.27242073736480044,-0.2778851864074679,-0.9072440729649179,-1.031863996285951,-0.18245719450624603,-0.5144323816930652,-0.15945125315364114,-0.397316236568382
-0.3079233918913155,-0.47676258641713937,-0.20498997356357201,-0.21703807077709292,-0.24367298618144337,-0.8088520317504501,-0.8007208482870956,-0.18245719450624603,-0.5144323816930652,-0.15945125315364114,-0.397316236568382
-0.3079233918913155,-0.47676258641713937,0.35062185921091,-0.13982394949610114,-0.19597457907498292,-0.7847181348487882,-0.7539484640497447,-0.18245719450624603,-0.5144323816930652,-0.15945125315364114,-0.397316236568382
-0.3079233918913155,-0.47676258641713937,-0.7334730214104906,-0.2636990575872087,-0.27249743834037743,-0.8534069183381336,-0.8962336042822827,-0.18245719450624603,-0.5144323816930652,-0.15945125315364114,-0.397316236568382
-0.3079233918913155,-0.47676258641713937,-0.9334731617021069,-0.2767815772535963,-0.28057906044101316,-0.9258086090431193,-1.085787012923775,-0.18245719450624603,-0.5144323816930652,-0.15945125315364114,-0.397316236568382
-0.3079233918913155,-0.47676258641713937,-0.06421905721988272,-0.20571351469087615,-0.23667733205058056,-0.8218472070051912,-0.8277770299099328,-0.18245719450624603,-0.5144323816930652,-0.15945125315364114,-0.397316236568382
-0.3079233918913155,0.7715443142590449,0.9681407791822741,-0.01648713257876681,-0.03274264935485099,-0.8682585472006948,-0.9292015592028721,-0.18038936947841552,-0.5144323816930652,-0.03281839649582146,0.8718090082975287
-0.3079233918913155,-0.47676258641713937,-0.6543284141266258,-0.259678908314725,-0.27001402321570295,-0.7995697637113494,-0.7826789253420732,-0.18245719450624603,-0.5144323816930652,-0.15945125315364114,-0.397316236568382
-0.3079233918913155,-0.47676258641713937,0.5311364659068082,-0.09178657259608418,-0.16629987292421114,-0.4858291039897446,-0.3422275329695335,-0.18245719450624603,-0.5144323816930652,-0.15945125315364114,-0.397316236568382
-0.3079233918913155,0.7715443142590449,0.4357145646771218,-0.1852652638998193,-0.14455104928151075,-0.6352736194192664,-0.5176790838261255,-0.1799054104293488,-0.5144323816930652,-0.04379826554110753,0.8718090082975287
-0.3079233918913155,0.7715443142590449,-0.5166187248298917,-0.2626565443012934,-0.2606023008110042,-0.7921439492800688,-0.440442823538469,-0.17585775292806355,-0.5144323816930652,-0.14308249132539258,0.8718090082975287
2.591622583681666,2.0198512149352292,-0.7344450385431198,-0.26868676821001897,-0.2683177244102049,-1.0249977761641667,-1.8464195517490052,-0.18204790693476366,-0.5144323816930652,-0.1488877985506749,0.2372463858645734
-0.3079233918913155,-0.47676258641713937,-0.8315621450596167,-0.2662883062711813,-0.2740969260477949,-0.8682585472006948,-0.931848548304223,-0.18245719450624603,-0.5144323816930652,-0.15945125315364114,-0.397316236568382
-0.3079233918913155,-0.47676258641713937,0.5408893401731041,-0.10125777172956267,-0.1721506305908172,-0.7271680730063637,-0.6540817880676593,-0.18245719450624603,-0.5144323816930652,-0.15945125315364114,-0.397316236568382
-0.3079233918913155,-0.47676258641713937,-0.2666460436608881,-0.2305839296816651,-0.25204083239814323,-0.7977133101035293,-0.7789778137370643,-0.18245719450624603,-0.5144323816930652,-0.15945125315364114,-0.397316236568382
-0.3079233918913155,-0.47676258641713937,-0.07894066588002527,-0.21293615575669433,-0.24113906091863987,-0.6733309183795794,-0.5712764521421568,-0.18245719450624603,-0.5144323816930652,-0.15945125315364114,-0.397316236568382
-0.3079233918913155,-0.47676258641713937,0.6370958371414691,-0.06344111331891103,-0.14878969170616707,-0.819990753397371,-0.823656574098022,-0.18245719450624603,-0.5144323816930652,-0.15945125315364114,-0.397316236568382
-0.3079233918913155,-0.47676258641713937,-1.0234385299204183,-0.2771904059931709,-0.280831611131658,-0.8589762791615941,-0.90860796500648,-0.18245719450624603,-0.5144323816930652,-0.15945125315364114,-0.397316236568382
-0.3079233918913155,-0.47676258641713937,0.08014818899545191,-0.17007727622462246,-0.21466333018270303,-0.7550148771236658,-0.7002774310806159,-0.18245719450624603,-0.5144323816930652,-0.15945125315364114,-0.397316236568382
-0.3079233918913155,-0.47676258641713937,-0.8830556047948089,-0.2692863836947284,-0.2759489644458573,-0.8478375575146732,-0.8842148783059317,-0.18245719450624603,-0.5144323816930652,-0.15945125315364114,-0.397316236568382
-0.3079233918913155,-0.47676258641713937,-1.5316326551929378,-0.28622552113776983,-0.28641298139490956,-0.9425166915135008,-1.1635756456985884,-0.18245719450624603,-0.5144323816930652,-0.15945125315364114,-0.397316236568382
-0.3079233918913155,2.0198512149352292,-0.42235654992211136,-0.26145049951954835,-0.25823674267529734,-0.8298918393057451,-1.0126382857879606,-0.17805203406806017,-0.5144323816930652,-0.1407248507328465,2.1409342531634397
-0.3079233918913155,-0.47676258641713937,0.0834283742235686,-0.19685555866675958,-0.2312054004199418,-0.6491970214779175,-0.5368530923934889,-0.18245719450624603,-0.5144323816930652,-0.15945125315364114,-0.397316236568382
-0.3079233918913155,-0.47676258641713937,-1.0269249979557884,-0.2737426169560917,-0.2787017669738863,-1.011205475002846,-1.721303308114601,-0.18245719450624603,-0.5144323816930652,-0.15945125315364114,-0.397316236568382
-0.3079233918913155,-0.47676258641713937,-0.047451959775867206,-0.20605420530718838,-0.23688779095945128,-0.8905359904945366,-0.9871258081619211,-0.18245719450624603,-0.5144323816930652,-0.15945125315364114,-0.397316236568382
-0.3079233918913155,0.7715443142590449,0.7931096166359404,-0.27228446111827553,-0.02078858333099394,-0.6742591451834895,-0.5412650408441309,-0.16228490141560165,-0.5144323816930652,0.21446442108236985,0.8718090082975287
-0.3079233918913155,-0.47676258641713937,-0.07855597903605828,-0.209597387716835,-0.2390765636117068,-0.7940004028878889,-0.7716724248132456,-0.18245719450624603,-0.5144323816930652,-0.15945125315364114,-0.397316236568382
-0.3079233918913155,-0.47676258641713937,-0.7757942170105429,-0.2673785162433802,-0.27477039455618124,-0.9035311657492775,-1.0218661604608166,-0.18245719450624603,-0.5144323816930652,-0.15945125315364114,-0.397316236568382
-0.3079233918913155,-0.47676258641713937,-1.025351252912549,-0.2754188147883476,-0.2797372248055303,-0.93509087708222,-1.1135465855454338,-0.18245719450624603,-0.5144323816930652,-0.15945125315364114,-0.397316236568382
-0.3079233918913155,-0.47676258641713937,-0.30653771482995756,-0.23208296839343867,-0.25296685159717447,-0.6789002792030399,-0.5791997207086671,-0.18245719450624603,-0.5144323816930652,-0.15945125315364114,-0.397316236568382
-0.3079233918913155,-0.47676258641713937,-1.3856969407751802,-0.28475373767530127,-0.28550379890858807,-0.8496940111224934,-0.8877843698053953,-0.18245719450624603,-0.5144323816930652,-0.15945125315364114,-0.397316236568382
-0.3079233918913155,-0.47676258641713937,-0.8054934845096131,-0.2653343725455071,-0.2735076411029569,-0.8961053513179971,-1.0009908198479522,-0.18245719450624603,-0.5144323816930652,-0.15945125315364114,-0.397316236568382
-0.3079233918913155,0.7715443142590449,-0.6037144231038225,-0.2730339804741624,-0.2567972037386216,-0.820918980201281,-0.8021789190791825,-0.16936830204285083,-0.5144323816930652,-0.128220169979654,0.8718090082975287
2.591622583681666,-0.47676258641713937,-0.94437170622957,-0.27153494176238874,-0.27733799324440406,-0.9740764028464433,-1.3953155091643494,-0.18245719450624603,-0.5144323816930652,-0.15945125315364114,-1.0318788590013375
-0.3079233918913155,-0.47676258641713937,0.5613330792122949,-0.07972612477863311,-0.15884962755018758,-0.7513019699080254,-0.6942161237988717,-0.18245719450624603,-0.5144323816930652,-0.15945125315364114,-0.397316236568382
-0.3079233918913155,-0.47676258641713937,-1.195292733076263,-0.28236890336111603,-0.284030586546493,-1.0019232069637454,-1.6323865948384217,-0.18245719450624603,-0.5144323816930652,-0.15945125315364114,-0.397316236568382
-0.3079233918913155,-0.47676258641713937,-1.1647358453505792,-0.2786894447049445,-0.28175763033068923,-0.8422681966912127,-0.8713813701195341,-0.18245719450624603,-0.5144323816930652,-0.15945125315364114,-0.397316236568382
-0.3079233918913155,0.7715443142590449,-0.5178528521053906,-0.25456854907004234,-0.25658674482975086,-0.7271680730063638,-0.6537402422079921,-0.18225921125890057,-0.5144323816930652,-0.1445093231645179,0.8718090082975287
-0.3079233918913155,-0.47676258641713937,0.24024139334309016,-0.16087862958419366,-0.20898093964319356,-0.7865745884566084,-0.7574336749015359,-0.18245719450624603,-0.5144323816930652,-0.15945125315364114,-0.397316236568382
-0.3079233918913155,-0.47676258641713937,-0.25284115698374066,-0.23144247003477178,-0.2525711888484975,-0.9183827946118387,-1.0633768550801428,-0.18245719450624603,-0.5144323816930652,-0.15945125315364114,-0.397316236568382
-0.3079233918913155,-0.47676258641713937,-0.7206888113373856,-0.267037825627068,-0.2745599356473105,-0.9610812275917022,-1.2956065638580607,-0.18245719450624603,-0.5144323816930652,-0.15945125315364114,-0.397316236568382
-0.3079233918913155,-0.47676258641713937,-0.19112376356575805,-0.21141667560794203,-0.24020041418507643,-0.7290245266141838,-0.6568242430219673,-0.18245719450624603,-0.5144323816930652,-0.15945125315364114,-0.397316236568382
-0.3079233918913155,-0.47676258641713937,0.055346285934202266,-0.18833829325895515,-0.22594392769817373,-0.7234551657907233,-0.6479762361011957,-0.18245719450624603,-0.5144323816930652,-0.15945125315364114,-0.397316236568382
-0.3079233918913155,0.7715443142590449,-0.35899810378004726,-0.25054839979755866,-0.2445905870241197,-0.6324889390075362,-0.5045706192458423,-0.16991825550769935,-0.5144323816930652,-0.1306696666991824,0.8718090082975287
-0.3079233918913155,-0.47676258641713937,-0.44368938334336416,-0.24611942178550036,-0.2616377586426482,-0.7661535987705866,-0.7206062830671615,-0.18245719450624603,-0.5144323816930652,-0.15945125315364114,-0.397316236568382
-0.3079233918913155,-0.47676258641713937,-0.3027552568386285,-0.24414341621088972,-0.26041709697119797,-0.7680100523784069,-0.7238233980223902,-0.18245719450624603,-0.5144323816930652,-0.15945125315364114,-0.397316236568382
-0.3079233918913155,0.7715443142590449,0.3910219633809208,-0.16810127065001182,-0.1742131278977503,-0.7902874956722487,-0.7622737622738603,-0.17895949046980933,-0.5144323816930652,-0.1023779795886293,0.8718090082975287
-0.3079233918913155,-0.47676258641713937,-0.5697664088099734,-0.2507664417919985,-0.2645084181596449,-0.972219949238623,-1.3795316404308164,-0.18245719450624603,-0.5144323816930652,-0.15945125315364114,-0.397316236568382
-0.3079233918913155,-0.47676258641713937,-0.7751668387727435,-0.2659816847165003,-0.27390751302981126,-0.9555118667682417,-1.2534477320803525,-0.18245719450624603,-0.5144323816930652,-0.15945125315364114,-0.397316236568382
-0.3079233918913155,0.7715443142590449,-0.011815582487712297,-0.23528546018677315,-0.21053833556883692,-0.707588627664169,-0.5913733875523796,-0.16446271713640184,-0.5144323816930652,-0.09484577717607948,0.8718090082975287
-0.3079233918913155,-0.47676258641713937,0.23696825936421853,-0.16299091140532918,-0.21028578487819202,-0.8496940111224934,-0.8877843698053953,-0.18245719450624603,-0.5144323816930652,-0.15945125315364114,-0.397316236568382
-0.3079233918913155,-0.47676258641713937,-1.4311840266248663,-0.2856395332777129,-0.28605099207165197,-0.8459811039068531,-0.8795024579480306,-0.18245719450624603,-0.5144323816930652,-0.15945125315364114,-0.397316236568382
-0.3079233918913155,-0.47676258641713937,0.48405855780506074,-0.11611188260077362,-0.1813266390175807,-0.6993212688890614,-0.6100176095688317,-0.18245719450624603,-0.5144323816930652,-0.15945125315364114,-0.397316236568382
-0.3079233918913155,-0.47676258641713937,-0.5703727405480158,-0.2503371716154451,-0.26424323993446774,-0.9889280317090045,-1.5161672617645627,-0.18245719450624603,-0.5144323816930652,-0.15945125315364114,-0.397316236568382
-0.3079233918913155,0.7715443142590449,0.2587247908781497,-0.19910411673441997,-0.17539169778742633,0.7301480091324514,0.9838261724690996,1.038230515140867,-0.24747192833211917,-0.0762296021076636,0.8718090082975287
-0.3079233918913155,-0.47676258641713937,-0.3360529054907538,-0.23760215637769597,-0.25637628592088013,-0.7160293513594428,-0.636026197931514,-0.18245719450624603,-0.5144323816930652,-0.15945125315364114,-0.397316236568382
-0.3079233918913155,-0.47676258641713937,-1.2583961853621877,-0.27821247784210745,-0.28146298785827023,-0.6881825472421406,-0.5931417744658232,-0.18245719450624603,-0.5144323816930652,-0.15945125315364114,-0.397316236568382
-0.3079233918913155,-0.47676258641713937,0.12024392988142954,-0.18309165776774758,-0.2227028605015646,-0.5693695163416511,-0.4363625679363181,-0.18245719450624603,-0.5144323816930652,-0.15945125315364114,-0.397316236568382
-0.3079233918913155,-0.47676258641713937,-1.557721677616408,-0.28693415761969915,-0.2868507359253607,-0.9982102997481052,-1.5983659870744926,-0.18245719450624603,-0.5144323816930652,-0.15945125315364114,-0.397316236568382
-0.3079233918913155,-0.47676258641713937,-0.5129590367027534,-0.24768659862053638,-0.2626058696234535,-0.8682585472006948,-0.931848548304223,-0.18245719450624603,-0.5144323816930652,-0.15945125315364114,-0.397316236568382
-0.3079233918913155,-0.47676258641713937,0.3000651170755369,-0.14895445801326748,-0.2016148778327183,-0.6083550421058742,-0.48268863881665947,-0.18245719450624603,-0.5144323816930652,-0.15945125315364114,-0.397316236568382
-0.3079233918913155,-0.47676258641713937,0.08515846572009422,-0.18929222698462922,-0.22653321264301174,-0.7086035369281621,-0.6244081485722152,-0.18245719450624603,-0.5144323816930652,-0.15945125315364114,-0.397316236568382
-0.3079233918913155,-0.47676258641713937,0.7908173604966362,-0.004501636696904427,-0.11238030047153218,-0.8107084853582702,-0.8046203905890386,-0.18245719450624603,-0.5144323816930652,-0.15945125315364114,-0.397316236568382
-0.3079233918913155,-0.47676258641713937,0.215944326287226,-0.1888152601217922,-0.22623857017059276,-0.9647941348073424,-1.321754007733363,-0.18245719450624603,-0.5144323816930652,-0.15945125315364114,-0.397316236568382
-0.3079233918913155,-0.47676258641713937,-0.9622813558574693,-0.27373580314376544,-0.27869755779570893,-0.9183827946118387,-1.0633768550801428,-0.18245719450624603,-0.5144323816930652,-0.15945125315364114,-0.397316236568382
-0.3079233918913155,0.7715443142590449,-0.18048435136141378,-0.24782287486706125,-0.2340676415805836,-0.26862403187478734,-0.06384143019625507,-0.09182486349920686,-0.5144323816930652,-0.11780980892165825,0.8718090082975287
-0.3079233918913155,-0.47676258641713937,-0.0865829590473949,-0.21266360326364458,-0.24097069379154326,-0.7940004028878889,-0.7716724248132456,-0.18245719450624603,-0.5144323816930652,-0.15945125315364114,-0.397316236568382
-0.3079233918913155,0.7715443142590449,-0.5114497086421738,-0.25524993030266674,-0.2543558803957212,-0.8478375575146732,-0.8818520308800983,-0.1804333657556034,-0.5144323816930652,-0.14065136583126064,0.8718090082975287
-0.3079233918913155,-0.47676258641713937,-0.28265497438528175,-0.23072020592818995,-0.25212501596169157,-0.7160293513594428,-0.636026197931514,-0.18245719450624603,-0.5144323816930652,-0.15945125315364114,-0.397316236568382
-0.3079233918913155,-0.47676258641713937,0.16372370139792422,-0.1753920498390924,-0.2179464891610863,-0.6399147534388168,-0.5241401718823916,-0.18245719450624603,-0.5144323816930652,-0.15945125315364114,-0.397316236568382
-0.3079233918913155,-0.47676258641713937,0.464684556295929,-0.10248425794828653,-0.1729082826627518,-0.6659051039482988,-0.5607580489555182,-0.18245719450624603,-0.5144323816930652,-0.15945125315364114,-0.397316236568382
-0.3079233918913155,-0.47676258641713937,0.782236537325959,-0.004774189189954139,-0.11254866759862873,-0.9165263410040186,-1.0579570442605566,-0.18245719450624603,-0.5144323816930652,-0.15945125315364114,-0.397316236568382
-0.3079233918913155,-0.47676258641713937,-0.10925928835810118,-0.21027876894945935,-0.23949748142944824,-0.7494455163002054,-0.6912180974701244,-0.18245719450624603,-0.5144323816930652,-0.15945125315364114,-0.397316236568382
-0.3079233918913155,-0.47676258641713937,-0.032887232753235206,-0.2021021941579671,-0.2344464676165509,-0.6789002792030399,-0.5791997207086671,-0.18245719450624603,-0.5144323816930652,-0.15945125315364114,-0.397316236568382
-0.3079233918913155,-0.47676258641713937,-0.07882065271724961,-0.2055772384443513,-0.23659314848703228,-0.7772923204175076,-0.740290993102915,-0.18245719450624603,-0.5144323816930652,-0.15945125315364114,-0.397316236568382
-0.3079233918913155,-0.47676258641713937,-0.7981796775450567,-0.2657432012850817,-0.2737601917936018,-0.8348423822599322,-0.8555975013860012,-0.18245719450624603,-0.5144323816930652,-0.15945125315364114,-0.397316236568382
-0.3079233918913155,0.7715443142590449,-0.867818926817236,-0.2737153617067867,-0.27279208081279643,-0.743876155476745,-0.6186865566233588,-0.15632560567050288,-0.5144323816930652,-0.1508780146352917,0.8718090082975287
-0.3079233918913155,-0.47676258641713937,-0.31419683719430386,-0.23998699069188117,-0.2578494982829752,-0.9165263410040186,-1.0579570442605566,-0.18245719450624603,-0.5144323816930652,-0.15945125315364114,-0.397316236568382
-0.3079233918913155,-0.47676258641713937,-0.6119108639430764,-0.2575666264935895,-0.2687091779807045,-0.883110176063256,-0.9678767560771006,-0.18245719450624603,-0.5144323816930652,-0.15945125315364114,-0.397316236568382
-0.3079233918913155,-0.47676258641713937,0.10503904480975808,-0.18220586216533594,-0.22215566733850076,-0.7253116193985435,-0.650678816632828,-0.18245719450624603,-0.5144323816930652,-0.15945125315364114,-0.397316236568382
-0.3079233918913155,-0.47676258641713937,-0.9367759762570244,-0.2702812002943599,-0.2765635044597598,-0.9183827946118387,-1.0633768550801428,-0.18245719450624603,-0.5144323816930652,-0.15945125315364114,-0.397316236568382
-0.3079233918913155,-0.47676258641713937,-0.10492276934942799,-0.2149802994545674,-0.2424018143718642,-0.883110176063256,-0.9678767560771006,-0.18245719450624603,-0.5144323816930652,-0.15945125315364114,-0.397316236568382
-0.3079233918913155,-0.47676258641713937,-0.41322435083085474,-0.248095427360111,-0.2628584203140984,-0.7772923204175076,-0.740290993102915,-0.18245719450624603,-0.5144323816930652,-0.15945125315364114,-0.397316236568382
-0.3079233918913155,-0.47676258641713937,0.5652165398365661,-0.08095261099735693,-0.15960727962212218,-0.7494455163002054,-0.6912180974701244,-0.18245719450624603,-0.5144323816930652,-0.15945125315364114,-0.397316236568382
-0.3079233918913155,-0.47676258641713937,-1.095036227091187,-0.27801487728464636,-0.2813409216911252,-0.9313779698665798,-1.1014233343345856,-0.18245719450624603,-0.5144323816930652,-0.15945125315364114,-0.397316236568382
-0.3079233918913155,-0.47676258641713937,-0.4610807171027393,-0.24768659862053638,-0.2626058696234535,-0.8905359904945366,-0.9871258081619211,-0.18245719450624603,-0.5144323816930652,-0.15945125315364114,-0.397316236568382
-0.3079233918913155,-0.47676258641713937,-0.14088342300612317,-0.22050630125115087,-0.2458154578737473,-0.9499425059447812,-1.2151522365149396,-0.18245719450624603,-0.5144323816930652,-0.15945125315364114,-0.397316236568382
-0.3079233918913155,-0.47676258641713937,-0.7227751737504241,-0.2598833226845123,-0.27014029856102534,2.4864619103117285,0.6468527060250057,-0.18245719450624603,-0.5144323816930652,-0.15945125315364114,-0.397316236568382
-0.3079233918913155,0.7715443142590449,-0.35733077820114684,-0.2600877370542996,-0.25637628592088013,-0.8218472070051912,-0.681620328579957,-0.17027022572520242,-0.5144323816930652,-0.1392429052175318,0.8718090082975287
-0.3079233918913155,-0.47676258641713937,-1.3796564212889049,-0.28475373767530127,-0.28550379890858807,-0.9666505884151625,-1.3354674619319888,-0.18245719450624603,-0.5144323816930652,-0.15945125315364114,-0.397316236568382
-0.3079233918913155,-0.47676258641713937,-0.13638885084223634,-0.216956305029178,-0.2436224760433144,-0.7383067946532845,-0.6722378859743292,-0.18245719450624603,-0.5144323816930652,-0.15945125315364114,-0.397316236568382
-0.3079233918913155,-0.47676258641713937,0.16671421931414854,-0.17559646420887973,-0.21807276450640872,-0.617637310144975,-0.4946518251348534,-0.18245719450624603,-0.5144323816930652,-0.15945125315364114,-0.397316236568382
-0.3079233918913155,-0.47676258641713937,-1.68616166870258,-0.28979595879672143,-0.2886185907598748,-0.9666505884151625,-1.3354674619319888,-0.18245719450624603,-0.5144323816930652,-0.15945125315364114,-0.397316236568382
-0.3079233918913155,-0.47676258641713937,0.6885741522248275,-0.03339220096017703,-0.1302272159437694,-0.5972163204589535,-0.46885814190211744,-0.18245719450624603,-0.5144323816930652,-0.15945125315364114,-0.397316236568382
-0.3079233918913155,-0.47676258641713937,-1.3970838547638673,-0.28420863268920177,-0.28516706465439495,-0.9016747121414574,-1.0169554635494686,-0.18245719450624603,-0.5144323816930652,-0.15945125315364114,-0.397316236568382
-0.3079233918913155,-0.47676258641713937,-1.3394503332786964,-0.28386794207288957,-0.28495660574552417,-0.8589762791615941,-0.90860796500648,-0.18245719450624603,-0.5144323816930652,-0.15945125315364114,-0.397316236568382
-0.3079233918913155,-0.47676258641713937,-0.1861251241157424,-0.21879603435726377,-0.24475895415121626,-0.8626891863772344,-0.9174931555575868,-0.18245719450624603,-0.5144323816930652,-0.15945125315364114,-0.397316236568382
-0.3079233918913155,-0.47676258641713937,-0.28646095741716415,-0.2361712557891848,-0.2554923585036231,-0.7327374338298241,-0.663061319572882,-0.18245719450624603,-0.5144323816930652,-0.15945125315364114,-0.397316236568382
-0.3079233918913155,-0.47676258641713937,0.10816124600615885,-0.17821978195448346,-0.21969329810471327,-0.883110176063256,-0.9678767560771006,-0.18245719450624603,-0.5144323816930652,-0.15945125315364114,-0.397316236568382
-0.3079233918913155,0.7715443142590449,0.04224991605902569,-0.2709898367762893,-0.20249880524997532,-0.7355221142415543,-0.6676244344706012,-0.18177525220983384,-0.5144323816930652,-0.05106102331450924,0.8718090082975287
-0.3079233918913155,-0.47676258641713937,-0.4376938502464919,-0.2462556980320252,-0.2617219422061965,-0.8478375575146732,-0.8842148783059317,-0.18245719450624603,-0.5144323816930652,-0.15945125315364114,-0.397316236568382
-0.3079233918913155,-0.47676258641713937,-0.28934658203227037,-0.2310404551075234,-0.25232284733603005,-0.6900390008499607,-0.5955113155461875,-0.18245719450624603,-0.5144323816930652,-0.15945125315364114,-0.397316236568382
-0.3079233918913155,-0.47676258641713937,-0.2126662740654694,-0.22383825547868397,-0.24787374600250298,-0.7661535987705866,-0.7206062830671615,-0.18245719450624603,-0.5144323816930652,-0.15945125315364114,-0.397316236568382
-0.3079233918913155,-0.47676258641713937,-0.6337071366312036,-0.25650367177069555,-0.26805254618502783,-0.9425166915135008,-1.1635756456985884,-0.18245719450624603,-0.5144323816930652,-0.15945125315364114,-0.397316236568382
-0.3079233918913155,-0.47676258641713937,-0.034007430100906726,-0.21034690707272177,-0.23953957321122238,-0.7253116193985435,-0.650678816632828,-0.18245719450624603,-0.5144323816930652,-0.15945125315364114,-0.397316236568382
-0.3079233918913155,-0.47676258641713937,-0.6886814210882601,-0.2615867757660732,-0.27119259310537897,-0.9369473306900403,-1.126031777827698,-0.18245719450624603,-0.5144323816930652,-0.15945125315364114,-0.397316236568382
-0.3079233918913155,-0.47676258641713937,-0.7300931638794093,-0.2622000188754351,-0.27157141914134625,-0.9053876193570978,-1.026835203650632,-0.18245719450624603,-0.5144323816930652,-0.15945125315364114,-0.397316236568382
-0.3079233918913155,-0.47676258641713937,-1.0950346740494048,-0.2753506766650851,-0.27969513302375615,-0.7940004028878889,-0.7716724248132456,-0.18245719450624603,-0.5144323816930652,-0.15945125315364114,-0.397316236568382
-0.3079233918913155,-0.47676258641713937,0.05981617008991071,-0.190600478951268,-0.22734137485307535,-0.8961053513179971,-1.0009908198479522,-0.18245719450624603,-0.5144323816930652,-0.15945125315364114,-0.397316236568382
-0.3079233918913155,-0.47676258641713937,-0.10843280152444164,-0.20117551568159794,-0.23387401938442254,-0.769866505986227,-0.7270654521020568,-0.18245719450624603,-0.5144323816930652,-0.15945125315364114,-0.397316236568382
-0.3079233918913155,4.516465016287598,0.1346017090891891,-0.25395530596068044,-0.1731397874625096,-0.6154095658155908,-0.1413874718301024,-0.1385364004888906,-0.5144323816930652,-0.023657278764785208,4.679184742895261
-0.3079233918913155,-0.47676258641713937,-0.47734689426617444,-0.2475503223740115,-0.2625216860599052,-0.8812537224554359,-0.9635577206329404,-0.18245719450624603,-0.5144323816930652,-0.15945125315364114,-0.397316236568382
-0.3079233918913155,-0.47676258641713937,-0.24862231531663873,-0.2358305651728726,-0.2552818995947524,-0.8144213925739106,-0.8125302789776695,-0.18245719450624603,-0.5144323816930652,-0.15945125315364114,-0.397316236568382
-0.3079233918913155,-0.47676258641713937,-1.1228931208365778,-0.27847821652283095,-0.2816271458071894,-1.0167748358263065,-1.776523390737687,-0.18245719450624603,-0.5144323816930652,-0.15945125315364114,-0.397316236568382
-0.3079233918913155,-0.47676258641713937,-0.10264997926506163,-0.2167518906593907,-0.24349620069799194,-0.9369473306900403,-1.126031777827698,-0.18245719450624603,-0.5144323816930652,-0.15945125315364114,-0.397316236568382
-0.3079233918913155,-0.47676258641713937,-0.1987929696800532,-0.21835313655605793,-0.24448535756968437,-0.9165263410040186,-1.0579570442605566,-0.18245719450624603,-0.5144323816930652,-0.15945125315364114,-0.397316236568382
-0.3079233918913155,-0.47676258641713937,-0.5048336451297092,-0.2450292118133014,-0.2609642901342619,-0.8255601142208314,-0.8350869792337398,-0.18245719450624603,-0.5144323816930652,-0.15945125315364114,-0.397316236568382
-0.3079233918913155,-0.47676258641713937,-0.07451819065864354,-0.20254509195917295,-0.23472006419808286,-0.8942488977101768,-0.9963178898712635,-0.18245719450624603,-0.5144323816930652,-0.15945125315364114,-0.397316236568382
-0.3079233918913155,-0.47676258641713937,0.7339024256148027,-0.034857170610319385,-0.1311321892519135,-0.7383067946532845,-0.6722378859743292,-0.18245719450624603,-0.5144323816930652,-0.15945125315364114,-0.397316236568382
-0.3079233918913155,-0.47676258641713937,-1.6948582032986017,-0.28948252342971426,-0.2884249685637137,-0.8775408152397955,-0.9536501162821405,-0.18245719450624603,-0.5144323816930652,-0.15945125315364114,-0.397316236568382
-0.3079233918913155,-0.47676258641713937,0.6946174451088597,-0.09274050632175829,-0.16688915786904918,-0.9035311657492775,-1.0218661604608166,-0.18245719450624603,-0.5144323816930652,-0.15945125315364114,-0.397316236568382
-0.3079233918913155,0.7715443142590449,0.039458746446724334,-0.2055772384443513,-0.21723092887092582,-0.7531584235158457,-0.0027898790087187084,-0.06694496874945899,-0.5144323816930652,-0.1312820408790645,0.8718090082975287
-0.3079233918913155,-0.47676258641713937,-0.33763376115554916,-0.23480849332393608,-0.2546505228681402,-0.6603357431248383,-0.5526369611270218,-0.18245719450624603,-0.5144323816930652,-0.15945125315364114,-0.397316236568382
-0.3079233918913155,-0.47676258641713937,-0.31607740793284334,-0.23528546018677315,-0.2549451653405592,-0.8998182585336373,-1.0121017586047965,-0.18245719450624603,-0.5144323816930652,-0.15945125315364114,-0.397316236568382
-0.3079233918913155,-0.47676258641713937,0.1340278355970961,-0.18482917991093972,-0.2237762009368053,-0.8051391245348098,-0.7939829346025779,-0.18245719450624603,-0.5144323816930652,-0.15945125315364114,-0.397316236568382
-0.3079233918913155,-0.47676258641713937,0.38267128771361875,-0.11836044066843397,-0.18271566781612744,-0.68075673281086,-0.5820662355762722,-0.18245719450624603,-0.5144323816930652,-0.15945125315364114,-0.397316236568382
-0.3079233918913155,-0.47676258641713937,-0.25104401670867105,-0.23215110651670112,-0.2530089433789486,-0.6417712070466369,-0.5266520285737247,-0.18245719450624603,-0.5144323816930652,-0.15945125315364114,-0.397316236568382
-0.3079233918913155,-0.47676258641713937,-0.7535401540778471,-0.2646121084389253,-0.273061468216151,-1.0167748358263065,-1.776523390737687,-0.18245719450624603,-0.5144323816930652,-0.15945125315364114,-0.397316236568382
-0.3079233918913155,-0.47676258641713937,0.20458314341560427,-0.17471066860646806,-0.21752557134334485,-0.7661535987705866,-0.7206062830671615,-0.18245719450624603,-0.5144323816930652,-0.15945125315364114,-0.397316236568382
-0.3079233918913155,-0.47676258641713937,0.6820716065221577,-0.040137875163158115,-0.13439430233940966,-0.6324889390075362,-0.5142409432965128,-0.18245719450624603,-0.5144323816930652,-0.15945125315364114,-0.397316236568382
-0.3079233918913155,-0.47676258641713937,-0.7549953402090394,-0.26070098016366156,-0.27064539994231507,-0.8051391245348098,-0.7939829346025779,-0.18245719450624603,-0.5144323816930652,-0.15945125315364114,-0.397316236568382
-0.3079233918913155,-0.47676258641713937,-0.6480679714287406,-0.254977377809617,-0.26710969027328696,-0.6250631245762556,-0.5045706192458423,-0.18245719450624603,-0.5144323816930652,-0.15945125315364114,-0.397316236568382
-0.3079233918913155,2.0198512149352292,-0.10973002045955049,-0.2709898367762893,-0.22186102486608172,-0.941279055774954,-1.163190718950828,-0.17706652083276214,-0.5144323816930652,-0.07923023558908589,2.1409342531634397
-0.3079233918913155,-0.47676258641713937,-0.6788507400235637,-0.25810491766736277,-0.2690417030567202,-0.9499425059447812,-1.2151522365149396,-0.18245719450624603,-0.5144323816930652,-0.15945125315364114,-0.397316236568382
-0.3079233918913155,-0.47676258641713937,-0.04098955178218505,-0.2065311721700254,-0.23718243343187032,-0.6751873719873995,-0.5740889905288733,-0.18245719450624603,-0.5144323816930652,-0.15945125315364114,-0.397316236568382
-0.3079233918913155,-0.47676258641713937,-0.1880235065764447,-0.2267681947789687,-0.24968369261879117,-0.743876155476745,-0.681620328579957,-0.18245719450624603,-0.5144323816930652,-0.15945125315364114,-0.397316236568382
-0.3079233918913155,-0.47676258641713937,-0.08737675384188454,-0.21198222203102024,-0.24054977597380187,-0.8385552894755725,-0.8634149791235463,-0.18245719450624603,-0.5144323816930652,-0.15945125315364114,-0.397316236568382
-0.3079233918913155,-0.47676258641713937,-0.8089061215552508,-0.2633583669708965,-0.2722869794315067,-0.9128134337883784,-1.047323686348948,-0.18245719450624603,-0.5144323816930652,-0.15945125315364114,-0.397316236568382
-0.3079233918913155,0.7715443142590449,-0.8165513773278729,-0.27221632299501314,-0.2730446315034413,-0.8961053513179971,-1.0009908198479522,-0.18245719450624603,-0.5144323816930652,-0.15259266233896163,0.8718090082975287
-0.3079233918913155,-0.47676258641713937,-0.27635096262610315,-0.23978257632209388,-0.25772322293765276,-0.9109569801805582,-1.0421067012549423,-0.18245719450624603,-0.5144323816930652,-0.15945125315364114,-0.397316236568382
-0.3079233918913155,-0.47676258641713937,-0.18508707238635788,-0.22322501236932207,-0.2474949199665357,-0.730880980222004,-0.6595848001201923,-0.18245719450624603,-0.5144323816930652,-0.15945125315364114,-0.397316236568382
-0.3079233918913155,-0.47676258641713937,-0.4747665057487699,-0.24264437749911616,-0.25949107777216684,-0.9443731451213209,-1.1752913384410113,-0.18245719450624603,-0.5144323816930652,-0.15945125315364114,-0.397316236568382
-0.3079233918913155,-0.47676258641713937,0.08831953173752562,-0.18377303900037195,-0.22312377831930605,-0.7215987121829033,-0.6446223858749948,-0.18245719450624603,-0.5144323816930652,-0.15945125315364114,-0.397316236568382
-0.3079233918913155,0.7715443142590449,-0.6688634146820506,-0.2696270743110406,-0.27195024517731353,-0.8747561348280654,-0.9162122268934123,-0.16952228901300842,-0.5144323816930652,-0.15332751135482012,0.8718090082975287
-0.3079233918913155,-0.47676258641713937,-0.9762436419324354,-0.270785422406502,-0.27687498364488844,-0.80699557814263,-0.7968573299853832,-0.18245719450624603,-0.5144323816930652,-0.15945125315364114,-0.397316236568382
-0.3079233918913155,-0.47676258641713937,0.38229258713232467,-0.12871743540432418,-0.1891136186457974,-0.8218472070051912,-0.8277770299099328,-0.18245719450624603,-0.5144323816930652,-0.15945125315364114,-0.397316236568382
-0.3079233918913155,-0.47676258641713937,-0.14058846362864233,-0.22411080797173372,-0.24804211312959953,-0.8534069183381336,-0.8962336042822827,-0.18245719450624603,-0.5144323816930652,-0.15945125315364114,-0.397316236568382
-0.3079233918913155,-0.47676258641713937,0.5842835619879713,-0.08331019006223721,-0.16106365527150757,-0.9165263410040186,-1.0579570442605566,-0.18245719450624603,-0.5144323816930652,-0.15945125315364114,-0.397316236568382
-0.3079233918913155,2.0198512149352292,-0.5453290098418819,-0.26880941683189136,-0.2583545996642649,-0.9060064372263711,-1.0268352036506319,-0.18108235484110582,-0.5144323816930652,-0.13428267436048677,2.1409342531634397
-0.3079233918913155,-0.47676258641713937,0.27882678797368665,-0.1458882424664579,-0.19972074765288178,-0.7327374338298241,-0.663061319572882,-0.18245719450624603,-0.5144323816930652,-0.15945125315364114,-0.397316236568382
-0.3079233918913155,-0.47676258641713937,-0.23254085357597779,-0.22443105715106718,-0.24823994450393802,-0.8868230832788963,-0.9766509845091718,-0.18245719450624603,-0.5144323816930652,-0.15945125315364114,-0.397316236568382
-0.3079233918913155,-0.47676258641713937,-0.9652629099465956,-0.2719437705019634,-0.27759054393504895,-0.8812537224554359,-0.9635577206329404,-0.18245719450624603,-0.5144323816930652,-0.15945125315364114,-0.397316236568382
-0.3079233918913155,-0.47676258641713937,-1.4402879590893563,-0.2851353111655709,-0.2857395128865233,-1.0037796605715654,-1.6497547465161366,-0.18245719450624603,-0.5144323816930652,-0.15945125315364114,-0.397316236568382
-0.3079233918913155,-0.47676258641713937,-1.628881835528281,-0.2879562294686357,-0.2874821126519728,-0.8979618049258172,-1.0073037379282015,-0.18245719450624603,-0.5144323816930652,-0.15945125315364114,-0.397316236568382
-0.3079233918913155,2.0198512149352292,0.3729602263952353,-0.23010696281882806,-0.10484587153396031,-0.8168966640510041,-0.15892625674440164,-0.08914767543805234,0.09626146586465437,0.054267335625212146,2.1409342531634397
-0.3079233918913155,-0.47676258641713937,-0.026660684652660135,-0.1991722548576824,-0.23263652100026272,-0.8348423822599322,-0.8555975013860012,-0.18245719450624603,-0.5144323816930652,-0.15945125315364114,-0.397316236568382
-0.3079233918913155,-0.47676258641713937,0.41635641036109067,-0.1347135902514185,-0.19281769544192212,-0.743876155476745,-0.681620328579957,-0.18245719450624603,-0.5144323816930652,-0.15945125315364114,-0.397316236568382
-0.3079233918913155,-0.47676258641713937,-0.40309040625327897,-0.2410090625408177,-0.2584808750095874,-0.8255601142208314,-0.8350869792337398,-0.18245719450624603,-0.5144323816930652,-0.15945125315364114,-0.397316236568382
-0.3079233918913155,-0.47676258641713937,-0.7107452067769346,-0.26356278134068384,-0.27241325477682915,-0.9517989595526015,-1.228430268621222,-0.18245719450624603,-0.5144323816930652,-0.15945125315364114,-0.397316236568382
-0.3079233918913155,-0.47676258641713937,-1.4482980784549622,-0.2850331039806772,-0.285676375213862,-0.9443731451213209,-1.1752913384410113,-0.18245719450624603,-0.5144323816930652,-0.15945125315364114,-0.397316236568382
-0.3079233918913155,-0.47676258641713937,-0.5412977196123029,-0.25586317341202863,-0.2676568834363508,-0.9128134337883784,-1.047323686348948,-0.18245719450624603,-0.5144323816930652,-0.15945125315364114,-0.397316236568382
-0.3079233918913155,0.7715443142590449,-0.09197330033179313,-0.2630858144778468,-0.22425604724903056,-0.7679878102077315,-0.7126701268719761,-0.17427388694929977,-0.5144323816930652,-0.08981818515924742,0.8718090082975287
-0.3079233918913155,-0.47676258641713937,-0.20935959246866626,-0.22554170856024486,-0.24892604054685658,-0.604642134890234,-0.47817702136573254,-0.18245719450624603,-0.5144323816930652,-0.15945125315364114,-0.397316236568382
-0.3079233918913155,-0.47676258641713937,0.33685352326859086,-0.1351905571142555,-0.1931123379143411,-0.7865745884566084,-0.7574336749015359,-0.18245719450624603,-0.5144323816930652,-0.15945125315364114,-0.397316236568382
-0.3079233918913155,-0.47676258641713937,0.292309028217317,-0.13668278201370287,-0.19403414793519488,-0.8608327327694143,-0.91366207946824,-0.18245719450624603,-0.5144323816930652,-0.15945125315364114,-0.397316236568382
-0.3079233918913155,2.0198512149352292,0.20092682447017893,-0.21239105077059484,-0.1755600649145229,-0.7488266984309321,-0.6727139507746449,-0.17352902111279447,0.6415238297554753,-0.06453325527191545,2.1409342531634397
-0.3079233918913155,-0.47676258641713937,-0.5763803405854686,-0.24956039701025334,-0.2637633936222425,-0.5470920730478095,-0.40886383732190545,-0.18245719450624603,-0.5144323816930652,-0.15945125315364114,-0.397316236568382
-0.3079233918913155,-0.47676258641713937,-0.9053683107441043,-0.2687208372716502,-0.2755996026571319,-0.8886795368867163,-0.9826044356726376,-0.18245719450624603,-0.5144323816930652,-0.15945125315364114,-0.397316236568382
-0.3079233918913155,-0.47676258641713937,0.44221501703525967,-0.11325008142375131,-0.17955878418306662,-0.7234551657907233,-0.6479762361011957,-0.18245719450624603,-0.5144323816930652,-0.15945125315364114,-0.397316236568382
-0.3079233918913155,-0.47676258641713937,0.16572487650559067,-0.17103120995029655,-0.21525261512754107,-0.7011777224968816,-0.6124850083593822,-0.18245719450624603,-0.5144323816930652,-0.15945125315364114,-0.397316236568382
-0.3079233918913155,-0.47676258641713937,-0.5068248565498905,-0.24195618245416556,-0.259065950776248,-0.8998182585336373,-1.0121017586047965,-0.18245719450624603,-0.5144323816930652,-0.15945125315364114,-0.397316236568382
-0.3079233918913155,-0.47676258641713937,-0.8150406733183293,-0.26431230069657063,-0.27287626437634477,-0.8886795368867163,-0.9826044356726376,-0.18245719450624603,-0.5144323816930652,-0.15945125315364114,-0.397316236568382
-0.3079233918913155,-0.47676258641713937,-0.22646534316350733,-0.2235452615486555,-0.24769275134087415,-0.9425166915135008,-1.1635756456985884,-0.18245719450624603,-0.5144323816930652,-0.15945125315364114,-0.397316236568382
-0.3079233918913155,-0.47676258641713937,0.3350606395465471,-0.14863420883393405,-0.20141704645837982,-0.8664020935928747,-0.9265712179418177,-0.18245719450624603,-0.5144323816930652,-0.15945125315364114,-0.397316236568382
-0.3079233918913155,-0.47676258641713937,-0.8728215645402504,-0.2674670958036214,-0.2748251138724876,-0.9759328564542634,-1.4075570528047567,-0.18245719450624603,-0.5144323816930652,-0.15945125315364114,-0.397316236568382
-0.3079233918913155,-0.47676258641713937,0.07122492592585453,-0.1759371548251919,-0.21828322341527948,-0.8385552894755725,-0.8634149791235463,-0.18245719450624603,-0.5144323816930652,-0.15945125315364114,-0.397316236568382
-0.3079233918913155,0.7715443142590449,-0.032146249905513555,-0.21208442921591386,-0.22389405792577288,-0.8903503451337546,-0.8777489003185853,-0.18155527082389444,-0.39338413690930285,-0.13512775072872407,0.8718090082975287
-0.3079233918913155,-0.47676258641713937,0.5678952049760415,-0.06601673437823109,-0.15038076105722972,-0.8162778461817307,-0.8155354862695254,-0.18245719450624603,-0.5144323816930652,-0.15945125315364114,-0.397316236568382
-0.3079233918913155,-0.47676258641713937,-0.8913308440766224,-0.2692863836947284,-0.2759489644458573,-0.8589762791615941,-0.90860796500648,-0.18245719450624603,-0.5144323816930652,-0.15945125315364114,-0.397316236568382
-0.3079233918913155,-0.47676258641713937,-1.0722253155759323,-0.2747374335557233,-0.27931630698778886,-0.8756843616319754,-0.9494748115676043,-0.18245719450624603,-0.5144323816930652,-0.15945125315364114,-0.397316236568382
-0.3079233918913155,-0.47676258641713937,-0.21248965484190854,-0.22520101794393269,-0.24871558163798588,-0.8088520317504501,-0.8007208482870956,-0.18245719450624603,-0.5144323816930652,-0.15945125315364114,-0.397316236568382
-0.3079233918913155,-0.47676258641713937,-1.6281717816706613,-0.28781995322211085,-0.28739792908842454,-0.9388037842978604,-1.1389011895967178,-0.18245719450624603,-0.5144323816930652,-0.15945125315364114,-0.397316236568382
-0.3079233918913155,-0.47676258641713937,-0.1488050141214541,-0.21063308719042398,-0.23971635869467378,-0.983358670885544,-1.4694806520981365,-0.18245719450624603,-0.5144323816930652,-0.15945125315364114,-0.397316236568382
-0.3079233918913155,-0.47676258641713937,-0.2792511340150817,-0.23003882469556564,-0.2517040981439501,-0.7642971451627665,-0.7166193807872552,-0.18245719450624603,-0.5144323816930652,-0.15945125315364114,-0.397316236568382
-0.3079233918913155,-0.47676258641713937,-0.2699059641497122,-0.23106089654450213,-0.2523354748705623,-0.8775408152397955,-0.9536501162821405,-0.18245719450624603,-0.5144323816930652,-0.15945125315364114,-0.397316236568382
-0.3079233918913155,-0.47676258641713937,-0.9489489083040016,-0.2693885908796221,-0.2760121021185185,-0.9555118667682417,-1.2534477320803525,-0.18245719450624603,-0.5144323816930652,-0.15945125315364114,-0.397316236568382
-0.3079233918913155,-0.47676258641713937,-0.4425040049781559,-0.2440752780876273,-0.26037500518942386,-0.8812537224554359,-0.9635577206329404,-0.18245719450624603,-0.5144323816930652,-0.15945125315364114,-0.397316236568382
-0.3079233918913155,2.0198512149352292,1.8169109055968764,-0.20898414460747305,1.3902542170836487,-0.07926576387713247,1.4333497511639606,4.499276199033568,0.270745422309717,2.2104368229900904,2.1409342531634397
-0.3079233918913155,-0.47676258641713937,-0.6959391942266213,-0.2596107701914626,-0.2699719314339288,-0.8998182585336373,-1.0121017586047965,-0.18245719450624603,-0.5144323816930652,-0.15945125315364114,-0.397316236568382
-0.3079233918913155,-0.47676258641713937,-0.4057652581025336,-0.24448410682720192,-0.26062755588006875,-0.8552633719459538,-0.9011395007932527,-0.18245719450624603,-0.5144323816930652,-0.15945125315364114,-0.397316236568382
-0.3079233918913155,-0.47676258641713937,-0.8674010119824533,-0.2673785162433802,-0.27477039455618124,-0.8255601142208314,-0.8350869792337398,-0.18245719450624603,-0.5144323816930652,-0.15945125315364114,-0.397316236568382
-0.3079233918913155,-0.47676258641713937,-0.6139237906050886,-0.25148189208625404,-0.26495038186827335,-0.983358670885544,-1.4694806520981365,-0.18245719450624603,-0.5144323816930652,-0.15945125315364114,-0.397316236568382
-0.3079233918913155,-0.47676258641713937,0.8313837433250697,0.021595264512608334,-0.09625914805203487,-0.5712259699494714,-0.4363625679363181,-0.18245719450624603,-0.5144323816930652,-0.15945125315364114,-0.397316236568382
-0.3079233918913155,-0.47676258641713937,-0.7950285675395168,-0.2659476156548691,-0.27388646713892423,-0.8756843616319754,-0.9494748115676043,-0.18245719450624603,-0.5144323816930652,-0.15945125315364114,-0.397316236568382
-0.3079233918913155,-0.47676258641713937,-0.41957392975449487,-0.23651194640549697,-0.25570281741249384,-0.9944973925324647,-1.56509141223726,-0.18245719450624603,-0.5144323816930652,-0.15945125315364114,-0.397316236568382
-0.3079233918913155,-0.47676258641713937,-1.1852438241398622,-0.2782806159653699,-0.28150507964004434,-0.983358670885544,-1.4694806520981365,-0.18245719450624603,-0.5144323816930652,-0.15945125315364114,-0.397316236568382
-0.3079233918913155,-0.47676258641713937,-0.4969204847047541,-0.24209927251301666,-0.2591543435179737,-0.9202392482196589,-1.068867825184476,-0.18245719450624603,-0.5144323816930652,-0.15945125315364114,-0.397316236568382
-0.3079233918913155,-0.47676258641713937,-0.006612775974766304,-0.20510027158151425,-0.2362985060146133,-0.6102114957136944,-0.48496283083655506,-0.18245719450624603,-0.5144323816930652,-0.15945125315364114,-0.397316236568382
2.591622583681666,2.0198512149352292,0.33883718213581887,-0.24373458747131513,-0.13473103659360283,-0.8193719355280976,-0.794619984050838,-0.17013924518292117,1.5575646010920547,0.023036252451224995,0.2372463858645734
-0.3079233918913155,-0.47676258641713937,0.045457829146397406,-0.1885086385671112,-0.2260491571526091,-0.909100526572738,-1.0369539927675449,-0.18245719450624603,-0.5144323816930652,-0.15945125315364114,-0.397316236568382
-0.3079233918913155,-0.47676258641713937,-0.3814375067341803,-0.24203113438975424,-0.2591122517361995,-0.9035311657492775,-1.0218661604608166,-0.18245719450624603,-0.5144323816930652,-0.15945125315364114,-0.397316236568382
-0.3079233918913155,-0.47676258641713937,-0.39437141247084834,-0.24339389685500293,-0.2599540873716824,-0.8979618049258172,-1.0073037379282015,-0.18245719450624603,-0.5144323816930652,-0.15945125315364114,-0.397316236568382
-0.3079233918913155,-0.47676258641713937,-0.46880278238133954,-0.2463919742785501,-0.26180612576974477,-0.8998182585336373,-1.0121017586047965,-0.18245719450624603,-0.5144323816930652,-0.15945125315364114,-0.397316236568382
-0.3079233918913155,-0.47676258641713937,-0.10771688283614264,-0.21566168068719174,-0.24282273218960565,-0.7383067946532845,-0.6722378859743292,-0.18245719450624603,-0.5144323816930652,-0.15945125315364114,-0.397316236568382
-0.3079233918913155,-0.47676258641713937,-0.1902983382556833,-0.22199852615059823,-0.24673726789460107,-0.8144213925739106,-0.8125302789776695,-0.18245719450624603,-0.5144323816930652,-0.15945125315364114,-0.397316236568382
-0.3079233918913155,-0.47676258641713937,-0.10280512365865753,-0.21375381323584355,-0.2416441622999296,-0.8088520317504501,-0.8007208482870956,-0.18245719450624603,-0.5144323816930652,-0.15945125315364114,-0.397316236568382
-0.3079233918913155,-0.47676258641713937,-0.05497230759474263,-0.204282614102365,-0.23579340463332352,-0.7048906297125218,-0.618717953559068,-0.18245719450624603,-0.5144323816930652,-0.15945125315364114,-0.397316236568382
-0.3079233918913155,-0.47676258641713937,-1.0784379898889422,-0.28052917403303024,-0.2828941084385911,-1.0668990832374505,-2.403716071843389,-0.18245719450624603,-0.5144323816930652,-0.15945125315364114,-0.397316236568382
-0.3079233918913155,-0.47676258641713937,0.16933454838176473,-0.18315979589101006,-0.2227449522833388,-0.7234551657907233,-0.6479762361011957,-0.18245719450624603,-0.5144323816930652,-0.15945125315364114,-0.397316236568382
-0.3079233918913155,0.7715443142590449,0.013613138450183419,-0.21042185900831045,-0.2202152361987127,-0.8617609595733243,-0.36590370239132863,-0.1651226612942201,-0.5144323816930652,-0.13126979339546685,0.8718090082975287
-0.3079233918913155,-0.47676258641713937,-1.617341213999335,-0.2876700493509335,-0.2873053271685215,-0.8961053513179971,-1.0009908198479522,-0.18245719450624603,-0.5144323816930652,-0.15945125315364114,-0.397316236568382
-0.3079233918913155,2.0198512149352292,0.5946882956207363,-0.27199146718824707,-0.005366154488947479,-0.41352790621263963,-0.08520577265325922,-0.06485481227837665,-0.5144323816930652,0.23663849013590071,2.1409342531634397
-0.3079233918913155,0.7715443142590449,-0.8665640315167488,-0.28323425752654896,-0.2679388983742376,-0.8731477646852189,-0.9432889864949598,-0.17367993720726335,-0.5144323816930652,-0.13526247304829814,0.8718090082975287
-0.3079233918913155,-0.47676258641713937,-0.7926136691328629,-0.2660907057137202,-0.27397485988064996,-0.8366988358677524,-0.8589299722602949,-0.18245719450624603,-0.5144323816930652,-0.15945125315364114,-0.397316236568382
-0.3079233918913155,-0.47676258641713937,-0.6270780907053736,-0.26322209072437164,-0.2722027958679584,-0.2147868772480031,-0.10220540643456921,-0.18245719450624603,-0.5144323816930652,-0.15945125315364114,-0.397316236568382
-0.3079233918913155,0.7715443142590449,-0.8088497194167944,-0.28654577031710327,-0.2666887724555455,-0.8641753860928305,-0.9162122268934124,-0.17898148860840327,-0.5144323816930652,-0.1304675832198213,0.8718090082975287
-0.3079233918913155,-0.47676258641713937,0.7008574798764201,-0.026612457695564702,-0.126039083657242,-0.5062500936757662,-0.3621466728779715,-0.18245719450624603,-0.5144323816930652,-0.15945125315364114,-0.397316236568382
-0.3079233918913155,-0.47676258641713937,-1.7019233055976657,-0.2888420250710474,-0.2880293058150367,-0.8738279080241551,-0.9453407790743007,-0.18245719450624603,-0.5144323816930652,-0.15945125315364114,-0.397316236568382
-0.3079233918913155,-0.47676258641713937,1.1229033608725971,0.11705677520328038,-0.03728856178645855,-0.5860775988120325,-0.4550456045570233,-0.18245719450624603,-0.5144323816930652,-0.15945125315364114,-0.397316236568382
2.591622583681666,-0.47676258641713937,-0.9277569546646203,-0.2773948203629582,-0.2809578864769805,-0.9146698873961985,-1.052606571943598,-0.18245719450624603,1.6448065793145856,-0.15945125315364114,-1.0318788590013375
2.591622583681666,3.2681581156114135,0.2645712526664645,-0.25191116226280735,-0.10852048408284312,-0.921167475023569,-1.0781827510368427,-0.18071281008105475,-0.5144323816930652,0.06851728279106865,0.8718090082975287
-0.3079233918913155,-0.47676258641713937,-1.500317332877235,-0.28645719075686216,-0.2865560934529417,-0.8478375575146732,-0.8842148783059317,-0.18245719450624603,-0.5144323816930652,-0.15945125315364114,-0.397316236568382
-0.3079233918913155,2.0198512149352292,-0.5513730455849114,-0.27937082593756885,-0.2605433723165204,-0.547807561406985,-0.3811600779832066,-0.15614590642685874,-0.5144323816930652,-0.12797522030770114,2.1409342531634397
-0.3079233918913155,0.7715443142590449,-0.8079880373659823,-0.2850944282916134,-0.26597321216538505,-0.8139642158108612,-0.8060921441849965,-0.17790357981730015,-0.5144323816930652,-0.1307309041171706,0.8718090082975287
-0.3079233918913155,-0.47676258641713937,-1.4676929113726793,-0.28454250949318766,-0.28537331438508823,-0.8812537224554359,-0.9635577206329404,-0.18245719450624603,-0.5144323816930652,-0.15945125315364114,-0.397316236568382
-0.3079233918913155,-0.47676258641713937,-0.7586903218477514,-0.2658113394083442,-0.27380228357537595,-0.883110176063256,-0.9678767560771006,-0.18245719450624603,-0.5144323816930652,-0.15945125315364114,-0.397316236568382
-0.3079233918913155,-0.47676258641713937,0.24602974290954815,-0.16101490583071854,-0.20906512320674184,-0.6324889390075362,-0.5142409432965128,-0.18245719450624603,-0.5144323816930652,-0.15945125315364114,-0.397316236568382
-0.3079233918913155,-0.47676258641713937,0.3524224660472123,-0.11066083273977878,-0.17795929647564915,-0.38743706277527684,-0.24438939355062173,-0.18245719450624603,-0.5144323816930652,-0.15945125315364114,-0.397316236568382
-0.3079233918913155,-0.47676258641713937,-0.14587419231127285,-0.22158288359869738,-0.24648050802577878,-0.8292730214364717,-0.843600716121662,-0.18245719450624603,-0.5144323816930652,-0.15945125315364114,-0.397316236568382
-0.3079233918913155,-0.47676258641713937,-0.7138773463871746,-0.2621318807521727,-0.2715293273595721,-0.9815022172777237,-1.4539280373831684,-0.18245719450624603,-0.5144323816930652,-0.15945125315364114,-0.397316236568382
-0.3079233918913155,-0.47676258641713937,-0.3682859025774744,-0.24666452677159986,-0.2619744928968413,-0.7605842379471263,-0.7103183518918211,-0.18245719450624603,-0.5144323816930652,-0.15945125315364114,-0.397316236568382
-0.3079233918913155,0.7715443142590449,-0.009401032008104866,-0.2410090625408177,-0.20754981906287265,-0.7364503410454645,-0.6554507676268888,-0.1721180693670935,-0.5144323816930652,-0.0853539773879069,0.8718090082975287
-0.3079233918913155,-0.47676258641713937,-0.33045591766512616,-0.23698891326833404,-0.25599745988491285,-0.8571198255537739,-0.9048570619993147,-0.18245719450624603,-0.5144323816930652,-0.15945125315364114,-0.397316236568382
-0.3079233918913155,-0.47676258641713937,-1.545915025945688,-0.2878880913453733,-0.2874400208701987,-0.9685070420229828,-1.3496458665752988,-0.18245719450624603,-0.5144323816930652,-0.15945125315364114,-0.397316236568382
-0.3079233918913155,-0.47676258641713937,-0.25366878205524285,-0.23000475563393438,-0.25168305225306303,-0.909100526572738,-1.0369539927675449,-0.18245719450624603,-0.5144323816930652,-0.15945125315364114,-0.397316236568382
-0.3079233918913155,-0.47676258641713937,0.8058295091197074,0.0010175512873528377,-0.10897086614782647,-0.6417712070466369,-0.5266520285737247,-0.18245719450624603,-0.5144323816930652,-0.15945125315364114,-0.397316236568382
-0.3079233918913155,-0.47676258641713937,-0.12220745472696073,-0.21382195135910598,-0.24168625408170374,-0.7383067946532845,-0.6722378859743292,-0.18245719450624603,-0.5144323816930652,-0.15945125315364114,-0.397316236568382
-0.3079233918913155,-0.47676258641713937,-0.5585101561454486,-0.25565875904224133,-0.2675306080910284,-0.8942488977101768,-0.9963178898712635,-0.18245719450624603,-0.5144323816930652,-0.15945125315364114,-0.397316236568382
-0.3079233918913155,0.7715443142590449,-0.15885737538198674,-0.25482747393843963,-0.2267226256609954,-0.8209189802012811,-0.8241694164454457,-0.18023538250825794,-0.5144323816930652,-0.1008286729135276,0.8718090082975287
-0.3079233918913155,-0.47676258641713937,0.08960155829459002,-0.19937666922746966,-0.23276279634558514,-0.7160293513594428,-0.636026197931514,-0.18245719450624603,-0.5144323816930652,-0.15945125315364114,-0.397316236568382
-0.3079233918913155,-0.47676258641713937,-1.4650292094789588,-0.2843653503727054,-0.2852638757524754,-0.9926409389246447,-1.5485259643528448,-0.18245719450624603,-0.5144323816930652,-0.15945125315364114,-0.397316236568382
-0.3079233918913155,-0.47676258641713937,-1.2930057308843823,-0.2815103630080093,-0.2835002300961388,-1.0316264646888678,-1.9366995142286645,-0.18245719450624603,-0.5144323816930652,-0.15945125315364114,-0.397316236568382
-0.3079233918913155,0.7715443142590449,-0.4594191941023657,-0.2566808308911779,-0.2546926146499144,-0.8608327327694143,-0.9005231073406014,-0.17689166544197882,-0.5144323816930652,-0.1398552793974139,0.8718090082975287
-0.3079233918913155,-0.47676258641713937,-1.6274881823329495,-0.2871862686757702,-0.287006475517925,-0.8756843616319754,-0.9494748115676043,-0.18245719450624603,-0.5144323816930652,-0.15945125315364114,-0.397316236568382
2.591622583681666,-0.47676258641713937,0.897847584026313,0.024504762375914323,-0.09446182897027891,-0.6083550421058742,-0.48268863881665947,-0.18245719450624603,-0.5144323816930652,-0.15945125315364114,-1.0318788590013375
-0.3079233918913155,-0.47676258641713937,-1.0538569076888913,-0.2762364722674968,-0.28024232618682,-0.8552633719459538,-0.9011395007932527,-0.18245719450624603,-0.5144323816930652,-0.15945125315364114,-0.397316236568382
-0.3079233918913155,-0.47676258641713937,-0.8565613046514117,-0.2669696875038056,-0.27451784386553635,-0.8051391245348098,-0.7939829346025779,-0.18245719450624603,-0.5144323816930652,-0.15945125315364114,-0.397316236568382
-0.3079233918913155,-0.47676258641713937,-0.6885549290325984,-0.26008092324197335,-0.2702623647281704,-0.8218472070051912,-0.8277770299099328,-0.18245719450624603,-0.5144323816930652,-0.15945125315364114,-0.397316236568382
-0.3079233918913155,-0.47676258641713937,0.37726082659585214,-0.11759729368789469,-0.18224423986025703,-0.7253116193985435,-0.650678816632828,-0.18245719450624603,-0.5144323816930652,-0.15945125315364114,-0.397316236568382
-0.3079233918913155,-0.47676258641713937,-0.8495282444298641,-0.2675829306131675,-0.27489666990150363,-0.8701150008085149,-0.9358507116865746,-0.18245719450624603,-0.5144323816930652,-0.15945125315364114,-0.397316236568382
-0.3079233918913155,-0.47676258641713937,-0.17486428675103977,-0.22670005665570628,-0.24964160083701703,-0.972219949238623,-1.3795316404308164,-0.18245719450624603,-0.5144323816930652,-0.15945125315364114,-0.397316236568382
-0.3079233918913155,-0.47676258641713937,0.14785458765544066,-0.17259838678533257,-0.2162207261083464,-0.8032826709269898,-0.7901808822182413,-0.18245719450624603,-0.5144323816930652,-0.15945125315364114,-0.397316236568382
-0.3079233918913155,-0.47676258641713937,-1.073054856619793,-0.2742536528805599,-0.2790174553371924,-1.0334829182966878,-1.9577655510955776,-0.18245719450624603,-0.5144323816930652,-0.15945125315364114,-0.397316236568382
-0.3079233918913155,0.7715443142590449,-0.40053715653527655,-0.25191116226280735,-0.2500625186547585,-0.8877513100828065,-0.9826044356726376,-0.17744161890682736,-0.5144323816930652,-0.1374057826778855,0.8718090082975287
-0.3079233918913155,0.7715443142590449,-0.888920626378572,-0.2824370414843784,-0.2760331480094056,-0.7689382791823169,-0.7166193807872551,-0.17528580132462107,-0.5144323816930652,-0.147754906317893,0.8718090082975287
-0.3079233918913155,-0.47676258641713937,-1.4748015517441653,-0.28693415761969915,-0.2868507359253607,-1.0427651863357885,-2.0684192711713143,-0.18245719450624603,-0.5144323816930652,-0.15945125315364114,-0.397316236568382
-0.3079233918913155,-0.47676258641713937,-1.1327058263780305,-0.27791948391207894,-0.2812819931966414,-0.9982102997481052,-1.5983659870744926,-0.18245719450624603,-0.5144323816930652,-0.15945125315364114,-0.397316236568382
-0.3079233918913155,-0.47676258641713937,0.09646965477626547,-0.1933123762571129,-0.22901662776768628,-0.8292730214364717,-0.843600716121662,-0.18245719450624603,-0.5144323816930652,-0.15945125315364114,-0.397316236568382
-0.3079233918913155,-0.47676258641713937,0.6349575240567639,-0.05764937284160401,-0.1452118902553648,-0.6120679493215145,-0.4877082863101637,-0.18245719450624603,-0.5144323816930652,-0.15945125315364114,-0.397316236568382
-0.3079233918913155,-0.47676258641713937,-1.3118359852898966,-0.2823007652378536,-0.2839884947647189,-0.8923924441023567,-0.9916965955365834,-0.18245719450624603,-0.5144323816930652,-0.15945125315364114,-0.397316236568382
-0.3079233918913155,-0.47676258641713937,-1.650258934817631,-0.2882969200849479,-0.2876925715608436,-0.8793972688476156,-0.9578675256197935,-0.18245719450624603,-0.5144323816930652,-0.15945125315364114,-0.397316236568382
-0.3079233918913155,-0.47676258641713937,-0.9079688979834655,-0.2696270743110406,-0.276159423354728,-0.9258086090431193,-1.085787012923775,-0.18245719450624603,-0.5144323816930652,-0.15945125315364114,-0.397316236568382
-0.3079233918913155,-0.47676258641713937,-0.5012831213212056,-0.25286509598848145,-0.2658048450382885,-0.9555118667682417,-1.2534477320803525,-0.18245719450624603,-0.5144323816930652,-0.15945125315364114,-0.397316236568382
-0.3079233918913155,-0.47676258641713937,0.51444298752385,-0.11592790966796505,-0.1812129912067905,-0.6380582998309966,-0.5216433114397616,-0.18245719450624603,-0.5144323816930652,-0.15945125315364114,-0.397316236568382
2.591622583681666,0.7715443142590449,-0.17555911399527804,-0.2253372941904576,-0.23743498412251515,-0.7884310420644286,-0.36521809095594965,-0.14906402012064277,-0.5144323816930652,-0.1429171502968244,-0.397316236568382
-0.3079233918913155,-0.47676258641713937,0.33145374675661143,-0.1022798435784992,-0.17278200731742938,-0.5322404441852483,-0.3902730930731779,-0.18245719450624603,-0.5144323816930652,-0.15945125315364114,-0.397316236568382
-0.3079233918913155,-0.47676258641713937,-0.8257649520205951,-0.2682370565964869,-0.27530075100653545,-1.0037796605715654,-1.6497547465161366,-0.18245719450624603,-0.5144323816930652,-0.15945125315364114,-0.397316236568382
-0.3079233918913155,-0.47676258641713937,0.9092107613577549,0.0176432533633871,-0.09870047139493524,-0.68075673281086,-0.5820662355762722,-0.18245719450624603,-0.5144323816930652,-0.15945125315364114,-0.397316236568382
-0.3079233918913155,-0.47676258641713937,-0.9187324015122447,-0.27282956610437503,-0.2781377370981128,-0.9313779698665798,-1.1014233343345856,-0.18245719450624603,-0.5144323816930652,-0.15945125315364114,-0.397316236568382
-0.3079233918913155,-0.47676258641713937,-0.19884855284847908,-0.21007435457967205,-0.23937120608412582,-0.7642971451627665,-0.7166193807872552,-0.18245719450624603,-0.5144323816930652,-0.15945125315364114,-0.397316236568382
-0.3079233918913155,0.7715443142590449,-0.5605507744401212,-0.25871816077672466,-0.2604213061493754,-1.0037796605715654,-1.640257574287939,-0.1818324473701781,-0.5144323816930652,-0.14635869318776182,0.8718090082975287
-0.3079233918913155,-0.47676258641713937,-1.0649867676226599,-0.27896199719799425,-0.2819259974577858,-0.8979618049258172,-1.0073037379282015,-0.18245719450624603,-0.5144323816930652,-0.15945125315364114,-0.397316236568382
-0.3079233918913155,-0.47676258641713937,-1.216816483560676,-0.28148310775870433,-0.28348339338342915,-0.9926409389246447,-1.5485259643528448,-0.18245719450624603,-0.5144323816930652,-0.15945125315364114,-0.397316236568382
-0.3079233918913155,-0.47676258641713937,-1.6199349794288536,-0.2871385719894865,-0.28697701127068315,-0.8571198255537739,-0.9048570619993147,-0.18245719450624603,-0.5144323816930652,-0.15945125315364114,-0.397316236568382
-0.3079233918913155,-0.47676258641713937,0.11753816649981336,-0.17893523224873903,-0.2201352618133418,-0.6640486503404787,-0.5580334602840553,-0.18245719450624603,-0.5144323816930652,-0.15945125315364114,-0.397316236568382
-0.3079233918913155,0.7715443142590449,-0.18949170903652157,-0.24509734993656382,-0.2386977375757395,-0.8524786915342236,-0.8907823961341427,-0.17931146068731238,-0.5144323816930652,-0.12699542161988978,0.8718090082975287
-0.3079233918913155,0.7715443142590449,-0.18022496199220783,-0.2424808460032863,-0.22706777827154342,-0.8747561348280654,-0.9392153547891945,-0.17829954631199108,-0.5144323816930652,-0.1124270398804946,0.8718090082975287
-0.3079233918913155,0.7715443142590449,-0.9551018583804073,-0.2775515380464618,-0.2756795770425028,-1.036267598708418,-1.982397377937326,-0.1821954166569781,-0.5144323816930652,-0.1516312348765467,0.8718090082975287
-0.3079233918913155,-0.47676258641713937,-1.3037851271334422,-0.2812105552656546,-0.28331502625633254,-0.9276650626509396,-1.0915823418947201,-0.18245719450624603,-0.5144323816930652,-0.15945125315364114,-0.397316236568382
-0.3079233918913155,-0.47676258641713937,-1.3112285095407212,-0.27986142042505835,-0.2824816089772045,-0.9480860523369611,-1.2022828247459199,-0.18245719450624603,-0.5144323816930652,-0.15945125315364114,-0.397316236568382
-0.3079233918913155,-0.47676258641713937,-0.30542154596504767,-0.2350129076937234,-0.25477679821346266,-0.7383067946532845,-0.6722378859743292,-0.18245719450624603,-0.5144323816930652,-0.15945125315364114,-0.397316236568382
-0.3079233918913155,-0.47676258641713937,-0.8639288729321115,-0.26547064879203197,-0.27359182466650517,-0.8404117430833926,-0.8668105827448718,-0.18245719450624603,-0.5144323816930652,-0.15945125315364114,-0.397316236568382
-0.3079233918913155,-0.47676258641713937,-0.6373756235796835,-0.2568171071377027,-0.26824616838118887,-0.9685070420229828,-1.3496458665752988,-0.18245719450624603,-0.5144323816930652,-0.15945125315364114,-0.397316236568382
-0.3079233918913155,-0.47676258641713937,-1.5759750760004352,-0.2871385719894865,-0.28697701127068315,-0.9313779698665798,-1.1014233343345856,-0.18245719450624603,-0.5144323816930652,-0.15945125315364114,-0.397316236568382
-0.3079233918913155,-0.47676258641713937,-0.2504914994227694,-0.23726146576138374,-0.2561658270120094,-0.7550148771236658,-0.7002774310806159,-0.18245719450624603,-0.5144323816930652,-0.15945125315364114,-0.397316236568382
-0.3079233918913155,-0.47676258641713937,-1.492989057051662,-0.28591208577076266,-0.2862193591987485,-0.9220957018274791,-1.0744318480296775,-0.18245719450624603,-0.5144323816930652,-0.15945125315364114,-0.397316236568382
-0.3079233918913155,3.2681581156114135,0.026046757504277082,-0.2462556980320252,-0.21752557134334485,-0.9565793275927382,-1.326844004214957,-0.17891588134458514,-0.2543422341171435,-0.09515196426602053,3.4100594980293506
-0.3079233918913155,-0.47676258641713937,-0.32097197688810386,-0.23508104581698583,-0.2548188899952368,-0.8979618049258172,-1.0073037379282015,-0.18245719450624603,-0.5144323816930652,-0.15945125315364114,-0.397316236568382
-0.3079233918913155,-0.47676258641713937,0.10844584842635391,-0.1798210278511507,-0.22068245497640568,-0.7457326090845652,-0.6845500980527343,-0.18245719450624603,-0.5144323816930652,-0.15945125315364114,-0.397316236568382
-0.3079233918913155,-0.47676258641713937,-0.10098489781310822,-0.20201361459772596,-0.23439174830024453,-0.8144213925739106,-0.8125302789776695,-0.18245719450624603,-0.5144323816930652,-0.15945125315364114,-0.397316236568382
-0.3079233918913155,-0.47676258641713937,-0.17828273302744546,-0.21990668576644146,-0.24544505019413485,-0.9016747121414574,-1.0169554635494686,-0.18245719450624603,-0.5144323816930652,-0.15945125315364114,-0.397316236568382
-0.3079233918913155,-0.47676258641713937,-0.13091664456390972,-0.2208401780551368,-0.24602170760444061,-0.8032826709269898,-0.7901808822182413,-0.18245719450624603,-0.5144323816930652,-0.15945125315364114,-0.397316236568382
-0.3079233918913155,-0.47676258641713937,-0.9274209117905191,-0.26852323671418915,-0.27547753648998685,-1.0056361141793857,-1.6671046216751906,-0.18245719450624603,-0.5144323816930652,-0.15945125315364114,-0.397316236568382
-0.3079233918913155,-0.47676258641713937,-0.5236256489705509,-0.251229781030183,-0.264794642275709,-0.9332344234743999,-1.1074410335789702,-0.18245719450624603,-0.5144323816930652,-0.15945125315364114,-0.397316236568382
-0.3079233918913155,-0.47676258641713937,-1.0403229561589606,-0.2764408866372841,-0.28036860153214244,-0.9907844853168245,-1.5325917368609359,-0.18245719450624603,-0.5144323816930652,-0.15945125315364114,-0.397316236568382
-0.3079233918913155,3.2681581156114135,-0.02705995491141828,-0.2622000188754351,-0.2150842480004445,-0.6914313410558258,-0.596105804462092,-0.17877418663225675,-0.5144323816930652,-0.07727063821346317,3.4100594980293506
-0.3079233918913155,-0.47676258641713937,0.7583591389811715,-0.036942197182149916,-0.1324201977742023,-0.8348423822599322,-0.8555975013860012,-0.18245719450624603,-0.5144323816930652,-0.15945125315364114,-0.397316236568382
-0.3079233918913155,4.516465016287598,1.544575452720096,-0.24608303868506504,1.068587301252315,-0.10952595768460091,0.4569867834254259,0.32489161360661156,-0.49296921926323073,1.7757999584640274,4.679184742895261
-0.3079233918913155,-0.47676258641713937,-0.5423407393244183,-0.25245626724890685,-0.2655522943476436,-0.9443731451213209,-1.1752913384410113,-0.18245719450624603,-0.5144323816930652,-0.15945125315364114,-0.397316236568382
-0.3079233918913155,-0.47676258641713937,0.4718348093837135,-0.09284271350665192,-0.16695229554171037,-0.8515504647303136,-0.8925915822946902,-0.18245719450624603,-0.5144323816930652,-0.15945125315364114,-0.397316236568382
-0.3079233918913155,-0.47676258641713937,-0.13784161487799468,-0.21654747628960339,-0.24336992535266952,-0.7995697637113494,-0.7826789253420732,-0.18245719450624603,-0.5144323816930652,-0.15945125315364114,-0.397316236568382
-0.3079233918913155,-0.47676258641713937,-1.007198885817462,-0.2746011573091984,-0.2792321234242406,-1.0149183822184864,-1.7579326464889593,-0.18245719450624603,-0.5144323816930652,-0.15945125315364114,-0.397316236568382
-0.3079233918913155,-0.47676258641713937,-0.7797845410715044,-0.26026489617478193,-0.27037601253896054,-0.9053876193570978,-1.026835203650632,-0.18245719450624603,-0.5144323816930652,-0.15945125315364114,-0.397316236568382
-0.3079233918913155,-0.47676258641713937,-0.7986684827404995,-0.2636718023379037,-0.2724806016276678,-1.0149183822184864,-1.7579326464889593,-0.18245719450624603,-0.5144323816930652,-0.15945125315364114,-0.397316236568382
-0.3079233918913155,-0.47676258641713937,-0.049594347076147245,-0.20176150354165492,-0.23423600870768016,-0.7791487740253277,-0.743663776559236,-0.18245719450624603,-0.5144323816930652,-0.15945125315364114,-0.397316236568382
-0.3079233918913155,-0.47676258641713937,0.40660328188169803,-0.12135170427965489,-0.18456349703601238,-0.8441246502990329,-0.8748425447590898,-0.18245719450624603,-0.5144323816930652,-0.15945125315364114,-0.397316236568382
-0.3079233918913155,0.7715443142590449,-0.8409797037677007,-0.2709285124653531,-0.27200496449361994,-0.984286897689454,-1.4685214248842442,-0.18154647156845685,-0.5144323816930652,-0.15223748531462997,0.8718090082975287
-0.3079233918913155,-0.47676258641713937,-1.1976571176769137,-0.2787575828282069,-0.28179972211246335,-0.9313779698665798,-1.1014233343345856,-0.18245719450624603,-0.5144323816930652,-0.15945125315364114,-0.397316236568382
2.591622583681666,-0.47676258641713937,-0.5200746617231573,-0.2450292118133014,-0.2609642901342619,1.2003877079932948,1.8879372402776184,-0.18245719450624603,-0.2854221888589203,-0.15945125315364114,-1.0318788590013375
-0.3079233918913155,0.7715443142590449,0.40513264505166047,-0.26690154938054317,-0.11915707733716942,-0.8469093307107631,-0.8812633989997914,-0.18098331922045194,-0.5144323816930652,0.06651481922285418,0.8718090082975287
-0.3079233918913155,-0.47676258641713937,-0.38225038073742335,-0.2450292118133014,-0.2609642901342619,-0.8626891863772344,-0.9174931555575868,-0.18245719450624603,-0.5144323816930652,-0.15945125315364114,-0.397316236568382
-0.3079233918913155,-0.47676258641713937,-0.28151664055283837,-0.23112903466776455,-0.2523775666523364,-0.8515504647303136,-0.8925915822946902,-0.18245719450624603,-0.5144323816930652,-0.15945125315364114,-0.397316236568382
-0.3079233918913155,-0.47676258641713937,-1.094670342081351,-0.27562322915813486,-0.2798635001508527,-1.022344196649767,-1.8355256886789566,-0.18245719450624603,-0.5144323816930652,-0.15945125315364114,-0.397316236568382
-0.3079233918913155,-0.47676258641713937,-0.6477116765512726,-0.25395530596068044,-0.2664783135466748,-0.7661535987705866,-0.7206062830671615,-0.18245719450624603,-0.5144323816930652,-0.15945125315364114,-0.397316236568382
-0.3079233918913155,-0.47676258641713937,-0.11358671603241513,-0.21968182995967542,-0.2453061473142802,-0.7902874956722487,-0.7644924565060902,-0.18245719450624603,-0.5144323816930652,-0.15945125315364114,-0.397316236568382
-0.3079233918913155,-0.47676258641713937,0.1590474581259801,-0.17641412168802895,-0.21857786588769848,-0.42827904214732004,-0.2819474372670154,-0.18245719450624603,-0.5144323816930652,-0.15945125315364114,-0.397316236568382
-0.3079233918913155,-0.47676258641713937,-0.2636266554643488,-0.23031137718861533,-0.2518724652710467,-0.9592247739838821,-1.28005745397544,-0.18245719450624603,-0.5144323816930652,-0.15945125315364114,-0.397316236568382
-0.3079233918913155,-0.47676258641713937,-0.003490177828945131,-0.1952202437084611,-0.23019519765736232,-0.7457326090845652,-0.6845500980527343,-0.18245719450624603,-0.5144323816930652,-0.15945125315364114,-0.397316236568382
-0.3079233918913155,-0.47676258641713937,-0.9097463245663292,-0.26882304445654387,-0.2756627403297931,-0.9982102997481052,-1.5983659870744926,-0.18245719450624603,-0.5144323816930652,-0.15945125315364114,-0.397316236568382
-0.3079233918913155,-0.47676258641713937,-1.5608203406072654,-0.2869818543059829,-0.2868802001726026,-0.9703634956308029,-1.3643218594770892,-0.18245719450624603,-0.5144323816930652,-0.15945125315364114,-0.397316236568382
-0.3079233918913155,0.7715443142590449,-0.6603353722503345,-0.2709898367762893,-0.2652155600934505,-0.9685070420229828,-1.2669845769229526,-0.17736902504946733,-0.5144323816930652,-0.1423047761169423,0.8718090082975287
-0.3079233918913155,-0.47676258641713937,0.525286444133156,-0.12428845739226584,-0.186377652830478,-0.832985928652112,-0.8511951146103198,-0.18245719450624603,-0.5144323816930652,-0.15945125315364114,-0.397316236568382
-0.3079233918913155,-0.47676258641713937,0.6906823910576092,-0.02494307367563503,-0.1250078350037755,-0.6399147534388168,-0.5241401718823916,-0.18245719450624603,-0.5144323816930652,-0.15945125315364114,-0.397316236568382
-0.3079233918913155,-0.47676258641713937,-0.8205869154584209,-0.26616565764930883,-0.27402116084060146,-1.009349021395026,-1.7032847665572919,-0.18245719450624603,-0.5144323816930652,-0.15945125315364114,-0.397316236568382
-0.3079233918913155,-0.47676258641713937,-0.20384778016963231,-0.22492846545088294,-0.24854721451088926,-0.8255601142208314,-0.8350869792337398,-0.18245719450624603,-0.5144323816930652,-0.15945125315364114,-0.397316236568382
-0.3079233918913155,-0.47676258641713937,-0.8338021109414809,-0.2685368643388416,-0.2754859548463417,-0.93509087708222,-1.1135465855454338,-0.18245719450624603,-0.5144323816930652,-0.15945125315364114,-0.397316236568382
-0.3079233918913155,-0.47676258641713937,-1.6484422161767458,-0.2879153465946782,-0.2874568575829084,-0.9239521554352992,-1.0800708936656533,-0.18245719450624603,-0.5144323816930652,-0.15945125315364114,-0.397316236568382
-0.3079233918913155,-0.47676258641713937,-1.2413399951178965,-0.2800522071701932,-0.2825994659661721,-1.0000667533559253,-1.6150304577797603,-0.18245719450624603,-0.5144323816930652,-0.15945125315364114,-0.397316236568382
-0.3079233918913155,-0.47676258641713937,0.003098378119941185,-0.20174787591700244,-0.23422759035132537,-0.9777893100620835,-1.423595818929644,-0.18245719450624603,-0.5144323816930652,-0.15945125315364114,-0.397316236568382
-0.3079233918913155,-0.47676258641713937,0.050457473770970644,-0.2083027633748487,-0.23827681975799805,-0.8552633719459538,-0.9011395007932527,-0.18245719450624603,-0.5144323816930652,-0.15945125315364114,-0.397316236568382
-0.3079233918913155,-0.47676258641713937,0.3543336918295014,-0.13464545212815604,-0.19277560366014795,-0.6324889390075362,-0.5142409432965128,-0.18245719450624603,-0.5144323816930652,-0.15945125315364114,-0.397316236568382
-0.3079233918913155,2.0198512149352292,-0.10566925765819984,-0.27575950540465977,-0.19155494198869777,-0.7296433444834572,-0.6513571993961963,-0.17592919359762585,-0.5144323816930652,-0.0308526753783999,2.1409342531634397
-0.3079233918913155,-0.47676258641713937,-0.5264716942991364,-0.25184302413954496,-0.2651734683116763,-0.9258086090431193,-1.085787012923775,-0.18245719450624603,-0.5144323816930652,-0.15945125315364114,-0.397316236568382
-0.3079233918913155,-0.47676258641713937,-0.5115187074787608,-0.24594226266501804,-0.2615283200100354,-0.9907844853168245,-1.5325917368609359,-0.18245719450624603,-0.5144323816930652,-0.15945125315364114,-0.397316236568382
-0.3079233918913155,-0.47676258641713937,-0.03963949565940418,-0.1954246580782484,-0.23032147300268474,-0.7884310420644286,-0.7609481735827421,-0.18245719450624603,-0.5144323816930652,-0.15945125315364114,-0.397316236568382
-0.3079233918913155,-0.47676258641713937,0.08083111663224918,-0.18949664135441657,-0.2266594879883342,-0.9666505884151625,-1.3354674619319888,-0.18245719450624603,-0.5144323816930652,-0.15945125315364114,-0.397316236568382
-0.3079233918913155,-0.47676258641713937,0.18182609505688963,-0.16763793141182728,-0.2131564443951887,-0.9480860523369611,-1.2022828247459199,-0.18245719450624603,-0.5144323816930652,-0.15945125315364114,-0.397316236568382
-0.3079233918913155,-0.47676258641713937,-0.1599711920873904,-0.2196477608980442,-0.2452851014233931,-0.9889280317090045,-1.5161672617645627,-0.18245719450624603,-0.5144323816930652,-0.15945125315364114,-0.397316236568382
-0.3079233918913155,-0.47676258641713937,-0.1665390841843669,-0.21668375253612826,-0.2434541089162178,-0.8738279080241551,-0.9453407790743007,-0.18245719450624603,-0.5144323816930652,-0.15945125315364114,-0.397316236568382
-0.3079233918913155,-0.47676258641713937,-1.4480784677328127,-0.2841404945659393,-0.28512497287262073,-0.9592247739838821,-1.28005745397544,-0.18245719450624603,-0.5144323816930652,-0.15945125315364114,-0.397316236568382
-0.3079233918913155,-0.47676258641713937,-0.3043799688862545,-0.22226426483132172,-0.24690142584352023,-0.8589762791615941,-0.90860796500648,-0.18245719450624603,-0.5144323816930652,-0.15945125315364114,-0.397316236568382
-0.3079233918913155,-0.47676258641713937,-0.7177632823190926,-0.2600877370542996,-0.2702665739063478,-0.9239521554352992,-1.0800708936656533,-0.18245719450624603,-0.5144323816930652,-0.15945125315364114,-0.397316236568382
-0.3079233918913155,0.7715443142590449,0.030285395465812298,-0.21102828830534612,-0.21723092887092582,-0.6269195781840757,-0.500054386239836,-0.17165610845662072,-0.5144323816930652,-0.1263830474400077,0.8718090082975287
-0.3079233918913155,-0.47676258641713937,-1.003907617572714,-0.27684971537685876,-0.28062115222278733,-0.9443731451213209,-1.1752913384410113,-0.18245719450624603,-0.5144323816930652,-0.15945125315364114,-0.397316236568382
-0.3079233918913155,-0.47676258641713937,-0.5898033370303355,-0.253410200974581,-0.26614157929248167,-0.8905359904945366,-0.9871258081619211,-0.18245719450624603,-0.5144323816930652,-0.15945125315364114,-0.397316236568382
-0.3079233918913155,-0.47676258641713937,0.07994534576471447,-0.18200144779554867,-0.22202939199317834,-0.7513019699080254,-0.6942161237988717,-0.18245719450624603,-0.5144323816930652,-0.15945125315364114,-0.397316236568382
-0.3079233918913155,-0.47676258641713937,-0.7563708376021399,-0.26240443324522245,-0.2716976944866687,-0.8738279080241551,-0.9453407790743007,-0.18245719450624603,-0.5144323816930652,-0.15945125315364114,-0.397316236568382
-0.3079233918913155,-0.47676258641713937,-0.4387523522570002,-0.23508104581698583,-0.2548188899952368,-0.9573683203760618,-1.2680214324826926,-0.18245719450624603,-0.5144323816930652,-0.15945125315364114,-0.397316236568382
-0.3079233918913155,-0.47676258641713937,-0.7211166002851108,-0.2603875447966543,-0.27045177774615403,-1.0037796605715654,-1.6497547465161366,-0.18245719450624603,-0.5144323816930652,-0.15945125315364114,-0.397316236568382
-0.3079233918913155,-0.47676258641713937,-0.34979854957869877,-0.23576242704961017,-0.2552398078129782,-0.9202392482196589,-1.068867825184476,-0.18245719450624603,-0.5144323816930652,-0.15945125315364114,-0.397316236568382
-0.3079233918913155,-0.47676258641713937,-0.2931957982466377,-0.23276434962606302,-0.2533877694149159,-0.909100526572738,-1.0369539927675449,-0.18245719450624603,-0.5144323816930652,-0.15945125315364114,-0.397316236568382
-0.3079233918913155,-0.47676258641713937,-1.0320536254430346,-0.2739879141998364,-0.27885329738827325,-0.9889280317090045,-1.5161672617645627,-0.18245719450624603,-0.5144323816930652,-0.15945125315364114,-0.397316236568382
-0.3079233918913155,-0.47676258641713937,-0.437535154854766,-0.2570896596307525,-0.2684145355082854,-0.8923924441023567,-0.9916965955365834,-0.18245719450624603,-0.5144323816930652,-0.15945125315364114,-0.397316236568382
-0.3079233918913155,0.7715443142590449,-0.4422193844795445,-0.2525925434954317,-0.2538507790144315,-0.9146698873961985,-1.0526065719435977,-0.18232520567468238,-0.5144323816930652,-0.1423047761169423,0.8718090082975287
-0.3079233918913155,-0.47676258641713937,0.3235184572290525,-0.1379092682324267,-0.19479180000712948,-0.9295215162587597,-1.0954909954092888,-0.18245719450624603,-0.5144323816930652,-0.15945125315364114,-0.397316236568382
-0.3079233918913155,-0.47676258641713937,0.31849970452483845,-0.13771166767496562,-0.19466973383998445,-0.9202392482196589,-1.068867825184476,-0.18245719450624603,-0.5144323816930652,-0.15945125315364114,-0.397316236568382
-0.3079233918913155,-0.47676258641713937,0.6639387434397174,-0.019464768565335227,-0.12162365574913428,-0.4338484029707804,-0.28759918384235855,-0.18245719450624603,-0.5144323816930652,-0.15945125315364114,-0.397316236568382
-0.3079233918913155,-0.47676258641713937,-1.0121920421297677,-0.2717870528184598,-0.2774937328369684,-0.983358670885544,-1.4694806520981365,-0.18245719450624603,-0.5144323816930652,-0.15945125315364114,-0.397316236568382
-0.3079233918913155,-0.47676258641713937,0.23953748336915828,-0.15511414435619164,-0.20541997490510092,-0.7587277843393062,-0.7072030832462051,-0.18245719450624603,-0.5144323816930652,-0.15945125315364114,-0.397316236568382
-0.3079233918913155,-0.47676258641713937,-0.3077648693022609,-0.23223968607694226,-0.253063662695255,-0.985215124493364,-1.4846370848941386,-0.18245719450624603,-0.5144323816930652,-0.15945125315364114,-0.397316236568382
-0.3079233918913155,-0.47676258641713937,-1.6099396714797307,-0.2879902985302669,-0.2875031585428599,-1.011205475002846,-1.721303308114601,-0.18245719450624603,-0.5144323816930652,-0.15945125315364114,-0.397316236568382
-0.3079233918913155,-0.47676258641713937,0.4912789357952128,-0.10432398727637227,-0.1740447607706537,-0.6250631245762556,-0.5045706192458423,-0.18245719450624603,-0.5144323816930652,-0.15945125315364114,-0.397316236568382
-0.3079233918913155,-0.47676258641713937,-0.23802944512556118,-0.22547357043698243,-0.24888394876508244,-0.8645456399850545,-0.9226564665948805,-0.18245719450624603,-0.5144323816930652,-0.15945125315364114,-0.397316236568382
-0.3079233918913155,-0.47676258641713937,-0.2022419843676469,-0.21743327189201508,-0.2439171185157334,-0.8515504647303136,-0.8925915822946902,-0.18245719450624603,-0.5144323816930652,-0.15945125315364114,-0.397316236568382
-0.3079233918913155,0.7715443142590449,0.23229693454078432,-0.1796302411060159,-0.18295138179406265,-0.516460588518777,0.28825047975337337,-0.08940506825387329,1.2522176773131948,-0.10472949643937658,0.8718090082975287
-0.3079233918913155,-0.47676258641713937,0.4727116277390162,-0.13396407089553167,-0.19235468584240653,-0.8459811039068531,-0.8795024579480306,-0.18245719450624603,-0.5144323816930652,-0.15945125315364114,-0.397316236568382
-0.3079233918913155,-0.47676258641713937,0.2699491952385428,-0.1544055078742623,-0.20498222037464983,-0.541522712224349,-0.4013280860227125,-0.18245719450624603,-0.5144323816930652,-0.15945125315364114,-0.397316236568382
-0.3079233918913155,-0.47676258641713937,0.35870938516224166,-0.12201264407530053,-0.1849717873192216,-0.6621921967326585,-0.5553265066142572,-0.18245719450624603,-0.5144323816930652,-0.15945125315364114,-0.397316236568382
-0.3079233918913155,-0.47676258641713937,0.40369356453223265,-0.11904182190105833,-0.1831365856338689,-0.667761557556119,-0.5629505723619258,-0.18245719450624603,-0.5144323816930652,-0.15945125315364114,-0.397316236568382
-0.3079233918913155,-0.47676258641713937,0.4023857896907491,-0.13082971722545966,-0.19041846388079586,-0.8144213925739106,-0.8125302789776695,-0.18245719450624603,-0.5144323816930652,-0.15945125315364114,-0.397316236568382
-0.3079233918913155,-0.47676258641713937,0.42460917869353115,-0.1511348779576654,-0.2029618148494909,-0.7624406915549464,-0.7134569998828725,-0.18245719450624603,-0.5144323816930652,-0.15945125315364114,-0.397316236568382
-0.3079233918913155,-0.47676258641713937,-0.051777323952861935,-0.22043134931556224,-0.24576915691379578,-0.9517989595526015,-1.228430268621222,-0.18245719450624603,-0.5144323816930652,-0.15945125315364114,-0.397316236568382
-0.3079233918913155,-0.47676258641713937,0.4420290460849356,-0.11774038374674584,-0.18233263260198274,-0.7940004028878889,-0.7716724248132456,-0.18245719450624603,-0.5144323816930652,-0.15945125315364114,-0.397316236568382
-0.3079233918913155,-0.47676258641713937,0.4119703526397324,-0.12811100610728848,-0.18873900178800754,-0.6510534750857376,-0.5394427160353276,-0.18245719450624603,-0.5144323816930652,-0.15945125315364114,-0.397316236568382
-0.3079233918913155,-0.47676258641713937,0.540719079707023,-0.10480095413920934,-0.17433940324307273,-0.9109569801805582,-1.0421067012549423,-0.18245719450624603,-0.5144323816930652,-0.15945125315364114,-0.397316236568382
-0.3079233918913155,0.7715443142590449,0.4677548712136719,-0.16128745832376828,-0.1402029682242416,-0.528527536969608,-0.3855718784474235,-0.17510981621586955,-0.5144323816930652,-0.059021887652976564,0.8718090082975287
-0.3079233918913155,-0.47676258641713937,0.18749322717531144,-0.18758877390306836,-0.22548091809865817,-0.7995697637113494,-0.7826789253420732,-0.18245719450624603,-0.5144323816930652,-0.15945125315364114,-0.397316236568382
-0.3079233918913155,-0.47676258641713937,0.17762716678337637,-0.18070682345356237,-0.22122964813946958,-0.7865745884566084,-0.7574336749015359,-0.18245719450624603,-0.5144323816930652,-0.15945125315364114,-0.397316236568382
-0.3079233918913155,-0.47676258641713937,0.5613402793865454,-0.08674435147466394,-0.16318508107292445,-0.4542693926568021,-0.3080043469105715,-0.18245719450624603,-0.5144323816930652,-0.15945125315364114,-0.397316236568382
-0.3079233918913155,-0.47676258641713937,0.10419032261055532,-0.1821377240420735,-0.22211357555672662,-0.8181342997895508,-0.8195763184958711,-0.18245719450624603,-0.5144323816930652,-0.15945125315364114,-0.397316236568382
-0.3079233918913155,0.7715443142590449,-0.04097268819914409,-0.2559926358462272,-0.20895568457412905,-0.9165263410040186,-1.0855952115528744,-0.17713804459423096,-0.5144323816930652,-0.07393319893310571,0.8718090082975287
-0.3079233918913155,-0.47676258641713937,0.21626447646478977,-0.16544388384277686,-0.21180108902206124,-0.8348423822599322,-0.8555975013860012,-0.18245719450624603,-0.5144323816930652,-0.15945125315364114,-0.397316236568382
-0.3079233918913155,-0.47676258641713937,0.20638887388152652,-0.17504454541045397,-0.21773182107403816,-0.8756843616319754,-0.9494748115676043,-0.18245719450624603,-0.5144323816930652,-0.15945125315364114,-0.397316236568382
-0.3079233918913155,-0.47676258641713937,0.4026386380874213,-0.13484986649794334,-0.1929018790054704,-0.5508049802634497,-0.41268325091681013,-0.18245719450624603,-0.5144323816930652,-0.15945125315364114,-0.397316236568382
-0.3079233918913155,2.0198512149352292,-0.3141865871946744,-0.2658113394083442,-0.232131419618973,-0.7790329647363647,-0.7028291344321106,-0.16689888495113905,-0.5144323816930652,-0.09882620934531312,2.1409342531634397
-0.3079233918913155,-0.47676258641713937,0.03727954738044005,-0.1976732161459088,-0.2317105018012315,-0.6436276606544571,-0.5291790627389548,-0.18245719450624603,-0.5144323816930652,-0.15945125315364114,-0.397316236568382
-0.3079233918913155,0.7715443142590449,0.06171245566673524,-0.2205676255620871,-0.20249880524997532,-0.795856856495709,-0.7627165604961857,-0.17471384972117862,-0.5144323816930652,-0.09637671262578473,0.8718090082975287
-0.3079233918913155,-0.47676258641713937,-0.10283038116979883,-0.21852348186421403,-0.2445905870241197,-0.9647941348073424,-1.321754007733363,-0.18245719450624603,-0.5144323816930652,-0.15945125315364114,-0.397316236568382
-0.3079233918913155,0.7715443142590449,-0.4650062063547462,-0.26669713501075587,-0.25212501596169157,-0.8580480523576841,-0.9023750198067942,-0.1788934960540275,-0.5144323816930652,-0.1271178964558662,0.8718090082975287
-0.3079233918913155,-0.47676258641713937,0.3023914218485884,-0.1393469826332641,-0.19567993660256394,-0.8107084853582702,-0.8046203905890386,-0.18245719450624603,-0.5144323816930652,-0.15945125315364114,-0.397316236568382
-0.3079233918913155,-0.47676258641713937,-0.160854939445298,-0.21848259899025657,-0.2445653319550552,-0.9425166915135008,-1.1635756456985884,-0.18245719450624603,-0.5144323816930652,-0.15945125315364114,-0.397316236568382
-0.3079233918913155,-0.47676258641713937,0.28068039051082533,-0.15392854101142528,-0.20468757790223083,-0.7624406915549464,-0.7134569998828725,-0.18245719450624603,-0.5144323816930652,-0.15945125315364114,-0.397316236568382
-0.3079233918913155,-0.47676258641713937,0.6683736382357448,-0.043408505079755036,-0.1364147078645686,-0.6213502173606154,-0.49981803535368213,-0.18245719450624603,-0.5144323816930652,-0.15945125315364114,-0.397316236568382
-0.3079233918913155,-0.47676258641713937,-0.3187670898069184,-0.23405897396804928,-0.25418751326862465,-0.8534069183381336,-0.8962336042822827,-0.18245719450624603,-0.5144323816930652,-0.15945125315364114,-0.397316236568382
-0.3079233918913155,-0.47676258641713937,-0.2666593757236637,-0.23548987455656042,-0.25507144068588167,-0.9443731451213209,-1.1752913384410113,-0.18245719450624603,-0.5144323816930652,-0.15945125315364114,-0.397316236568382
-0.3079233918913155,-0.47676258641713937,0.12140782879639878,-0.18302351964448516,-0.22266076871979046,-0.8422681966912127,-0.8713813701195341,-0.18245719450624603,-0.5144323816930652,-0.15945125315364114,-0.397316236568382
-0.3079233918913155,-0.47676258641713937,-0.15739014471767654,-0.22028825925671108,-0.24568076417207005,-0.8237036606130113,-0.8308942335229285,-0.18245719450624603,-0.5144323816930652,-0.15945125315364114,-0.397316236568382
-0.3079233918913155,2.0198512149352292,-0.02334844766601543,-0.27848503033515715,-0.18368377879693276,-0.2921391109071759,-0.07801983483956514,-0.09508680036155942,-0.5144323816930652,-0.01695178149507621,2.1409342531634397
2.591622583681666,-0.47676258641713937,0.04298466689313262,-0.19365306687342512,-0.22922708667655703,-0.8534069183381336,-0.8962336042822827,-0.18245719450624603,-0.5144323816930652,-0.15945125315364114,-1.0318788590013375
-0.3079233918913155,-0.47676258641713937,-0.5836520965901999,-0.2573622121238022,-0.26858290263538204,-0.93509087708222,-1.1135465855454338,-0.18245719450624603,-0.5144323816930652,-0.15945125315364114,-0.397316236568382
-0.3079233918913155,-0.47676258641713937,-0.2386834933471393,-0.2296436235806435,-0.25145996580966007,-0.9759328564542634,-1.4075570528047567,-0.18245719450624603,-0.5144323816930652,-0.15945125315364114,-0.397316236568382
-0.3079233918913155,-0.47676258641713937,-0.3595825496302834,-0.23228738276322597,-0.25309312694249686,-0.8812537224554359,-0.9635577206329404,-0.18245719450624603,-0.5144323816930652,-0.15945125315364114,-0.397316236568382
-0.3079233918913155,-0.47676258641713937,0.19524962401552887,-0.16544388384277686,-0.21180108902206124,-0.7717229595940472,-0.7303328349858809,-0.18245719450624603,-0.5144323816930652,-0.15945125315364114,-0.397316236568382
-0.3079233918913155,-0.47676258641713937,-0.007194338996842917,-0.19718262165841924,-0.2314074409724577,-0.8905359904945366,-0.9871258081619211,-0.18245719450624603,-0.5144323816930652,-0.15945125315364114,-0.397316236568382
-0.3079233918913155,-0.47676258641713937,0.4739356211120748,-0.10364260604374792,-0.17362384295291225,-0.7327374338298241,-0.663061319572882,-0.18245719450624603,-0.5144323816930652,-0.15945125315364114,-0.397316236568382
-0.3079233918913155,0.7715443142590449,0.03061801462404582,-0.2363756701589721,-0.18448352265064152,-0.22592559889492406,-0.03425453478042344,-0.08672129534541241,-0.5144323816930652,-0.05596001675356605,0.8718090082975287
-0.3079233918913155,0.7715443142590449,0.061197050849331636,-0.2501463848703103,-0.19175277336303623,-0.8374815640483763,-0.8594879748539708,-0.1808073341117004,-0.5144323816930652,-0.05415963666471268,0.8718090082975287
-0.3079233918913155,0.7715443142590449,0.3426018660766332,-0.046883549366139234,-0.13856138873504997,-0.9517989595526013,-1.1359708499033407,-0.17433328192350342,-0.5144323816930652,-0.15945125315364114,0.8718090082975287
-0.3079233918913155,2.0198512149352292,0.6645168381260237,-0.17218955804575795,-0.05307297995176273,-0.5582307946947302,-0.3888209288297571,-0.15990361967559913,-0.5144323816930652,0.07753755446073197,2.1409342531634397
-0.3079233918913155,-0.47676258641713937,0.7244449111960862,-0.04347664320301746,-0.13645679964634275,-0.5990727740667735,-0.47105816213533025,-0.18245719450624603,-0.5144323816930652,-0.15945125315364114,-0.397316236568382
-0.3079233918913155,0.7715443142590449,0.3140803712884049,-0.21102828830534612,-0.16524757837985754,-0.7967850832996193,-0.7636035658804671,-0.17444987205805132,-0.5144323816930652,-0.05075483622456819,0.8718090082975287
-0.3079233918913155,-0.47676258641713937,-0.08963394628752239,-0.21157339329144562,-0.240297225283157,-0.8868230832788963,-0.9766509845091718,-0.18245719450624603,-0.5144323816930652,-0.15945125315364114,-0.397316236568382
-0.3079233918913155,-0.47676258641713937,-0.14161015856179318,-0.2160023713035039,-0.24303319109847635,-0.9016747121414574,-1.0169554635494686,-0.18245719450624603,-0.5144323816930652,-0.15945125315364114,-0.397316236568382
-0.3079233918913155,-0.47676258641713937,0.7174020507974099,-0.02623769801762131,-0.12580757885748423,-0.5935034132433131,-0.4640584526023327,-0.18245719450624603,-0.5144323816930652,-0.15945125315364114,-0.397316236568382
-0.3079233918913155,-0.47676258641713937,0.6860000345441923,-0.04701982561266409,-0.13864557229859825,-0.617637310144975,-0.4946518251348534,-0.18245719450624603,-0.5144323816930652,-0.15945125315364114,-0.397316236568382
-0.3079233918913155,-0.47676258641713937,0.5540975155321051,-0.078772191052959,-0.15826034260534955,-0.7513019699080254,-0.6942161237988717,-0.18245719450624603,-0.5144323816930652,-0.15945125315364114,-0.397316236568382
-0.3079233918913155,-0.47676258641713937,-0.39964331021109906,-0.24189485814322936,-0.2590280681726512,-0.8552633719459538,-0.9011395007932527,-0.18245719450624603,-0.5144323816930652,-0.15945125315364114,-0.397316236568382
-0.3079233918913155,-0.47676258641713937,0.4126068873070232,-0.12531052924120237,-0.18700902955709017,-0.9165263410040186,-1.0579570442605566,-0.18245719450624603,-0.5144323816930652,-0.15945125315364114,-0.397316236568382
-0.3079233918913155,-0.47676258641713937,0.37279424103884995,-0.13931291357163286,-0.19565889071167686,-0.9425166915135008,-1.1635756456985884,-0.18245719450624603,-0.5144323816930652,-0.15945125315364114,-0.397316236568382
-0.3079233918913155,-0.47676258641713937,-0.671425860072925,-0.2586295812164835,-0.26936580977638114,0.8341094111703797,0.8240859702328401,-0.18245719450624603,-0.12184347969167406,-0.15945125315364114,-0.397316236568382
-0.3079233918913155,4.516465016287598,0.9164197819444656,-0.2675829306131675,0.2285210401172633,-0.6254344152978196,-0.4807878281600733,-0.168407212255595,-0.5144323816930652,0.5729482659853518,4.679184742895261
-0.3079233918913155,-0.47676258641713937,-0.14125453271875782,-0.21334498449626893,-0.2413916116092847,-0.9406602379056805,-1.1499367343897273,-0.18245719450624603,-0.5144323816930652,-0.15945125315364114,-0.397316236568382
-0.3079233918913155,-0.47676258641713937,-0.15660889989075183,-0.21857799236282396,-0.24462426044953903,-0.8738279080241551,-0.9453407790743007,-0.18245719450624603,-0.5144323816930652,-0.15945125315364114,-0.397316236568382
-0.3079233918913155,-0.47676258641713937,0.3451297271815509,-0.12844488291127443,-0.18894525151870084,-0.5730824235572914,-0.440442823538469,-0.18245719450624603,-0.5144323816930652,-0.15945125315364114,-0.397316236568382
-0.3079233918913155,-0.47676258641713937,0.7433179523607004,-0.04061484202599518,-0.1346889448118287,-0.7420197018689249,-0.6787109402771692,-0.18245719450624603,-0.5144323816930652,-0.15945125315364114,-0.397316236568382
-0.3079233918913155,-0.47676258641713937,0.6691075315925414,-0.04518009628457835,-0.13750909419069637,-0.7680100523784069,-0.7238233980223902,-0.18245719450624603,-0.5144323816930652,-0.15945125315364114,-0.397316236568382
-0.3079233918913155,-0.47676258641713937,0.20156211332599122,-0.17288456690303478,-0.2163975115917978,-0.9907844853168245,-1.5325917368609359,-0.18245719450624603,-0.5144323816930652,-0.15945125315364114,-0.397316236568382
-0.3079233918913155,-0.47676258641713937,-0.17406746473889315,-0.21797837687811453,-0.24425385276992656,-0.9183827946118387,-1.0633768550801428,-0.18245719450624603,-0.5144323816930652,-0.15945125315364114,-0.397316236568382
-0.3079233918913155,-0.47676258641713937,-0.11003534462476816,-0.21616590279933376,-0.24313421137473432,-1.0074925677872058,-1.6852055206117613,-0.18245719450624603,-0.5144323816930652,-0.15945125315364114,-0.397316236568382
-0.3079233918913155,-0.47676258641713937,0.011344221240707388,-0.18656670205413184,-0.22484954137204596,-0.9165263410040186,-1.0579570442605566,-0.18245719450624603,-0.5144323816930652,-0.15945125315364114,-0.397316236568382
-0.3079233918913155,-0.47676258641713937,0.10937535302057524,-0.1812519284396619,-0.22156638239366275,-0.819990753397371,-0.823656574098022,-0.18245719450624603,-0.5144323816930652,-0.15945125315364114,-0.397316236568382
-0.3079233918913155,0.7715443142590449,-0.006333245743134675,-0.21852348186421403,-0.22607020304349615,-0.6853978668304104,-0.5800576141005992,-0.17240404516881475,-0.5144323816930652,-0.1325067892388287,0.8718090082975287
-0.3079233918913155,-0.47676258641713937,0.6828070609896558,-0.018946918828540733,-0.12130375820765078,-0.5396662586165288,-0.4013280860227125,-0.18245719450624603,-0.5144323816930652,-0.15945125315364114,-0.397316236568382
-0.3079233918913155,-0.47676258641713937,0.0663452255420928,-0.1781175747695898,-0.21963016043205208,-0.8515504647303136,-0.8925915822946902,-0.18245719450624603,-0.5144323816930652,-0.15945125315364114,-0.397316236568382
-0.3079233918913155,-0.47676258641713937,0.0033139151330953396,-0.2042621726653863,-0.23578077709879128,-0.9443731451213209,-1.1752913384410113,-0.18245719450624603,-0.5144323816930652,-0.15945125315364114,-0.397316236568382
-0.3079233918913155,0.7715443142590449,1.530135328282226,0.09062599718978169,-0.05361596393664916,0.6553329287372998,0.3431825986256267,-0.10275257435428105,0.8956160913285979,-0.15945125315364114,0.8718090082975287
-0.3079233918913155,0.7715443142590449,0.8251080535799558,-0.22962999595599098,0.023534062877180087,0.09852643613534952,1.404314958842564,3.5053160389353772,1.8443726044986268,0.24061279856333553,0.8718090082975287
-0.3079233918913155,-0.47676258641713937,1.1252527232196425,0.21507346551629367,0.02326046629564813,0.6094785246241421,0.34175639732487595,-0.18245719450624603,-0.5144323816930652,-0.15945125315364114,-0.397316236568382
-0.3079233918913155,-0.47676258641713937,-0.48822726829394686,-0.2486405323462105,-0.26319515456829157,-0.8385552894755725,-0.8634149791235463,-0.18245719450624603,-0.5144323816930652,-0.15945125315364114,-0.397316236568382
-0.3079233918913155,-0.47676258641713937,-0.616534745593676,-0.24441596870393947,-0.2605854640982946,0.6484640503883651,0.3572593910432056,-0.18245719450624603,-0.5144323816930652,-0.15945125315364114,-0.397316236568382
-0.3079233918913155,0.7715443142590449,-0.4809243326888908,-0.25715779775401487,-0.2553239913765265,-0.6111397225176045,-0.48633330573385997,-0.18074133969591857,-0.5144323816930652,-0.14034517874131958,0.8718090082975287
-0.3079233918913155,-0.47676258641713937,1.1807960819892696,0.2240336287253039,0.028795535598948117,0.1472215762769254,0.1268520070740909,-0.18245719450624603,-0.5144323816930652,-0.15945125315364114,-0.397316236568382
-0.3079233918913155,0.7715443142590449,0.4614044602624168,-0.21307243200321918,-0.14357031076617316,-0.6826131864186802,-0.5832183654561929,-0.17827754817339714,-0.5144323816930652,-0.017380443420993683,0.8718090082975287
-0.3079233918913155,-0.47676258641713937,-1.635783074748104,-0.2887738869477849,-0.28798721403326255,-0.09226093913187354,-0.0166233432176141,-0.18245719450624603,-0.5144323816930652,-0.15945125315364114,-0.397316236568382
-0.3079233918913155,-0.47676258641713937,0.40356457215228353,-0.13760264667774574,-0.19460238698914584,-0.6993212688890614,-0.6100176095688317,-0.18245719450624603,-0.5144323816930652,-0.15945125315364114,-0.397316236568382
-0.3079233918913155,-0.47676258641713937,-1.1403801092984756,-0.2779399253490577,-0.2812946207311736,-0.8422681966912127,-0.8713813701195341,-0.18245719450624603,-0.5144323816930652,-0.15945125315364114,-0.397316236568382
-0.3079233918913155,-0.47676258641713937,-1.4631811800952006,-0.2848423172355424,-0.2855585182248945,-0.8701150008085149,-0.9358507116865746,-0.18245719450624603,-0.5144323816930652,-0.15945125315364114,-0.397316236568382
-0.3079233918913155,-0.47676258641713937,0.5984709632856291,-0.0664391907424582,-0.15064173010422943,-0.5062500936757662,-0.3621466728779715,-0.18245719450624603,-0.5144323816930652,-0.15945125315364114,-0.397316236568382
-0.3079233918913155,-0.47676258641713937,-1.0124901717751762,-0.27332697440419085,-0.27844500710506404,-0.9944973925324647,-1.56509141223726,-0.18245719450624603,-0.5144323816930652,-0.15945125315364114,-0.397316236568382
-0.3079233918913155,-0.47676258641713937,-0.783311712572432,-0.2690819693249411,-0.27582268910053487,-0.7123164441438025,-0.6301768315056298,-0.18245719450624603,-0.5144323816930652,-0.15945125315364114,-0.397316236568382
-0.3079233918913155,-0.47676258641713937,0.9863398180474512,0.13007115674640554,-0.029249031467596966,-0.2779062999138882,-0.15055281209105695,-0.18245719450624603,-0.5144323816930652,-0.15945125315364114,-0.397316236568382
-0.3079233918913155,-0.47676258641713937,-1.155255116053959,-0.2773948203629582,-0.2809578864769805,-0.8923924441023567,-0.9916965955365834,-0.18245719450624603,-0.5144323816930652,-0.15945125315364114,-0.397316236568382
-0.3079233918913155,-0.47676258641713937,-0.6346673981654922,-0.2617911901358605,-0.2713188684507014,-0.7735794132018674,-0.7336259455588027,-0.18245719450624603,-0.5144323816930652,-0.15945125315364114,-0.397316236568382
-0.3079233918913155,0.7715443142590449,0.23185904948851904,-0.20966552584009743,-0.193659531077405,-0.6575510627131083,-0.5475739908806416,-0.1782555500348032,-0.5144323816930652,-0.09331484172637422,0.8718090082975287
-0.3079233918913155,2.0198512149352292,-0.602908004840787,-0.2733542296534958,-0.25858189528584535,-0.7569517058904366,-0.6743844580874683,-0.16906688580300905,-0.5144323816930652,-0.13052882063780952,2.1409342531634397
-0.3079233918913155,-0.47676258641713937,-1.371211986326062,-0.2825460624815983,-0.2841400251791058,-0.9573683203760618,-1.2680214324826926,-0.18245719450624603,-0.5144323816930652,-0.15945125315364114,-0.397316236568382
-0.3079233918913155,-0.47676258641713937,-1.3903806386396378,-0.2835272514565774,-0.2847461468366535,-0.9128134337883784,-1.047323686348948,-0.18245719450624603,-0.5144323816930652,-0.15945125315364114,-0.397316236568382
-0.3079233918913155,-0.47676258641713937,1.29895984768394,0.33895538741972747,0.09978753473922007,-0.5211017225383274,-0.3795028099366328,-0.18245719450624603,-0.5144323816930652,-0.15945125315364114,-0.397316236568382
-0.3079233918913155,-0.47676258641713937,-0.6020937799637313,-0.2567489690144403,-0.26820407659941475,-0.8125649389660905,-0.8085566350049178,-0.18245719450624603,-0.5144323816930652,-0.15945125315364114,-0.397316236568382
-0.3079233918913155,-0.47676258641713937,0.9186990088898002,0.0655443540168792,-0.06910994880771171,-0.6900390008499607,-0.5955113155461875,-0.18245719450624603,-0.5144323816930652,-0.15945125315364114,-0.397316236568382
-0.3079233918913155,-0.47676258641713937,1.3787294298442223,0.28208730974489893,0.06465773367051916,-0.5805082379885721,-0.4487247353958337,-0.18245719450624603,-0.5144323816930652,-0.15945125315364114,-0.397316236568382
-0.3079233918913155,-0.47676258641713937,-1.2577815191380015,-0.2808698646493424,-0.28310456734746187,-0.9443731451213209,-1.1752913384410113,-0.18245719450624603,-0.5144323816930652,-0.15945125315364114,-0.397316236568382
-0.3079233918913155,-0.47676258641713937,1.0290432354494035,0.11773815643590473,-0.036867643968717105,-0.6399147534388168,-0.5241401718823916,-0.18245719450624603,-0.5144323816930652,-0.15945125315364114,-0.397316236568382
-0.3079233918913155,-0.47676258641713937,0.8989459809046124,0.027114452496865598,-0.09284971372832918,-0.6621921967326585,-0.5553265066142572,-0.18245719450624603,-0.5144323816930652,-0.15945125315364114,-0.397316236568382
-0.3079233918913155,4.516465016287598,0.11893621801447962,-0.2650890753017624,-0.1658789551064697,-0.7160293513594428,-0.6031853452007215,-0.1676755354976441,-0.5144323816930652,-0.0030876300625454238,4.679184742895261
2.591622583681666,-0.47676258641713937,0.8698633193545342,0.004015628710900006,-0.10711882774976413,-0.7011777224968816,-0.6124850083593822,-0.18245719450624603,-0.5144323816930652,-0.15945125315364114,-1.0318788590013375
-0.3079233918913155,-0.47676258641713937,-0.4182723781638998,-0.24608535272386914,-0.2616167127517611,-0.9480860523369611,-1.2022828247459199,-0.18245719450624603,-0.5144323816930652,-0.15945125315364114,-0.397316236568382
-0.3079233918913155,3.2681581156114135,-0.7178218906147046,-0.2711942511460766,-0.2669413231461904,-1.022344196649767,-1.8152851478848306,-0.18196774045400357,-0.5144323816930652,-0.1446317980004943,3.4100594980293506
-0.3079233918913155,-0.47676258641713937,-0.5078106387828151,-0.2384879519801076,-0.25692347908394403,-0.6603357431248383,-0.5526369611270218,-0.18245719450624603,-0.5144323816930652,-0.15945125315364114,-0.397316236568382
-0.3079233918913155,-0.47676258641713937,1.0115039365071106,0.07355058350021532,-0.06416416444924977,-0.832985928652112,-0.8511951146103198,-0.18245719450624603,-0.5144323816930652,-0.15945125315364114,-0.397316236568382
-0.3079233918913155,-0.47676258641713937,0.9968273597399121,0.0732439619455344,-0.0643535774672334,-0.6621921967326585,-0.5553265066142572,-0.18245719450624603,-0.5144323816930652,-0.15945125315364114,-0.397316236568382
-0.3079233918913155,-0.47676258641713937,-0.014873007594378977,-0.20448702847215233,-0.23591967997864594,-0.5823646915963923,-0.4504009816555031,-0.18245719450624603,-0.5144323816930652,-0.15945125315364114,-0.397316236568382
-0.3079233918913155,-0.47676258641713937,-1.6078635924067453,-0.2869614128690041,-0.28686757263807033,-0.9963538461402849,-1.581711727013445,-0.18245719450624603,-0.5144323816930652,-0.15945125315364114,-0.397316236568382
-0.3079233918913155,-0.47676258641713937,0.8676369545249834,0.021254573896296158,-0.09646960696090559,-0.6733309183795794,-0.5712764521421568,-0.18245719450624603,-0.5144323816930652,-0.15945125315364114,-0.397316236568382
-0.3079233918913155,-0.47676258641713937,1.1265301146573696,0.15807592540726645,-0.011949309158423656,-0.6863260936343205,-0.5901986034037422,-0.18245719450624603,-0.5144323816930652,-0.15945125315364114,-0.397316236568382
-0.3079233918913155,0.7715443142590449,0.1767659289385155,-0.25940635582167526,-0.19155494198869777,-0.7615124647510364,-0.7114925863045237,-0.18107131177482771,-0.5144323816930652,-0.045549655695570325,0.8718090082975287
-0.3079233918913155,-0.47676258641713937,1.1496836990050148,0.22580521993012725,0.02988992192507589,-0.6027856812824138,-0.47549322895649954,-0.18245719450624603,-0.5144323816930652,-0.15945125315364114,-0.397316236568382
-0.3079233918913155,-0.47676258641713937,0.09149483940559876,-0.17682295042760354,-0.21883041657834332,-0.669618011163939,-0.5657074899385893,-0.18245719450624603,-0.5144323816930652,-0.15945125315364114,-0.397316236568382
-0.3079233918913155,-0.47676258641713937,1.0545636974673374,0.1120145540818601,-0.04040335363774526,-0.7048906297125218,-0.618717953559068,-0.18245719450624603,-0.5144323816930652,-0.15945125315364114,-0.397316236568382
-0.3079233918913155,-0.47676258641713937,-0.7442308002420293,-0.2647892675594077,-0.2731709068487637,-0.9499425059447812,-1.2151522365149396,-0.18245719450624603,-0.5144323816930652,-0.15945125315364114,-0.397316236568382
-0.3079233918913155,-0.47676258641713937,1.0877344082144944,0.10804210149566013,-0.042857304515177885,-0.6250631245762556,-0.5045706192458423,-0.18245719450624603,-0.5144323816930652,-0.15945125315364114,-0.397316236568382
-0.3079233918913155,-0.47676258641713937,-0.43570344115238074,-0.24271251562237858,-0.25953316955394096,-0.8645456399850545,-0.9226564665948805,-0.18245719450624603,-0.5144323816930652,-0.15945125315364114,-0.397316236568382
-0.3079233918913155,-0.47676258641713937,-0.3950238940371045,-0.24107720066408017,-0.2585229667913615,-0.7995697637113494,-0.7826789253420732,-0.18245719450624603,-0.5144323816930652,-0.15945125315364114,-0.397316236568382
-0.3079233918913155,-0.47676258641713937,-0.8042908008318932,-0.26417602445004573,-0.27279208081279643,-0.8793972688476156,-0.9578675256197935,-0.18245719450624603,-0.5144323816930652,-0.15945125315364114,-0.397316236568382
-0.3079233918913155,-0.47676258641713937,-0.8353038312087696,-0.2684142157169692,-0.2754101896391482,-1.0371958255123281,-2.0016582916408185,-0.18245719450624603,-0.5144323816930652,-0.15945125315364114,-0.397316236568382
-0.3079233918913155,-0.47676258641713937,-1.4466329804871516,-0.28506035922998224,-0.2856932119265717,-1.0297700110810477,-1.9166438897365174,-0.18245719450624603,-0.5144323816930652,-0.15945125315364114,-0.397316236568382
-0.3079233918913155,0.7715443142590449,-0.3150318467349046,-0.260769118286924,-0.24416966920637828,-0.7132446709477126,-0.6308227356987516,-0.1799494067065367,-0.5144323816930652,-0.12087167982106876,0.8718090082975287
-0.3079233918913155,-0.47676258641713937,-0.9043671381867798,-0.26911603838657233,-0.27584373499142195,-0.9982102997481052,-1.5983659870744926,-0.18245719450624603,-0.5144323816930652,-0.15945125315364114,-0.397316236568382
-0.3079233918913155,-0.47676258641713937,-1.4305799028216304,-0.28434490893572667,-0.28525124821794323,-0.9610812275917022,-1.2956065638580607,-0.18245719450624603,-0.5144323816930652,-0.15945125315364114,-0.397316236568382
-0.3079233918913155,-0.47676258641713937,0.5512507894770273,-0.07216279309650278,-0.15417743977325757,-0.5043936400679461,-0.3621466728779715,-0.18245719450624603,-0.5144323816930652,-0.15945125315364114,-0.397316236568382
-0.3079233918913155,-0.47676258641713937,-0.8451890627745444,-0.2674466543666426,-0.27481248633795535,-1.024200650257587,-1.8543783624671024,-0.18245719450624603,-0.5144323816930652,-0.15945125315364114,-0.397316236568382
-0.3079233918913155,-0.47676258641713937,-0.05397260469568472,-0.2071444152793873,-0.23756125946783757,-0.8905359904945366,-0.9871258081619211,-0.18245719450624603,-0.5144323816930652,-0.15945125315364114,-0.397316236568382
-0.3079233918913155,-0.47676258641713937,-1.2278134742225844,-0.28114241714239213,-0.2832729344745584,-0.9425166915135008,-1.1635756456985884,-0.18245719450624603,-0.5144323816930652,-0.15945125315364114,-0.397316236568382
-0.3079233918913155,-0.47676258641713937,-1.7268263493710332,-0.28940075768179935,-0.28837445842558473,-1.0167748358263065,-1.776523390737687,-0.18245719450624603,-0.5144323816930652,-0.15945125315364114,-0.397316236568382
-0.3079233918913155,-0.47676258641713937,0.9676721531821698,0.07855873556000438,-0.06107041848885013,-0.6566228359091981,-0.5473092090535518,-0.18245719450624603,-0.5144323816930652,-0.15945125315364114,-0.397316236568382
-0.3079233918913155,-0.47676258641713937,0.016375929550793773,-0.19428675141976576,-0.22961854024705655,-0.9220957018274791,-1.0744318480296775,-0.18245719450624603,-0.5144323816930652,-0.15945125315364114,-0.397316236568382
-0.3079233918913155,-0.47676258641713937,-0.595871945946371,-0.2521223904449209,-0.26534604461695027,-0.8515504647303136,-0.8925915822946902,-0.18245719450624603,-0.5144323816930652,-0.15945125315364114,-0.397316236568382
-0.3079233918913155,2.0198512149352292,-0.4769670237639983,-0.27848503033515715,-0.24711609393056838,-0.8527881004688602,-0.880675594430903,-0.17678670756253495,-0.5144323816930652,-0.10923657040330884,2.1409342531634397
-0.3079233918913155,-0.47676258641713937,0.129828077388033,-0.18377985281269824,-0.2231279874974835,-0.9647941348073424,-1.321754007733363,-0.18245719450624603,-0.5144323816930652,-0.15945125315364114,-0.397316236568382
-0.3079233918913155,-0.47676258641713937,-0.8517897636486613,-0.268352891406033,-0.27537230703555154,-0.8812537224554359,-0.9635577206329404,-0.18245719450624603,-0.5144323816930652,-0.15945125315364114,-0.397316236568382
-0.3079233918913155,-0.47676258641713937,-0.6209030944534244,-0.25778466848802933,-0.2688438716823817,-0.9889280317090045,-1.5161672617645627,-0.18245719450624603,-0.5144323816930652,-0.15945125315364114,-0.397316236568382
-0.3079233918913155,-0.47676258641713937,-0.9747450000497903,-0.27276142798111264,-0.2780956453163386,-0.9406602379056805,-1.1499367343897273,-0.18245719450624603,-0.5144323816930652,-0.15945125315364114,-0.397316236568382
-0.3079233918913155,-0.47676258641713937,-0.5095013167252778,-0.24693707926464956,-0.2621428600239379,-0.9239521554352992,-1.0800708936656533,-0.18245719450624603,-0.5144323816930652,-0.15945125315364114,-0.397316236568382
-0.3079233918913155,-0.47676258641713937,-0.9862929829754812,-0.27262515173458773,-0.27801146175279035,-0.9202392482196589,-1.068867825184476,-0.18245719450624603,-0.5144323816930652,-0.15945125315364114,-0.397316236568382
-0.3079233918913155,-0.47676258641713937,-0.5066069376813185,-0.24842930416409692,-0.26306467004479167,-0.9703634956308029,-1.3643218594770892,-0.18245719450624603,-0.5144323816930652,-0.15945125315364114,-0.397316236568382
-0.3079233918913155,-0.47676258641713937,-0.5553602474727539,-0.25279695786521905,-0.26576275325651433,-0.9536554131604216,-1.2393648230150163,-0.18245719450624603,-0.5144323816930652,-0.15945125315364114,-0.397316236568382
-0.3079233918913155,-0.47676258641713937,-1.2556634585691269,-0.2803928977865054,-0.2828099248750428,-0.9703634956308029,-1.3643218594770892,-0.18245719450624603,-0.5144323816930652,-0.15945125315364114,-0.397316236568382
-0.3079233918913155,-0.47676258641713937,-1.510569261447215,-0.28802436759189814,-0.287524204433747,-1.0074925677872058,-1.6852055206117613,-0.18245719450624603,-0.5144323816930652,-0.15945125315364114,-0.397316236568382
-0.3079233918913155,2.0198512149352292,-0.13280495679564994,-0.2219303880273358,-0.22691203867897905,-0.888060719017443,-0.9315300236262835,-0.17398238468702276,-0.5144323816930652,-0.1306696666991824,2.1409342531634397
-0.3079233918913155,-0.47676258641713937,0.4910282462654105,-0.0688172112443172,-0.15211073328814706,-0.7717229595940472,-0.7303328349858809,-0.18245719450624603,-0.5144323816930652,-0.15945125315364114,-0.397316236568382
-0.3079233918913155,-0.47676258641713937,-0.5570069698394411,-0.2507868832289772,-0.26452104569417706,-1.0149183822184864,-1.7579326464889593,-0.18245719450624603,-0.5144323816930652,-0.15945125315364114,-0.397316236568382
-0.3079233918913155,-0.47676258641713937,-0.6816212417108427,-0.2760320578977095,-0.2801160508414976,-0.8868230832788963,-0.9766509845091718,-0.18245719450624603,-0.5144323816930652,-0.15945125315364114,-0.397316236568382
-0.3079233918913155,-0.47676258641713937,-0.36871453481806704,-0.240961365854534,-0.25845141076234546,-1.0520474543748894,-2.1887344965883635,-0.18245719450624603,-0.5144323816930652,-0.15945125315364114,-0.397316236568382
-0.3079233918913155,-0.47676258641713937,-0.19607497334387258,-0.21797837687811453,-0.24425385276992656,-0.8645456399850545,-0.9226564665948805,-0.18245719450624603,-0.5144323816930652,-0.15945125315364114,-0.397316236568382
-0.3079233918913155,-0.47676258641713937,-0.8248065609876363,-0.26724223999685537,-0.27468621099263296,-0.8311294750442919,-0.8468385868639251,-0.18245719450624603,-0.5144323816930652,-0.15945125315364114,-0.397316236568382
-0.3079233918913155,-0.47676258641713937,-0.12345798942520085,-0.214380683969858,-0.24203140669225173,-0.8812537224554359,-0.9635577206329404,-0.18245719450624603,-0.5144323816930652,-0.15945125315364114,-0.397316236568382
-0.3079233918913155,-0.47676258641713937,-0.36474690897589285,-0.23796328843098685,-0.2565993723642831,-0.9165263410040186,-1.0579570442605566,-0.18245719450624603,-0.5144323816930652,-0.15945125315364114,-0.397316236568382
-0.3079233918913155,-0.47676258641713937,-0.4509827568554567,-0.2470120312002383,-0.2621891609838895,-1.022344196649767,-1.8355256886789566,-0.18245719450624603,-0.5144323816930652,-0.15945125315364114,-0.397316236568382
-0.3079233918913155,-0.47676258641713937,-1.4370445829718297,-0.2835953895798398,-0.2847882386184276,-0.9610812275917022,-1.2956065638580607,-0.18245719450624603,-0.5144323816930652,-0.15945125315364114,-0.397316236568382
-0.3079233918913155,0.7715443142590449,0.1355165861531113,-0.24169044377344204,-0.20165696961449245,-0.6259913513801657,-0.49840272814201875,-0.17093016988302065,-0.5144323816930652,-0.07616836468967537,0.8718090082975287
-0.3079233918913155,-0.47676258641713937,-0.46526473902105747,-0.24907661633509007,-0.26346454197164604,-0.9517989595526015,-1.228430268621222,-0.18245719450624603,-0.5144323816930652,-0.15945125315364114,-0.397316236568382
-0.3079233918913155,-0.47676258641713937,-0.4310199798354275,-0.24346203497826538,-0.2599961791534565,-0.9276650626509396,-1.0915823418947201,-0.18245719450624603,-0.5144323816930652,-0.15945125315364114,-0.397316236568382
-0.3079233918913155,-0.47676258641713937,-0.9004308200755186,-0.27030845554366495,-0.27658034117246943,-0.8775408152397955,-0.9536501162821405,-0.18245719450624603,-0.5144323816930652,-0.15945125315364114,-0.397316236568382
-0.3079233918913155,-0.47676258641713937,1.0273283913934903,0.08056199638391993,-0.05983292010469031,-0.5749388771651116,-0.440442823538469,-0.18245719450624603,-0.5144323816930652,-0.15945125315364114,-0.397316236568382
-0.3079233918913155,-0.47676258641713937,-0.9568133480863337,-0.27058100803671464,-0.27674870829956605,-0.9666505884151625,-1.3354674619319888,-0.18245719450624603,-0.5144323816930652,-0.15945125315364114,-0.397316236568382
-0.3079233918913155,-0.47676258641713937,-0.709447885908692,-0.26281326198479704,-0.27195024517731353,-0.93509087708222,-1.1135465855454338,-0.18245719450624603,-0.5144323816930652,-0.15945125315364114,-0.397316236568382
-0.3079233918913155,-0.47676258641713937,0.5665719342082687,-0.07700059984813569,-0.1571659562792218,-0.8107084853582702,-0.8046203905890386,-0.18245719450624603,-0.5144323816930652,-0.15945125315364114,-0.397316236568382
-0.3079233918913155,-0.47676258641713937,-0.9179875817630223,-0.2693817770672958,-0.2760078929403411,-0.9666505884151625,-1.3354674619319888,-0.18245719450624603,-0.5144323816930652,-0.15945125315364114,-0.397316236568382
-0.3079233918913155,-0.47676258641713937,-0.7331999680470933,-0.26208418406588896,-0.27149986311233026,-0.9870715781011842,-1.5003635093748626,-0.18245719450624603,-0.5144323816930652,-0.15945125315364114,-0.397316236568382
-0.3079233918913155,-0.47676258641713937,0.8581301376689598,0.03106646364608687,-0.09040839038542879,-0.8626891863772344,-0.9174931555575868,-0.18245719450624603,-0.5144323816930652,-0.15945125315364114,-0.397316236568382
2.591622583681666,-0.47676258641713937,1.1563833089870514,0.18267378790500563,0.003245824062042479,0.4051386760113783,0.5379790108428057,-0.18245719450624603,-0.46928465796290514,-0.15945125315364114,-1.0318788590013375
-0.3079233918913155,2.0198512149352292,-0.11145332526634098,-0.26001278511871095,-0.22186102486608172,-0.655230495703333,0.12114541538098134,-0.017544262753364508,-0.5144323816930652,-0.08909558362698652,2.1409342531634397
-0.3079233918913155,0.7715443142590449,1.0847063278077913,-0.2501327572456578,0.1196759016275033,-0.6926319912879619,-0.5864031864550395,-0.17029222386379636,-0.5144323816930652,0.3989115240628587,0.8718090082975287
-0.3079233918913155,-0.47676258641713937,-1.0552552444833068,-0.275207586606234,-0.2796067402820304,-1.011205475002846,-1.721303308114601,-0.18245719450624603,-0.5144323816930652,-0.15945125315364114,-0.397316236568382
-0.3079233918913155,-0.47676258641713937,-0.2824259719488836,-0.23116991754172206,-0.25240282172140094,-0.9146698873961985,-1.052606571943598,-0.18245719450624603,-0.5144323816930652,-0.15945125315364114,-0.397316236568382
-0.3079233918913155,-0.47676258641713937,-1.041975023853871,-0.2736472235835243,-0.2786428384794025,-0.9239521554352992,-1.0800708936656533,-0.18245719450624603,-0.5144323816930652,-0.15945125315364114,-0.397316236568382
-0.3079233918913155,-0.47676258641713937,-1.614300304884706,-0.28798348471794066,-0.2874989493646825,-0.9016747121414574,-1.0169554635494686,-0.18245719450624603,-0.5144323816930652,-0.15945125315364114,-0.397316236568382
-0.3079233918913155,-0.47676258641713937,0.6886937811166811,-0.04840302951489155,-0.1395000354686134,-0.9629376811995223,-1.3084759756270807,-0.18245719450624603,-0.5144323816930652,-0.15945125315364114,-0.397316236568382
-0.3079233918913155,-0.47676258641713937,1.0837389841984502,0.13995118461945866,-0.023145723110346048,-0.7791487740253277,-0.743663776559236,-0.18245719450624603,-0.5144323816930652,-0.15945125315364114,-0.397316236568382
-0.3079233918913155,-0.47676258641713937,-0.1873460625676297,-0.21594786080489398,-0.24299951767305705,-0.9926409389246447,-1.5485259643528448,-0.18245719450624603,-0.5144323816930652,-0.15945125315364114,-0.397316236568382
-0.3079233918913155,-0.47676258641713937,-0.09763822825833397,-0.2208401780551368,-0.24602170760444061,-0.8422681966912127,-0.8713813701195341,-0.18245719450624603,-0.5144323816930652,-0.15945125315364114,-0.397316236568382
-0.3079233918913155,-0.47676258641713937,0.8258138007559718,0.021254573896296158,-0.09646960696090559,-0.7513019699080254,-0.6942161237988717,-0.18245719450624603,-0.5144323816930652,-0.15945125315364114,-0.397316236568382
-0.3079233918913155,0.7715443142590449,-0.5796115537015738,-0.260769118286924,-0.264794642275709,-0.7763640936135976,-0.9358507116865746,-0.18030137692403975,-0.5144323816930652,-0.1508780146352917,0.8718090082975287
-0.3079233918913155,0.7715443142590449,0.1350869869888063,-0.2446203830737268,-0.19563784482078977,-0.819990753397371,-0.8195763184958711,-0.17849752955933657,-0.5144323816930652,-0.0647782049438683,0.8718090082975287
-0.3079233918913155,-0.47676258641713937,-0.649428579584778,-0.257634764616852,-0.2687512697624786,-1.0130619286106661,-1.739217090635649,-0.18245719450624603,-0.5144323816930652,-0.15945125315364114,-0.397316236568382
-0.3079233918913155,-0.47676258641713937,-0.7821766652186892,-0.26472112943614523,-0.2731288150669896,-0.972219949238623,-1.3795316404308164,-0.18245719450624603,-0.5144323816930652,-0.15945125315364114,-0.397316236568382
-0.3079233918913155,-0.47676258641713937,-1.2339756778628335,-0.2787916518898381,-0.28182076800335043,-0.7772923204175076,-0.740290993102915,-0.18245719450624603,-0.5144323816930652,-0.15945125315364114,-0.397316236568382
-0.3079233918913155,-0.47676258641713937,-0.778702370592576,-0.26547064879203197,-0.27359182466650517,-0.8868230832788963,-0.9766509845091718,-0.18245719450624603,-0.5144323816930652,-0.15945125315364114,-0.397316236568382
-0.3079233918913155,-0.47676258641713937,0.40522174131233624,-0.10759461719296919,-0.17606516629581265,-0.7810052276331478,-0.7470639813201331,-0.18245719450624603,-0.5144323816930652,-0.15945125315364114,-0.397316236568382
-0.3079233918913155,-0.47676258641713937,-0.5219933956160588,-0.24770022624518884,-0.26261428797980835,-0.9740764028464433,-1.3953155091643494,-0.18245719450624603,-0.5144323816930652,-0.15945125315364114,-0.397316236568382
-0.3079233918913155,-0.47676258641713937,0.14623176395496354,-0.1769115299878447,-0.2188851358946497,-0.9406602379056805,-1.1499367343897273,-0.18245719450624603,-0.5144323816930652,-0.15945125315364114,-0.397316236568382
-0.3079233918913155,-0.47676258641713937,-0.5705156061696578,-0.24912431302137378,-0.26349400621888797,-0.9295215162587597,-1.0954909954092888,-0.18245719450624603,-0.5144323816930652,-0.15945125315364114,-0.397316236568382
-0.3079233918913155,-0.47676258641713937,0.07416330121972126,-0.1925424154642474,-0.22854099063363845,-1.022344196649767,-1.8355256886789566,-0.18245719450624603,-0.5144323816930652,-0.15945125315364114,-0.397316236568382
-0.3079233918913155,0.7715443142590449,-0.20384371993375244,-0.25054839979755866,-0.23575131285154938,-0.7652253719666767,-0.6779867446296886,-0.1663985533326687,-0.5144323816930652,-0.11780980892165825,0.8718090082975287
-0.3079233918913155,-0.47676258641713937,0.7711459996208098,-0.00307073610839329,-0.11149637305427515,-0.8645456399850545,-0.9226564665948805,-0.18245719450624603,-0.5144323816930652,-0.15945125315364114,-0.397316236568382
-0.3079233918913155,-0.47676258641713937,0.7235541764373001,-0.011111034653360653,-0.11646320330362417,-0.7624406915549464,-0.7134569998828725,-0.18245719450624603,-0.5144323816930652,-0.15945125315364114,-0.397316236568382
-0.3079233918913155,-0.47676258641713937,-0.29835529539522004,-0.22849890310983456,-0.25075282387585446,-0.8905359904945366,-0.9871258081619211,-0.18245719450624603,-0.5144323816930652,-0.15945125315364114,-0.397316236568382
-0.3079233918913155,-0.47676258641713937,-0.7310824903350025,-0.26226815699869754,-0.2716135109231204,-0.9202392482196589,-1.068867825184476,-0.18245719450624603,-0.5144323816930652,-0.15945125315364114,-0.397316236568382
-0.3079233918913155,-0.47676258641713937,-0.8653904709622681,-0.2752825385418227,-0.27965304124198204,0.05996825670937854,0.07877889514844517,-0.18245719450624603,-0.5144323816930652,-0.15945125315364114,-0.397316236568382
-0.3079233918913155,-0.47676258641713937,1.265084033496549,0.3004300925271465,0.07598884132411882,-0.03842378450508928,0.019021973939305856,-0.18245719450624603,-0.5144323816930652,-0.15945125315364114,-0.397316236568382
-0.3079233918913155,-0.47676258641713937,-0.7559438294242742,-0.2609735326567113,-0.2708137670694117,-0.7884310420644286,-0.7609481735827421,-0.18245719450624603,-0.5144323816930652,-0.15945125315364114,-0.397316236568382
-0.3079233918913155,-0.47676258641713937,-0.49195037375220213,-0.2537508915908931,-0.26635203820135234,-0.478403289558464,-0.3326127904036839,-0.18245719450624603,-0.5144323816930652,-0.15945125315364114,-0.397316236568382
-0.3079233918913155,-0.47676258641713937,0.6334911227040315,-0.09641996497792976,-0.16916211408485293,0.030264998984256167,0.06061875364758268,-0.18245719450624603,-0.5144323816930652,-0.15945125315364114,-0.397316236568382
-0.3079233918913155,-0.47676258641713937,-0.7873128610655084,-0.26451671506635793,-0.27300253972166716,-1.020487743041947,-1.8152851478848306,-0.18245719450624603,-0.5144323816930652,-0.15945125315364114,-0.397316236568382
-0.3079233918913155,0.7715443142590449,-0.15586795042370893,-0.24441596870393947,-0.22943754558542773,-0.856191598749864,-0.8944086288108063,-0.17240404516881475,-0.5144323816930652,-0.11413556384236564,0.8718090082975287
-0.3079233918913155,-0.47676258641713937,1.538484047012167,0.46680976190936124,0.17876855406022457,-0.756871330731486,-0.7041108482208138,-0.18245719450624603,-0.5144323816930652,-0.15945125315364114,-0.397316236568382
-0.3079233918913155,-0.47676258641713937,-0.7610941582425944,-0.2627451238615346,-0.2719081533955394,-0.9128134337883784,-1.047323686348948,-0.18245719450624603,-0.5144323816930652,-0.15945125315364114,-0.397316236568382
-0.3079233918913155,-0.47676258641713937,1.4770290215296764,0.16318628465194912,-0.0087924255253628,-0.7048906297125218,-0.618717953559068,-0.18245719450624603,-0.5144323816930652,-0.15945125315364114,-0.397316236568382
-0.3079233918913155,-0.47676258641713937,1.058756173313801,-0.03352847720670189,-0.13031139950731768,-0.8701150008085149,-0.9358507116865746,-0.18245719450624603,-0.5144323816930652,-0.15945125315364114,-0.397316236568382
-0.3079233918913155,-0.47676258641713937,1.3917710064881774,0.4195900424884935,0.14959894929074255,-0.5712259699494714,-0.4363625679363181,-0.18245719450624603,-0.5144323816930652,-0.15945125315364114,-0.397316236568382
-0.3079233918913155,-0.47676258641713937,1.4991815768982675,0.4701076470752632,0.18080579629809324,-0.4876855575975647,-0.3422275329695335,-0.18245719450624603,-0.5144323816930652,-0.15945125315364114,-0.397316236568382
-0.3079233918913155,-0.47676258641713937,1.4521211451431326,0.46688471384494995,0.17881485502017616,-0.5638001555181907,-0.42831957232762075,-0.18245719450624603,-0.5144323816930652,-0.15945125315364114,-0.397316236568382
-0.3079233918913155,-0.47676258641713937,-0.5704108177373293,-0.25695338338422763,-0.26833035194473714,-0.9982102997481052,-1.5983659870744926,-0.18245719450624603,-0.5144323816930652,-0.15945125315364114,-0.397316236568382
-0.3079233918913155,-0.47676258641713937,1.2161459522506481,0.21006531345650467,0.020166720335248533,-0.8162778461817307,-0.8155354862695254,-0.18245719450624603,-0.5144323816930652,-0.15945125315364114,-0.397316236568382
-0.3079233918913155,-0.47676258641713937,-0.3413888558435055,-0.23405897396804928,-0.25418751326862465,-0.6844696400265002,-0.5872759997427865,-0.18245719450624603,-0.5144323816930652,-0.15945125315364114,-0.397316236568382
-0.3079233918913155,3.2681581156114135,0.2610540922616089,-0.25804359335642657,-0.123997632241196,-0.6607998565267934,-0.5199043364523415,-0.16392359193512107,-0.5144323816930652,0.05151165181574272,3.4100594980293506
-0.3079233918913155,-0.47676258641713937,-0.4673463243990423,-0.2406002338012431,-0.2582283243189425,-0.26862403187478734,-0.14444726012459336,-0.18245719450624603,-0.5144323816930652,-0.15945125315364114,-0.397316236568382
-0.3079233918913155,0.7715443142590449,0.12287981656406413,-0.19719624928307175,-0.20649752451851902,-0.6009292276745937,-0.4732698165856784,-0.18060935086435492,-0.5144323816930652,-0.12319870170462074,0.8718090082975287
-0.3079233918913155,0.7715443142590449,-0.3636071579012488,-0.2513660572767079,-0.2506518035995965,-0.6194937637527951,-0.49605447446052997,-0.17642970453150603,-0.5144323816930652,-0.13875300587362613,0.8718090082975287
-0.3079233918913155,-0.47676258641713937,-0.6343461098787251,-0.2613823613962859,-0.2710663177600565,-0.7327374338298241,-0.663061319572882,-0.18245719450624603,-0.5144323816930652,-0.15945125315364114,-0.397316236568382
-0.3079233918913155,-0.47676258641713937,0.020128209192986007,-0.2008075698159808,-0.23364672376284215,-0.8144213925739106,-0.8125302789776695,-0.18245719450624603,-0.5144323816930652,-0.15945125315364114,-0.397316236568382
-0.3079233918913155,-0.47676258641713937,-0.10626896006154372,-0.2100062164564096,-0.23932911430235163,-0.832985928652112,-0.8511951146103198,-0.18245719450624603,-0.5144323816930652,-0.15945125315364114,-0.397316236568382
-0.3079233918913155,-0.47676258641713937,-0.7176879490611326,-0.27746295848622066,-0.2809999782587546,-0.93509087708222,-1.1135465855454338,-0.18245719450624603,-0.5144323816930652,-0.15945125315364114,-0.397316236568382
2.591622583681666,-0.47676258641713937,1.9081331269685868,1.556133938505916,0.8516898692834709,1.0408997785454661,1.172905866344236,-0.18245719450624603,-0.13427546158838477,-0.15945125315364114,-1.0318788590013375
-0.3079233918913155,0.7715443142590449,-0.1713826228950469,-0.2625407094917473,-0.2660994875107075,-0.9706419636719759,-1.3661931059183643,-0.18208322615014902,-0.5144323816930652,-0.15118420172523275,0.8718090082975287
-0.3079233918913155,0.7715443142590449,-0.2588202608970327,-0.2485042560996856,-0.24711609393056838,-0.7410914750650148,-0.6769027970287405,-0.18159926710108232,-0.5144323816930652,-0.13618103431812129,0.8718090082975287
-0.3079233918913155,-0.47676258641713937,-1.2278160854883327,-0.2861846382638124,-0.2863877263258451,-0.985215124493364,-1.4846370848941386,-0.18245719450624603,-0.44900089802616666,-0.15945125315364114,-0.397316236568382
2.591622583681666,-0.47676258641713937,-0.34138127247053285,-0.2504121235510338,-0.26428954089441925,-0.8218472070051912,-0.8277770299099328,-0.18245719450624603,0.3361769059766156,-0.15945125315364114,-1.0318788590013375
-0.3079233918913155,-0.47676258641713937,0.301965447709947,-0.18486324897257095,-0.2237972468276924,-0.8664020935928747,-0.9265712179418177,-0.18245719450624603,-0.5144323816930652,-0.15945125315364114,-0.397316236568382
-0.3079233918913155,-0.47676258641713937,0.9231656763876755,0.023094303224381937,-0.09533312885300368,-0.7605842379471263,-0.7103183518918211,-0.18245719450624603,-0.5144323816930652,-0.15945125315364114,-0.397316236568382
-0.3079233918913155,-0.47676258641713937,1.8816980342895187,1.082914672448302,0.5593624448620381,0.5408214864914902,0.7079895767177526,-0.18245719450624603,1.1867861936462962,-0.15945125315364114,-0.397316236568382
-0.3079233918913155,-0.47676258641713937,-0.25373660685832017,-0.22744957601159307,-0.25010461043653265,-0.7526014874334996,-0.7064278784238516,-0.18245719450624603,0.7287658079780066,-0.15945125315364114,-0.397316236568382
-0.3079233918913155,0.7715443142590449,1.8474964080375278,-0.1630590495285916,0.9916450436825013,0.560653794738472,0.45650689481061724,-0.00955182515786546,3.9512663785727584,1.589244454917687,0.8718090082975287
-0.3079233918913155,2.0198512149352292,-0.15884970714729046,-0.28087667846166864,-0.21133807942254562,-0.7686288702476802,-0.7203393038803622,-0.17812380315229626,-0.5144323816930652,-0.055035331741944075,2.1409342531634397
2.591622583681666,-0.47676258641713937,1.1782267676221252,0.24754128125084418,0.04331720031102797,1.2313904832438913,1.6703115614772557,-0.18245719450624603,-0.15187653069478044,-0.15945125315364114,-1.0318788590013375
2.591622583681666,-0.47676258641713937,1.0288286833950342,0.13375061540257702,-0.026976075251793186,-0.44498712461770135,-0.22680385900927869,-0.18245719450624603,-0.1414729247917436,-0.15945125315364114,-1.0318788590013375
-0.3079233918913155,-0.47676258641713937,-0.06598817970386178,-0.22451963671130834,-0.24829466382024443,-0.5500700177059281,-0.41268325091681013,-0.18245719450624603,-0.5144323816930652,-0.15945125315364114,-0.397316236568382
-0.3079233918913155,-0.47676258641713937,-0.16219664216599755,-0.22009065869925,-0.24555869800492502,-0.6003339502558853,-0.4723837508264483,-0.18245719450624603,-0.5144323816930652,-0.15945125315364114,-0.397316236568382
-0.3079233918913155,-0.47676258641713937,-0.25045917826787145,-0.23215110651670112,-0.2530089433789486,-0.6363674660188909,-0.5196565006632113,-0.18245719450624603,-0.5144323816930652,-0.15945125315364114,-0.397316236568382
-0.3079233918913155,0.7715443142590449,0.23755524572266506,-0.1775724697834903,-0.1931123379143411,-0.5955097467049338,-0.4666696341246875,-0.1784095370049608,-0.5144323816930652,-0.12136157916497445,0.8718090082975287
-0.3079233918913155,-0.47676258641713937,0.6764295012966082,-0.05291377327486479,-0.14228651142206178,-0.609496276540292,-0.48405166951336653,-0.18245719450624603,-0.5144323816930652,-0.15945125315364114,-0.397316236568382
-0.3079233918913155,-0.47676258641713937,-0.12870739503849163,-0.21307243200321918,-0.24122324448218815,-0.35631472263006864,-0.2170773070905592,-0.18245719450624603,-0.5144323816930652,-0.15945125315364114,-0.397316236568382
-0.3079233918913155,2.0198512149352292,-0.6396413491270804,-0.28202821274480383,-0.2620586764603896,-0.798230152976125,-0.755687439037165,-0.17275409510395429,-0.5144323816930652,-0.1277915080537365,2.1409342531634397
2.591622583681666,3.2681581156114135,1.2461879535511362,-0.264687060374514,0.4991711969250118,-0.4770109493525989,0.4339499029434741,0.3121560881426853,-0.04005412510805093,0.9641022733850441,0.8718090082975287
-0.3079233918913155,-0.47676258641713937,0.006581917523654432,-0.1934486525036378,-0.22910081133123456,-0.5403197117219454,-0.4013280860227125,-0.18245719450624603,-0.5144323816930652,-0.15945125315364114,-0.397316236568382
-0.3079233918913155,-0.47676258641713937,-0.7527032871722298,-0.26386258908303856,-0.2725984586166354,-0.9173480426434584,-1.059755855127887,-0.18245719450624603,-0.5144323816930652,-0.15945125315364114,-0.397316236568382
-0.3079233918913155,-0.47676258641713937,0.95797337282948,0.07974433890477073,-0.06033802148598003,-0.6120256927244934,-0.4877082863101637,-0.18245719450624603,-0.5144323816930652,-0.15945125315364114,-0.397316236568382
-0.3079233918913155,-0.47676258641713937,0.24476349693099977,-0.15200023212309835,-0.20349638047802254,-0.6184691127484949,-0.49605447446052997,-0.18245719450624603,-0.5144323816930652,-0.15945125315364114,-0.397316236568382
-0.3079233918913155,-0.47676258641713937,0.5383778079007863,-0.09199098696587146,-0.16642614826953356,-0.5682974329476711,-0.43232173570997257,-0.18245719450624603,-0.5144323816930652,-0.15945125315364114,-0.397316236568382
-0.3079233918913155,-0.47676258641713937,0.5419989095236234,-0.07826115512849073,-0.15794465424204346,-0.5833238302093261,-0.45166259009913823,-0.18245719450624603,-0.5144323816930652,-0.15945125315364114,-0.397316236568382
-0.3079233918913155,-0.47676258641713937,0.1868370020337719,-0.16442181199384032,-0.21116971229544906,-0.5365177875558101,-0.39761052481665043,-0.18245719450624603,-0.5144323816930652,-0.15945125315364114,-0.397316236568382
-0.3079233918913155,-0.47676258641713937,0.04162997382700521,-0.1886108457520049,-0.22611229482527034,-0.6617908630223591,-0.5547872120431808,-0.18245719450624603,-0.5144323816930652,-0.15945125315364114,-0.397316236568382
-0.3079233918913155,-0.47676258641713937,0.9487099701798418,0.06370462468879343,-0.07024642691561363,-0.5500210945840013,-0.41268325091681013,-0.18245719450624603,-0.5144323816930652,-0.15945125315364114,-0.397316236568382
-0.3079233918913155,-0.47676258641713937,-0.3474449892999848,-0.23678449889854672,-0.2558711845395904,-0.7792966219906546,-0.7445112396291909,-0.18245719450624603,-0.5144323816930652,-0.15945125315364114,-0.397316236568382
-0.3079233918913155,0.7715443142590449,-0.3959869821827904,-0.25940635582167526,-0.2445905870241197,-0.7782205472214176,-0.721007071676577,-0.17152411962505706,-0.5144323816930652,-0.12270880236071507,0.8718090082975287
-0.3079233918913155,-0.47676258641713937,-0.3978886144306635,-0.24549255105148596,-0.261250514250326,-0.9110410106966624,-1.0421067012549423,-0.18245719450624603,-0.5144323816930652,-0.15945125315364114,-0.397316236568382
-0.3079233918913155,-0.47676258641713937,0.591217158310038,-0.07952171040884579,-0.15872335220486514,-0.6894416460596652,-0.5949176704757276,-0.18245719450624603,-0.5144323816930652,-0.15945125315364114,-0.397316236568382
-0.3079233918913155,-0.47676258641713937,-0.147625762166638,-0.22029507306903734,-0.2456849733502475,-0.6270294134053288,-0.5069673185379712,-0.18245719450624603,-0.5144323816930652,-0.15945125315364114,-0.397316236568382
-0.3079233918913155,-0.47676258641713937,-0.1412326719826736,-0.21702444315244046,-0.24366456782508855,-0.8153909031931514,-0.814531349215921,-0.18245719450624603,-0.5144323816930652,-0.15945125315364114,-0.397316236568382
-0.3079233918913155,-0.47676258641713937,0.40916334792040215,-0.14404851313837214,-0.19858426954497987,-0.6304750729854017,-0.5118023189998963,-0.18245719450624603,-0.5144323816930652,-0.15945125315364114,-0.397316236568382
-0.3079233918913155,-0.47676258641713937,0.006365636565068145,-0.19637859180392253,-0.2309107579475228,-0.6850748717494538,-0.5884425915226829,-0.18245719450624603,-0.5144323816930652,-0.15945125315364114,-0.397316236568382
-0.3079233918913155,-0.47676258641713937,-0.36964558837518985,-0.23741818344488735,-0.25626263811009,-0.8987916081288014,-1.0088969698813703,-0.18245719450624603,-0.5144323816930652,-0.15945125315364114,-0.397316236568382
-0.3079233918913155,-0.47676258641713937,-0.5968820790494408,-0.26131422327302345,-0.27102422597828235,-0.8559616175640198,-0.9023750198067942,-0.18245719450624603,-0.5144323816930652,-0.15945125315364114,-0.397316236568382
-0.3079233918913155,-0.47676258641713937,-0.6102140895460839,-0.25824800772621387,-0.2691300957984459,-0.9291974370088961,-1.0954909954092888,-0.18245719450624603,-0.5144323816930652,-0.15945125315364114,-0.397316236568382
-0.3079233918913155,-0.47676258641713937,-0.4139779217058751,-0.24414341621088972,-0.26041709697119797,-0.987668164319686,-1.5055653535739122,-0.18245719450624603,-0.5144323816930652,-0.15945125315364114,-0.397316236568382
-0.3079233918913155,4.516465016287598,0.07633165181748006,-0.27030845554366495,-0.14230755731294883,-0.8526643368950055,-0.8716112260648189,-0.1745586557030693,-0.5144323816930652,0.03589611022874913,4.679184742895261
-0.3079233918913155,-0.47676258641713937,1.1684383840009485,0.186012555944865,0.005308321368975561,-0.64156843961423,-0.5266520285737247,-0.18245719450624603,-0.5144323816930652,-0.15945125315364114,-0.397316236568382
-0.3079233918913155,-0.47676258641713937,-0.790738616931386,-0.2638353338337336,-0.2725816219039257,-0.822829298810532,-0.8298525819709522,-0.18245719450624603,-0.5144323816930652,-0.15945125315364114,-0.397316236568382
-0.3079233918913155,-0.47676258641713937,-0.5822544496912142,-0.25354647722110585,-0.26622576285602995,-0.9570393865000137,-1.2650657814396513,-0.18245719450624603,-0.5144323816930652,-0.15945125315364114,-0.397316236568382
-0.3079233918913155,0.7715443142590449,-0.40019936898507685,-0.25749848837032707,-0.2508622625084672,-0.9530644092979184,-1.2278909740501458,-0.17956223946728334,-0.5144323816930652,-0.13354782534462825,0.8718090082975287
-0.3079233918913155,-0.47676258641713937,-0.7849451486034904,-0.2669696875038056,-0.27451784386553635,-0.9443990779217684,-1.1752913384410113,-0.18245719450624603,-0.5144323816930652,-0.15945125315364114,-0.397316236568382
-0.3079233918913155,-0.47676258641713937,-0.6921071757761718,-0.26151863764281075,-0.27115050132360485,-0.9556067296911478,-1.2534477320803525,-0.18245719450624603,-0.5144323816930652,-0.15945125315364114,-0.397316236568382
-0.3079233918913155,-0.47676258641713937,0.5634560860692529,-0.07652363298529863,-0.15687131380680278,-0.6418045916518663,-0.527156215351989,-0.18245719450624603,-0.5144323816930652,-0.15945125315364114,-0.397316236568382
-0.3079233918913155,-0.47676258641713937,0.24062797363898608,-0.1607423533376688,-0.20889675607964528,-0.9296055003635237,-1.0974591067209494,-0.18245719450624603,-0.5144323816930652,-0.15945125315364114,-0.397316236568382
-0.3079233918913155,-0.47676258641713937,-1.341923208583359,-0.2834931823949462,-0.28472510094576636,-0.9642080783937041,-1.3183947697380696,-0.18245719450624603,-0.5144323816930652,-0.15945125315364114,-0.397316236568382
-0.3079233918913155,-0.47676258641713937,-0.8371957314783574,-0.2690819693249411,-0.27582268910053487,-0.8725819974530605,-0.9412472108436082,-0.18245719450624603,-0.5144323816930652,-0.15945125315364114,-0.397316236568382
-0.3079233918913155,-0.47676258641713937,-1.2443584824326384,-0.2799091171113421,-0.2825110732244464,1.5618392254358773,1.3726261113560743,-0.18245719450624603,-0.44245774965947676,-0.15945125315364114,-0.397316236568382
-0.3079233918913155,0.7715443142590449,-0.23695977518533898,-0.24305320623869076,-0.23827681975799805,-0.6009292276745937,0.18562495327837122,-0.019560978218108926,-0.5144323816930652,-0.128220169979654,0.8718090082975287
-0.3079233918913155,-0.47676258641713937,1.167631241976084,0.22092653030453685,0.026876150350047128,-0.6248218951380018,-0.504092923155166,-0.18245719450624603,-0.5144323816930652,-0.15945125315364114,-0.397316236568382
-0.3079233918913155,-0.47676258641713937,1.0124145599254182,0.09341284643121525,-0.05189441006208668,-0.7509562852510742,-0.6934645999993106,-0.18245719450624603,-0.5144323816930652,-0.15945125315364114,-0.397316236568382
-0.3079233918913155,-0.47676258641713937,-0.042311135603362644,-0.21068759768903395,-0.23975003212009313,-0.8660478952396777,-0.9252622250675275,-0.18245719450624603,-0.5144323816930652,-0.15945125315364114,-0.397316236568382
-0.3079233918913155,-0.47676258641713937,1.8540970895233233,1.0835960536809266,0.5597833626797797,1.0547996834708027,1.5940605145600883,-0.18245719450624603,5.505264115661599,-0.15945125315364114,-0.397316236568382
-0.3079233918913155,0.7715443142590449,-0.3281124218186516,-0.24305320623869076,-0.2597436284628117,-0.7847181348487882,-0.7432406881246524,-0.18036737133982159,-0.31486635650902467,-0.15945125315364114,0.8718090082975287
-0.3079233918913155,-0.47676258641713937,1.714045940054329,0.8199015166553015,0.39688816721384085,0.6855931225447682,1.636109157196883,-0.18245719450624603,2.1028269649828757,-0.15945125315364114,-0.397316236568382
-0.3079233918913155,-0.47676258641713937,0.5617449708482405,-0.07472478653117035,-0.15576009076796538,-0.5834323844775897,-0.45166259009913823,-0.18245719450624603,-0.5144323816930652,-0.15945125315364114,-0.397316236568382
-0.3079233918913155,2.0198512149352292,-0.04470140458267232,-0.2634946432174214,-0.19955238052578522,-0.7432573376074716,-0.6767825316413069,-0.17795876789814175,-0.5144323816930652,-0.05351052003403765,2.1409342531634397
-0.3079233918913155,-0.47676258641713937,-0.14513556385396106,-0.21863931667376016,-0.24466214305313577,-0.5698445772505316,-0.8883892238830385,-0.18245719450624603,-0.5144323816930652,-0.15945125315364114,-0.397316236568382
-0.3079233918913155,-0.47676258641713937,0.019450309412858566,-0.1978776305156961,-0.23183677714655396,-0.8064386420602839,-0.795897001476363,-0.18245719450624603,-0.5144323816930652,-0.15945125315364114,-0.397316236568382
-0.3079233918913155,-0.47676258641713937,-0.1815271648176023,-0.23603497954265992,-0.2554081749400748,-0.7394716153307896,-0.6743844580874684,-0.18245719450624603,-0.5144323816930652,-0.15945125315364114,-0.397316236568382
-0.3079233918913155,-0.47676258641713937,-0.05509429745904036,-0.20090977700087445,-0.23370986143550337,-0.8447307174261098,-0.8771660111901984,-0.18245719450624603,-0.5144323816930652,-0.15945125315364114,-0.397316236568382
-0.3079233918913155,-0.47676258641713937,-0.32261699191454135,-0.22568479861909602,-0.2490144332885823,-0.5574189638191234,-0.4204283404444091,-0.18245719450624603,-0.5144323816930652,-0.15945125315364114,-0.397316236568382
-0.3079233918913155,-0.47676258641713937,0.269615487659225,-0.14473670818332274,-0.19900939654089875,-0.3947844104819156,-0.2521584630605627,-0.18245719450624603,-0.5144323816930652,-0.15945125315364114,-0.397316236568382
-0.3079233918913155,-0.47676258641713937,0.2693971836361746,-0.16921873587151576,-0.21413297373234882,-0.7132876478487337,-0.6314696389706832,-0.18245719450624603,-0.5144323816930652,-0.15945125315364114,-0.397316236568382
-0.3079233918913155,-0.47676258641713937,0.1983366266835504,-0.1603335245980942,-0.2086442053890004,-0.6084854431201947,-0.4831424889772249,-0.18245719450624603,-0.5144323816930652,-0.15945125315364114,-0.397316236568382
-0.3079233918913155,-0.47676258641713937,0.9056363419158774,0.03234746036342065,-0.08961706488807487,-0.6866007188165253,-0.590785582983491,-0.18245719450624603,-0.5144323816930652,-0.15945125315364114,-0.397316236568382
-0.3079233918913155,-0.47676258641713937,-0.5673037756893284,-0.2507664417919985,-0.2645084181596449,-0.43013433918454247,-0.2847637636128284,-0.18245719450624603,-0.5144323816930652,-0.15945125315364114,-0.397316236568382
-0.3079233918913155,3.2681581156114135,-0.14970638334823372,-0.27030845554366495,-0.20460339433868255,-0.6891107740460507,-0.5918147837747958,-0.1780746577066951,-0.5144323816930652,-0.05473526839380185,3.4100594980293506
-0.3079233918913155,-0.47676258641713937,-0.22139731422630557,-0.22649564228591895,-0.24951532549169458,-0.566426489719442,-0.43232173570997257,-0.18245719450624603,-0.5144323816930652,-0.15945125315364114,-0.397316236568382
-0.3079233918913155,-0.47676258641713937,-0.7064728301657511,-0.2622000188754351,-0.27157141914134625,-0.584487071044811,-0.45292801582073317,-0.18245719450624603,-0.5144323816930652,-0.15945125315364114,-0.397316236568382
-0.3079233918913155,-0.47676258641713937,-0.3764155915449946,-0.24175858189670452,-0.25894388460910295,-0.6311536550468537,-0.5127760630530935,-0.18245719450624603,-0.5144323816930652,-0.15945125315364114,-0.397316236568382
-0.3079233918913155,-0.47676258641713937,0.32224221985573853,-0.14432106563142189,-0.19875263667207646,-0.6286895786038333,-0.5093778317351372,-0.18245719450624603,-0.5144323816930652,-0.15945125315364114,-0.397316236568382
-0.3079233918913155,-0.47676258641713937,-0.544241931010033,-0.2510253666603957,-0.2646683669303866,-0.6368010389025437,-0.5201523191942162,-0.18245719450624603,-0.5144323816930652,-0.15945125315364114,-0.397316236568382
-0.3079233918913155,-0.47676258641713937,-0.09056379318803291,-0.207192111965671,-0.23759072371507947,-0.6413038077217961,-0.5261484488838413,-0.18245719450624603,-0.5144323816930652,-0.15945125315364114,-0.397316236568382
-0.3079233918913155,-0.47676258641713937,-0.0450213197508579,-0.21038778994667923,-0.23956482828028688,-0.6977210912759864,-0.6075646824086538,-0.18245719450624603,-0.5144323816930652,-0.15945125315364114,-0.397316236568382
-0.3079233918913155,-0.47676258641713937,-0.3842307848614508,-0.2433257587317405,-0.25991199558990824,-0.5743417952734965,-0.440442823538469,-0.18245719450624603,-0.5144323816930652,-0.15945125315364114,-0.397316236568382
-0.3079233918913155,-0.47676258641713937,-0.687088279426235,-0.26110980890323615,-0.27089795063295996,-0.6148491488827301,-0.49093426392879147,-0.18245719450624603,-0.5144323816930652,-0.15945125315364114,-0.397316236568382
-0.3079233918913155,-0.47676258641713937,-0.7466691373589347,-0.2690819693249411,-0.27582268910053487,-0.44052386484413064,-0.29622264155939015,-0.18245719450624603,-0.5144323816930652,-0.15945125315364114,-0.397316236568382
-0.3079233918913155,0.7715443142590449,-0.5684523026330277,-0.26485740568267013,-0.2622691353692604,-0.8181342997895508,-0.7973383224270357,-0.173063989326633,-0.5144323816930652,-0.1435295244767065,0.8718090082975287
-0.3079233918913155,-0.47676258641713937,-0.18169279434833913,-0.22049948743882467,-0.24581124869556992,-0.33076970935075223,-0.19370682073790693,-0.18245719450624603,-0.5144323816930652,-0.15945125315364114,-0.397316236568382
-0.3079233918913155,-0.47676258641713937,0.03504563588372247,-0.20223847040449194,-0.2345306511800992,-0.6189448902484679,-0.49652307157612846,-0.18245719450624603,-0.5144323816930652,-0.15945125315364114,-0.397316236568382
-0.3079233918913155,-0.47676258641713937,0.22346822905512415,-0.16026538647483174,-0.20860211360722625,-0.40246826082596154,-0.26007458990386484,-0.18245719450624603,-0.5144323816930652,-0.15945125315364114,-0.397316236568382
-0.3079233918913155,-0.47676258641713937,-0.373774011059308,-0.23399083584478686,-0.2541454214868505,-0.48846089802105636,-0.34548220217270376,-0.18245719450624603,-0.5144323816930652,-0.15945125315364114,-0.397316236568382
-0.3079233918913155,-0.47676258641713937,-0.5196026765664304,-0.2489130848392602,-0.2633635216953881,-0.5900669468215061,-0.45974238868355,-0.18245719450624603,-0.5144323816930652,-0.15945125315364114,-0.397316236568382
-0.3079233918913155,-0.47676258641713937,-0.45902855496405914,-0.25524993030266674,-0.2672780574003835,-0.9417200241509625,-1.1567005941922839,-0.18245719450624603,-0.5144323816930652,-0.15945125315364114,-0.397316236568382
-0.3079233918913155,-0.47676258641713937,0.29836218310735024,-0.14847749115043044,-0.20132023536029928,-0.44376453852973535,-0.2991370985239033,-0.18245719450624603,-0.5144323816930652,-0.15945125315364114,-0.397316236568382
-0.3079233918913155,-0.47676258641713937,0.5537929630179917,-0.09519347875920595,-0.16840446201291837,-0.16187794942512904,-0.06384143019625507,-0.18245719450624603,-0.5144323816930652,-0.15945125315364114,-0.397316236568382
-0.3079233918913155,-0.47676258641713937,-0.4617101386417397,-0.24434783058067705,-0.2605433723165204,-0.6390368680873899,-0.523139638194863,-0.18245719450624603,-0.5144323816930652,-0.15945125315364114,-0.397316236568382
-0.3079233918913155,-0.47676258641713937,-0.48271830242851216,-0.2500714329347216,-0.2640790819855486,-0.7122109381723629,-0.6301768315056298,-0.18245719450624603,-0.5144323816930652,-0.15945125315364114,-0.397316236568382
-0.3079233918913155,2.0198512149352292,0.7703358356650072,-0.22942558158620371,-0.008455691271169635,-0.8144213925739106,-0.8062559925247685,-0.1783586474765358,-0.5144323816930652,0.19388864863833127,2.1409342531634397
-0.3079233918913155,-0.47676258641713937,-0.431757132806391,-0.24448410682720192,-0.26062755588006875,-0.5464953828679054,-0.40886383732190545,-0.18245719450624603,-0.5144323816930652,-0.15945125315364114,-0.397316236568382
-0.3079233918913155,-0.47676258641713937,-0.9495766401439781,-0.2773948203629582,-0.2809578864769805,-0.9271081265685935,-1.0896416289834046,-0.18245719450624603,-0.5144323816930652,-0.15945125315364114,-0.397316236568382
-0.3079233918913155,-0.47676258641713937,0.4265536120050246,-0.1212903799687187,-0.18452561443241566,-0.7590542788353135,-0.7079797276326578,-0.18245719450624603,-0.5144323816930652,-0.15945125315364114,-0.397316236568382
-0.3079233918913155,-0.47676258641713937,-0.4632603211496507,-0.24032768130819335,-0.25805995719184593,-0.866611859855383,-0.9278843206905868,-0.18245719450624603,-0.5144323816930652,-0.15945125315364114,-0.397316236568382
-0.3079233918913155,-0.47676258641713937,0.28933714609837413,-0.15484840567546815,-0.20525581695618175,-0.4640083408576121,-0.3201275981214197,-0.18245719450624603,-0.5144323816930652,-0.15945125315364114,-0.397316236568382
-0.3079233918913155,-0.47676258641713937,-0.9068523006873239,-0.26976335055756545,-0.2762436069182763,-0.805375040802838,-0.7939829346025779,-0.18245719450624603,-0.5144323816930652,-0.15945125315364114,-0.397316236568382
-0.3079233918913155,-0.47676258641713937,1.3181333957751988,0.3434933864290057,0.10259084740537808,0.4953149353730979,0.2943092043681632,-0.18245719450624603,-0.5144323816930652,-0.15945125315364114,-0.397316236568382
-0.3079233918913155,-0.47676258641713937,-0.5610850346115366,-0.2525925434954317,-0.2656364779111919,-0.37164235547994295,-0.23175329999234975,-0.18245719450624603,-0.5144323816930652,-0.15945125315364114,-0.397316236568382
-0.3079233918913155,-0.47676258641713937,-0.5932687875149971,-0.25565875904224133,-0.2675306080910284,-0.6598251868229765,-0.5521011213587583,-0.18245719450624603,-0.5144323816930652,-0.15945125315364114,-0.397316236568382
-0.3079233918913155,-0.47676258641713937,-0.15734141121573628,-0.23242365900975084,-0.25317731050604514,-0.8639853938459257,-0.9213596504180952,-0.18245719450624603,-0.5144323816930652,-0.15945125315364114,-0.397316236568382
-0.3079233918913155,0.7715443142590449,0.06079785566898967,-0.22601867542308193,-0.20376155870319965,-0.6380582998309966,-0.5196565006632112,-0.17647370080869393,-0.5144323816930652,-0.09331484172637422,0.8718090082975287
-0.3079233918913155,-0.47676258641713937,1.1061962293961178,0.16475346148698514,-0.007824314544557492,-0.04875562272526789,0.012131820044918943,-0.18245719450624603,-0.5144323816930652,-0.15945125315364114,-0.397316236568382
-0.3079233918913155,-0.47676258641713937,-0.5043881483189459,-0.2490493610857851,-0.2634477052589364,-0.8247852713269067,-0.834034845642566,-0.18245719450624603,-0.5144323816930652,-0.15945125315364114,-0.397316236568382
-0.3079233918913155,-0.47676258641713937,0.48861201286164707,-0.11372704828658838,-0.17985342665548565,-0.3204924861392619,-0.18694296093535048,-0.18245719450624603,-0.5144323816930652,-0.15945125315364114,-0.397316236568382
-0.3079233918913155,-0.47676258641713937,-0.11140393005943822,-0.21722885752222776,-0.24379084317041097,-0.7500431514149958,-0.691965591649306,-0.18245719450624603,-0.5144323816930652,-0.15945125315364114,-0.397316236568382
-0.3079233918913155,-0.47676258641713937,-0.43038566458403854,-0.2486405323462105,-0.26319515456829157,-0.7104664714155273,-0.6269621893764165,-0.18245719450624603,-0.5144323816930652,-0.15945125315364114,-0.397316236568382
-0.3079233918913155,-0.47676258641713937,0.09757940628209046,-0.18390931524689683,-0.22320796188285433,-0.06499276004441744,0.0022908276050534774,-0.18245719450624603,-0.5144323816930652,-0.15945125315364114,-0.397316236568382
-0.3079233918913155,-0.47676258641713937,-1.0246457602401486,-0.2758276435279222,-0.27998977549617515,-0.8901648037343746,-0.985613246361616,-0.18245719450624603,-0.5144323816930652,-0.15945125315364114,-0.397316236568382
-0.3079233918913155,-0.47676258641713937,-0.013442547798335045,-0.20659931029328782,-0.23722452521364445,-0.6164115847939582,-0.49325386433934526,-0.18245719450624603,-0.5144323816930652,-0.15945125315364114,-0.397316236568382
-0.3079233918913155,-0.47676258641713937,-0.3366488866993953,-0.23494476957046098,-0.2547347064316885,-0.686215020158511,-0.5901986034037422,-0.18245719450624603,-0.5144323816930652,-0.15945125315364114,-0.397316236568382
-0.3079233918913155,-0.47676258641713937,-0.8068584238288022,-0.2683324499690543,-0.27535967950101925,-0.9956522737573538,-1.575478781813759,-0.18245719450624603,-0.5144323816930652,-0.15945125315364114,-0.397316236568382
-0.3079233918913155,3.2681581156114135,0.0772814631444653,-0.25804359335642657,-0.18543479691873718,-0.7926080626820239,0.38565782734736564,0.2676253113874609,-0.5144323816930652,-0.03787048347984878,3.4100594980293506
-0.3079233918913155,-0.47676258641713937,0.3048203978915595,-0.15556385596972372,-0.2056977806648103,-0.7383150632976538,-0.6722378859743292,-0.18245719450624603,-0.5144323816930652,-0.15945125315364114,-0.397316236568382
-0.3079233918913155,-0.47676258641713937,-0.7671379887806455,-0.26942265994125325,-0.2760331480094056,-0.9051841464723198,-1.026835203650632,-0.18245719450624603,-0.5144323816930652,-0.15945125315364114,-0.397316236568382
-0.3079233918913155,-0.47676258641713937,0.18069674154829557,-0.15856193339327088,-0.20754981906287265,-0.6510109381642216,-0.5394427160353276,-0.18245719450624603,-0.5144323816930652,-0.15945125315364114,-0.397316236568382
-0.3079233918913155,-0.47676258641713937,-1.2461039330124237,-0.2800522071701932,-0.2825994659661721,-0.9505897919113127,-1.2177743321379988,-0.18245719450624603,-0.5144323816930652,-0.15945125315364114,-0.397316236568382
-0.3079233918913155,-0.47676258641713937,0.5951066289268513,-0.05826261595096594,-0.14559071629133208,-0.3177683112635178,-0.1847124336112664,-0.18245719450624603,-0.5144323816930652,-0.15945125315364114,-0.397316236568382
-0.3079233918913155,-0.47676258641713937,-0.316002024299602,-0.23508104581698583,-0.2548188899952368,-0.700233053083367,-0.6112494893458407,-0.18245719450624603,-0.5144323816930652,-0.15945125315364114,-0.397316236568382
-0.3079233918913155,-0.47676258641713937,0.7852557247169426,-0.014040973953645355,-0.11827314991991238,-0.7403405247290227,-0.6758216515358746,-0.18245719450624603,-0.5144323816930652,-0.15945125315364114,-0.397316236568382
-0.3079233918913155,-0.47676258641713937,0.5157326524436131,-0.10180287671566217,-0.17248736484501037,-0.6040869123145679,-0.4772805089497258,-0.18245719450624603,-0.5144323816930652,-0.15945125315364114,-0.397316236568382
-0.3079233918913155,-0.47676258641713937,-0.1380034531002349,-0.20993807833314718,-0.23928702252057749,-0.7488025558705802,-0.6897271052245789,-0.18245719450624603,-0.5144323816930652,-0.15945125315364114,-0.397316236568382
-0.3079233918913155,-0.47676258641713937,0.7074234933585406,-0.02093655202780383,-0.12253283823545578,-0.33452813495240263,-0.19827760811256934,-0.18245719450624603,-0.5144323816930652,-0.15945125315364114,-0.397316236568382
-0.3079233918913155,0.7715443142590449,0.36115691024841257,-0.15378545095257415,-0.18543058774055976,-0.028213289662078363,-0.4375824702555498,-0.1629668437120138,-0.5144323816930652,-0.13156373300181026,0.8718090082975287
-0.3079233918913155,-0.47676258641713937,-0.08709856371487502,-0.21164153141470807,-0.24033931706493114,-0.6359386864984535,-0.5191612692472413,-0.18245719450624603,-0.5144323816930652,-0.15945125315364114,-0.397316236568382
-0.3079233918913155,-0.47676258641713937,0.7044779746288435,-0.03761676460244802,-0.13283690641376633,-0.41057356883741564,-0.26543649516684525,-0.18245719450624603,-0.5144323816930652,-0.15945125315364114,-0.397316236568382
-0.3079233918913155,-0.47676258641713937,-0.8764139257372806,-0.2676442549241037,-0.2749345525051004,-0.6647726895249718,-0.559121166701894,-0.18245719450624603,-0.5144323816930652,-0.15945125315364114,-0.397316236568382
-0.3079233918913155,-0.47676258641713937,0.3347477186709141,-0.12836993097568575,-0.18889895055874925,-0.5128043049946288,-0.3690029392479775,-0.18245719450624603,-0.5144323816930652,-0.15945125315364114,-0.397316236568382
-0.3079233918913155,-0.47676258641713937,0.5166306407718957,-0.09658349647375962,-0.1692631343611109,-0.5727490991684611,-0.440442823538469,-0.18245719450624603,-0.5144323816930652,-0.15945125315364114,-0.397316236568382
-0.3079233918913155,-0.47676258641713937,0.6881234654293884,-0.027975220160813413,-0.1268809192927249,-0.4862706559110038,-0.3422275329695335,-0.18245719450624603,-0.5144323816930652,-0.15945125315364114,-0.397316236568382
-0.3079233918913155,-0.47676258641713937,0.26171202324743387,-0.15495061286036177,-0.20531895462884298,-0.6786087732881791,-0.5786287678801711,-0.18245719450624603,-0.5144323816930652,-0.15945125315364114,-0.397316236568382
-0.3079233918913155,-0.47676258641713937,-0.24139967921624475,-0.2273746240760044,-0.25005830947658103,-0.7676579239709828,-0.7230167962643275,-0.18245719450624603,-0.5144323816930652,-0.15945125315364114,-0.397316236568382
-0.3079233918913155,-0.47676258641713937,-0.33141368040982705,-0.23242365900975084,-0.25317731050604514,-0.6034057943374876,-0.4763859142088,-0.18245719450624603,-0.5144323816930652,-0.15945125315364114,-0.397316236568382
-0.3079233918913155,-0.47676258641713937,-0.1014135877441408,-0.21143711704492074,-0.24021304171960867,-0.6003803021895654,-0.47282654904877397,-0.18245719450624603,-0.5144323816930652,-0.15945125315364114,-0.397316236568382
-0.3079233918913155,2.0198512149352292,0.3514994855048325,-0.23964630007556897,-0.12631268023877396,-0.5613248840410971,-0.4191274906182783,-0.1714996333584257,-0.5144323816930652,0.03160949096957442,2.1409342531634397
-0.3079233918913155,-0.47676258641713937,0.8049498031809457,-0.006205089778465314,-0.11343259501588579,-0.49399626160959675,-0.34876239845385165,-0.18245719450624603,-0.5144323816930652,-0.15945125315364114,-0.397316236568382
-0.3079233918913155,-0.47676258641713937,-0.6767838622631063,-0.25845242209600117,-0.2692563711437683,-0.721429721067437,-0.6446223858749948,-0.18245719450624603,-0.5144323816930652,-0.15945125315364114,-0.397316236568382
-0.3079233918913155,-0.47676258641713937,-0.5988083394603713,-0.25787324804827044,-0.26889859099868807,-0.7495802298562569,-0.6912180974701244,-0.18245719450624603,-0.5144323816930652,-0.15945125315364114,-0.397316236568382
-0.3079233918913155,-0.47676258641713937,-0.4256699873517197,-0.2458128002308194,-0.26144834562466457,-0.9184816860390737,-1.0633768550801428,-0.18245719450624603,-0.5144323816930652,-0.15945125315364114,-0.397316236568382
-0.3079233918913155,-0.47676258641713937,-0.189336322369479,-0.22451963671130834,-0.24829466382024443,-0.6437455658795433,-0.5296863070484592,-0.18245719450624603,-0.5144323816930652,-0.15945125315364114,-0.397316236568382
-0.3079233918913155,-0.47676258641713937,-0.015164863841864698,-0.20273587870430773,-0.23483792118705044,-0.6614079434753957,-0.5542486119920275,-0.18245719450624603,-0.5144323816930652,-0.15945125315364114,-0.397316236568382
-0.3079233918913155,-0.47676258641713937,0.6468324111127256,-0.05416070093056735,-0.1430567910285286,-0.5762275752789594,-0.44456327935037987,-0.18245719450624603,-0.5144323816930652,-0.15945125315364114,-0.397316236568382
-0.3079233918913155,-0.47676258641713937,0.316946954550186,-0.14289016504291072,-0.19786870925481945,-0.7329264560797187,-0.663061319572882,-0.18245719450624603,-0.5144323816930652,-0.15945125315364114,-0.397316236568382
-0.3079233918913155,-0.47676258641713937,-0.9422816450410016,-0.2741923285696238,-0.2789795727335957,-0.7218763243989631,-0.6452910077311047,-0.18245719450624603,-0.5144323816930652,-0.15945125315364114,-0.397316236568382
-0.3079233918913155,-0.47676258641713937,0.6569540324797921,-0.05615033412983045,-0.14428587105633361,-0.6378030281776533,-0.5216433114397616,-0.18245719450624603,-0.5144323816930652,-0.15945125315364114,-0.397316236568382
-0.3079233918913155,0.7715443142590449,-0.7090070139251895,-0.2730339804741624,-0.2664783135466748,-0.8255601142208314,-0.8324615915669472,-0.1795314420732518,-0.5144323816930652,-0.1423047761169423,0.8718090082975287
-0.3079233918913155,-0.47676258641713937,0.2126746730175179,-0.15454859793311343,-0.20507061311637553,-0.5796515774712435,-0.4487247353958337,-0.18245719450624603,-0.5144323816930652,-0.15945125315364114,-0.397316236568382
-0.3079233918913155,-0.47676258641713937,-0.4588476314124384,-0.24571059304592574,-0.2613852079520033,-0.5840293345609988,-0.4525057816789441,-0.18245719450624603,-0.5144323816930652,-0.15945125315364114,-0.397316236568382
-0.3079233918913155,-0.47676258641713937,-0.7495221754416088,-0.26431230069657063,-0.27287626437634477,-0.6956251217365926,-0.6045186173633943,-0.18245719450624603,-0.5144323816930652,-0.15945125315364114,-0.397316236568382
-0.3079233918913155,-0.47676258641713937,-0.3975758360198736,-0.24393900184110243,-0.2602908216258756,-0.45976910305380436,-0.31402204615495616,-0.18245719450624603,-0.5144323816930652,-0.15945125315364114,-0.397316236568382
-0.3079233918913155,-0.47676258641713937,-0.34699462722922086,-0.24162230565017961,-0.2588597010455546,-0.8303381134261646,-0.8457565089461357,-0.18245719450624603,-0.5144323816930652,-0.15945125315364114,-0.397316236568382
-0.3079233918913155,-0.47676258641713937,-0.19748244220858371,-0.2292893053396788,-0.25124108854443455,-0.8547034451168455,-0.8999076210162436,-0.18245719450624603,-0.5144323816930652,-0.15945125315364114,-0.397316236568382
-0.3079233918913155,-0.47676258641713937,0.1793507097173545,-0.16953217123852296,-0.21432659592850992,-0.6528210639722586,-0.5420484745079748,-0.18245719450624603,-0.5144323816930652,-0.15945125315364114,-0.397316236568382
-0.3079233918913155,-0.47676258641713937,0.06882305340888116,-0.18602159706803234,-0.22451280711785285,-0.5957786048140059,-0.4666696341246875,-0.18245719450624603,-0.5144323816930652,-0.15945125315364114,-0.397316236568382
-0.3079233918913155,-0.47676258641713937,-0.08670252186376907,-0.22383825547868397,-0.24787374600250298,-0.7347586458388847,-0.6665669803499235,-0.18245719450624603,-0.5144323816930652,-0.15945125315364114,-0.397316236568382
-0.3079233918913155,-0.47676258641713937,-0.2514609664079203,-0.2275177141348555,-0.25014670221830676,-0.3970884142126019,-0.2547805586836218,-0.18245719450624603,-0.5144323816930652,-0.15945125315364114,-0.397316236568382
-0.3079233918913155,2.0198512149352292,-0.4036731200994558,-0.26710596375033047,-0.24408548564282997,-0.268005214005514,-0.3221827515538814,-0.16453084851304323,-0.5144323816930652,-0.11505412511218881,2.1409342531634397
-0.3079233918913155,0.7715443142590449,0.15265635805660863,-0.22329315049258452,-0.19702687361933655,-0.744804382280655,-0.6561369415001208,-0.1682463969745598,-0.5144323816930652,-0.085966351567789,0.8718090082975287
-0.3079233918913155,-0.47676258641713937,-0.7096332831618611,-0.2628268896094495,-0.2719586635336684,-0.9783838690332457,-1.4283557789517867,-0.18245719450624603,-0.5144323816930652,-0.15945125315364114,-0.397316236568382
-0.3079233918913155,0.7715443142590449,0.5455682543308348,-0.23521732206351068,-0.10097342761073903,-0.6418397528831984,-0.5266520285737247,-0.18025738064685187,-0.5144323816930652,0.06449398442924327,0.8718090082975287
-0.3079233918913155,0.7715443142590449,0.08750476993872919,-0.25245626724890685,-0.21984061934092278,-0.7927937080428058,-0.7631598280330905,-0.17680367288760304,-0.5144323816930652,-0.09294741721844493,0.8718090082975287
-0.3079233918913155,-0.47676258641713937,-0.23733693425311983,-0.22826723349074227,-0.2506097118178224,-0.8671154804465662,-0.9278843206905868,-0.18245719450624603,-0.5144323816930652,-0.15945125315364114,-0.397316236568382
-0.3079233918913155,-0.47676258641713937,-0.3939017687573206,-0.24993515668819674,-0.2639948984220003,-0.8766071768736188,-0.952253711372436,-0.18245719450624603,-0.5144323816930652,-0.15945125315364114,-0.397316236568382
-0.3079233918913155,-0.47676258641713937,-0.3840185892575619,-0.2421674106362791,-0.2591964352997478,-0.7261281081162525,-0.6520366843253835,-0.18245719450624603,-0.5144323816930652,-0.15945125315364114,-0.397316236568382
-0.3079233918913155,-0.47676258641713937,-0.2962120283407791,-0.2302432390653529,-0.25183037348927256,-0.6614622113272596,-0.5542486119920275,-0.18245719450624603,-0.5144323816930652,-0.15945125315364114,-0.397316236568382
-0.3079233918913155,-0.47676258641713937,0.06843522961198453,-0.19760507802264635,-0.23166841001945734,-0.6018364728398281,-0.4746024450586783,-0.18245719450624603,-0.5144323816930652,-0.15945125315364114,-0.397316236568382
-0.3079233918913155,-0.47676258641713937,-0.8021325510304963,-0.2672831228708128,-0.27471146606169744,-0.88255323998091,-0.9664321160157459,-0.18245719450624603,-0.5144323816930652,-0.15945125315364114,-0.397316236568382
-0.3079233918913155,0.7715443142590449,-0.8068864961123298,-0.27030845554366495,-0.27279208081279643,-0.8608327327694143,-0.9017568040520682,-0.17702365427354247,-0.5144323816930652,-0.15393988553470223,0.8718090082975287
-0.3079233918913155,-0.47676258641713937,0.7673024471903503,-0.015676288911943812,-0.11928335268249184,-0.4360476971486248,-0.29045395862597556,-0.18245719450624603,-0.5144323816930652,-0.15945125315364114,-0.397316236568382
-0.3079233918913155,-0.47676258641713937,0.6337673040208441,-0.061669522114087716,-0.1476953053800393,-0.4490158647162793,-0.30502765902831563,-0.18245719450624603,-0.5144323816930652,-0.15945125315364114,-0.397316236568382
-0.3079233918913155,-0.47676258641713937,-0.4944461211214143,-0.245438040552876,-0.26121684082490676,-0.7318199001986951,-0.6616672420090071,-0.18245719450624603,-0.5144323816930652,-0.15945125315364114,-0.397316236568382
-0.3079233918913155,-0.47676258641713937,-0.9392207413625493,-0.27276142798111264,-0.2780956453163386,-0.9011177760591114,-1.0153312949764985,-0.18245719450624603,-0.5144323816930652,-0.15945125315364114,-0.397316236568382
-0.3079233918913155,0.7715443142590449,-1.1580011270195272,-0.2885013344547352,-0.27756949804416187,-0.7801128702976213,-0.740290993102915,-0.1770456524121364,-0.5144323816930652,-0.14453994187351196,0.8718090082975287
-0.3079233918913155,-0.47676258641713937,-0.24111813267791937,-0.23051579155840266,-0.2519987406163691,-0.6531092746819654,-0.5425715801195352,-0.18245719450624603,-0.5144323816930652,-0.15945125315364114,-0.397316236568382
-0.3079233918913155,-0.47676258641713937,0.7195976066529228,-0.054671736855035596,-0.14337247939183467,-0.7980957952403483,-0.7799000255372416,-0.18245719450624603,-0.5144323816930652,-0.15945125315364114,-0.397316236568382
-0.3079233918913155,-0.47676258641713937,0.3738541297760709,-0.13757539142844075,-0.19458555027643618,-0.741371565646641,-0.6772638008335623,-0.18245719450624603,-0.5144323816930652,-0.15945125315364114,-0.397316236568382
-0.3079233918913155,-0.47676258641713937,-0.7010517930492294,-0.2600877370542996,-0.2702665739063478,-0.8453115107937701,-0.8783326029700949,-0.18245719450624603,-0.5144323816930652,-0.15945125315364114,-0.397316236568382
-0.3079233918913155,-0.47676258641713937,-0.09725265262728573,-0.20646303404676292,-0.23714034165009612,-0.4387656733257725,-0.29332835400878093,-0.18245719450624603,-0.5144323816930652,-0.15945125315364114,-0.397316236568382
-0.3079233918913155,0.7715443142590449,-0.13426551743193005,-0.23215110651670112,-0.2273329564967205,-0.605570361694144,-0.475047599844632,-0.17273401724772386,-0.5144323816930652,-0.12209642818083297,0.8718090082975287
-0.3079233918913155,-0.47676258641713937,0.20420449679758632,-0.16374043076121597,-0.2107487944777076,-0.5844382258939356,-0.45292801582073317,-0.18245719450624603,-0.5144323816930652,-0.15945125315364114,-0.397316236568382
-0.3079233918913155,-0.47676258641713937,-0.09808601520272257,-0.21279987951016943,-0.2410548773550916,-0.6821525724317758,-0.5837956228037644,-0.18245719450624603,-0.5144323816930652,-0.15945125315364114,-0.397316236568382
-0.3079233918913155,-0.47676258641713937,0.043126827275430185,-0.20108012230903055,-0.23381509088993876,-0.671927545269923,-0.5690399608128829,-0.18245719450624603,-0.5144323816930652,-0.15945125315364114,-0.397316236568382
-0.3079233918913155,-0.47676258641713937,0.020413404933732896,-0.1930943342626731,-0.228881934066009,-0.7761549084210683,-0.7386147468432456,-0.18245719450624603,-0.5144323816930652,-0.15945125315364114,-0.397316236568382
-0.3079233918913155,-0.47676258641713937,0.7405400106920039,-0.006818332887827203,-0.11381142105185306,-0.7213618342719063,-0.6446223858749948,-0.18245719450624603,-0.5144323816930652,-0.15945125315364114,-0.397316236568382
-0.3079233918913155,-0.47676258641713937,-1.420881559777533,-0.28482187579856366,-0.2855458906903622,-0.8994456088880323,-1.0104962945145735,-0.18245719450624603,-0.5144323816930652,-0.15945125315364114,-0.397316236568382
-0.3079233918913155,-0.47676258641713937,-1.2044809861618972,-0.2830502845937404,-0.28445150436423444,-0.8895722757234594,-0.9841061352462837,-0.18245719450624603,-0.5144323816930652,-0.15945125315364114,-0.397316236568382
-0.3079233918913155,-0.47676258641713937,-0.8093775218933265,-0.26589991896858534,-0.2738570028916823,-0.8187946551894814,-0.8216114703557463,-0.18245719450624603,-0.5144323816930652,-0.15945125315364114,-0.397316236568382
-0.3079233918913155,-0.47676258641713937,-0.3226865828251792,-0.23460407895414878,-0.25452424752281777,-0.7706116381966123,-0.7278799078257032,-0.18245719450624603,-0.5144323816930652,-0.15945125315364114,-0.397316236568382
-0.3079233918913155,-0.47676258641713937,-0.6484648186227492,-0.2594744939449377,-0.2698877478703805,-0.7032439535059318,-0.6155898695529607,-0.18245719450624603,-0.5144323816930652,-0.15945125315364114,-0.397316236568382
-0.3079233918913155,0.7715443142590449,-0.4039971126616929,-0.25395530596068044,-0.2500625186547585,-0.7615124647510364,-0.15260796552351855,-0.11470292763690608,-0.5144323816930652,-0.1355686601382392,0.8718090082975287
-0.3079233918913155,-0.47676258641713937,0.4897506829047923,-0.08109570105620807,-0.15969567236384788,-0.5452487241460069,-0.4050789890298778,-0.18245719450624603,-0.5144323816930652,-0.15945125315364114,-0.397316236568382
-0.3079233918913155,-0.47676258641713937,-0.5965251018520091,-0.2529332341117439,-0.2658469368200626,-0.7976765189059295,-0.7789778137370643,-0.18245719450624603,-0.5144323816930652,-0.15945125315364114,-0.397316236568382
-0.3079233918913155,-0.47676258641713937,-0.8878617685450153,-0.272352599241538,-0.2778430946256938,-0.9356115083578116,-1.1176670413573446,-0.18245719450624603,-0.5144323816930652,-0.15945125315364114,-0.397316236568382
-0.3079233918913155,-0.47676258641713937,-0.5129674966800708,-0.24615349084713156,-0.26165880453353524,-0.9220449055438618,-1.0744318480296775,-0.18245719450624603,-0.5144323816930652,-0.15945125315364114,-0.397316236568382
-0.3079233918913155,0.7715443142590449,-0.9623180395804208,-0.2873429863592738,-0.2727457798528449,-0.9147271218609276,-1.053493577327879,-0.1808073341117004,-0.5144323816930652,-0.13856316987786266,0.8718090082975287
-0.3079233918913155,-0.47676258641713937,-0.25008853800752134,-0.22962999595599098,-0.2514515474533052,-0.5073866646987211,-0.3655607561794769,-0.18245719450624603,-0.5144323816930652,-0.15945125315364114,-0.397316236568382
-0.3079233918913155,-0.47676258641713937,-0.642306428296777,-0.256544554644653,-0.26807780125409225,-0.689476070278915,-0.5949176704757276,-0.18245719450624603,-0.5144323816930652,-0.15945125315364114,-0.397316236568382
-0.3079233918913155,-0.47676258641713937,-0.5865582052524257,-0.2532739247280561,-0.2660573957289334,-0.7797542712211472,-0.7453604234375245,-0.18245719450624603,-0.5144323816930652,-0.15945125315364114,-0.397316236568382
-0.3079233918913155,-0.47676258641713937,-0.242864995275293,-0.22205303664920817,-0.24677094132002036,-0.8551716167263872,-0.8999076210162436,-0.18245719450624603,-0.5144323816930652,-0.15945125315364114,-0.397316236568382
-0.3079233918913155,-0.47676258641713937,-0.6605597141341154,-0.2578391789866392,-0.26887754510780104,-0.8015420785888336,-0.7864130830235404,-0.18245719450624603,-0.5144323816930652,-0.15945125315364114,-0.397316236568382
-0.3079233918913155,2.0198512149352292,-0.005080033951596283,-0.23487663144719853,-0.21807276450640872,-0.7414008839996514,-0.5836031151447069,-0.17816396783324795,-0.5144323816930652,-0.10617469950389834,2.1409342531634397
-0.3079233918913155,-0.47676258641713937,0.891327859119366,0.017275307497769957,-0.09892776701651561,-0.6477654562637727,-0.5353069801634261,-0.18245719450624603,-0.5144323816930652,-0.15945125315364114,-0.397316236568382
-0.3079233918913155,-0.47676258641713937,0.11777486157544545,-0.18813387888916785,-0.2258176523528513,-0.886985417151725,-0.9781314210352807,-0.18245719450624603,-0.5144323816930652,-0.15945125315364114,-0.397316236568382
-0.3079233918913155,-0.47676258641713937,-0.1742888284609342,-0.21852348186421403,-0.2445905870241197,-0.7264465047616225,-0.6527172750075877,-0.18245719450624603,-0.5144323816930652,-0.15945125315364114,-0.397316236568382
-0.3079233918913155,-0.47676258641713937,0.11142449798831208,-0.17579406476634077,-0.21819483067355375,-0.6605031785321813,-0.5526369611270218,-0.18245719450624603,-0.5144323816930652,-0.15945125315364114,-0.397316236568382
-0.3079233918913155,-0.47676258641713937,-0.7813794028589301,-0.264993681929195,-0.2732971821940862,-0.5997258911540871,-0.4719414209259681,-0.18245719450624603,-0.5144323816930652,-0.15945125315364114,-0.397316236568382
-0.3079233918913155,-0.47676258641713937,-0.26455215412286825,-0.23726146576138374,-0.2561658270120094,-0.7107631456972322,-0.6276031441101748,-0.18245719450624603,-0.5144323816930652,-0.15945125315364114,-0.397316236568382
-0.3079233918913155,-0.47676258641713937,-0.14805332277841232,-0.222243823394343,-0.246888798308988,-0.8359955629733162,-0.8578161956182313,-0.18245719450624603,-0.5144323816930652,-0.15945125315364114,-0.397316236568382
-0.3079233918913155,-0.47676258641713937,-0.284546096900815,-0.23017510094209048,-0.2517882817074984,-0.6538067554411452,-0.5436197583171198,-0.18245719450624603,-0.5144323816930652,-0.15945125315364114,-0.397316236568382
-0.3079233918913155,-0.47676258641713937,-0.6115814603757914,-0.25780510992500805,-0.26885649921691396,-0.9018874802894497,-1.0169554635494686,-0.18245719450624603,-0.5144323816930652,-0.15945125315364114,-0.397316236568382
-0.3079233918913155,-0.47676258641713937,0.4964496223990334,-0.12060899873609436,-0.1841046966146742,-0.7203263935592373,-0.6426229101210973,-0.18245719450624603,-0.5144323816930652,-0.15945125315364114,-0.397316236568382
-0.3079233918913155,0.7715443142590449,-0.28235541757695903,-0.2798477928004059,-0.2349094772160665,-0.8673303203967848,-0.9220075558643575,-0.17579175851228174,-0.5144323816930652,-0.0902529708269637,0.8718090082975287
-0.3079233918913155,-0.47676258641713937,-1.277539808372764,-0.2835272514565774,-0.2847461468366535,-1.0280812639227972,-1.8975061707767837,-0.18245719450624603,-0.5144323816930652,-0.15945125315364114,-0.397316236568382
-0.3079233918913155,-0.47676258641713937,-0.24775176326515463,-0.22833537161400472,-0.2506518035995965,-0.4393954269444316,-0.29332835400878093,-0.18245719450624603,-0.5144323816930652,-0.15945125315364114,-0.397316236568382
-0.3079233918913155,-0.47676258641713937,-0.4436540701376415,-0.24564245492266332,-0.26134311617022915,-0.8132878568526044,-0.8095465121106232,-0.18245719450624603,-0.5144323816930652,-0.15945125315364114,-0.397316236568382
-0.3079233918913155,-0.47676258641713937,0.4208358378647533,-0.13437289963510632,-0.1926072365330514,-0.8815094080979338,-0.9635577206329404,-0.18245719450624603,-0.5144323816930652,-0.15945125315364114,-0.397316236568382
-0.3079233918913155,-0.47676258641713937,0.32317892891828975,-0.15519591010410658,-0.2054704850432299,-0.6830845325638912,-0.5855321908984679,-0.18245719450624603,-0.5144323816930652,-0.15945125315364114,-0.397316236568382
-0.3079233918913155,-0.47676258641713937,-1.584803499752954,-0.28972782067345904,-0.2885764989781006,-0.9376518548342079,-1.1302777318796862,-0.18245719450624603,-0.5144323816930652,-0.15945125315364114,-0.397316236568382
-0.3079233918913155,-0.47676258641713937,-1.3072704340853032,-0.2829140083472155,-0.28436732080068616,-0.8414367505267855,-0.8690897321560791,-0.18245719450624603,-0.5144323816930652,-0.15945125315364114,-0.397316236568382
-0.3079233918913155,-0.47676258641713937,-0.3887864085930538,-0.24095455204220778,-0.258447201584168,-0.7994483293679546,-0.7826789253420732,-0.18245719450624603,-0.5144323816930652,-0.15945125315364114,-0.397316236568382
-0.3079233918913155,-0.47676258641713937,0.701390245944127,-0.05396991418543253,-0.142938934039561,-0.7138605550014677,-0.6327664551474684,-0.18245719450624603,-0.5144323816930652,-0.15945125315364114,-0.397316236568382
-0.3079233918913155,0.7715443142590449,-0.8841956652687664,-0.27071728428323955,-0.2735076411029569,-0.8623981176571982,-0.9174931555575868,-0.18188524290280356,-0.5144323816930652,-0.15461349713257252,0.8718090082975287
-0.3079233918913155,4.516465016287598,0.26655925671077507,-0.2741923285696238,-0.11158055661782343,-0.934719586360656,-1.1328461506905148,-0.18092340199775286,-0.46208719475954624,0.08408995818547049,4.679184742895261
-0.3079233918913155,-0.47676258641713937,-0.22024336466368225,-0.22516694888230146,-0.2486945357470988,-0.9520518697969557,-1.228430268621222,-0.18245719450624603,-0.5144323816930652,-0.15945125315364114,-0.397316236568382
-0.3079233918913155,-0.47676258641713937,0.32556028276710464,-0.13347347640804214,-0.19205162501363265,-0.7537572894593779,-0.6987538487693175,-0.18245719450624603,-0.5144323816930652,-0.15945125315364114,-0.397316236568382
-0.3079233918913155,-0.47676258641713937,-0.10983703982093025,-0.21586609505697904,-0.24294900753492807,-0.7544579410413199,-0.6995149461257164,-0.18245719450624603,-0.5144323816930652,-0.15945125315364114,-0.397316236568382
-0.3079233918913155,-0.47676258641713937,0.3813099447476962,-0.13622625658784454,-0.19375213299730812,-0.7433020360598048,-0.680891081870484,-0.18245719450624603,-0.5144323816930652,-0.15945125315364114,-0.397316236568382
-0.3079233918913155,-0.47676258641713937,-0.7866306135370532,-0.26417602445004573,-0.27279208081279643,-1.0234425395800297,-1.8472086517603086,-0.18245719450624603,-0.5144323816930652,-0.15945125315364114,-0.397316236568382
-0.3079233918913155,-0.47676258641713937,-0.9917628165176052,-0.2741241904463613,-0.2789374809518215,-0.8706977935767107,-0.9371933224124096,-0.18245719450624603,-0.5144323816930652,-0.15945125315364114,-0.397316236568382
-0.3079233918913155,-0.47676258641713937,-0.26235605681581975,-0.22833537161400472,-0.2506518035995965,-0.7768929823948366,-0.7394520301697829,-0.18245719450624603,-0.5144323816930652,-0.15945125315364114,-0.397316236568382
-0.3079233918913155,-0.47676258641713937,-0.3409607041686845,-0.2381472613637954,-0.2567130201750733,-0.9481120482568314,-1.2022828247459199,-0.18245719450624603,-0.5144323816930652,-0.15945125315364114,-0.397316236568382
-0.3079233918913155,-0.47676258641713937,1.1179073250703937,0.1272638660679932,-0.030983212876691722,-0.5787444047076997,-0.44456327935037987,-0.18245719450624603,-0.5144323816930652,-0.15945125315364114,-0.397316236568382
-0.3079233918913155,0.7715443142590449,-0.6714921795441603,-0.27848503033515715,-0.2598446487390696,-0.9908259269307118,-1.4581126258649186,-0.17997140484513063,-0.5144323816930652,-0.12775476560294358,0.8718090082975287
-0.3079233918913155,0.7715443142590449,-0.4546250848462589,-0.2573622121238022,-0.2517461899257243,-0.7847181348487882,-0.7311536848704263,-0.17137013265489948,-0.5144323816930652,-0.1349562859583571,0.8718090082975287
-0.3079233918913155,-0.47676258641713937,-0.8215987337555045,-0.26676527313401827,-0.27439156852021396,-0.7733125220053926,-0.7328002337764314,-0.18245719450624603,-0.5144323816930652,-0.15945125315364114,-0.397316236568382
-0.3079233918913155,-0.47676258641713937,-1.114084583125909,-0.276577162883809,-0.2804527850956907,-0.7138519521954491,-0.6327664551474684,-0.18245719450624603,-0.5144323816930652,-0.15945125315364114,-0.397316236568382
-0.3079233918913155,-0.47676258641713937,-0.7935074572998909,-0.2658794775316066,-0.27384437535715006,-0.7208168834540523,-0.6432883404634178,-0.18245719450624603,-0.5144323816930652,-0.15945125315364114,-0.397316236568382
-0.3079233918913155,-0.47676258641713937,-1.7104040476631528,-0.2888420250710474,-0.2880293058150367,-0.8616239328760774,-0.9149352094678872,-0.18245719450624603,-0.5144323816930652,-0.15945125315364114,-0.397316236568382
-0.3079233918913155,-0.47676258641713937,0.49042431538334164,-0.11815602629864669,-0.18258939247080502,-0.7529528695465734,-0.6972357967145091,-0.18245719450624603,-0.5144323816930652,-0.15945125315364114,-0.397316236568382
-0.3079233918913155,-0.47676258641713937,0.254119466898271,-0.1586300715165333,-0.2075919108446468,-0.5643817972851497,-0.42831957232762075,-0.18245719450624603,-0.5144323816930652,-0.15945125315364114,-0.397316236568382
-0.3079233918913155,-0.47676258641713937,-0.5061069841643314,-0.24591500741571307,-0.26151148329732576,-1.0050791780970396,-1.045577450484577,-0.18245719450624603,0.12679615824254034,-0.15945125315364114,-0.397316236568382
-0.3079233918913155,-0.47676258641713937,-1.020251305463612,-0.2739061484519215,-0.2788027872501443,-1.0475760002150938,-2.1312163878718837,-0.18245719450624603,-0.5144323816930652,-0.15945125315364114,-0.397316236568382
-0.3079233918913155,-0.47676258641713937,-0.7219256445827955,-0.26206374262891025,-0.27148723557779797,-0.621313494851799,-0.4993457339122749,-0.18245719450624603,-0.5144323816930652,-0.15945125315364114,-0.397316236568382
-0.3079233918913155,-0.47676258641713937,-0.3071861842999576,-0.23235552088648842,-0.253135218724271,-0.780054689969779,-0.7453604234375245,-0.18245719450624603,-0.5144323816930652,-0.15945125315364114,-0.397316236568382
-0.3079233918913155,0.7715443142590449,-0.768828375041454,-0.27575950540465977,-0.2656364779111919,-0.7113882173398924,-0.6051260581120372,-0.16741046770799,-0.5144323816930652,-0.1386305310376497,0.8718090082975287
-0.3079233918913155,-0.47676258641713937,-0.5550868919368855,-0.260769118286924,-0.27068749172408924,-0.770449027712196,-0.7278799078257032,-0.18245719450624603,-0.5144323816930652,-0.15945125315364114,-0.397316236568382
-0.3079233918913155,-0.47676258641713937,0.984144260102675,0.0657828374482977,-0.06896262757150222,-0.6100176986651205,-0.48496283083655506,-0.18245719450624603,-0.5144323816930652,-0.15945125315364114,-0.397316236568382
-0.3079233918913155,-0.47676258641713937,-0.1824837921052054,-0.21827818462046925,-0.24443905660973278,-0.8874275371477882,-0.979617116671991,-0.18245719450624603,-0.5144323816930652,-0.15945125315364114,-0.397316236568382
-0.3079233918913155,-0.47676258641713937,0.777993170600344,0.004833286190049216,-0.1066137263684744,-0.5598878744673387,-0.4243553447139846,-0.18245719450624603,-0.5144323816930652,-0.15945125315364114,-0.397316236568382
-0.3079233918913155,-0.47676258641713937,-0.3863989142016895,-0.23998699069188117,-0.2578494982829752,-0.8266613977736089,-0.8371992205009638,-0.18245719450624603,-0.5144323816930652,-0.15945125315364114,-0.397316236568382
-0.3079233918913155,-0.47676258641713937,-0.9920367257833477,-0.2730339804741624,-0.27826401244343524,-0.8829049358346435,-0.9678767560771006,-0.18245719450624603,-0.5144323816930652,-0.15945125315364114,-0.397316236568382
-0.3079233918913155,-0.47676258641713937,0.08716424390829627,-0.18854270762874242,-0.22607020304349615,-0.6841755257943206,-0.5872759997427865,-0.18245719450624603,-0.5144323816930652,-0.15945125315364114,-0.397316236568382
-0.3079233918913155,-0.47676258641713937,-0.006435617186653604,-0.20073943169271838,-0.233604631981068,-0.6205067246687269,-0.49840272814201875,-0.18245719450624603,-0.5144323816930652,-0.15945125315364114,-0.397316236568382
-0.3079233918913155,-0.47676258641713937,-0.2734558281883716,-0.23242365900975084,-0.25317731050604514,-0.9173084352057356,-1.059755855127887,-0.18245719450624603,-0.5144323816930652,-0.15945125315364114,-0.397316236568382
-0.3079233918913155,-0.47676258641713937,0.2919328366696126,-0.1557001322162486,-0.20578196422835857,-0.6169677133189848,-0.49371933225819814,-0.18245719450624603,-0.5144323816930652,-0.15945125315364114,-0.397316236568382
-0.3079233918913155,0.7715443142590449,-0.1338803826464686,-0.23760215637769597,-0.23575131285154938,-0.8302012482403818,-0.36180679241886066,-0.1367450625080355,-0.5144323816930652,-0.12944491833941818,0.8718090082975287
-0.3079233918913155,-0.47676258641713937,-0.6833570008810262,-0.258643208841136,-0.2693742281327359,-1.0021694191234825,-1.63451857676334,-0.18245719450624603,-0.5144323816930652,-0.15945125315364114,-0.397316236568382
-0.3079233918913155,-0.47676258641713937,-0.7696494276344108,-0.2653343725455071,-0.2735076411029569,-0.8809953857971861,-0.9621278974217412,-0.18245719450624603,-0.5144323816930652,-0.15945125315364114,-0.397316236568382
-0.3079233918913155,-0.47676258641713937,-0.5534269961403094,-0.2544322728235175,-0.2667729560190938,-0.8223894065587982,-0.8288135183758079,-0.18245719450624603,-0.5144323816930652,-0.15945125315364114,-0.397316236568382
-0.3079233918913155,-0.47676258641713937,-0.7513899723359201,-0.26322209072437164,-0.2722027958679584,-0.8468026867332619,-0.8818520308800983,-0.18245719450624603,-0.5144323816930652,-0.15945125315364114,-0.397316236568382
-0.3079233918913155,0.7715443142590449,-0.7833674525041726,-0.2713305273926015,-0.26917218758022005,-0.9396227040415689,-1.144382564021809,-0.18234720381327632,-0.5144323816930652,-0.147754906317893,0.8718090082975287
-0.3079233918913155,-0.47676258641713937,-0.5734877101047141,-0.25565875904224133,-0.2675306080910284,-0.7699876804261168,-0.7270654521020568,-0.18245719450624603,-0.5144323816930652,-0.15945125315364114,-0.397316236568382
-0.3079233918913155,-0.47676258641713937,0.37995855645437676,-0.12524239111793994,-0.18696693777531603,-0.5880528710201139,-0.45717396987272113,-0.18245719450624603,-0.5144323816930652,-0.15945125315364114,-0.397316236568382
-0.3079233918913155,-0.47676258641713937,0.08607329852879778,-0.19222216628491398,-0.2283431592593,-0.6410138593715122,-0.5256454748221135,-0.18245719450624603,-0.5144323816930652,-0.15945125315364114,-0.397316236568382
-0.3079233918913155,-0.47676258641713937,-0.6888233616506597,-0.263065373040868,-0.2721059847698779,-0.990128186268027,-1.5264942773642032,-0.18245719450624603,-0.5144323816930652,-0.15945125315364114,-0.397316236568382
-0.3079233918913155,-0.47676258641713937,-0.7610196070752683,-0.2664245825177061,-0.27418110961134323,-0.8755018870939555,-0.9494748115676043,-0.18245719450624603,-0.5144323816930652,-0.15945125315364114,-0.397316236568382
-0.3079233918913155,2.0198512149352292,0.24288643970128873,-0.23991885256861872,-0.21909403757596194,-0.48589098577667195,-0.31100237323931856,-0.1568560485005555,0.9468707535343348,-0.1031289342903684,2.1409342531634397
-0.3079233918913155,0.7715443142590449,-0.926973511869686,-0.27712226786990846,-0.27447575208376224,-0.883110176063256,-0.9678767560771006,-0.1817532540712399,-0.5144323816930652,-0.1502656404554096,0.8718090082975287
-0.3079233918913155,-0.47676258641713937,-0.9116104461219946,-0.26894569307841626,-0.27573850553698653,-0.8621050049817399,-0.9162122268934123,-0.18245719450624603,-0.5144323816930652,-0.15945125315364114,-0.397316236568382
-0.3079233918913155,-0.47676258641713937,-0.8381100714097246,-0.26669713501075587,-0.2743494767384398,-0.8897583090830455,-0.985613246361616,-0.18245719450624603,-0.5144323816930652,-0.15945125315364114,-0.397316236568382
-0.3079233918913155,-0.47676258641713937,-0.7939673833682264,-0.2713305273926015,-0.2772117178990816,-0.9451832773418767,-1.1800710805449361,-0.18245719450624603,-0.5144323816930652,-0.15945125315364114,-0.397316236568382
-0.3079233918913155,-0.47676258641713937,-0.08074517032797292,-0.20755324401896194,-0.23781381015848246,-0.7389706717457091,-0.672952186544071,-0.18245719450624603,-0.5144323816930652,-0.15945125315364114,-0.397316236568382
-0.3079233918913155,-0.47676258641713937,-0.7080696786065936,-0.26785548310621726,-0.27506503702860025,-0.9052949080639233,-1.026835203650632,-0.18245719450624603,-0.5144323816930652,-0.15945125315364114,-0.397316236568382
-0.3079233918913155,-0.47676258641713937,-0.8464175197268912,-0.2668334112572807,-0.27443366030198807,-0.8949778527838236,-0.9978697390800697,-0.18245719450624603,-0.5144323816930652,-0.15945125315364114,-0.397316236568382
-0.3079233918913155,-0.47676258641713937,-0.4814880135475843,-0.24727776988096178,-0.26235331893280867,-0.6480539027430878,-0.5353069801634261,-0.18245719450624603,-0.5144323816930652,-0.15945125315364114,-0.397316236568382
-0.3079233918913155,0.7715443142590449,-0.32341201923081414,-0.2604693105445693,-0.24976366700416205,-0.9754501107556734,-1.3682611936124336,-0.18016718827861672,-0.5144323816930652,-0.12927957731085002,0.8718090082975287
-0.3079233918913155,-0.47676258641713937,-1.0174449616624441,-0.27671343913033386,-0.28053696865923905,-0.9606776141563723,-1.2924501497668,-0.18245719450624603,-0.5144323816930652,-0.15945125315364114,-0.397316236568382
-0.3079233918913155,2.0198512149352292,-0.28121622206329727,-0.2559721944092485,-0.23953957321122238,-0.8243224784822846,-0.8216114703557462,-0.1770748833638019,-0.5144323816930652,-0.11844667806873563,2.1409342531634397
-0.3079233918913155,-0.47676258641713937,-0.6044272535745294,-0.26104167077997376,-0.2708558588511858,-0.9436305636781928,-1.170565605878315,-0.18245719450624603,-0.5144323816930652,-0.15945125315364114,-0.397316236568382
-0.3079233918913155,-0.47676258641713937,-0.5797704584518384,-0.2542278584537302,-0.2666466806737714,-0.9757472110934813,-1.4075570528047567,-0.18245719450624603,-0.5144323816930652,-0.15945125315364114,-0.397316236568382
-0.3079233918913155,-0.47676258641713937,-0.5743577332375018,-0.25334887666364475,-0.2661036966888849,-0.911568666792706,-1.0438384754971568,-0.18245719450624603,-0.5144323816930652,-0.15945125315364114,-0.397316236568382
-0.3079233918913155,-0.47676258641713937,-0.16856014509335515,-0.2151847138243547,-0.24252808971718662,-0.8815283680586304,-0.9635577206329404,-0.18245719450624603,-0.5144323816930652,-0.15945125315364114,-0.397316236568382
-0.3079233918913155,-0.47676258641713937,0.20105160109210427,-0.16442181199384032,-0.21116971229544906,-0.6170840312762363,-0.4941853188043658,-0.18245719450624603,-0.5144323816930652,-0.15945125315364114,-0.397316236568382
-0.3079233918913155,-0.47676258641713937,-0.18082385556436092,-0.21988624432946274,-0.2454324226596026,-0.5660308460394505,-0.43232173570997257,-0.18245719450624603,-0.5144323816930652,-0.15945125315364114,-0.397316236568382
-0.3079233918913155,-0.47676258641713937,0.20759905689300512,-0.1576761377908592,-0.20700262589980875,-0.6774945075553221,-0.5774891952897705,-0.18245719450624603,-0.5144323816930652,-0.15945125315364114,-0.397316236568382
-0.3079233918913155,-0.47676258641713937,-0.2141011941567199,-0.22738143788833065,-0.2500625186547585,-0.8126182414620781,-0.8085566350049178,-0.18245719450624603,-0.5144323816930652,-0.15945125315364114,-0.397316236568382
-0.3079233918913155,-0.47676258641713937,0.402633533085146,-0.12558308173425212,-0.18717739668418676,-0.7368902778520847,-0.6701022751282498,-0.18245719450624603,-0.5144323816930652,-0.15945125315364114,-0.397316236568382
-0.3079233918913155,-0.47676258641713937,0.2993230693090654,-0.1539966791346877,-0.20472966968400497,-0.6763185871416959,-0.5757856374071618,-0.18245719450624603,-0.5144323816930652,-0.15945125315364114,-0.397316236568382
-0.3079233918913155,2.0198512149352292,-0.22767510500030838,-0.2508209522906084,-0.2302793812209106,-0.7581089664700327,-0.6816203285799571,-0.16981536359750374,-0.5144323816930652,-0.10960399491123811,2.1409342531634397
-0.3079233918913155,-0.47676258641713937,0.19209638987553862,-0.15835751902348355,-0.2074235437175502,-0.6150088540172501,-0.4913971559316833,-0.18245719450624603,-0.5144323816930652,-0.15945125315364114,-0.397316236568382
-0.3079233918913155,0.7715443142590449,-0.26498311138837244,-0.2666289968874934,-0.22663844209744713,-0.7638706639318957,-0.687870808870735,-0.16892833927097198,-0.5144323816930652,-0.09009987728199317,0.8718090082975287
-0.3079233918913155,-0.47676258641713937,-0.20241688205677733,-0.22417894609499614,-0.24808420491137367,-0.7381863033883226,-0.6722378859743292,-0.18245719450624603,-0.5144323816930652,-0.15945125315364114,-0.397316236568382
-0.3079233918913155,-0.47676258641713937,0.45580394953450115,-0.10364260604374792,-0.17362384295291225,-0.7996474024576821,-0.7826789253420732,-0.18245719450624603,-0.5144323816930652,-0.15945125315364114,-0.397316236568382
-0.3079233918913155,-0.47676258641713937,-0.13187714827839073,-0.21470774696151765,-0.2422334472447676,-0.6706454245712078,-0.5673704061728574,-0.18245719450624603,-0.5144323816930652,-0.15945125315364114,-0.397316236568382
-0.3079233918913155,-0.47676258641713937,0.3991771604958119,-0.12122224184545628,-0.18448352265064152,-0.6061682845592435,-0.47997583223306295,-0.18245719450624603,-0.5144323816930652,-0.15945125315364114,-0.397316236568382
-0.3079233918913155,-0.47676258641713937,0.3583088137119015,-0.1478642480410685,-0.20094140932433197,-0.7336731588498562,-0.6644600596122033,-0.18245719450624603,-0.5144323816930652,-0.15945125315364114,-0.397316236568382
-0.3079233918913155,-0.47676258641713937,0.6168047059700675,-0.03364431201624803,-0.13038295553633372,-0.5310763085391245,-0.3902730930731779,-0.18245719450624603,-0.5144323816930652,-0.15945125315364114,-0.397316236568382
-0.3079233918913155,-0.47676258641713937,-0.015351576147657399,-0.1653757457195144,-0.2117589972402871,-0.7936291121663249,-0.7707681587703282,-0.18245719450624603,2.2991214159835707,-0.15945125315364114,-0.397316236568382
-0.3079233918913155,-0.47676258641713937,0.5133635080403927,-0.08713273877725984,-0.16342500422903708,-0.5930378870801625,-0.463624836304372,-0.18245719450624603,-0.5144323816930652,-0.15945125315364114,-0.397316236568382
-0.3079233918913155,0.7715443142590449,0.2043655525132337,-0.2253372941904576,-0.17303455800807424,-0.6863260936343204,-0.5890271099713154,-0.17871751094527596,-0.5144323816930652,-0.04922390077486294,0.8718090082975287
-0.3079233918913155,-0.47676258641713937,-0.20952766441860132,-0.22783796331418893,-0.25034453359264525,-0.8794798049185657,-0.9592828328314569,-0.18245719450624603,-0.5144323816930652,-0.15945125315364114,-0.397316236568382
-0.3079233918913155,-0.47676258641713937,0.30791938099103017,-0.13860427708970355,-0.19522113618122575,-0.670873876039279,-0.5673704061728574,-0.18245719450624603,-0.5144323816930652,-0.15945125315364114,-0.397316236568382
-0.3079233918913155,-0.47676258641713937,-1.740926524622863,-0.28918271568735954,-0.28823976472390744,-0.8822149607174002,-0.9649924489076419,-0.18245719450624603,-0.5144323816930652,-0.15945125315364114,-0.397316236568382
-0.3079233918913155,-0.47676258641713937,-0.6713768532709412,-0.25937228676004404,-0.26982461019771925,-0.9444026831546749,-1.1752913384410113,-0.18245719450624603,-0.5144323816930652,-0.15945125315364114,-0.397316236568382
-0.3079233918913155,-0.47676258641713937,-1.2660003461783813,-0.2807608436521225,-0.28303722049662317,-0.9939260986379158,-1.5596949130802262,-0.18245719450624603,-0.5144323816930652,-0.15945125315364114,-0.397316236568382
-0.3079233918913155,-0.47676258641713937,-0.7781247189616093,-0.26601575377813147,-0.27392855892069834,-0.6988168778696312,-0.6087893476524701,-0.18245719450624603,-0.5144323816930652,-0.15945125315364114,-0.397316236568382
-0.3079233918913155,-0.47676258641713937,0.8741909621703862,0.061265279875998224,-0.071753312703128,-0.5756525090706793,-0.440442823538469,-0.18245719450624603,-0.5144323816930652,-0.15945125315364114,-0.397316236568382
-0.3079233918913155,-0.47676258641713937,-0.35063985727815594,-0.23521732206351068,-0.25490307355878505,-0.6022448406528476,-0.475047599844632,-0.18245719450624603,-0.5144323816930652,-0.15945125315364114,-0.397316236568382
-0.3079233918913155,-0.47676258641713937,-0.2082195811617524,-0.2336501452284747,-0.25393496257797976,-0.8240212497010619,-0.8319384859553867,-0.18245719450624603,-0.5144323816930652,-0.15945125315364114,-0.397316236568382
-0.3079233918913155,-0.47676258641713937,-0.9438946854963781,-0.27480557167898567,-0.279358398769563,-0.9471935195665686,-1.1947470734467267,-0.18245719450624603,-0.5144323816930652,-0.15945125315364114,-0.397316236568382
-0.3079233918913155,2.0198512149352292,0.08314117966757896,-0.27575950540465977,-0.17766465400323012,-0.7612030558163998,-0.6997689533499947,-0.1753315404657973,-0.5144323816930652,-0.010644327442290547,2.1409342531634397
-0.3079233918913155,-0.47676258641713937,-0.6706715827655247,-0.2617911901358605,-0.2713188684507014,-0.8761810205221291,-0.9508619534094579,-0.18245719450624603,-0.5144323816930652,-0.15945125315364114,-0.397316236568382
-0.3079233918913155,-0.47676258641713937,0.20882970155890299,-0.15760799966759678,-0.2069605341180346,-0.6715172578838731,-0.5684827017272136,-0.18245719450624603,-0.5144323816930652,-0.15945125315364114,-0.397316236568382
-0.3079233918913155,-0.47676258641713937,-0.7029910300186427,-0.26240443324522245,-0.2716976944866687,-0.7704181140467186,-0.7278799078257032,-0.18245719450624603,-0.5144323816930652,-0.15945125315364114,-0.397316236568382
-0.3079233918913155,-0.47676258641713937,-0.6804402214214668,-0.25685117619933395,-0.26826721427207595,-0.875927206184868,-0.9494748115676043,-0.18245719450624603,-0.5144323816930652,-0.15945125315364114,-0.397316236568382
-0.3079233918913155,-0.47676258641713937,-0.34312428610134876,-0.2350129076937234,-0.25477679821346266,-0.6511070096384264,-0.5394427160353276,-0.18245719450624603,-0.5144323816930652,-0.15945125315364114,-0.397316236568382
-0.3079233918913155,-0.47676258641713937,-0.5727227687944867,-0.2568852452609652,-0.26828826016296303,-0.9241378007960813,-1.0800708936656533,-0.18245719450624603,-0.5144323816930652,-0.15945125315364114,-0.397316236568382
-0.3079233918913155,-0.47676258641713937,-0.9038592213465569,-0.27071728428323955,-0.2768328918631143,-0.7015254399705335,-0.6131041393117105,-0.18245719450624603,-0.5144323816930652,-0.15945125315364114,-0.397316236568382
-0.3079233918913155,-0.47676258641713937,-0.508048259115373,-0.24731183894259298,-0.26237436482369575,-0.9759019279371571,-1.4075570528047567,-0.18245719450624603,-0.5144323816930652,-0.15945125315364114,-0.397316236568382
-0.3079233918913155,-0.47676258641713937,-0.12448603448371241,-0.2279265428744301,-0.25039925290895165,-0.9716941533090945,-1.375677024371187,-0.18245719450624603,-0.5144323816930652,-0.15945125315364114,-0.397316236568382
-0.3079233918913155,-0.47676258641713937,-1.055457966586584,-0.27357908546026183,-0.27860074669762835,-0.7513677978965052,-0.6942161237988717,-0.18245719450624603,-0.5144323816930652,-0.15945125315364114,-0.397316236568382
-0.3079233918913155,0.7715443142590449,0.022643448806457044,-0.24509734993656382,-0.21049624378706272,-0.8311294750442919,-0.8425269725744337,-0.17858552211371231,-0.5144323816930652,-0.085966351567789,0.8718090082975287
-0.3079233918913155,-0.47676258641713937,-0.29989957809423234,-0.23821539948705786,-0.25675511195684747,-0.8799609828420839,-0.9592828328314569,-0.18245719450624603,-0.5144323816930652,-0.15945125315364114,-0.397316236568382
-0.3079233918913155,-0.47676258641713937,0.01024146545290096,-0.1997854979670443,-0.23301534703623,-0.7325384442805091,-0.662363699925024,-0.18245719450624603,-0.5144323816930652,-0.15945125315364114,-0.397316236568382
-0.3079233918913155,-0.47676258641713937,0.14156454733155296,-0.18009358034420045,-0.22085082210350226,-0.9333767280692539,-1.1074410335789702,-0.18245719450624603,-0.5144323816930652,-0.15945125315364114,-0.397316236568382
-0.3079233918913155,-0.47676258641713937,-0.5599129387741517,-0.25620386402834083,-0.2678673423452216,-0.9247417664176741,-1.0819675993288707,-0.18245719450624603,-0.5144323816930652,-0.15945125315364114,-0.397316236568382
-0.3079233918913155,-0.47676258641713937,-0.5883904205953375,-0.254977377809617,-0.26710969027328696,-0.8288350209109644,-0.8425269725744337,-0.18245719450624603,-0.5144323816930652,-0.15945125315364114,-0.397316236568382
-0.3079233918913155,-0.47676258641713937,-0.16624239070548644,-0.21607732323909262,-0.24307949205842794,-0.946870301711179,-1.1922650312542062,-0.18245719450624603,-0.5144323816930652,-0.15945125315364114,-0.397316236568382
-0.3079233918913155,-0.47676258641713937,-0.583531001412346,-0.25920194145188796,-0.2697193807432839,-0.9611921729722127,-1.2956065638580607,-0.18245719450624603,-0.5144323816930652,-0.15945125315364114,-0.397316236568382
-0.3079233918913155,-0.47676258641713937,-1.0601561632675505,-0.2771904059931709,-0.280831611131658,-0.9882321085144017,-1.5103029825079288,-0.18245719450624603,-0.5144323816930652,-0.15945125315364114,-0.397316236568382
-0.3079233918913155,-0.47676258641713937,-0.368686615937287,-0.23923747133599438,-0.2573864886834596,-0.7826309036365264,-0.7504920569226791,-0.18245719450624603,-0.5144323816930652,-0.15945125315364114,-0.397316236568382
-0.3079233918913155,-0.47676258641713937,-0.5492699699790556,-0.2555224827957165,-0.26744642452748013,-0.9512128270243653,-1.2230683633582418,-0.18245719450624603,-0.5144323816930652,-0.15945125315364114,-0.397316236568382
-0.3079233918913155,2.0198512149352292,0.5448460116799697,-0.20353309474647824,-0.10210990571864093,-0.7425978801122695,-0.6746236476175331,-0.17731750152493736,-0.5144323816930652,0.034365174779043876,2.1409342531634397
-0.3079233918913155,-0.47676258641713937,-1.03648829828665,-0.273442809213737,-0.2785165631340801,-0.9207039111318818,-1.0707142868236155,-0.18245719450624603,-0.5144323816930652,-0.15945125315364114,-0.397316236568382
-0.3079233918913155,-0.47676258641713937,-0.611522779254839,-0.25749848837032707,-0.2686670861989303,-0.8629155252010998,-0.9187780194926555,-0.18245719450624603,-0.5144323816930652,-0.15945125315364114,-0.397316236568382
-0.3079233918913155,-0.47676258641713937,-0.442428635412168,-0.24421155433415218,-0.26045918875297214,-0.937942521632038,-1.1324169840218457,-0.18245719450624603,-0.5144323816930652,-0.15945125315364114,-0.397316236568382
-0.3079233918913155,-0.47676258641713937,-1.1117567740868324,-0.2777014419176392,-0.2811472994949641,-1.0252457909403567,-1.8666079730771383,-0.18245719450624603,-0.5144323816930652,-0.15945125315364114,-0.397316236568382
-0.3079233918913155,-0.47676258641713937,-1.0077352274204296,-0.27562322915813486,-0.2798635001508527,-0.8327893859086521,-0.8501017208322004,-0.18245719450624603,-0.5144323816930652,-0.15945125315364114,-0.397316236568382
-0.3079233918913155,-0.47676258641713937,0.3469584959499564,-0.14104362190249872,-0.19672802196874012,-0.9120427493505351,-1.045577450484577,-0.18245719450624603,-0.5144323816930652,-0.15945125315364114,-0.397316236568382
-0.3079233918913155,-0.47676258641713937,-0.406483921774478,-0.24557431679940087,-0.26130102438845504,-0.9583349256454063,-1.2739961466936958,-0.18245719450624603,-0.5144323816930652,-0.15945125315364114,-0.397316236568382
-0.3079233918913155,-0.47676258641713937,-0.48676072594365005,-0.2520065556353748,-0.26527448858793423,-1.0278716443201237,-1.8948423217586,-0.18245719450624603,-0.5144323816930652,-0.15945125315364114,-0.397316236568382
-0.3079233918913155,-0.47676258641713937,-0.48679936824813164,-0.25013957105798407,-0.2641211737673227,-0.8849591407372221,-0.9722408605308682,-0.18245719450624603,-0.5144323816930652,-0.15945125315364114,-0.397316236568382
-0.3079233918913155,-0.47676258641713937,-0.5301913436009736,-0.24870867046947293,-0.2632372463500657,-0.8512515738430009,-0.8913845890127254,-0.18245719450624603,-0.5144323816930652,-0.15945125315364114,-0.397316236568382
2.591622583681666,3.2681581156114135,-0.16812151223711194,-0.2566808308911779,-0.22438653177253037,-0.9601530007877921,-1.071965272945719,-0.17591576357684635,0.31981903505989095,-0.09576433844590261,0.8718090082975287
-0.3079233918913155,0.7715443142590449,-0.36318729130496635,-0.2430123233647333,-0.2492501472665175,-1.0084207945911159,-1.1084524557936064,-0.18225921125890057,-0.1545592215251233,-0.1442215072999733,0.8718090082975287
-0.3079233918913155,-0.47676258641713937,-0.7122533435576448,-0.2644485769430955,-0.27296044793989305,-0.8552633719459538,-0.9011395007932527,-0.18245719450624603,-0.5144323816930652,-0.15945125315364114,-0.397316236568382
-0.3079233918913155,-0.47676258641713937,-0.29669088362065704,-0.23528546018677315,-0.2549451653405592,-0.667761557556119,-0.5629505723619258,-0.18245719450624603,-0.5144323816930652,-0.15945125315364114,-0.397316236568382
-0.3079233918913155,2.0198512149352292,0.05914279448000858,-0.2816057563805767,-0.18439933908709322,-0.7414008839996514,-0.663061319572882,-0.17388091046627127,-0.5144323816930652,-0.015188143857015743,2.1409342531634397
-0.3079233918913155,-0.47676258641713937,0.23387580716788073,-0.15794869028390895,-0.20717099302690536,-0.7531584235158457,-0.6972357967145091,-0.18245719450624603,-0.5144323816930652,-0.15945125315364114,-0.397316236568382
-0.3079233918913155,-0.47676258641713937,1.4825663612821853,0.6081282295556523,0.26606690945980005,0.5500720091738974,0.3177027657232722,-0.18245719450624603,-0.5144323816930652,-0.15945125315364114,-0.397316236568382
-0.3079233918913155,-0.47676258641713937,-0.7938505672209977,-0.2627451238615346,-0.2719081533955394,-1.020487743041947,-1.8152851478848306,-0.18245719450624603,-0.5144323816930652,-0.15945125315364114,-0.397316236568382
-0.3079233918913155,-0.47676258641713937,-0.48370524493878564,-0.2506165379208211,-0.26441581623974175,-0.730880980222004,-0.6595848001201923,-0.18245719450624603,-0.5144323816930652,-0.15945125315364114,-0.397316236568382
-0.3079233918913155,-0.47676258641713937,-1.1043927536723417,-0.2813468315121795,-0.2833992098198808,0.10081023608142173,0.10182730986480806,-0.18245719450624603,-0.5144323816930652,-0.15945125315364114,-0.397316236568382
-0.3079233918913155,-0.47676258641713937,-0.8468747616386348,-0.2685368643388416,-0.2754859548463417,-0.7420197018689249,-0.6787109402771692,-0.18245719450624603,-0.5144323816930652,-0.15945125315364114,-0.397316236568382
-0.3079233918913155,-0.47676258641713937,-0.016054793697597106,-0.208507177744636,-0.23840309510332047,-0.8125649389660905,-0.8085566350049178,-0.18245719450624603,-0.5144323816930652,-0.15945125315364114,-0.397316236568382
-0.3079233918913155,3.2681581156114135,-0.6569221170254037,-0.2758957816511846,-0.26121684082490676,-0.8320577018482019,-0.8246828884337244,-0.1745445891208636,-0.5144323816930652,-0.13207812731291121,3.4100594980293506
-0.3079233918913155,-0.47676258641713937,-0.2691530694877987,-0.22683633290223115,-0.24972578440056534,-0.8793972688476156,-0.9578675256197935,-0.18245719450624603,-0.5144323816930652,-0.15945125315364114,-0.397316236568382
-0.3079233918913155,-0.47676258641713937,-0.3279475799648743,-0.2350129076937234,-0.25477679821346266,-0.3057531040311903,-0.17373482485695999,-0.18245719450624603,-0.5144323816930652,-0.15945125315364114,-0.397316236568382
-0.3079233918913155,0.7715443142590449,0.3851911256244738,-0.18990547009399114,-0.1604070234758309,-0.5730824235572916,-0.43941902160267354,-0.1808073341117004,-0.5144323816930652,-0.06269613273226915,0.8718090082975287
-0.3079233918913155,0.7715443142590449,-0.9252817394263849,-0.27807620159558255,-0.2722027958679584,-0.7689382791823169,-0.6763979146403694,-0.1609078179396209,-0.5144323816930652,-0.14610149603221134,0.8718090082975287
-0.3079233918913155,0.7715443142590449,-0.05472660186250188,-0.2249966035741454,-0.22910081133123456,-0.7884310420644286,-0.7432406881246524,-0.17284400794069357,-0.5144323816930652,-0.13109832862509985,0.8718090082975287
-0.3079233918913155,-0.47676258641713937,-0.12326552214543741,-0.2179102387548521,-0.24421176098815242,-0.9944973925324647,-1.56509141223726,-0.18245719450624603,-0.5144323816930652,-0.15945125315364114,-0.397316236568382
-0.3079233918913155,-0.47676258641713937,0.1317562592684309,-0.1651713313497271,-0.21163272189496463,-0.39300642359873716,-0.2495527045879155,-0.18245719450624603,-0.5144323816930652,-0.15945125315364114,-0.397316236568382
-0.3079233918913155,-0.47676258641713937,-0.7044149646903584,-0.26145049951954835,-0.27110840954183063,-1.0687555368452708,-2.432954865446725,-0.18245719450624603,-0.5144323816930652,-0.15945125315364114,-0.397316236568382
-0.3079233918913155,-0.47676258641713937,0.6168531150109345,-0.0755015611363621,-0.15623993708019063,-0.36887252669707526,-0.22927125779982935,-0.18245719450624603,-0.5144323816930652,-0.15945125315364114,-0.397316236568382
-0.3079233918913155,0.7715443142590449,0.5383157409988526,-0.17566460233214215,-0.14154990524101424,-0.6928236812616909,-0.5969991253042329,-0.17680367288760304,-0.5144323816930652,-0.048060389833086935,0.8718090082975287
-0.3079233918913155,-0.47676258641713937,0.13355901704821105,-0.17389301112731884,-0.21702046996205512,-0.7401632482611047,-0.67510243746023,-0.18245719450624603,-0.5144323816930652,-0.15945125315364114,-0.397316236568382
-0.3079233918913155,-0.47676258641713937,-0.9042549219576757,-0.26996776492735275,-0.2763698822635987,-1.0520474543748894,-2.1887344965883635,-0.18245719450624603,-0.5144323816930652,-0.15945125315364114,-0.397316236568382
-0.3079233918913155,-0.47676258641713937,-0.3997699239040988,-0.24898122296252262,-0.26340561347716224,-0.5526614338712699,-0.41653786697643963,-0.18245719450624603,-0.5144323816930652,-0.15945125315364114,-0.397316236568382
2.591622583681666,5.764771916963783,0.10992329982530576,-0.2664586515793373,-0.14719020399874957,-0.7378117403578658,-0.4751960901291383,-0.15963240533107312,0.11480038623694223,0.025332655625782862,2.1409342531634397
-0.3079233918913155,0.7715443142590449,-0.3646235708891086,-0.24305320623869076,-0.2555344502853973,-0.818134299789551,-0.8150331163809901,-0.1779915723716759,-0.5144323816930652,-0.15332751135482012,0.8718090082975287
-0.3079233918913155,0.7715443142590449,-0.19249980309998663,-0.25927007957515036,-0.24172834586347788,-0.7642971451627665,-0.6991342243134265,-0.17187608984256014,-0.5144323816930652,-0.11866713277349321,0.8718090082975287
-0.3079233918913155,0.7715443142590449,-0.46691387071795903,-0.2841404945659393,-0.24778956243895467,-0.8979618049258172,-1.0210436963178382,-0.1761877250069727,-0.5144323816930652,-0.10513366339809876,0.8718090082975287
-0.3079233918913155,0.7715443142590449,0.7051983373076172,-0.17832198913937714,-0.05223114431627984,-0.6705462379678492,-0.5657074899385892,-0.178321544450585,-0.5144323816930652,0.0842736704394351,0.8718090082975287
-0.3079233918913155,0.7715443142590449,-0.32724745107774306,-0.26690154938054317,-0.24585334047734406,-0.8404117430833926,-0.8662427308152456,-0.18071934155732464,-0.5144323816930652,-0.11780980892165825,0.8718090082975287
-0.3079233918913155,2.0198512149352292,-0.5320951330149136,-0.26826431184579186,-0.25132527210798283,-0.7624406915549464,0.9197055891399271,1.1282823500069397,-0.5144323816930652,-0.12454592490036137,2.1409342531634397
-0.3079233918913155,0.7715443142590449,-0.004449747814674637,-0.21784210063158968,-0.2205982714128574,-0.7624406915549464,-0.7064278784238516,-0.17568176781931202,-0.5144323816930652,-0.12515829908024348,0.8718090082975287
-0.3079233918913155,0.7715443142590449,-0.2676589273616233,-0.27575950540465977,-0.24206508011767106,-0.871043227612425,-0.9371933224124096,-0.1814892764081126,-0.5144323816930652,-0.10433757696425204,0.8718090082975287
-0.3079233918913155,2.0198512149352292,-0.1491054272923345,-0.24441596870393947,-0.22480744959027182,-0.9060064372263711,-1.0307412496199313,-0.17897143227869852,-0.5144323816930652,-0.10739944786366253,2.1409342531634397
-0.3079233918913155,2.0198512149352292,-0.8336113758486021,-0.2778036491025328,-0.264794642275709,-0.7686288702476802,-0.6875005362640625,-0.1680387277263552,-0.5144323816930652,-0.13556866013823918,2.1409342531634397
-0.3079233918913155,3.2681581156114135,-0.3465726961471085,-0.260769118286924,-0.2378559019402566,-0.8988900317297273,-1.0096958677019834,-0.1806146835052624,-0.5144323816930652,-0.11168606712283724,3.4100594980293506
-0.3079233918913155,0.7715443142590449,0.17058218579723278,-0.2144351944684679,-0.19618503798385367,-0.6659051039482988,-0.5545178253144346,-0.17350395209851183,-0.5144323816930652,-0.09270246754649211,0.8718090082975287
2.591622583681666,-0.47676258641713937,-0.9447218375575861,-0.2679917593527421,-0.2751492205921485,-0.859161924522376,-0.5690399608128829,-0.18245719450624603,-0.5144323816930652,-0.15945125315364114,-1.0318788590013375
-0.3079233918913155,0.7715443142590449,-0.6460674624607053,-0.27575950540465977,-0.2639528066402261,-0.5545178874790899,-0.4134513372335606,-0.1740099092861725,-0.5144323816930652,-0.13618103431812129,0.8718090082975287
-0.3079233918913155,0.7715443142590449,-0.657482497463026,-0.26485740568267013,-0.2673201491821577,-0.9267368358470294,-0.43982824167633877,-0.14688620439984254,-0.5144323816930652,-0.1508780146352917,0.8718090082975287
-0.3079233918913155,0.7715443142590449,0.08234088037062363,-0.2069400009096,-0.20628706560964832,-0.80792380494654,-0.7703167578825577,-0.16787242861846277,-0.5144323816930652,-0.11413556384236566,0.8718090082975287
-0.3079233918913155,0.7715443142590449,-0.8169016417607311,-0.2730339804741624,-0.2694247382708649,-0.795856856495709,-0.7671705203971377,-0.1762537194227545,-0.5144323816930652,-0.146591395376117,0.8718090082975287
-0.3079233918913155,0.7715443142590449,0.04499178154731993,-0.20898414460747305,-0.2117589972402871,-0.7234551657907233,-0.6452910077311047,-0.17774959284714253,-0.5144323816930652,-0.12025930564118667,0.8718090082975287
-0.3079233918913155,3.2681581156114135,0.20005181268789446,-0.24032768130819335,-0.1612488591113138,-0.8139572791719555,-0.5124106432990303,-0.15131295347952975,-0.5144323816930652,-0.018605191780757886,3.4100594980293506
-0.3079233918913155,0.7715443142590449,-0.2272946215681474,-0.24373458747131513,-0.23617223066929083,-0.6631204235365685,-0.5526369611270217,-0.17506581993868167,-0.5144323816930652,-0.12454592490036137,0.8718090082975287
-0.3079233918913155,2.0198512149352292,-0.5830852743440189,-0.2611779470264986,-0.25595536810313874,-0.8292730214364717,-0.8326361056032446,-0.17731872566120357,-0.5144323816930652,-0.13765073234983835,2.1409342531634397
-0.3079233918913155,2.0198512149352292,0.4991172830264526,-0.2662201681479188,-0.0834464096799853,-0.7129352620130759,-0.6110439239045341,-0.1710484782523133,-0.5144323816930652,0.11785627046416956,2.1409342531634397
-0.3079233918913155,2.0198512149352292,0.10246857091453805,-0.2587249745890509,-0.17892740745645444,-0.5854587809427592,-0.32207975367577957,-0.166515590043476,-0.5144323816930652,-0.027790804478989375,2.1409342531634397
-0.3079233918913155,-0.47676258641713937,1.2691877202352246,0.25571785604233643,0.0483682141239253,-0.7735794132018674,-0.4881676195599812,-0.18245719450624603,4.196634442323628,-0.15945125315364114,-0.397316236568382
-0.3079233918913155,3.2681581156114135,0.03599713027158229,-0.2662201681479188,-0.19828962707256087,-0.9457654853271859,-1.1909678319983998,-0.17864379967938265,-0.5144323816930652,-0.04922390077486294,3.4100594980293506
-0.3079233918913155,3.2681581156114135,-0.37403682213811146,-0.272352599241538,-0.2386977375757395,-0.6993212688890614,-0.6172634562300425,-0.17478977630616305,-0.5144323816930652,-0.10250045442460573,3.4100594980293506
-0.3079233918913155,2.0198512149352292,-0.17396606800863532,-0.26485740568267013,-0.21765184668866733,-0.45241293904898194,-0.30109141461243627,-0.1677255571918321,-0.5144323816930652,-0.07861786140920378,2.1409342531634397
-0.3079233918913155,3.2681581156114135,-0.2128570563074191,-0.24628976709365646,-0.2324639446949887,-0.4083221658632535,-0.6403022064466616,-0.1774448682225088,0.0024763392754331413,-0.11685450520104218,3.4100594980293506
-0.3079233918913155,3.2681581156114135,-0.3470071357939709,-0.27167121800891364,-0.24122324448218815,-0.7559431039275759,-0.6827165884000912,-0.17273728599724764,-0.5144323816930652,-0.10678707368378045,3.4100594980293506
-0.3079233918913155,0.7715443142590449,-0.21914428619384899,-0.25940635582167526,-0.24669517611282693,-0.8812537224554359,-0.9585745805336254,-0.17768359843136072,-0.5144323816930652,-0.1257706732601256,0.8718090082975287
-0.3079233918913155,2.0198512149352292,-0.5952088003106593,-0.2655387869152945,-0.2614272997337775,-0.8515504647303136,-0.08737410184736343,-0.1152243087972899,-0.5144323816930652,-0.1416924019370602,2.1409342531634397
-0.3079233918913155,0.7715443142590449,0.21814234375745536,-0.23623939391244725,-0.17135088673710847,-0.592575186439403,-0.4629752536494471,-0.18164326337827022,-0.5144323816930652,-0.036976417177220916,0.8718090082975287
-0.3079233918913155,2.0198512149352292,-0.5844911536755758,-0.27167121800891364,-0.2509043542902414,-0.6516722929550111,-0.5068071105751163,-0.16293701428652116,-0.5144323816930652,-0.12087167982106876,2.1409342531634397
-0.3079233918913155,2.0198512149352292,0.02196420615762658,-0.25531806842592913,-0.20081513397900955,-0.4845914682511978,-0.3162504126285843,-0.1575054217587932,-0.5144323816930652,-0.06269613273226915,2.1409342531634397
-0.3079233918913155,2.0198512149352292,-0.28854703375873714,-0.24842249035177066,-0.24285640561502495,-0.7396063121787586,-0.7439460734865377,-0.17418189747197343,-0.4097420078260275,-0.1300572925193003,2.1409342531634397
-0.3079233918913155,0.7715443142590449,0.5356141081981529,-0.16741988941738747,-0.1334682831403785,-0.5786517843807519,-0.41615080273602245,-0.15610342447070405,-0.5144323816930652,-0.04371253315592402,0.8718090082975287
-0.3079233918913155,0.7715443142590449,-0.15295668161912712,-0.24714149363443688,-0.2454324226596026,-0.8237036606130113,0.00724026858812453,-0.1575992978950921,-0.5144323816930652,-0.1349562859583571,0.8718090082975287
-0.3079233918913155,0.7715443142590449,-0.4475962540938573,-0.260769118286924,-0.2509043542902414,-0.5220299493422375,-0.37791092561366235,-0.17297599677225722,-0.5144323816930652,-0.13066966669918237,0.8718090082975287
-0.3079233918913155,0.7715443142590449,0.25394057583213986,-0.24509734993656382,-0.1726136401903328,-0.6863260936343204,-0.5896124465006186,-0.17955344021184574,-0.5144323816930652,-0.03085267537839992,0.8718090082975287
-0.3079233918913155,0.7715443142590449,-0.6695975749186501,-0.27030845554366495,-0.26100638191603603,-0.4941831452249352,-0.3504121949992497,-0.18003739926091245,-0.5144323816930652,-0.1367934084980034,0.8718090082975287
-0.3079233918913155,3.2681581156114135,-0.020873246849230403,-0.272352599241538,-0.20376155870319965,-0.8023544441230795,-0.7780576310073931,-0.17742941257191136,-0.5144323816930652,-0.05167339749439134,3.4100594980293506
-0.3079233918913155,0.7715443142590449,-0.10762871766303478,-0.2532739247280561,-0.2378559019402566,-0.8320577018482019,-0.8452165180616691,-0.1790034867469972,-0.5144323816930652,-0.11842218310154036,0.8718090082975287
-0.3079233918913155,0.7715443142590449,-0.5475803069840272,-0.2634946432174214,-0.2635318888224847,-0.8394835162794825,-0.8561510724554632,-0.17715564310510612,-0.5144323816930652,-0.146591395376117,0.8718090082975287
-0.3079233918913155,4.516465016287598,-0.026724981570709738,-0.274396742939411,-0.17288723677186474,-0.6142956936508988,1.3472266156932857,4.296524395595497,-0.5144323816930652,-0.004918628860392936,4.679184742895261
-0.3079233918913155,0.7715443142590449,0.24767143504810488,-0.23283248774932547,-0.18061107872742022,-0.7141728977516226,-0.6324418739267385,-0.18067534528013676,-0.5144323816930652,-0.05351052003403763,0.8718090082975287
-0.3079233918913155,3.2681581156114135,-0.2932551701742078,-0.26281326198479704,-0.23533039503380793,-0.731252270943568,0.44789692148308974,0.25086069597800015,-0.453908259301184,-0.10617469950389832,3.4100594980293506
-0.3079233918913155,0.7715443142590449,-0.5751614274080277,-0.26485740568267013,-0.2622691353692604,-0.8320577018482019,0.24378723358884843,0.037194219354260254,-0.5144323816930652,-0.1435295244767065,0.8718090082975287
-0.3079233918913155,0.7715443142590449,0.0894409633891177,-0.23351386898194984,-0.21386358632899427,-0.7086035369281621,-0.6234543901613315,-0.18005939739950638,-0.5144323816930652,-0.10127570606484153,0.8718090082975287
-0.3079233918913155,0.7715443142590449,-0.2751947238836182,-0.24646011240181254,-0.24753701174830983,-0.7355221142415543,-0.663061319572882,-0.17660568964025758,-0.5144323816930652,-0.1386305310376497,0.8718090082975287
-0.3079233918913155,0.7715443142590449,-0.2152688709555678,-0.25531806842592913,-0.23364672376284215,-0.7513019699080254,-0.691591677559206,-0.17816755748042742,-0.5144323816930652,-0.11046131876307305,0.8718090082975287
-0.3079233918913155,2.0198512149352292,-0.2740924306580935,-0.2634946432174214,-0.23448855939832505,-0.72283634792145,-0.47593933340617656,-0.16598480383519992,-0.5144323816930652,-0.10433757696425203,2.1409342531634397
-0.3079233918913155,3.2681581156114135,-0.10821664297038934,-0.26994732349037404,-0.20839165469835552,-0.7211345987809482,1.187673812189124,2.5321640618997443,-0.5144323816930652,-0.06057119432807827,3.4100594980293506
-0.3079233918913155,0.7715443142590449,-0.44824756479088906,-0.2621318807521727,-0.25342986119669003,-0.80699557814263,-0.7854764132436176,-0.17537379387899685,-0.5144323816930652,-0.13311916341871077,0.8718090082975287
-0.3079233918913155,2.0198512149352292,-0.2864853967880541,-0.26894569307841626,-0.23448855939832505,-0.5650377912567376,-0.3997130840262455,-0.16108033802619912,-0.5144323816930652,-0.09943858352519522,2.1409342531634397
-0.3079233918913155,0.7715443142590449,-0.27841243817386957,-0.2525925434954317,-0.2416441622999296,-0.5053218668718561,-0.3557357084919692,-0.1687743523008144,-0.5144323816930652,-0.12454592490036137,0.8718090082975287
-0.3079233918913155,2.0198512149352292,-0.40765775243148095,-0.2737153617067867,-0.25258802556120713,-0.9053876193570978,-1.0398087675511622,-0.17944155003494272,-0.5144323816930652,-0.12148405400095087,2.1409342531634397
2.591622583681666,2.0198512149352292,0.4032739193031381,-0.25020770918124646,-0.11813753727045542,-0.05172836869446694,0.036859341851914806,-0.07430492463381734,-0.21126650736976865,0.052994934266366915,0.2372463858645734
-0.3079233918913155,2.0198512149352292,-0.35248895562233895,-0.26485740568267013,-0.23996049102896383,-0.8175154819202775,-0.8075690952735376,-0.1750716491251687,-0.5144323816930652,-0.11107369294295515,2.1409342531634397
-0.3079233918913155,3.2681581156114135,0.29784804024487915,-0.26145049951954835,-0.12336625551458384,-0.7160293513594428,-0.6188749736029318,-0.17348194048067642,-0.5144323816930652,0.05549208398497639,3.4100594980293506
-0.3079233918913155,0.7715443142590449,-0.39874838550727687,-0.25804359335642657,-0.2597436284628117,-0.8496940111224934,-0.8696614655081651,-0.1753517957404029,-0.5144323816930652,-0.14597902119623493,0.8718090082975287
-0.3079233918913155,2.0198512149352292,-0.30204049258191906,-0.2662201681479188,-0.2386977375757395,-0.7024153582354284,-0.5978943583579834,-0.17162119635157633,-0.5144323816930652,-0.10801182204354463,2.1409342531634397
-0.3079233918913155,2.0198512149352292,-0.23579025631820832,-0.25395530596068044,-0.2349094772160665,-0.6362018462231765,-0.5368530923934889,-0.16483944577477855,-0.5144323816930652,-0.11352318966248355,2.1409342531634397
-0.3079233918913155,2.0198512149352292,-0.6145900175751947,-0.2844811851822515,-0.2546926146499144,-0.8008073994498962,-0.7516410216066349,-0.17062140545359156,-0.5144323816930652,-0.11487041285822418,2.1409342531634397
-0.3079233918913155,3.2681581156114135,-0.6308212255949444,-0.27916641156778155,-0.2530089433789486,-0.7656894853686317,-0.7132601427919616,-0.17760985254635497,-0.5144323816930652,-0.11719743474177616,3.4100594980293506
-0.3079233918913155,2.0198512149352292,-0.28113793577585516,-0.274396742939411,-0.22607020304349615,-0.36082789439652135,-0.2011984928968907,-0.15297835361020057,-0.5144323816930652,-0.0822921064884964,2.1409342531634397
-0.3079233918913155,0.7715443142590449,0.07016275489168797,-0.22738143788833065,-0.2121799150580285,-0.45148471224507186,-0.30502765902831563,-0.17629771569994238,-0.5144323816930652,-0.10433757696425203,0.8718090082975287
-0.3079233918913155,0.7715443142590449,0.05138288492673047,-0.24373458747131513,-0.20207788743223387,-0.6529099286935578,-0.5420484745079748,-0.18135728757654895,-0.5144323816930652,-0.07494361632991117,0.8718090082975287
-0.3079233918913155,3.2681581156114135,-0.005732842266278921,-0.2709898367762893,-0.20081513397900955,-0.7466608358884752,-0.7611688134622561,-0.1749975925162088,-0.45881562057620134,-0.04861152659498084,3.4100594980293506
-0.3079233918913155,0.7715443142590449,0.3497970692388891,-0.24646011240181254,-0.1536723383919678,-0.8153496193778206,-0.8125302789776695,-0.18021338436966397,-0.5144323816930652,-0.0020710889239411393,0.8718090082975287
-0.3079233918913155,0.7715443142590449,-0.06948157917520376,-0.23760215637769597,-0.22775387431446195,-0.7754358668096875,-0.736528842858811,-0.1808513303888883,-0.5144323816930652,-0.11780980892165825,0.8718090082975287
-0.3079233918913155,0.7715443142590449,-0.06999334393980738,-0.22397453172520887,-0.22943754558542773,-0.8849666296710761,-0.9700531159680017,-0.18045536389419733,-0.5144323816930652,-0.1325067892388287,0.8718090082975287
-0.3079233918913155,0.7715443142590449,0.2180987181513349,-0.21579795693371662,-0.19155494198869777,-0.6863260936343204,-0.5899054222617546,-0.18036737133982159,-0.5144323816930652,-0.0847416032080248,0.8718090082975287
-0.3079233918913155,0.7715443142590449,0.7141109266050204,-0.12789977792517493,-0.055177569040469956,-0.591646959635493,-0.45931322201488073,-0.1765176970858818,-0.5144323816930652,0.034671361868984896,0.8718090082975287
-0.3079233918913155,3.2681581156114135,0.24363945072628732,-0.25054839979755866,-0.1591442700226066,-0.719278145173128,-0.6368451190506558,-0.17769878644043602,-0.5144323816930652,-0.006357708183115851,3.4100594980293506
-0.3079233918913155,0.7715443142590449,0.4954341336765808,-0.24918563733230994,-0.10105761117428731,-0.5721541967533814,-0.4261345986087614,-0.165540625927505,-0.5144323816930652,0.07692518028084991,0.8718090082975287
-0.3079233918913155,2.0198512149352292,-0.21424291169962362,-0.272352599241538,-0.22859570994994483,-0.7686288702476802,-0.24481724308350494,-0.124210108454635,-0.5144323816930652,-0.0878034741074353,2.1409342531634397
-0.3079233918913155,0.7715443142590449,0.47429037031438664,-0.17491508297625538,-0.1288381871452226,-0.6129961761254247,-0.48268863881665947,-0.1728660060792875,-0.5144323816930652,-0.030240301198517783,0.8718090082975287
-0.3079233918913155,0.7715443142590449,-0.524504473591584,-0.2559994496585535,-0.2593227106450703,-0.7772923204175076,-0.7319761490134045,-0.1755057827105605,-0.5144323816930652,-0.1472037695559991,0.8718090082975287
-0.3079233918913155,2.0198512149352292,-0.06240806274669296,-0.25274244736660906,-0.2130217506935114,-0.44522260956967463,1.8485395835670428,6.742272495703824,-0.5144323816930652,-0.08276975834880443,2.1409342531634397
-0.3079233918913155,0.7715443142590449,-0.04571642561076614,-0.22465591295783321,-0.21765184668866733,-0.8125649389660905,-0.8075690952735375,-0.1804333657556034,-0.5144323816930652,-0.11474793802224775,0.8718090082975287
-0.3079233918913155,2.0198512149352292,-0.46021831149941617,-0.2597197911886825,-0.2564436327717188,-0.9876903959704576,-1.4023446306233702,-0.1795667188965557,-0.5144323816930652,-0.13967156714344928,2.1409342531634397
-0.3079233918913155,2.0198512149352292,-0.5296314752812151,-0.27167121800891364,-0.25511353246765583,-0.8249412963515581,0.3040777795411565,-0.03161866638722367,-0.5144323816930652,-0.12699542161988978,2.1409342531634397
-0.3079233918913155,0.7715443142590449,-0.6226197247265169,-0.272352599241538,-0.26269005318700184,-0.8404117430833926,-0.8622892102555884,-0.1786735146680881,-0.5144323816930652,-0.1374057826778855,0.8718090082975287
-0.3079233918913155,0.7715443142590449,0.04918090317748202,-0.22874420035357934,-0.20754981906287265,-0.8496940111224934,-0.8859958159095039,-0.18014738995388216,-0.5144323816930652,-0.09637671262578473,0.8718090082975287
-0.3079233918913155,2.0198512149352292,0.010944485789525164,-0.2307883440514524,-0.19913146270804377,-0.6034044991516871,-0.4690044504157377,-0.1731594302525244,-0.5144323816930652,-0.0822921064884964,2.1409342531634397
-0.3079233918913155,2.0198512149352292,0.21213978610988646,-0.21647933816634096,-0.18959346495802265,-0.6331077568768095,0.9052773099363126,1.101350474279947,-0.5144323816930652,-0.08127556534989211,2.1409342531634397
-0.3079233918913155,0.7715443142590449,0.1043107988762745,-0.20102561181042058,-0.2017369439998633,-0.5805082379885721,0.3981152686869478,-0.13164149435424105,-0.5144323816930652,-0.11283120683921678,0.8718090082975287
-0.3079233918913155,0.7715443142590449,0.3326829949450339,-0.15992469585851957,-0.1726136401903328,-0.49297645037985216,0.18447630415775756,-0.13604112207302937,3.777872946855477,-0.10739944786366257,0.8718090082975287
-0.3079233918913155,3.2681581156114135,0.43348700368422854,-0.22124900679471146,-0.10863413189363332,-0.46030286688221755,1.5098203012292566,6.246943507276988,-0.5144323816930652,0.04079510366780595,3.4100594980293506
-0.3079233918913155,0.7715443142590449,-0.4758691090520366,-0.2588135541492921,-0.26176824316614805,-0.8092233224720142,-1.1555656603019857,-0.18151127454670654,-0.45881562057620134,-0.14823255817820105,0.8718090082975287
-0.3079233918913155,0.7715443142590449,-0.8395916661105215,-0.27575950540465977,-0.26984565608860633,-0.8422681966912127,-0.8645437865076524,-0.17805756678745774,-0.5144323816930652,-0.14475427283647072,0.8718090082975287
-0.3079233918913155,2.0198512149352292,0.5668955666734425,-0.21784210063158968,-0.0637642925223954,-0.29291399093017284,1.0722755367468435,0.5987662033216032,-0.5144323816930652,0.1030123203438274,2.1409342531634397
-0.3079233918913155,3.2681581156114135,0.06149614620036939,-0.24169044377344204,-0.1952085086466935,-0.8028185575250346,0.0110187844394205,-0.07960316667995608,-0.5144323816930652,-0.06678679225388158,3.4100594980293506
-0.3079233918913155,0.7715443142590449,0.44910932976688295,-0.24169044377344204,-0.1498840780322948,-0.7967850832996193,-0.775765993043938,-0.1797954197363791,-0.5144323816930652,-0.0008463405641769358,0.8718090082975287
-0.3079233918913155,0.7715443142590449,0.10320723749926082,-0.22670005665570628,-0.20376155870319965,-0.7132446709477126,-0.6298542531001903,-0.1787835053610578,-0.5144323816930652,-0.09270246754649213,0.8718090082975287
-0.3079233918913155,0.7715443142590449,-0.7257585370194877,-0.2730339804741624,-0.2664783135466748,-0.93509087708222,-1.1410851260577317,-0.18047736203279127,-0.5144323816930652,-0.1423047761169423,0.8718090082975287
-0.3079233918913155,3.2681581156114135,-0.3308186091657322,-0.27916641156778155,-0.2193355179596331,-0.8984259183277722,-1.0029533897653051,-0.18007741002104127,-0.5144323816930652,-0.06820750035120807,3.4100594980293506
-0.3079233918913155,0.7715443142590449,0.22764862497630578,-0.19876342611810774,-0.189871270717732,-0.6445558874583671,0.3911563247399495,-0.14506035889654542,-0.5144323816930652,-0.09760146098554892,0.8718090082975287
-0.3079233918913155,2.0198512149352292,0.14392015954564746,-0.2532739247280561,-0.1726136401903328,-0.7185046228365364,-0.6280309936430579,-0.1740354788108123,-0.5144323816930652,-0.023504185219814698,2.1409342531634397
-0.3079233918913155,3.2681581156114135,0.9193277312017494,-0.1532267183418222,0.09980437145192975,-0.24959538239463083,0.18861953837341677,0.049114381888950745,-0.5144323816930652,0.2829094831677923,3.4100594980293506
-0.3079233918913155,0.7715443142590449,-0.25614913612683443,-0.2397689486974414,-0.2512116242971926,-0.7095317637320723,-0.7600667762450972,-0.18135728757654895,-0.5144323816930652,-0.1499900720744627,0.8718090082975287
-0.3079233918913155,2.0198512149352292,-0.07225749513410148,-0.28707043386622405,-0.20712890124513123,-0.8039014887962631,-0.7672899444076346,-0.1709486541838173,-0.5144323816930652,-0.04334510864799477,2.1409342531634397
-0.3079233918913155,0.7715443142590449,-0.7032385273648079,-0.2655387869152945,-0.2660573957289334,-0.7884310420644286,-0.7600667762450972,-0.17999340298372457,-0.5144323816930652,-0.1484285179157633,0.8718090082975287
-0.3079233918913155,4.516465016287598,-0.37359651516217407,-0.2737153617067867,-0.2340676415805836,-0.7906587863938127,-0.7489459446926164,-0.175386977704327,-0.5144323816930652,-0.09453959008613842,4.679184742895261
-0.3079233918913155,0.7715443142590449,0.28422070705506436,-0.1994448073507321,-0.17303455800807424,-0.5229581761461475,-0.37879455763880165,-0.1728660060792875,-0.5144323816930652,-0.07249411961038278,0.8718090082975287
-0.3079233918913155,0.7715443142590449,-0.650575164399636,-0.26485740568267013,-0.2635318888224847,-0.7475890626923852,-0.6772638008335623,-0.17361394279148154,-0.5144323816930652,-0.14536664701635282,0.8718090082975287
-0.3079233918913155,2.0198512149352292,0.05486308608475541,-0.23010696281882806,-0.21260083287577,-0.9313779698665798,-1.1142305151858627,-0.18134228451123655,-0.5144323816930652,-0.10250045442460573,2.1409342531634397
2.591622583681666,4.516465016287598,0.13443731442441495,-0.26206374262891025,-0.186083010358059,-0.8281591492717796,-0.8371992205009638,-0.17968962233697977,1.6448065793145856,-0.03520053205556282,1.5063716307304842
-0.3079233918913155,2.0198512149352292,0.7006610803665764,-0.14970397736915428,-0.07327703520335202,1.4362191979733812,0.1830937479171353,-0.16837838580612344,-0.5144323816930652,0.027935245890281846,2.1409342531634397
-0.3079233918913155,2.0198512149352292,0.287511978345521,-0.24305320623869076,-0.16503711947098682,-0.7680100523784069,-0.7200724950152249,-0.17821419511575276,-0.5144323816930652,-0.021667062680168395,2.1409342531634397
-0.3079233918913155,3.2681581156114135,-0.11788894704231066,-0.27030845554366495,-0.20081513397900955,-0.80606735133872,-0.7805930213576387,-0.17569881759247657,-0.5144323816930652,-0.04922390077486294,3.4100594980293506
-0.3079233918913155,2.0198512149352292,0.6414685625741806,-0.17491508297625538,-0.08295814501140523,0.3836100023393576,0.853046691124622,0.9363296823932729,-0.3506355675802625,0.036508484408631234,2.1409342531634397
-0.3079233918913155,0.7715443142590449,0.1121190925786827,-0.23351386898194984,-0.19576412016611222,-0.7995697637113494,-0.7771394684390165,-0.17748561518401526,-0.5144323816930652,-0.07494361632991117,0.8718090082975287
-0.3079233918913155,2.0198512149352292,-0.49040195658556723,-0.2730339804741624,-0.24627425829508548,-0.888060719017443,-0.9766509845091718,-0.180086289053014,-0.5144323816930652,-0.11291081548260144,2.1409342531634397
-0.3079233918913155,0.7715443142590449,0.6479661066541326,-0.16605712695213876,-0.0816953915581809,0.36906778241143284,-0.26543649516684525,-0.18245719450624603,-0.5144323816930652,0.030384742609810216,0.8718090082975287
-0.3079233918913155,0.7715443142590449,-0.7162536762611866,-0.2812105552656546,-0.2694247382708649,-0.9750046296503533,-1.3737629574974017,-0.18045536389419733,-0.5144323816930652,-0.1392429052175318,0.8718090082975287
-0.3079233918913155,3.2681581156114135,-0.6715911478428285,-0.2817761016887328,-0.2597436284628117,-0.7466608358884752,-0.6663909976492757,-0.17295823031351473,-0.5144323816930652,-0.12465002851094134,3.4100594980293506
-0.3079233918913155,3.2681581156114135,-0.4169174077760255,-0.2701926207341188,-0.24252388053900922,-0.6318477524193333,-0.619818333886936,-0.17381037287466436,-0.5062534462347028,-0.11000816186996029,3.4100594980293506
-0.3079233918913155,3.2681581156114135,-0.04199437608681283,-0.2634946432174214,-0.19786870925481945,-0.7638330317608116,-0.708952565665914,-0.17725487114825464,-0.5144323816930652,-0.05106102331450924,3.4100594980293506
-0.3079233918913155,0.7715443142590449,-0.25882306060557914,-0.2337932352873258,-0.2475538484610195,-0.7336656606337341,-0.695723234914204,-0.17409790184054824,-0.5144323816930652,-0.15003906200885325,0.8718090082975287
-0.3079233918913155,0.7715443142590449,-0.2277329425549728,-0.23623939391244725,-0.2416441622999296,-0.7661535987705866,-0.7202058781711692,-0.18208322615014902,-0.5144323816930652,-0.1392429052175318,0.8718090082975287
-0.3079233918913155,0.7715443142590449,0.4824965848321454,-0.2573622121238022,-0.12462900896780818,-0.7856463616526983,-0.7428180272681452,-0.17409790184054824,-0.5144323816930652,0.04998071636603747,0.8718090082975287
-0.3079233918913155,2.0198512149352292,0.43515698512753676,-0.18854270762874242,-0.12504992678554963,-0.2537724030122263,1.5640318981858863,3.1974028973815716,-0.5144323816930652,-0.012481449981936852,2.1409342531634397
-0.3079233918913155,2.0198512149352292,0.47199405219550866,-0.2219303880273358,-0.12841726932748118,-0.7277868908756371,-0.6139310755809626,-0.16752305585426233,-0.5144323816930652,0.012625891393229302,2.1409342531634397
-0.3079233918913155,2.0198512149352292,0.6954725364999313,-0.2382835376103203,0.01494733939525464,-0.8428870145604862,-0.8675689200005482,-0.1789669926402361,-0.5144323816930652,0.2358975173782434,2.1409342531634397
-0.3079233918913155,0.7715443142590449,-0.3006513657749792,-0.2764408866372841,-0.22901662776768628,-0.7513019699080256,-0.6516968038662726,-0.16510066315562616,-0.5144323816930652,-0.0847416032080248,0.8718090082975287
-0.3079233918913155,0.7715443142590449,0.07414825289585156,-0.21239105077059484,-0.20586614779190687,-0.6900390008499607,-0.5958084543735489,-0.18203922987296114,-0.5144323816930652,-0.10862419622342676,0.8718090082975287
-0.3079233918913155,0.7715443142590449,-0.7478268125926146,-0.2737153617067867,-0.2664783135466748,-0.8172060729856407,-0.7713104837418296,-0.16430433053852547,-0.5144323816930652,-0.1416924019370602,0.8718090082975287
-0.3079233918913155,0.7715443142590449,1.0441673035025554,-0.02364844933364875,0.03952893995135497,-0.42827904214732004,-0.2819474372670154,-0.17717764124370006,-0.5144323816930652,0.07876230282049622,0.8718090082975287
-0.3079233918913155,0.7715443142590449,-0.7125564398179747,-0.27916641156778155,-0.26900382045312343,-0.957368320376062,-1.2635957522216996,-0.18146727826951867,-0.5144323816930652,-0.14046765357729601,0.8718090082975287
-0.3079233918913155,0.7715443142590449,-0.4954845611941963,-0.2559994496585535,-0.2584808750095874,-0.8097802585543603,0.2770079367974015,0.051141039222819235,-0.5144323816930652,-0.1459790211962349,0.8718090082975287
-0.3079233918913155,0.7715443142590449,-0.4278966590594665,-0.25940635582167526,-0.2492206830192756,-0.38465238236354654,-0.2392890512915429,-0.16749846026236578,-0.5144323816930652,-0.12944491833941818,0.8718090082975287
-0.3079233918913155,2.0198512149352292,-0.1630191204446889,-0.26281326198479704,-0.2130217506935114,-0.7581089664700327,-0.697235796714509,-0.1759833848776719,-0.5144323816930652,-0.07371886797014697,2.1409342531634397
-0.3079233918913155,4.516465016287598,-0.42930692171361684,-0.2887057488245225,-0.2386977375757395,-0.821104625562063,1.1831895786497881,1.6833869917120878,-0.5144323816930652,-0.0878034741074353,4.679184742895261
-0.3079233918913155,0.7715443142590449,-0.20492348507059877,-0.23964630007556897,-0.23364672376284215,-0.9304497430626697,-1.1218284974027986,-0.18047736203279127,-0.5144323816930652,-0.12454592490036137,0.8718090082975287
-0.3079233918913155,0.7715443142590449,-0.38553376595625943,-0.2587249745890509,-0.24711609393056838,-0.7837899080448781,-0.7483462190601071,-0.17759560587698495,-0.5144323816930652,-0.12699542161988978,0.8718090082975287
-0.3079233918913155,0.7715443142590449,-0.9101234202155871,-0.27916641156778155,-0.27195024517731353,-0.9146698873961985,-1.0781827510368427,-0.17713364496651218,-0.5144323816930652,-0.14475427283647072,0.8718090082975287
-0.3079233918913155,0.7715443142590449,-0.9746866850116138,-0.2786349342063345,-0.2741390178295691,-0.8895149410102354,-0.7103183518918211,-0.17607773431400298,0.10716671314247077,-0.14841627043216568,0.8718090082975287
-0.3079233918913155,3.2681581156114135,0.12142194032257662,-0.2634946432174214,-0.18397842126935177,-0.8172699145687601,1.3063020410466124,3.4626764862414605,-0.5144323816930652,-0.030852675378399884,3.4100594980293506
-0.3079233918913155,2.0198512149352292,-0.03788178728164816,-0.26145049951954835,-0.20081513397900955,-0.6535287465628312,-0.5422227703562645,-0.1795889319068249,-0.5144323816930652,-0.05718476511333024,2.1409342531634397
-0.3079233918913155,2.0198512149352292,-0.7127960370209757,-0.27575950540465977,-0.2656364779111919,-0.9078628908341912,-0.10098964138679195,-0.12192725982903427,-0.5144323816930652,-0.1386305310376497,2.1409342531634397
-0.3079233918913155,2.0198512149352292,-0.48924813184307336,-0.2778036491025328,-0.2555344502853973,-0.9239521554352992,-0.5191612692472412,-0.1503429106754891,-0.5144323816930652,-0.12209642818083297,2.1409342531634397
-0.3079233918913155,0.7715443142590449,0.4603735095107259,-0.14772797179454364,-0.14441214640165606,-0.4487000318333416,0.062470666113775365,-0.15847922343884976,-0.5144323816930652,-0.0773318756314514,0.8718090082975287
-0.3079233918913155,0.7715443142590449,-0.2086588555457329,-0.2559994496585535,-0.24585334047734406,-0.8543351451420437,-0.8925915822946902,-0.1784095370049608,-0.5144323816930652,-0.12760779579977188,0.8718090082975287
-0.3079233918913155,4.516465016287598,0.054893074696089325,-0.25143419539997036,-0.18671438708467117,-0.46652198646841503,-0.7707681587703282,-0.17202453234259035,-0.5144323816930652,-0.045672130531546735,4.679184742895261
-0.3079233918913155,0.7715443142590449,-0.24440632600907686,-0.24646011240181254,-0.2445905870241197,-0.8571198255537739,-0.8968437034158869,-0.17790357981730015,-0.5144323816930652,-0.134343911778475,0.8718090082975287
-0.3079233918913155,2.0198512149352292,-0.022386849417904676,-0.2532739247280561,-0.2264911208612376,-0.8354612001292056,-0.8555975013860012,-0.18123991999854702,-0.5144323816930652,-0.10188808024472364,2.1409342531634397
-0.3079233918913155,2.0198512149352292,-0.022711849878440386,-0.24986701856493432,-0.21386358632899427,-0.9505613238140547,-1.2160244430498741,-0.18170774963841269,-0.5144323816930652,-0.0865787257476711,2.1409342531634397
2.591622583681666,0.7715443142590449,-0.04701051649251557,-0.2382835376103203,-0.23659314848703228,-0.9378755574939504,-0.2846224959601027,-0.12352418121307664,-0.5144323816930652,-0.1300572925193003,-0.397316236568382
-0.3079233918913155,2.0198512149352292,-0.16036240742563343,-0.2559994496585535,-0.2227028605015646,-0.9183827946118387,-1.0781827510368427,-0.1804074684372124,-0.5144323816930652,-0.09392721590625631,2.1409342531634397
-0.3079233918913155,0.7715443142590449,0.2906495675111831,-0.24646011240181254,-0.14357031076617316,-0.5638001555181907,-0.42752371503337744,-0.17858552211371231,-0.5144323816930652,0.012625891393229267,0.8718090082975287
-0.3079233918913155,2.0198512149352292,-0.30029933939729375,-0.27507812417203537,-0.22859570994994483,-0.8237036606130113,-0.8212715898966353,-0.17401229657431064,-0.5144323816930652,-0.0853539773879069,2.1409342531634397
-0.3079233918913155,0.7715443142590449,-0.5414020858628985,-0.26690154938054317,-0.25427169683217293,-0.8302012482403818,-0.8398546127986888,-0.17834354258917898,-0.5144323816930652,-0.1300572925193003,0.8718090082975287
-0.3079233918913155,3.2681581156114135,0.06044652752495949,-0.23638248397129835,-0.18524117472257612,-0.7299527534180938,-0.3197433786346639,-0.1469722274503849,-0.2690643179421957,-0.05705616653555499,3.4100594980293506
-0.3079233918913155,2.0198512149352292,-0.47217157418733424,-0.2600877370542996,-0.25511353246765583,-0.9319967877358533,-0.5317214589083343,-0.1634800542788718,-0.5144323816930652,-0.1374057826778855,2.1409342531634397
2.591622583681666,-0.47676258641713937,1.2674714327046042,0.444869286218857,0.16521500032895006,0.42643219889307554,0.36462117275506556,-0.18245719450624603,0.6764206210444877,-0.15945125315364114,-1.0318788590013375
-0.3079233918913155,0.7715443142590449,-0.03380024245185283,-0.20625861967697565,-0.2184936823241502,-0.6157808565371549,-0.48724945699160455,-0.1728660060792875,-0.5144323816930652,-0.1325067892388287,0.8718090082975287
-0.3079233918913155,3.2681581156114135,0.014344102558489884,-0.2566808308911779,-0.19155494198869777,-0.8515504647303136,-0.8880832071756795,-0.178596839782683,-0.5144323816930652,-0.04799915241509873,3.4100594980293506
-0.3079233918913155,3.2681581156114135,0.009530491365876328,-0.2777423247915966,-0.19155494198869777,-0.8116367121621804,-0.7929101091782441,-0.1741153605920925,-0.5144323816930652,-0.02907066651494299,3.4100594980293506
-0.3079233918913155,0.7715443142590449,-0.10871382498047327,-0.23760215637769597,-0.22312377831930605,-0.7522301967119357,-0.6938401930931836,-0.17882750163824568,-0.5144323816930652,-0.11107369294295515,0.8718090082975287
-0.3079233918913155,0.7715443142590449,0.6169984236915615,-0.1933123762571129,-0.08800915882430256,-0.6473405678700973,-0.5335103771100306,-0.1787395090838699,-0.5144323816930652,0.04569409710686272,0.8718090082975287
-0.3079233918913155,0.7715443142590449,-0.4185795970570823,-0.2525925434954317,-0.26100638191603603,-0.983358670885544,-1.2893173794487267,-0.1786735146680881,-0.5144323816930652,-0.152715137174938,0.8718090082975287
-0.3079233918913155,0.7715443142590449,-0.13657472124113812,-0.24918563733230994,-0.2227028605015646,-0.6315607122036261,-0.5118023189998963,-0.17788158167870619,-0.5144323816930652,-0.10005095770507731,0.8718090082975287
-0.3079233918913155,2.0198512149352292,0.3470741463425445,-0.22261176925996015,-0.13338409957683023,-0.7451137912152916,-0.6686845690862135,-0.17275259904343307,-0.5144323816930652,0.006012250250502589,2.1409342531634397
-0.3079233918913155,0.7715443142590449,-0.24230425942090195,-0.2457787311691882,-0.23533039503380793,-0.8988900317297273,-1.0080995952224445,-0.1811593043292035,-0.5144323816930652,-0.12148405400095087,0.8718090082975287
-0.3079233918913155,0.7715443142590449,-0.3811052696709663,-0.2532739247280561,-0.2492206830192756,-0.8051391245348098,0.2201757461862317,0.015526052839227873,-0.5144323816930652,-0.1349562859583571,0.8718090082975287
2.591622583681666,-0.47676258641713937,0.8923005467207268,0.11362942760317982,-0.03940577840969805,0.3514314731371416,0.1348335421350467,-0.18245719450624603,-0.23962015029209136,-0.15945125315364114,-1.0318788590013375
-0.3079233918913155,2.0198512149352292,-0.0451451485145624,-0.22670005665570628,-0.21824113163350534,-0.6838508221572269,-0.350963576597795,-0.16458221221585076,-0.5144323816930652,-0.1137681393344364,2.1409342531634397
-0.3079233918913155,2.0198512149352292,0.6492715851585603,-0.15174812106702734,-0.07550789963738165,-0.6083550421058742,-0.546427811715907,-0.17265587783607625,-0.5144323816930652,0.02652678527655303,2.1409342531634397
-0.3079233918913155,2.0198512149352292,-0.28616843358686034,-0.252769702615914,-0.24374875138863683,-0.9835888513307419,-1.4000336255580148,-0.17964483020563857,-0.5144323816930652,-0.12744857851300254,2.1409342531634397
2.591622583681666,0.7715443142590449,-0.49859732981318056,-0.26281326198479704,-0.2660573957289334,-0.9527271863565115,-1.2257407231339867,-0.1784095370049608,-0.5144323816930652,-0.1508780146352917,-0.397316236568382
-0.3079233918913155,2.0198512149352292,-0.1254358317625785,-0.260769118286924,-0.23196305249187638,-0.8917736262330832,-0.9821050650080323,-0.17908403500559297,-0.5144323816930652,-0.10311282860448784,2.1409342531634397
-0.3079233918913155,0.7715443142590449,-0.045000783432339125,-0.228062819120955,-0.21807276450640872,-0.7763640936135976,-0.7170163650428986,-0.17130413823911766,-0.5144323816930652,-0.11229844130271935,0.8718090082975287
-0.3079233918913155,0.7715443142590449,-0.3928673257113028,-0.2587249745890509,-0.24501150484186116,-0.8496940111224934,-0.8865911510732613,-0.18060935086435492,-0.5144323816930652,-0.12393355072047928,0.8718090082975287
-0.3079233918913155,2.0198512149352292,0.0872053227422749,-0.2546366871933048,-0.189871270717732,-0.6720932826410326,-0.5553265066142572,-0.1706915419540328,-0.5144323816930652,-0.04738677823521663,2.1409342531634397
-0.3079233918913155,0.7715443142590449,0.508618120282232,-0.15447364599752475,-0.13304736532263706,-0.6464123410661873,-0.5329984763338593,-0.18102731549763984,-0.5144323816930652,-0.054735268393801835,0.8718090082975287
-0.3079233918913155,2.0198512149352292,0.46334766573985553,-0.17627784544150407,-0.13683562568231006,-0.4307543136244135,-0.6670366299017128,-0.16557060791604172,-0.5144323816930652,-0.04065066225651351,2.1409342531634397
-0.3079233918913155,0.7715443142590449,-0.14092365355689473,-0.2197567818952641,-0.23999416445438312,-0.6828916544598532,-0.7002774310806159,-0.17519780877024532,-0.5144323816930652,-0.15165572984374198,0.8718090082975287
-0.3079233918913155,0.7715443142590449,-0.6437707344058545,-0.2675829306131675,-0.26184821755151894,-0.8153496193778206,-0.8105387376814134,-0.17871751094527596,-0.5144323816930652,-0.14046765357729601,0.8718090082975287
-0.3079233918913155,0.7715443142590449,0.21640834524196456,-0.23896491884294466,-0.16714170855969404,-0.7949286296917991,-0.7556874390371648,-0.1732179762967906,-0.5144323816930652,-0.028403178658871497,0.8718090082975287
-0.3079233918913155,0.7715443142590449,0.08363537428886939,-0.2382835376103203,-0.20628706560964832,-0.9471578255330511,-1.2003861190827025,-0.17787058260940922,-0.5144323816930652,-0.085966351567789,0.8718090082975287
-0.3079233918913155,2.0198512149352292,-0.46036168095587154,-0.26485740568267013,-0.2483788473837927,-0.860213914900141,-0.07733092945620174,-0.0689300447807056,-0.5144323816930652,-0.12332117654059717,2.1409342531634397
-0.3079233918913155,0.7715443142590449,0.3581472872701437,-0.17627784544150407,-0.1620906947467967,-0.819990753397371,-0.8170462267994009,-0.1775076133226092,-0.5144323816930652,-0.07739311304943958,0.8718090082975287
-0.3079233918913155,0.7715443142590449,-0.1676036743392568,-0.2307883440514524,-0.23575131285154938,-0.8218472070051912,-0.8241694164454457,-0.17917947185574873,-0.5144323816930652,-0.13556866013823918,0.8718090082975287
-0.3079233918913155,0.7715443142590449,-0.44797178792154935,-0.26690154938054317,-0.24711609393056838,-0.8617609595733243,-0.9130269648709851,-0.17997140484513063,-0.5144323816930652,-0.11964693146130456,0.8718090082975287
-0.3079233918913155,0.7715443142590449,0.38866320761071593,-0.1606060770911439,-0.1869248459935419,-0.9313779698665798,-1.1104826679450772,-0.1816432633782702,-0.5144323816930652,-0.12760779579977188,0.8718090082975287
-0.3079233918913155,0.7715443142590449,0.42785528781370313,-0.17082679558050926,-0.14188663949520738,-0.5006807328523057,-0.35540099628369265,-0.17453786461242707,-0.5144323816930652,-0.052898145854155545,0.8718090082975287
-0.3079233918913155,0.7715443142590449,-0.39637413145814354,-0.27712226786990846,-0.2538507790144315,-0.9276650626509396,-1.1135465855454338,-0.18012539181528822,-0.5144323816930652,-0.12025930564118667,0.8718090082975287
-0.3079233918913155,3.2681581156114135,0.21003261880254992,-0.22813095724421742,-0.18818759944676622,-1.0026286593347171,-0.9456837252861526,-0.17186528303980553,-0.028603615466343588,-0.06875863711310196,3.4100594980293506
-0.3079233918913155,0.7715443142590449,-0.256621650786258,-0.260769118286924,-0.23448855939832505,-0.8385552894755725,-0.8611664635895688,-0.1799054104293488,-0.5144323816930652,-0.10678707368378043,0.8718090082975287
-0.3079233918913155,0.7715443142590449,0.4443976289256558,-0.16128745832376828,-0.16166977692905526,-0.8227754338091012,-0.8293327274827395,-0.18155527082389444,-0.5144323816930652,-0.09025297082696372,0.8718090082975287
-0.3079233918913155,2.0198512149352292,-0.029664273835740152,-0.24646011240181254,-0.20881257251609697,-0.8453622860375796,-0.8706160947332361,-0.17839362759098507,-0.5144323816930652,-0.0822921064884964,2.1409342531634397
-0.3079233918913155,0.7715443142590449,-0.28450632261462333,-0.2566808308911779,-0.24038140884670528,-0.9220957018274791,-1.073499355153022,-0.1816872596554581,-0.5144323816930652,-0.11903455728142247,0.8718090082975287
-0.3079233918913155,2.0198512149352292,-0.8493479010086911,-0.2778036491025328,-0.26984565608860633,-0.9505613238140547,-1.2221813579739604,-0.18052678211652864,-0.5144323816930652,-0.14291715029682442,2.1409342531634397
-0.3079233918913155,0.7715443142590449,-0.10987178760500499,-0.22874420035357934,-0.2340676415805836,-0.7828616812409681,-0.729923013412746,-0.17187608984256014,-0.5144323816930652,-0.1349562859583571,0.8718090082975287
-0.3079233918913155,0.7715443142590449,-0.3576941229356354,-0.2587249745890509,-0.24501150484186116,-0.8979618049258172,-1.020222846433293,-0.17669368219463333,-0.5144323816930652,-0.12393355072047928,0.8718090082975287
-0.3079233918913155,0.7715443142590449,-0.010882700740416447,-0.22329315049258452,-0.21681001105318443,-0.8431964234951229,-0.8639790019762853,-0.17719963938229402,-0.5144323816930652,-0.11474793802224775,0.8718090082975287
-0.3079233918913155,0.7715443142590449,0.050939507508607124,-0.22124900679471146,-0.2235446961370475,-1.0288417842771376,-1.9028853173672973,-0.18229000865293207,-0.5144323816930652,-0.1263830474400077,0.8718090082975287
-0.3079233918913155,0.7715443142590449,0.342070711380792,-0.19399375748973727,-0.1561978452984165,-0.7967850832996193,-0.7712200473955114,-0.17702365427354247,-0.5144323816930652,-0.05289814585415553,0.8718090082975287
2.591622583681666,-0.47676258641713937,0.7878990073211789,0.018052082102961706,-0.09844792070429037,-0.36515961948143505,0.5974330172749002,-0.18245719450624603,-0.3050516339589899,-0.15945125315364114,-1.0318788590013375
-0.3079233918913155,0.7715443142590449,-0.5968101298752705,-0.2634946432174214,-0.2605854640982946,-0.93509087708222,-1.126031777827698,-0.18170925779405203,-0.5144323816930652,-0.1423047761169423,0.8718090082975287
-0.3079233918913155,2.0198512149352292,-0.3809157189768956,-0.2525925434954317,-0.24416966920637828,-0.9668494455374536,-1.3323424943524103,-0.1816417012258921,-0.5144323816930652,-0.128220169979654,2.1409342531634397
-0.3079233918913155,0.7715443142590449,-0.4012582580136084,-0.2600877370542996,-0.25258802556120713,-0.8933206709062668,-0.9924632738116339,-0.18058735272576099,-0.5144323816930652,-0.13373153759859288,0.8718090082975287
-0.3079233918913155,0.7715443142590449,0.04138453968574076,-0.23283248774932547,-0.22101918923059888,-0.9258086090431193,-1.0848288844819944,-0.1819512373185854,-0.5144323816930652,-0.11229844130271936,0.8718090082975287
-0.3079233918913155,0.7715443142590449,0.2473500676033953,-0.19671928242023468,-0.19408044889514645,-0.9545836399643316,-1.2463470032447475,-0.18234720381327632,-0.5144323816930652,-0.10556232532401624,0.8718090082975287
-0.3079233918913155,2.0198512149352292,0.141508179050111,-0.23146972528407678,-0.1725294566267845,-0.6443303407213744,-0.40432611235145965,-0.1723078722245066,-0.5144323816930652,-0.042977684140065496,2.1409342531634397
-0.3079233918913155,0.7715443142590449,-0.035894747814270205,-0.23215110651670112,-0.22817479213220337,-0.8877513100828065,-0.9788736091305372,-0.1811153080520156,-0.5144323816930652,-0.12332117654059717,0.8718090082975287
-0.3079233918913155,0.7715443142590449,-0.3694038727893846,-0.251229781030183,-0.25216710774346573,-0.985215124493364,-1.4747960924542731,-0.1814892764081126,-0.5144323816930652,-0.1410800277571781,0.8718090082975287
-0.3079233918913155,0.7715443142590449,-0.4281108467881928,-0.2730339804741624,-0.25427169683217293,-1.0084207945911159,-1.6920983465238961,-0.18221741479557207,-0.5144323816930652,-0.12454592490036137,0.8718090082975287
-0.3079233918913155,0.7715443142590449,-0.39229764394005756,-0.2696270743110406,-0.24711609393056838,-0.8877513100828065,-0.979617116671991,-0.18210522428874298,-0.5144323816930652,-0.11719743474177616,0.8718090082975287
-0.3079233918913155,-0.47676258641713937,0.0200476180023461,-0.18581718269824501,-0.22438653177253037,1.4170358440259059,2.2528307497186932,-0.18245719450624603,0.21840023537619824,-0.15945125315364114,-0.397316236568382
2.591622583681666,0.7715443142590449,-0.34039724331854654,-0.2532739247280561,-0.2509043542902414,-1.0139901554145765,-1.7480026373123307,-0.18232740548854176,-0.5144323816930652,-0.1374057826778855,-0.397316236568382
-0.3079233918913155,0.7715443142590449,-0.17657614021846377,-0.2410090625408177,-0.22438653177253037,-0.6640486503404787,1.3706610402944965,1.2474218140999542,1.8738167721487307,-0.10984894458319093,0.8718090082975287
-0.3079233918913155,0.7715443142590449,-0.448972926974189,-0.2573622121238022,-0.25427169683217293,-0.9685070420229828,-1.3456986457681597,-0.18158166859020716,-0.5144323816930652,-0.1386305310376497,0.8718090082975287
-0.3079233918913155,0.7715443142590449,-0.2527285992740088,-0.2355580126798229,-0.24122324448218815,-0.9202392482196589,-1.068867825184476,-0.18219321684311873,-0.5144323816930652,-0.1392429052175318,0.8718090082975287
-0.3079233918913155,2.0198512149352292,-0.4083868980345849,-0.25733495687449726,-0.24711609393056838,-0.8688360193728506,-0.9322913465265485,-0.1816245521258951,-0.5144323816930652,-0.12824466494684927,2.1409342531634397
-0.3079233918913155,0.7715443142590449,0.018566944537269595,-0.2559994496585535,-0.2189146001418916,-0.9453013719252309,-1.1922650312542062,-0.17977342159778514,-0.5144323816930652,-0.08841584828731741,0.8718090082975287
-0.3079233918913155,0.7715443142590449,0.5620705923893601,-0.1335756835929358,-0.12948640058454447,-0.34659508340323353,0.19582325305723927,-0.055747916205142724,-0.5144323816930652,-0.06833609892898332,0.8718090082975287
-0.3079233918913155,0.7715443142590449,0.6488225200685669,-0.1994448073507321,-0.09137650136623413,-0.36144671226579467,-0.17787244504435615,-0.12750584429858006,-0.5144323816930652,0.046306471286744824,0.8718090082975287
-0.3079233918913155,2.0198512149352292,-0.4761847311219236,-0.2675829306131675,-0.2567972037386216,-0.9889280317090042,-1.5095977160981002,-0.1818322744040646,-0.5144323816930652,-0.1331191634187108,2.1409342531634397
-0.3079233918913155,2.0198512149352292,0.23415683238124868,-0.22738143788833065,-0.18355750345161034,-0.8985806227950905,-1.01749825776183,-0.1771812782999365,-0.5144323816930652,-0.06269613273226914,2.1409342531634397
-0.3079233918913155,-0.47676258641713937,-0.8766556390683451,-0.2664927206409686,-0.2742232013931174,-0.42048193699447545,-0.0744384616544961,-0.18245719450624603,-0.5144323816930652,-0.15945125315364114,-0.397316236568382
-0.3079233918913155,-0.47676258641713937,-0.5142583130073655,-0.24305320623869076,-0.2597436284628117,1.2703760090081142,1.3276149462094422,-0.18245719450624603,-0.5144323816930652,-0.15945125315364114,-0.397316236568382
-0.3079233918913155,0.7715443142590449,-0.2038607131372576,-0.2382835376103203,-0.2370140663047737,-0.8719714544163351,-0.9392153547891945,-0.18129129316076714,-0.5144323816930652,-0.13066966669918237,0.8718090082975287
-0.3079233918913155,2.0198512149352292,0.667261696019965,-0.2144351944684679,-0.011881962307585005,-0.7840993169795148,-0.7496324001309619,-0.1788694066777208,-0.5144323816930652,0.1754316908566847,2.1409342531634397
-0.3079233918913155,3.2681581156114135,-0.4676625099124813,-0.26281326198479704,-0.25048343647249993,-0.9026029389453675,-1.0185859641796686,-0.18105229570904197,-0.5144323816930652,-0.128220169979654,3.4100594980293506
-0.3079233918913155,2.0198512149352292,0.10069084659629438,-0.2457787311691882,-0.16840446201291837,-0.8899171726252632,-0.9806105206590556,-0.1798936168437259,-0.5144323816930652,-0.0241165593996968,2.1409342531634397
-0.3079233918913155,0.7715443142590449,-0.19997524564391328,-0.228062819120955,-0.24374875138863683,-0.8858948564749862,-0.9693264035663552,-0.17924546627153057,-0.5144323816930652,-0.14965326627552752,0.8718090082975287
-0.3079233918913155,0.7715443142590449,-0.0011423728462474914,-0.23283248774932547,-0.21428450414673578,-0.5378098050087087,-0.3624868297750628,-0.1502959158819035,-0.5144323816930652,-0.10250045442460573,0.8718090082975287
-0.3079233918913155,0.7715443142590449,-0.8325778718111602,-0.2730407942864886,-0.27013608938284794,-0.9517989595526015,-0.7799000255372416,-0.17444987205805132,-0.5144323816930652,-0.14762018399831894,0.8718090082975287
-0.3079233918913155,0.7715443142590449,2.052791838537391,-0.28713175817716025,1.0833645893551094,0.08874328763059086,1.7673545668340611,8.61255260232174,0.2101525968599857,1.8341902627894524,0.8718090082975287
-0.3079233918913155,-0.47676258641713937,-1.0030347529977328,-0.27308849097277227,-0.27829768586885456,-1.011205475002846,-0.7386147468432456,-0.18245719450624603,-0.5144323816930652,-0.15945125315364114,-0.397316236568382
-0.3079233918913155,-0.47676258641713937,0.5847823815960771,-0.0800668153949453,-0.1590600864590583,-0.9408458832664626,-0.662363699925024,-0.18245719450624603,4.0003399913229325,-0.15945125315364114,-0.397316236568382
-0.3079233918913155,-0.47676258641713937,-1.1384060906548474,-0.2764340728249579,-0.28036439235396504,1.5209972460638341,0.7553749470552312,-0.18245719450624603,-0.5144323816930652,-0.15945125315364114,-0.397316236568382
2.591622583681666,-0.47676258641713937,-0.05982681757183318,-0.2140263657288933,-0.24181252942702616,-0.6365731369447405,-0.5196565006632113,-0.18245719450624603,0.5979028406442097,-0.15945125315364114,-1.0318788590013375
2.591622583681666,3.2681581156114135,0.10293406505700771,-0.27201190862522584,-0.17598098273226434,-0.5405480740802434,-0.16942321056746873,-0.15842647247713107,0.13661088079257513,-0.011562888712113698,0.8718090082975287
-0.3079233918913155,-0.47676258641713937,-1.1743259028328352,-0.27782409053951157,-0.2812230647021576,1.6270506856724147,0.9724465599710277,-0.18245719450624603,-0.48956841789964367,-0.15945125315364114,-0.397316236568382
2.591622583681666,-0.47676258641713937,0.5657714358228488,-0.055468952897206096,-0.14386495323859216,-0.35643428752468026,0.3467801560126151,-0.18245719450624603,0.2583134404130063,-0.15945125315364114,-1.0318788590013375
-0.3079233918913155,0.7715443142590449,-0.5841906204894118,-0.26056470391713665,-0.2631320168956303,-0.7253116193985435,-0.2342501604349796,-0.12438210861824035,-0.5144323816930652,-0.14864284887872206,0.8718090082975287
-0.3079233918913155,0.7715443142590449,-0.5451599932650621,-0.2685368643388416,-0.26416326554909686,-0.8645456399850546,0.3163623066208772,0.07096136209596055,-0.5144323816930652,-0.1429783877148126,0.8718090082975287
-0.3079233918913155,2.0198512149352292,-0.4920399918702468,-0.2698314886808279,-0.24941430521543667,-0.7647921994581852,-0.10926548328991957,-0.08621227187558399,-0.5144323816930652,-0.1203572855099678,2.1409342531634397
-0.3079233918913155,0.7715443142590449,-0.17054522155156532,-0.22901675284662906,-0.24315946644379882,-0.6993212688890614,-0.4768329723827625,-0.17519780877024532,-0.5144323816930652,-0.14793861857185764,0.8718090082975287
-0.3079233918913155,0.7715443142590449,0.4262667529458086,-0.2251192521960178,-0.12821101959678788,0.5696656276111607,0.7752799100221626,0.5344868851166552,0.13988245497592006,0.01579186590321977,0.8718090082975287
-0.3079233918913155,0.7715443142590449,1.3888837993859695,-0.0454526487776281,0.4137248799234986,1.0086160503054735,1.6625161228034862,3.1735788293854754,2.812758562768724,0.6427589224919115,0.8718090082975287
-0.3079233918913155,2.0198512149352292,-1.3552137427222022,-0.29347541745289296,-0.286934919488909,-1.0347205540352347,-0.1491833335151712,-0.075037403666958,-0.38356941435926806,-0.15369493586274938,2.1409342531634397
-0.3079233918913155,-0.47676258641713937,1.692272653439366,0.5330400177204485,0.219681765944693,-0.39114996999091706,-0.2495527045879155,-0.18245719450624603,-0.2461632986587812,-0.15945125315364114,-0.397316236568382
-0.3079233918913155,-0.47676258641713937,-0.4484312752062974,-0.24169044377344204,-0.25890179282732884,1.229534029636071,0.6448908774614374,-0.18245719450624603,-0.5144323816930652,-0.15945125315364114,-0.397316236568382
-0.3079233918913155,-0.47676258641713937,-0.962410779782405,-0.273136187659056,-0.27832715011609643,1.3169729945644,0.7807234691473371,-0.18245719450624603,-0.3901125627259579,-0.15945125315364114,-0.397316236568382
-0.3079233918913155,0.7715443142590449,0.8214744658835798,-0.2675829306131675,0.013852953069126867,0.9417837204239482,1.5776415174595706,3.970417403673821,-0.5144323816930652,0.2606374342454802,0.8718090082975287
-0.3079233918913155,-0.47676258641713937,-0.7971205012383501,-0.2659476156548691,-0.27388646713892423,0.8716097740483467,0.41806008731471594,-0.18245719450624603,1.6448065793145856,-0.15945125315364114,-0.397316236568382
-0.3079233918913155,-0.47676258641713937,-0.8760539941317839,-0.26935452181799086,-0.2759910562276314,1.1051516379121213,0.5466881880067735,-0.18245719450624603,0.6633343243111081,-0.15945125315364114,-0.397316236568382
-0.3079233918913155,-0.47676258641713937,-0.321889558429527,-0.2355580126798229,-0.25511353246765583,1.396614854339884,0.48016903129586913,-0.18245719450624603,3.21516218732015,-0.15945125315364114,-0.397316236568382
-0.3079233918913155,-0.47676258641713937,-0.8324659823057555,-0.26805989747600456,-0.2751913123739227,1.0847306482260994,1.0978273155894236,-0.18245719450624603,0.9250602589787021,-0.15945125315364114,-0.397316236568382
-0.3079233918913155,-0.47676258641713937,-0.9056047655949391,-0.2662201681479188,-0.2740548342660208,1.3731810260937314,1.48823844659728,-0.18245719450624603,-0.40319885945933764,-0.15945125315364114,-0.397316236568382
-0.3079233918913155,0.7715443142590449,0.6150118043601105,-0.14466175624773406,-0.09318644798252232,-0.6993212688890614,-0.5887347486298614,-0.1673004770150203,-0.5144323816930652,-0.005561621749269105,0.8718090082975287
-0.3079233918913155,2.0198512149352292,-0.37828366729142104,-0.24857239422294802,-0.2494311419281463,-1.0061311684748044,-1.5794155137578203,-0.18045055827466355,-0.5144323816930652,-0.13948785488948465,2.1409342531634397
2.591622583681666,0.7715443142590449,1.1575788651110934,-0.09246795382870854,-0.1667207907419526,1.262421569412007,1.569210376583101,1.9010599855088608,2.794437747341993,-0.15945125315364114,-0.397316236568382
-0.3079233918913155,-0.47676258641713937,-0.6351115632635783,-0.25129791915344546,-0.2648367340574832,1.8533024418636403,1.4314477307595947,-0.18245719450624603,0.26420227394302714,-0.15945125315364114,-0.397316236568382
-0.3079233918913155,-0.47676258641713937,-0.21512521125446965,-0.21968182995967542,-0.2453061473142802,1.1886920502640277,1.4373416850074445,-0.18245719450624603,0.34272005434330544,-0.15945125315364114,-0.397316236568382
-0.3079233918913155,-0.47676258641713937,-0.4074404348638671,-0.23296876399585034,-0.2535140447602383,2.978313328202649,0.924949733085594,-0.18245719450624603,0.23148653210957795,-0.15945125315364114,-0.397316236568382
-0.3079233918913155,0.7715443142590449,0.3299336739157228,-0.21953192608849806,-0.1507259136677777,-0.6937519080656009,-0.5996905939691912,-0.17836554072777291,0.10716671314247077,-0.021985497253707065,0.8718090082975287
-0.3079233918913155,-0.47676258641713937,0.5685586901133489,-0.10132590985282514,-0.17219272237259137,-0.7661535987705866,-0.7206062830671615,-0.18245719450624603,-0.38356941435926806,-0.15945125315364114,-0.397316236568382
-0.3079233918913155,-0.47676258641713937,0.26471505564066966,-0.1844544202329963,-0.2235446961370475,-0.9555118667682417,-1.2534477320803525,-0.18245719450624603,-0.31813793069236956,-0.15945125315364114,-0.397316236568382
-0.3079233918913155,-0.47676258641713937,1.0371406069508178,0.0860539291188722,-0.05644032249369429,-0.7475890626923852,-0.6875005362640624,-0.18245719450624603,-0.31813793069236956,-0.15945125315364114,-0.397316236568382
-0.3079233918913155,-0.47676258641713937,-0.8717463490936554,-0.2671741018735929,-0.2746441192108588,1.1051516379121213,0.9978664292606747,-0.18245719450624603,-0.08258458949153491,-0.15945125315364114,-0.397316236568382
-0.3079233918913155,-0.47676258641713937,0.7672006684897348,-0.13266944655354543,-0.19155494198869777,-0.8181342997895508,-0.8195763184958711,-0.18245719450624603,1.7102380629814844,-0.15945125315364114,-0.397316236568382
-0.3079233918913155,-0.47676258641713937,1.1092792049524367,0.13852028403094752,-0.024029650527603075,-0.8589762791615941,-0.90860796500648,-0.18245719450624603,0.13988245497592006,-0.15945125315364114,-0.397316236568382
-0.3079233918913155,-0.47676258641713937,0.8172464848440377,-0.018878780705278302,-0.12126166642587664,-0.9146698873961985,-1.052606571943598,-0.18245719450624603,-0.25270644702547107,-0.15945125315364114,-0.397316236568382
-0.3079233918913155,-0.47676258641713937,1.035880594457748,0.03972000530041616,-0.08506273410011246,-0.730880980222004,-0.6595848001201923,-0.18245719450624603,0.20531393864281852,-0.15945125315364114,-0.397316236568382
5.491168559254648,4.516465016287598,-0.550975919880569,-0.2690955969495936,-0.2592806188632961,-1.0625549817951514,-2.2058630449268626,-0.1820897501471759,0.846542478578424,-0.13537270040067692,0.44876726000889194
-0.3079233918913155,2.0198512149352292,-0.6349365017713554,-0.2827777321006906,-0.2749387616832778,-0.832985928652112,-0.829505940523906,-0.17467803972869253,-0.5144323816930652,-0.1458565463602585,2.1409342531634397
-0.3079233918913155,2.0198512149352292,-0.8712415540463389,-0.28516256641487586,-0.276454065827147,-0.9183827946118387,-1.0781827510368427,-0.18015568032204152,-0.5144323816930652,-0.1459177837782467,2.1409342531634397
-0.3079233918913155,-0.47676258641713937,-0.45433527053693495,-0.2451654880598263,-0.2610484736978102,2.269148050015353,1.1295242183577952,-0.18245719450624603,0.2903748674097866,-0.15945125315364114,-0.397316236568382
-0.3079233918913155,0.7715443142590449,0.06406885966691905,-0.22758585225811792,-0.21011741775109546,-0.7160293513594428,-0.6304996589102492,-0.17543978829477866,-0.25270644702547107,-0.1011532312288651,0.8718090082975287
-0.3079233918913155,-0.47676258641713937,-1.0049297664320784,-0.27712226786990846,-0.2807895193498839,0.8341094111703797,0.712132401717142,-0.18245719450624603,0.20531393864281852,-0.15945125315364114,-0.397316236568382
-0.3079233918913155,2.0198512149352292,-0.07908251192323942,-0.24121347691060502,-0.2088462459415163,-0.5695551617024333,-0.2392890512915429,-0.17132257203265158,-0.12184347969167401,-0.08705637760797914,2.1409342531634397
-0.3079233918913155,-0.47676258641713937,1.4042776929759342,0.41516106447643525,0.14686298347542318,-0.8608327327694143,-0.91366207946824,-0.18245719450624603,-0.5144323816930652,-0.15945125315364114,-0.397316236568382
2.591622583681666,-0.47676258641713937,1.1802099409923947,0.24093188329438792,0.03923429747893595,-0.011690852552479146,-0.2521584630605627,-0.18245719450624603,-0.27953335532889945,-0.15945125315364114,-1.0318788590013375
2.591622583681666,2.0198512149352292,2.0639652135822693,-0.23264170100419063,1.8532638165992368,0.6045279816699549,1.342382456265411,2.0389696680762075,0.38917640774680334,2.905310052385908,0.2372463858645734
-0.3079233918913155,2.0198512149352292,0.22563524353097533,-0.25191116226280735,-0.17560215669629706,0.3339189274367049,1.3138795528113476,3.137395137819124,-0.46077856508620835,-0.029076790256741817,2.1409342531634397
-0.3079233918913155,-0.47676258641713937,-0.42358184862516274,-0.24376865653294633,-0.2601855921714402,-0.6844696400265002,-0.5872759997427865,-0.18245719450624603,-0.5144323816930652,-0.15945125315364114,-0.397316236568382
-0.3079233918913155,0.7715443142590449,0.9428089781267518,-0.013291454597758573,0.025807019092983868,-0.5136759081070468,0.010042442434083016,-0.07708611064126603,-0.01715310582463643,0.04949081702213174,0.8718090082975287
-0.3079233918913155,-0.47676258641713937,-0.38678636494322705,-0.24356424216315906,-0.26005931682611777,-0.5972163204589535,-0.46885814190211744,-0.18245719450624603,-0.5144323816930652,-0.15945125315364114,-0.397316236568382
-0.3079233918913155,-0.47676258641713937,-0.4883818904811661,-0.24352335928920157,-0.2600340617570533,-0.5508049802634497,-0.41268325091681013,-0.18245719450624603,-0.5144323816930652,-0.15945125315364114,-0.397316236568382
-0.3079233918913155,-0.47676258641713937,-0.33839757947097737,-0.23491070050882976,-0.25471366054080147,-0.6157808565371549,-0.4923244797748415,-0.18245719450624603,-0.5144323816930652,-0.15945125315364114,-0.397316236568382
-0.3079233918913155,0.7715443142590449,0.14476694551099914,-0.2658249670329967,-0.18074156325092008,-0.7828616812409681,-0.7142453561613965,-0.16837838580612344,-0.5144323816930652,-0.02404919823990977,0.8718090082975287
-0.3079233918913155,-0.47676258641713937,0.10104647704398602,-0.18276459477608795,-0.22250081994904874,-0.7457326090845652,-0.6845500980527343,-0.18245719450624603,-0.5144323816930652,-0.15945125315364114,-0.397316236568382
2.591622583681666,2.0198512149352292,1.042143108573826,-0.10153032422261242,0.11226353885707646,-0.2512971315351327,-0.5375420923547892,-0.15295083719316646,-0.3203189801479329,0.2545749298646474,0.2372463858645734
-0.3079233918913155,-0.47676258641713937,-0.7517452873401763,-0.2647006879991665,-0.27311618753245737,-0.5656566091260109,-0.42831957232762075,-0.18245719450624603,-0.5144323816930652,-0.15945125315364114,-0.397316236568382
-0.3079233918913155,-0.47676258641713937,-0.1565806181566283,-0.2154708939420569,-0.24270487520063802,-0.40600159885347825,-0.26274694967960976,-0.18245719450624603,-0.5144323816930652,-0.15945125315364114,-0.397316236568382
-0.3079233918913155,-0.47676258641713937,-0.6067871932558576,-0.2560539601571635,-0.26777474042531846,-0.5953598668511332,-0.4662333034832127,-0.18245719450624603,-0.5144323816930652,-0.15945125315364114,-0.397316236568382
-0.3079233918913155,-0.47676258641713937,-0.892942689672391,-0.2703834074792536,-0.276626642132421,-0.7011777224968816,-0.6124850083593822,-0.18245719450624603,-0.5144323816930652,-0.15945125315364114,-0.397316236568382
-0.3079233918913155,-0.47676258641713937,-0.17496871998896668,-0.2208401780551368,-0.24602170760444061,-0.591646959635493,-0.4618948529403205,-0.18245719450624603,-0.5144323816930652,-0.15945125315364114,-0.397316236568382
2.591622583681666,-0.47676258641713937,-0.28496567987983895,-0.23548987455656042,-0.25507144068588167,-0.7791487740253277,-0.743663776559236,-0.18245719450624603,-0.5144323816930652,-0.15945125315364114,-1.0318788590013375
-0.3079233918913155,-0.47676258641713937,-0.20244724832703265,-0.22724516164180575,-0.2499783350912102,-0.6603357431248383,-0.5526369611270218,-0.18245719450624603,-0.5144323816930652,-0.15945125315364114,-0.397316236568382
-0.3079233918913155,-0.47676258641713937,-0.2294544789176148,-0.23190580927295634,-0.25285741296456166,-0.769866505986227,-0.7270654521020568,-0.18245719450624603,-0.5144323816930652,-0.15945125315364114,-0.397316236568382
-0.3079233918913155,4.516465016287598,1.966472714324812,-0.26081000116088143,2.1138910265580346,0.09264184020701316,0.7965884384151414,0.7086747634901462,-0.49032087996181306,3.309800269353049,4.679184742895261
-0.3079233918913155,-0.47676258641713937,-0.6736681434792934,-0.256517299395348,-0.2680609645413826,-0.6473405678700974,-0.5342794049980337,-0.18245719450624603,-0.5144323816930652,-0.15945125315364114,-0.397316236568382
-0.3079233918913155,-0.47676258641713937,-0.3326710106962126,-0.23674361602458924,-0.2558459294705259,-0.6993212688890614,-0.6100176095688317,-0.18245719450624603,-0.5144323816930652,-0.15945125315364114,-0.397316236568382
-0.3079233918913155,-0.47676258641713937,0.4885755129467732,-0.12185592639179692,-0.18487497622114107,-0.7253116193985435,-0.650678816632828,-0.18245719450624603,-0.5144323816930652,-0.15945125315364114,-0.397316236568382
-0.3079233918913155,-0.47676258641713937,0.1917024172272064,-0.1648919650443511,-0.21146014558969067,-0.5675130627338311,-0.43232173570997257,-0.18245719450624603,-0.5144323816930652,-0.15945125315364114,-0.397316236568382
-0.3079233918913155,-0.47676258641713937,-0.33339433514169226,-0.23599409666870247,-0.2553829198710103,-0.7401632482611047,-0.67510243746023,-0.18245719450624603,-0.5144323816930652,-0.15945125315364114,-0.397316236568382
-0.3079233918913155,2.0198512149352292,-0.03442849281094116,-0.2740901213847301,-0.2013875822111379,-0.11917112032441526,-0.5481040579755764,-0.1814232819923308,-0.5144323816930652,-0.04665805296115693,2.1409342531634397
-0.3079233918913155,-0.47676258641713937,-0.07496076580443722,-0.21505525139015605,-0.24244811533181573,0.2697475143930551,0.19041512319030549,-0.18245719450624603,-0.5144323816930652,-0.15945125315364114,-0.397316236568382
-0.3079233918913155,3.2681581156114135,-0.344186751126607,-0.2764408866372841,-0.2445905870241197,-0.7836506740242917,0.3262636457876044,0.17486331375576655,-0.5013460849596854,-0.10739944786366253,3.4100594980293506
-0.3079233918913155,-0.47676258641713937,-0.7461709247626798,-0.2621932050631089,-0.27156720996316885,0.49252194733147275,0.29360095207033204,-0.18245719450624603,-0.5144323816930652,-0.15945125315364114,-0.397316236568382
-0.3079233918913155,0.7715443142590449,-0.7000356438278709,-0.26846872621557916,-0.2675726998728025,-0.5647874045516542,-0.34255186247932656,-0.13445725609426556,-0.5144323816930652,-0.14799985598984586,0.8718090082975287
-0.3079233918913155,-0.47676258641713937,-0.42387625785399335,-0.24666452677159986,-0.2619744928968413,-0.7327374338298241,-0.663061319572882,-0.18245719450624603,-0.5144323816930652,-0.15945125315364114,-0.397316236568382
-0.3079233918913155,-0.47676258641713937,-0.8260777713604378,-0.2664245825177061,-0.27418110961134323,-0.042136691720729494,0.016279518984997545,-0.18245719450624603,-0.5144323816930652,-0.15945125315364114,-0.397316236568382
-0.3079233918913155,-0.47676258641713937,-0.3543362413688502,-0.23644380828223455,-0.2556607256307197,-0.6009292276745937,-0.4732698165856784,-0.18245719450624603,-0.5144323816930652,-0.15945125315364114,-0.397316236568382
-0.3079233918913155,-0.47676258641713937,-0.6091629037317152,-0.2568171071377027,-0.26824616838118887,-0.7605842379471263,-0.7103183518918211,-0.18245719450624603,-0.5144323816930652,-0.15945125315364114,-0.397316236568382
-0.3079233918913155,-0.47676258641713937,-0.8293890859458022,-0.26090539453344885,-0.2707716752876375,1.803927087837891,1.3103597363996489,-0.18245719450624603,-0.5144323816930652,-0.15945125315364114,-0.397316236568382
-0.3079233918913155,0.7715443142590449,-0.4077535930050755,-0.24509734993656382,-0.2567972037386216,-0.8032826709269898,-0.5142409432965128,-0.18091732480467013,-0.5144323816930652,-0.15332751135482012,0.8718090082975287
-0.3079233918913155,-0.47676258641713937,-0.4125571357780879,-0.24059341998891684,-0.2582241151407651,-0.6844696400265002,-0.5872759997427865,-0.18245719450624603,-0.5144323816930652,-0.15945125315364114,-0.397316236568382
-0.3079233918913155,0.7715443142590449,-0.7024073124314162,-0.2657432012850817,-0.2670255067097387,-0.6082438971566009,-0.4369720743088343,-0.15247373160270372,-0.5144323816930652,-0.14965326627552752,0.8718090082975287
-0.3079233918913155,-0.47676258641713937,-0.7392857954673928,-0.26110980890323615,-0.27089795063295996,-0.2779062999138882,-0.15055281209105695,-0.18245719450624603,-0.5144323816930652,-0.15945125315364114,-0.397316236568382
2.591622583681666,-0.47676258641713937,-0.35754373938570766,-0.25354647722110585,-0.26622576285602995,-0.8682585472006948,-0.931848548304223,-0.18245719450624603,-0.5144323816930652,-0.15945125315364114,-1.0318788590013375
-0.3079233918913155,-0.47676258641713937,0.146984368453981,-0.19910411673441997,-0.23259442921848858,-0.68075673281086,-0.5820662355762722,-0.18245719450624603,-0.5144323816930652,-0.15945125315364114,-0.397316236568382
-0.3079233918913155,-0.47676258641713937,-0.5135712276672817,-0.2468893825783659,-0.262113395776696,-0.6566228359091981,-0.5473092090535518,-0.18245719450624603,-0.5144323816930652,-0.15945125315364114,-0.397316236568382
-0.3079233918913155,-0.47676258641713937,-0.8267594557657204,-0.2649868681168687,-0.27329297301590877,-0.9220957018274791,-0.6840416343525721,-0.18245719450624603,-0.5144323816930652,-0.15945125315364114,-0.397316236568382
-0.3079233918913155,-0.47676258641713937,0.10702851412024689,-0.17986191072510818,-0.22070771004547018,-0.8589762791615941,-0.90860796500648,-0.18245719450624603,-0.5144323816930652,-0.15945125315364114,-0.397316236568382
-0.3079233918913155,-0.47676258641713937,0.34555968789324537,-0.1360627250920147,-0.19365111272105015,-0.7011777224968816,-0.6124850083593822,-0.18245719450624603,-0.5144323816930652,-0.15945125315364114,-0.397316236568382
-0.3079233918913155,3.2681581156114135,0.891494946918482,-0.1262644629668765,-0.07916988465173223,0.13515462782609453,-0.7578713754981787,-0.17524406333985884,-0.38029784017592316,-0.001703664416011885,3.4100594980293506
-0.3079233918913155,-0.47676258641713937,-0.01586885718320631,-0.20544096219782643,-0.236508964923484,-0.7048906297125218,-0.618717953559068,-0.18245719450624603,-0.5144323816930652,-0.15945125315364114,-0.397316236568382
-0.3079233918913155,0.7715443142590449,0.9907949689938688,-0.1805228505207538,0.06719165893332267,-0.18326027854983667,-0.06887022283157429,-0.14594028444030305,-0.5144323816930652,0.2599944413566041,0.8718090082975287
-0.3079233918913155,-0.47676258641713937,0.25380510656969807,-0.15178219012865854,-0.20336168677634528,-0.6640486503404787,-0.5580334602840553,-0.18245719450624603,-0.5144323816930652,-0.15945125315364114,-0.397316236568382
-0.3079233918913155,-0.47676258641713937,0.16964992550639607,-0.1763459835647665,-0.21853577410592434,-0.7550148771236658,-0.7002774310806159,-0.18245719450624603,-0.5144323816930652,-0.15945125315364114,-0.397316236568382
2.591622583681666,-0.47676258641713937,-0.6075352244479388,-0.2528719098008077,-0.2658090542164659,-0.8441246502990329,-0.8748425447590898,-0.18245719450624603,-0.5144323816930652,-0.15945125315364114,-1.0318788590013375
2.591622583681666,-0.47676258641713937,-0.006048374199006812,-0.20673558653981272,-0.23730870877719273,-0.8923924441023567,-0.9916965955365834,-0.18245719450624603,-0.5144323816930652,-0.15945125315364114,-1.0318788590013375
-0.3079233918913155,-0.47676258641713937,0.09839559798849115,-0.16183256330986778,-0.20957022458803157,-0.09783029995533386,-0.019610662218260713,-0.18245719450624603,-0.5144323816930652,-0.15945125315364114,-0.397316236568382
2.591622583681666,-0.47676258641713937,0.5257729217524144,-0.10212993970732186,-0.17268940539752625,-0.667761557556119,-0.5629505723619258,-0.18245719450624603,-0.5144323816930652,-0.15945125315364114,-1.0318788590013375
-0.3079233918913155,-0.47676258641713937,-0.41234926440135306,-0.24308046148799572,-0.2597604651755213,-0.7717229595940472,-0.7303328349858809,-0.18245719450624603,-0.5144323816930652,-0.15945125315364114,-0.397316236568382
2.591622583681666,-0.47676258641713937,0.08779396529113903,-0.18900604686692699,-0.22635642715956034,-0.7735794132018674,-0.7336259455588027,-0.18245719450624603,-0.5144323816930652,-0.15945125315364114,-1.0318788590013375
-0.3079233918913155,2.0198512149352292,0.0004048722901762109,-0.25415972033046774,-0.21681001105318443,-0.7989509458420759,0.4690842260714773,-0.04306385808780979,-0.48825978822630567,-0.08700738767358858,2.1409342531634397
-0.3079233918913155,0.7715443142590449,-0.23139692493813518,-0.2564423474597593,-0.2318451955029088,-0.9100287533766481,-1.06065817021774,-0.1777275947085486,-0.5144323816930652,-0.10682993987637218,0.8718090082975287
-0.3079233918913155,-0.47676258641713937,0.04473344958794855,-0.18093849307265467,-0.22137276019750166,-0.5730824235572914,-0.440442823538469,-0.18245719450624603,-0.5144323816930652,-0.15945125315364114,-0.397316236568382
-0.3079233918913155,-0.47676258641713937,0.30801981118361976,-0.12702079613508951,-0.1880655332796212,0.11937477215962329,0.11179865884405706,-0.18245719450624603,-0.5144323816930652,-0.15945125315364114,-0.397316236568382
-0.3079233918913155,-0.47676258641713937,-0.5922498287868715,-0.25559743473130514,-0.26749272548743164,-0.7995697637113494,-0.7826789253420732,-0.18245719450624603,-0.5144323816930652,-0.15945125315364114,-0.397316236568382
-0.3079233918913155,0.7715443142590449,-0.6725064740309528,-0.2768088325029013,-0.2599330414807953,-0.897033578121907,-1.0161425908311421,-0.1748238404141483,-0.5144323816930652,-0.1293898046632288,0.8718090082975287
-0.3079233918913155,-0.47676258641713937,-0.03762362133732431,-0.19954020072329953,-0.23286381662184308,-0.6751873719873995,-0.5740889905288733,-0.18245719450624603,-0.5144323816930652,-0.15945125315364114,-0.397316236568382
-0.3079233918913155,-0.47676258641713937,-0.624121980175196,-0.2531512761061837,-0.2659816305217399,-0.7940004028878889,-0.7716724248132456,-0.18245719450624603,-0.5144323816930652,-0.15945125315364114,-0.397316236568382
-0.3079233918913155,-0.47676258641713937,-0.20016005298144468,-0.21821004649720682,-0.24439696482795864,-0.6362018462231765,-0.5191612692472413,-0.18245719450624603,-0.5144323816930652,-0.15945125315364114,-0.397316236568382
-0.3079233918913155,-0.47676258641713937,-0.010383187814114047,-0.20067810738178216,-0.23356674937747127,-0.7772923204175076,-0.740290993102915,-0.18245719450624603,-0.5144323816930652,-0.15945125315364114,-0.397316236568382
-0.3079233918913155,2.0198512149352292,-0.08563522202838156,-0.27650902476054656,-0.20359319157610306,-0.7516097680597484,-0.6862686564870533,-0.17552688468664235,-0.5144323816930652,-0.04769296532515768,2.1409342531634397
-0.3079233918913155,2.0198512149352292,0.04712278970814045,-0.2355580126798229,-0.2004320987648648,-0.6572416537784714,0.31025538242620193,-0.048803155831998526,-0.5144323816930652,-0.07989772344515737,2.1409342531634397
2.591622583681666,-0.47676258641713937,0.31689503001136193,-0.15112806414533916,-0.2029576056713135,-0.604642134890234,-0.47817702136573254,-0.18245719450624603,-0.5144323816930652,-0.15945125315364114,-1.0318788590013375
-0.3079233918913155,-0.47676258641713937,0.18624338733004905,-0.17868993500499428,-0.21998373139895486,-0.6473405678700974,-0.5342794049980337,-0.18245719450624603,-0.5144323816930652,-0.15945125315364114,-0.397316236568382
-0.3079233918913155,-0.47676258641713937,-0.21327013383703686,-0.2283966959249409,-0.25068968620319326,-0.6863260936343205,-0.5901986034037422,-0.18245719450624603,-0.5144323816930652,-0.15945125315364114,-0.397316236568382
-0.3079233918913155,-0.47676258641713937,0.16381542817888275,-0.183745783751067,-0.22310694160659642,-0.5359533514008885,-0.3939257178794635,-0.18245719450624603,-0.5144323816930652,-0.15945125315364114,-0.397316236568382
-0.3079233918913155,0.7715443142590449,-0.26197941876480246,-0.24571059304592574,-0.23987630746541555,-0.8416184379284757,-0.8495560940334546,-0.17447187019664526,-0.5144323816930652,-0.12815893256166577,0.8718090082975287
-0.3079233918913155,-0.47676258641713937,-0.6752463263929983,-0.2566058789555892,-0.268115683857689,-0.7253116193985435,-0.650678816632828,-0.18245719450624603,-0.5144323816930652,-0.15945125315364114,-0.397316236568382
-0.3079233918913155,-0.47676258641713937,-1.1457773761481223,-0.2782465469037387,-0.28148403374915726,-0.5879340524198526,-0.45717396987272113,-0.18245719450624603,-0.5144323816930652,-0.15945125315364114,-0.397316236568382
-0.3079233918913155,-0.47676258641713937,-0.8716251156128766,-0.2681484770362457,-0.27524603169022904,-0.9016747121414574,-1.0169554635494686,-0.18245719450624603,-0.5144323816930652,-0.15945125315364114,-0.397316236568382
2.591622583681666,-0.47676258641713937,0.6658171128010851,-0.055400814773943666,-0.14382286145681802,-0.7522301967119357,-0.3422275329695335,-0.18245719450624603,0.8596287753118036,-0.15945125315364114,-1.0318788590013375
-0.3079233918913155,0.7715443142590449,1.585455291010262,0.04230925398438872,0.7252040650521671,0.848322698459892,1.2160938859452017,0.8173513851654332,2.3972686414839184,1.0170420212358515,0.8718090082975287
-0.3079233918913155,2.0198512149352292,-0.18576240460240467,-0.2553862065491916,-0.24038140884670528,-0.8626891863772344,-0.7742573254678405,-0.16223766024172412,-0.4664492936706729,-0.12019806822319846,2.1409342531634397
-0.3079233918913155,-0.47676258641713937,1.022373150241656,0.10323836380565843,-0.04582477513025506,-0.6603357431248383,-0.5526369611270218,-0.18245719450624603,-0.5144323816930652,-0.15945125315364114,-0.397316236568382
-0.3079233918913155,-0.47676258641713937,-0.6583686947916331,-0.25363505678134696,-0.2662804821723363,-0.5396662586165288,-0.4013280860227125,-0.18245719450624603,-0.5144323816930652,-0.15945125315364114,-0.397316236568382
-0.3079233918913155,-0.47676258641713937,-0.2052232543850602,-0.22463547152085447,-0.24836621984926047,-0.8719714544163351,-0.9398915439129204,-0.18245719450624603,-0.5144323816930652,-0.15945125315364114,-0.397316236568382
-0.3079233918913155,-0.47676258641713937,-0.1786165663834402,-0.22785840475116767,-0.2503571611271775,-0.6993212688890614,-0.6100176095688317,-0.18245719450624603,-0.5144323816930652,-0.15945125315364114,-0.397316236568382
-0.3079233918913155,-0.47676258641713937,0.027425704699805944,-0.1920722624137366,-0.22825055733939686,-0.769866505986227,-0.7270654521020568,-0.18245719450624603,-0.5144323816930652,-0.15945125315364114,-0.397316236568382
-0.3079233918913155,-0.47676258641713937,-0.20145393567599157,-0.22092194380305175,-0.24607221774256957,-0.6640486503404787,-0.5580334602840553,-0.18245719450624603,-0.5144323816930652,-0.15945125315364114,-0.397316236568382
-0.3079233918913155,-0.47676258641713937,-0.755093637197192,-0.2633583669708965,-0.2722869794315067,0.13608285463000458,0.1215377947607891,-0.18245719450624603,-0.5144323816930652,-0.15945125315364114,-0.397316236568382
-0.3079233918913155,-0.47676258641713937,-0.5782148415650136,-0.25804359335642657,-0.26900382045312343,-0.42085322771603945,-0.2763710495606393,-0.18245719450624603,-0.5144323816930652,-0.15945125315364114,-0.397316236568382
-0.3079233918913155,2.0198512149352292,0.5304950804693125,-0.19024616071030334,-0.10260658874357584,-0.5631813376489174,-0.3688877421994821,-0.1704332311561038,-0.5144323816930652,0.021701276739082006,2.1409342531634397
-0.3079233918913155,4.516465016287598,-0.07086498346882994,-0.2778036491025328,-0.2052347710652947,-0.8155352647386025,-0.07525958014192505,-0.08698240264941053,-0.5144323816930652,-0.048917713684921885,4.679184742895261
-0.3079233918913155,-0.47676258641713937,-0.4074431777495134,-0.24666452677159986,-0.2619744928968413,-0.3428821761875933,-0.20522884096313,-0.18245719450624603,-0.5144323816930652,-0.15945125315364114,-0.397316236568382
-0.3079233918913155,-0.47676258641713937,-0.2339371299034691,-0.2367163607752843,-0.25582909275781623,-0.6566228359091981,-0.5473092090535518,-0.18245719450624603,-0.5144323816930652,-0.15945125315364114,-0.397316236568382
-0.3079233918913155,-0.47676258641713937,-0.641468424278907,-0.25586317341202863,-0.2676568834363508,-0.43013549575514015,-0.2847637636128284,-0.18245719450624603,-0.5144323816930652,-0.15945125315364114,-0.397316236568382
-0.3079233918913155,0.7715443142590449,1.0038881828266568,-0.2650890753017624,0.08456714644968946,0.3514570829146614,1.5256772095311664,4.246742530371652,0.6175322857442791,0.36127500696730475,0.8718090082975287
-0.3079233918913155,-0.47676258641713937,-1.1265712100461867,-0.2769723639987311,-0.28069691742998076,-0.36701607308925516,-0.22680385900927869,-0.18245719450624603,-0.5144323816930652,-0.15945125315364114,-0.397316236568382
-0.3079233918913155,-0.47676258641713937,-0.10509787063325152,-0.2157298188104542,-0.2428648239713798,-0.6380582998309966,-0.5216433114397616,-0.18245719450624603,-0.5144323816930652,-0.15945125315364114,-0.397316236568382
-0.3079233918913155,-0.47676258641713937,-0.25979495363413446,-0.23056348824468634,-0.252028204863611,-0.7475890626923852,-0.6875005362640624,-0.18245719450624603,-0.5144323816930652,-0.15945125315364114,-0.397316236568382
-0.3079233918913155,-0.47676258641713937,-0.8086864229903425,-0.2656069250385569,-0.2736760082300535,-0.667761557556119,-0.5629505723619258,-0.18245719450624603,-0.5144323816930652,-0.15945125315364114,-0.397316236568382
-0.3079233918913155,-0.47676258641713937,0.17204750346186556,-0.1777087460300152,-0.21937760974140724,-0.7234551657907233,-0.6479762361011957,-0.18245719450624603,-0.5144323816930652,-0.15945125315364114,-0.397316236568382
-0.3079233918913155,-0.47676258641713937,-0.06645074620234646,-0.21055132144250907,-0.2396658485565448,-0.4932549184210252,-0.34876239845385165,-0.18245719450624603,-0.5144323816930652,-0.15945125315364114,-0.397316236568382
-0.3079233918913155,2.0198512149352292,1.3516806980020935,-0.2275177141348555,0.6157654324393917,0.6379441466107175,1.3049817507454582,2.849550809890877,0.009019487642122999,1.1003249096998173,2.1409342531634397
2.591622583681666,-0.47676258641713937,-0.04291836901646539,-0.23630753203570967,-0.2555765420671714,-0.8441246502990329,-0.8748425447590898,-0.18245719450624603,0.5979028406442097,-0.15945125315364114,-1.0318788590013375
-0.3079233918913155,0.7715443142590449,0.21668951055125826,-0.25704196294446874,-0.17027333712369036,-0.26862403187478734,-0.09721299587559275,-0.11415297417205754,-0.5144323816930652,-0.016712955564922187,0.8718090082975287
-0.3079233918913155,-0.47676258641713937,-0.05515479645572945,-0.20673558653981272,-0.23730870877719273,-0.1962223411698017,-0.08784441157577738,-0.18245719450624603,-0.5144323816930652,-0.15945125315364114,-0.397316236568382
-0.3079233918913155,-0.47676258641713937,0.044222266420991266,-0.20094384606250568,-0.23373090732639043,-0.5897905060276728,-0.45931322201488073,-0.18245719450624603,-0.5144323816930652,-0.15945125315364114,-0.397316236568382
-0.3079233918913155,-0.47676258641713937,-0.8029537129166677,-0.2645848531896204,-0.2730446315034413,-0.3038966504233702,-0.17157346148362787,-0.18245719450624603,-0.5144323816930652,-0.15945125315364114,-0.397316236568382
-0.3079233918913155,-0.47676258641713937,-0.7441040455907802,-0.263426505094159,-0.27232907121328087,-0.4876855575975647,-0.3422275329695335,-0.18245719450624603,-0.5144323816930652,-0.15945125315364114,-0.397316236568382
-0.3079233918913155,-0.47676258641713937,-0.044202075173639686,-0.21259546514038213,-0.24092860200976912,-0.7642971451627665,-0.7166193807872552,-0.18245719450624603,-0.5144323816930652,-0.15945125315364114,-0.397316236568382
-0.3079233918913155,-0.47676258641713937,-0.09563432305225537,-0.21382195135910598,-0.24168625408170374,-0.7457326090845652,-0.6845500980527343,-0.18245719450624603,-0.5144323816930652,-0.15945125315364114,-0.397316236568382
-0.3079233918913155,-0.47676258641713937,-0.28911708787424706,-0.24346203497826538,-0.2599961791534565,-0.743876155476745,-0.681620328579957,-0.18245719450624603,-0.5144323816930652,-0.15945125315364114,-0.397316236568382
-0.3079233918913155,-0.47676258641713937,0.2503743532656471,-0.1627592417862369,-0.21014267282015994,-0.5767953307729318,-0.44456327935037987,-0.18245719450624603,-0.5144323816930652,-0.15945125315364114,-0.397316236568382
-0.3079233918913155,0.7715443142590449,-0.40413512985493383,-0.2567625966390928,-0.2530594535170776,-0.6685969616796381,-0.2532053293942013,-0.14242058226527243,-0.22424375163037022,-0.1374057826778855,0.8718090082975287
-0.3079233918913155,-0.47676258641713937,-0.7376433452355982,-0.2636990575872087,-0.27249743834037743,-0.7086035369281621,-0.6244081485722152,-0.18245719450624603,-0.5144323816930652,-0.15945125315364114,-0.397316236568382
-0.3079233918913155,-0.47676258641713937,-0.685536297765983,-0.26036028954734936,-0.2704349410334444,-0.6733309183795794,-0.5712764521421568,-0.18245719450624603,-0.5144323816930652,-0.15945125315364114,-0.397316236568382
-0.3079233918913155,-0.47676258641713937,-0.07692531804813912,-0.21634306191981612,-0.2432436500073471,-0.6844696400265002,-0.5872759997427865,-0.18245719450624603,-0.5144323816930652,-0.15945125315364114,-0.397316236568382
-0.3079233918913155,-0.47676258641713937,0.044200125368866104,-0.19857945318529918,-0.23227032249882765,-0.6454841142622771,-0.5317214589083343,-0.18245719450624603,-0.5144323816930652,-0.15945125315364114,-0.397316236568382
-0.3079233918913155,-0.47676258641713937,-0.4626940341806157,-0.24829984172989827,-0.2629846956594208,-0.719742258575083,-0.641958536856811,-0.18245719450624603,-0.5144323816930652,-0.15945125315364114,-0.397316236568382
-0.3079233918913155,-0.47676258641713937,-0.3661235231655447,-0.24387086371784,-0.2602487298441014,-0.719742258575083,-0.641958536856811,-0.18245719450624603,-0.5144323816930652,-0.15945125315364114,-0.397316236568382
-0.3079233918913155,-0.47676258641713937,0.18666601808286307,-0.17559646420887973,-0.21807276450640872,-0.5563743410869102,-0.4204283404444091,-0.18245719450624603,-0.5144323816930652,-0.15945125315364114,-0.397316236568382
-0.3079233918913155,-0.47676258641713937,0.11425948569961451,-0.20571351469087615,-0.23667733205058056,-0.6900390008499607,-0.5955113155461875,-0.18245719450624603,-0.5144323816930652,-0.15945125315364114,-0.397316236568382
-0.3079233918913155,-0.47676258641713937,-1.204031615810077,-0.2794389640608313,-0.2822206399302048,-0.7921439492800688,-0.7680670328131446,-0.18245719450624603,-0.5144323816930652,-0.15945125315364114,-0.397316236568382
-0.3079233918913155,-0.47676258641713937,-0.3516258864034545,-0.23937374758251923,-0.25747067224700787,-0.7921439492800688,-0.7680670328131446,-0.18245719450624603,-0.5144323816930652,-0.15945125315364114,-0.397316236568382
-0.3079233918913155,3.2681581156114135,-0.06643666179781856,-0.261246085149761,-0.19408044889514645,-0.6905031142519158,0.8678684772105876,0.6300550826091023,-0.44900089802616666,-0.04757049048918127,3.4100594980293506
-0.3079233918913155,-0.47676258641713937,-0.42884877594575693,-0.2510253666603957,-0.2646683669303866,-0.6863260936343205,-0.5901986034037422,-0.18245719450624603,-0.5144323816930652,-0.15945125315364114,-0.397316236568382
-0.3079233918913155,-0.47676258641713937,0.33237418146363595,-0.1436396843987975,-0.198331718854335,-0.6751873719873995,-0.5740889905288733,-0.18245719450624603,-0.5144323816930652,-0.15945125315364114,-0.397316236568382
-0.3079233918913155,-0.47676258641713937,-0.04253901532880844,-0.2121184982775451,-0.24063395953735014,-0.4802597431662841,-0.3357932078744054,-0.18245719450624603,-0.5144323816930652,-0.15945125315364114,-0.397316236568382
-0.3079233918913155,-0.47676258641713937,-0.5401532744484189,-0.2506165379208211,-0.26441581623974175,-0.7401632482611047,-0.67510243746023,-0.18245719450624603,-0.5144323816930652,-0.15945125315364114,-0.397316236568382
-0.3079233918913155,-0.47676258641713937,0.26400891634026463,-0.14214064568702395,-0.19740569965530386,-0.38186770195181635,-0.2392890512915429,-0.18245719450624603,-0.5144323816930652,-0.15945125315364114,-0.397316236568382
-0.3079233918913155,-0.47676258641713937,-0.9504815299177743,-0.27139185170353763,-0.27724960050267833,-0.6380582998309966,-0.5216433114397616,-0.18245719450624603,-0.5144323816930652,-0.15945125315364114,-0.397316236568382
-0.3079233918913155,-0.47676258641713937,-1.0783510065626272,-0.27500998604877297,-0.2794846741148854,-0.6454841142622771,-0.5317214589083343,-0.18245719450624603,-0.5144323816930652,-0.15945125315364114,-0.397316236568382
-0.3079233918913155,-0.47676258641713937,-0.29272799377158976,-0.2326962115028006,-0.25334567763314175,-0.7494455163002054,-0.6912180974701244,-0.18245719450624603,-0.5144323816930652,-0.15945125315364114,-0.397316236568382
-0.3079233918913155,-0.47676258641713937,-0.7465951570190505,-0.2621318807521727,-0.2715293273595721,-0.6751873719873995,-0.5740889905288733,-0.18245719450624603,-0.5144323816930652,-0.15945125315364114,-0.397316236568382
-0.3079233918913155,0.7715443142590449,-0.33379375227296176,-0.2685368643388416,-0.2430752828802505,-0.8490189693180715,-0.8748425447590898,-0.1729539986336633,-0.5144323816930652,-0.11229844130271935,0.8718090082975287
-0.3079233918913155,0.7715443142590449,-0.14471870616298843,-0.22981396888879957,-0.23821789126351423,-0.8775408152397955,-0.8366701592262121,-0.18181924848702175,-0.5144323816930652,-0.1400328679095797,0.8718090082975287
-0.3079233918913155,-0.47676258641713937,-0.5908650983436994,-0.2534783390978434,-0.2661836710742558,-0.41714032050039923,-0.27361049246241426,-0.18245719450624603,-0.5144323816930652,-0.15945125315364114,-0.397316236568382
-0.3079233918913155,-0.47676258641713937,0.6624913304541461,-0.055400814773943666,-0.14382286145681802,-0.5340968977930683,-0.3939257178794635,-0.18245719450624603,-0.5144323816930652,-0.15945125315364114,-0.397316236568382
-0.3079233918913155,-0.47676258641713937,-0.9388771336210842,-0.27051286991345225,-0.2767066165177919,-0.719742258575083,-0.641958536856811,-0.18245719450624603,-0.5144323816930652,-0.15945125315364114,-0.397316236568382
-0.3079233918913155,-0.47676258641713937,0.02297429408025266,-0.19481141496888651,-0.22994264696671743,-0.6306324853997161,-0.5118023189998963,-0.18245719450624603,-0.5144323816930652,-0.15945125315364114,-0.397316236568382
-0.3079233918913155,-0.47676258641713937,-0.18738747434798633,-0.22336128861584695,-0.24757910353008397,-0.7587277843393062,-0.7072030832462051,-0.18245719450624603,-0.5144323816930652,-0.15945125315364114,-0.397316236568382
-0.3079233918913155,0.7715443142590449,-0.033548848421055794,-0.2305839296816651,-0.22682785511543077,-0.7255900874397165,-0.43433727157200536,-0.15143981908878845,-0.5144323816930652,-0.12277003977870328,0.8718090082975287
-0.3079233918913155,-0.47676258641713937,0.024838288230006795,-0.19425949617046076,-0.2296017035343469,-0.5211017225383274,-0.3795028099366328,-0.18245719450624603,-0.5144323816930652,-0.15945125315364114,-0.397316236568382
-0.3079233918913155,-0.47676258641713937,-0.20964262396166908,-0.22318412949536462,-0.24746966489747116,-0.7234551657907233,-0.6479762361011957,-0.18245719450624603,-0.5144323816930652,-0.15945125315364114,-0.397316236568382
-0.3079233918913155,0.7715443142590449,0.3823735814555803,-0.26699012894078433,-0.13905807175998489,-0.7434854267576801,-0.6533989750475478,-0.16807041186580826,-0.5144323816930652,0.0376413766414131,0.8718090082975287
-0.3079233918913155,-0.47676258641713937,-0.12191176064617207,-0.22070390180861196,-0.24593752404089234,-0.6362018462231765,-0.5191612692472413,-0.18245719450624603,-0.5144323816930652,-0.15945125315364114,-0.397316236568382
-0.3079233918913155,-0.47676258641713937,-0.8735156469891666,-0.2645030874417054,-0.27299412136531237,1.5500574282592074,0.8291404125664654,-0.18245719450624603,-0.5144323816930652,-0.15945125315364114,-0.397316236568382
-0.3079233918913155,2.0198512149352292,-0.369294337130324,-0.2481294964217422,-0.2504708089379677,-0.8168966640510041,-0.8250255536572514,-0.18187158659304872,-0.42500935401497053,-0.1413984623307168,2.1409342531634397
-0.3079233918913155,-0.47676258641713937,0.07522313057217386,-0.19290354751753835,-0.22876407707704144,-0.6250631245762556,-0.5045706192458423,-0.18245719450624603,-0.5144323816930652,-0.15945125315364114,-0.397316236568382
-0.3079233918913155,-0.47676258641713937,-0.6311264699477641,-0.2601286199282571,-0.27029182897541226,-0.8107084853582702,-0.8046203905890386,-0.18245719450624603,-0.5144323816930652,-0.15945125315364114,-0.397316236568382
-0.3079233918913155,-0.47676258641713937,-0.13334070680557397,-0.21416264197541815,-0.2418967129905745,-0.7754358668096875,-0.7369451922032201,-0.18245719450624603,-0.5144323816930652,-0.15945125315364114,-0.397316236568382
-0.3079233918913155,2.0198512149352292,0.4477306692538294,-0.2490698025227638,-0.06848278125927697,-0.5155323617148669,-0.285612373065808,-0.12868619257878788,-0.5144323816930652,0.12421271445134577,2.1409342531634397
-0.3079233918913155,-0.47676258641713937,0.11720405569362484,-0.17934406098831368,-0.22038781250398667,-0.6826131864186802,-0.584952533311678,-0.18245719450624603,-0.5144323816930652,-0.15945125315364114,-0.397316236568382
-0.3079233918913155,0.7715443142590449,-0.9303260305470576,-0.27483282692829064,-0.2755533016971803,-0.9499425059447812,-1.2104734979274505,-0.17782878614608072,-0.5144323816930652,-0.15389089560031166,0.8718090082975287
-0.3079233918913155,-0.47676258641713937,0.0879481655951495,-0.1817288953024989,-0.22186102486608172,-0.5489485266556295,-0.40886383732190545,-0.18245719450624603,-0.5144323816930652,-0.15945125315364114,-0.397316236568382
-0.3079233918913155,0.7715443142590449,-0.0014444444123589335,-0.28822878196168544,-0.20289025882047487,-0.82648722622435,-0.7997516175359924,-0.16604658311516565,-0.5144323816930652,-0.036137464550782414,0.8718090082975287
-0.3079233918913155,-0.47676258641713937,-0.5473465566871496,-0.25088909041387086,-0.2645841833668383,-0.4876855575975647,-0.3422275329695335,-0.18245719450624603,-0.5144323816930652,-0.15945125315364114,-0.397316236568382
-0.3079233918913155,-0.47676258641713937,-0.5393350336621499,-0.25109350478365816,-0.2647104587121607,-0.541522712224349,-0.4013280860227125,-0.18245719450624603,-0.5144323816930652,-0.15945125315364114,-0.397316236568382
-0.3079233918913155,-0.47676258641713937,0.5174812147390988,-0.12816551660589842,-0.18877267521342683,-0.7642971451627665,-0.7166193807872552,-0.18245719450624603,1.1213547099793977,-0.15945125315364114,-0.397316236568382
-0.3079233918913155,0.7715443142590449,0.6521687210789702,-0.24857239422294802,-0.05795562663756346,-0.46819279471545316,-0.3201275981214195,-0.1705781996655176,-0.5144323816930652,0.13908115953888317,0.8718090082975287
-0.3079233918913155,-0.47676258641713937,-1.008477207128184,-0.2736472235835243,-0.2786428384794025,-0.8571198255537739,-0.9048570619993147,-0.18245719450624603,-0.5144323816930652,-0.15945125315364114,-0.397316236568382
-0.3079233918913155,-0.47676258641713937,-0.806611689036329,-0.26676527313401827,-0.27439156852021396,-0.6362018462231765,-0.5191612692472413,-0.18245719450624603,-0.5144323816930652,-0.15945125315364114,-0.397316236568382
-0.3079233918913155,-0.47676258641713937,-0.1181463293025651,-0.21361753698931868,-0.24155997873638133,-0.7383067946532845,-0.6722378859743292,-0.18245719450624603,-0.5144323816930652,-0.15945125315364114,-0.397316236568382
-0.3079233918913155,-0.47676258641713937,-0.1739995473290004,-0.22758585225811792,-0.2501887940000809,-0.719742258575083,-0.641958536856811,-0.18245719450624603,-0.5144323816930652,-0.15945125315364114,-0.397316236568382
-0.3079233918913155,-0.47676258641713937,-0.3188952851018081,-0.23964630007556897,-0.2576390393741045,-0.8404117430833926,-0.8668105827448718,-0.18245719450624603,-0.5144323816930652,-0.15945125315364114,-0.397316236568382
-0.3079233918913155,2.0198512149352292,0.4362222792907471,-0.23439966458436148,-0.12403972402297017,-0.6378726544702146,-0.5166938704566906,-0.17421425978557714,-0.5144323816930652,0.030201030355845572,2.1409342531634397
-0.3079233918913155,-0.47676258641713937,-1.1850154279861698,-0.2826414558541658,-0.28419895367358955,-0.9183827946118387,-1.0633768550801428,-0.18245719450624603,-0.5144323816930652,-0.15945125315364114,-0.397316236568382
-0.3079233918913155,-0.47676258641713937,-0.8230771238557912,-0.2669696875038056,-0.27451784386553635,-0.68075673281086,-0.5820662355762722,-0.18245719450624603,-0.5144323816930652,-0.15945125315364114,-0.397316236568382
-0.3079233918913155,2.0198512149352292,-0.5713773558508924,-0.2824642967336834,-0.2504413446907258,-0.6052609527595074,-0.4515222232973782,-0.16269719993194895,-0.5144323816930652,-0.11049806121386596,2.1409342531634397
-0.3079233918913155,4.516465016287598,0.6855893776338987,-0.2598833226845123,0.008801939256229534,-0.9102143987374302,-0.1672839584253091,-0.13596872021704365,-0.5144323816930652,0.24636911585422727,4.679184742895261
-0.3079233918913155,-0.47676258641713937,-0.2136819327488825,-0.2258142610532946,-0.2490944076739532,-0.5470920730478095,-0.40886383732190545,-0.18245719450624603,-0.5144323816930652,-0.15945125315364114,-0.397316236568382
-0.3079233918913155,-0.47676258641713937,-0.9724984001516316,-0.2764408866372841,-0.28036860153214244,-0.7364503410454645,-0.6693928213840449,-0.18245719450624603,-0.5144323816930652,-0.15945125315364114,-0.397316236568382
-0.3079233918913155,-0.47676258641713937,-0.1656724776042696,-0.23092462029797728,-0.252251291307014,-0.7680100523784069,-0.7238233980223902,-0.18245719450624603,-0.5144323816930652,-0.15945125315364114,-0.397316236568382
-0.3079233918913155,-0.47676258641713937,-0.38203578389902365,-0.23937374758251923,-0.25747067224700787,-0.604642134890234,-0.47817702136573254,-0.18245719450624603,-0.5144323816930652,-0.15945125315364114,-0.397316236568382
-0.3079233918913155,-0.47676258641713937,-0.155626195149071,-0.2182645569958168,-0.24443063825337794,-0.7345938874376442,-0.6658634934188403,-0.18245719450624603,-0.5144323816930652,-0.15945125315364114,-0.397316236568382
-0.3079233918913155,0.7715443142590449,-0.5823356324294248,-0.2609122083457751,-0.2591669710525059,-0.8812537224554359,-0.9678767560771006,-0.17484583855274224,-0.5144323816930652,-0.1425619732724928,0.8718090082975287
-0.3079233918913155,-0.47676258641713937,-0.15892628896543462,-0.22320457093234333,-0.24748229243200345,-0.7383067946532845,-0.6722378859743292,-0.18245719450624603,-0.5144323816930652,-0.15945125315364114,-0.397316236568382
-0.3079233918913155,-0.47676258641713937,0.3334582480614135,-0.1431559037236342,-0.1980328672037386,-0.4709774751271834,-0.3263236059943498,-0.18245719450624603,-0.5144323816930652,-0.15945125315364114,-0.397316236568382
-0.3079233918913155,-0.47676258641713937,-0.48959060375296803,-0.24913794064602626,-0.2635024245752428,-0.9072440729649179,-1.031863996285951,-0.18245719450624603,-0.5144323816930652,-0.15945125315364114,-0.397316236568382
-0.3079233918913155,-0.47676258641713937,-0.3633249196033552,-0.24305320623869076,-0.2597436284628117,-0.029141516465988417,0.5905200849767648,-0.18245719450624603,2.4299843833173678,-0.15945125315364114,-0.397316236568382
-0.3079233918913155,-0.47676258641713937,0.9903250174011876,0.08537936169857413,-0.05685703113325829,-0.5730824235572914,-0.440442823538469,-0.18245719450624603,-0.5144323816930652,-0.15945125315364114,-0.397316236568382
-0.3079233918913155,-0.47676258641713937,-0.055936817443157275,-0.2020544974716834,-0.234417003369309,-0.6250631245762556,-0.5045706192458423,-0.18245719450624603,-0.5144323816930652,-0.15945125315364114,-0.397316236568382
-0.3079233918913155,-0.47676258641713937,0.2036529042806719,-0.16912334249894836,-0.21407404523786502,-0.7531584235158457,-0.6972357967145091,-0.18245719450624603,-0.5144323816930652,-0.15945125315364114,-0.397316236568382
-0.3079233918913155,0.7715443142590449,-0.10729099876023626,-0.24179265095833574,-0.2250347452118522,-0.7990128276290033,-0.7743970134847085,-0.17673767847182123,-0.5144323816930652,-0.11008777051334498,0.8718090082975287
-0.3079233918913155,-0.47676258641713937,-0.6500497166339557,-0.2582820767878451,-0.26915114168933296,-0.8125649389660905,-0.8085566350049178,-0.18245719450624603,-0.5144323816930652,-0.15945125315364114,-0.397316236568382
-0.3079233918913155,-0.47676258641713937,0.07066223063071887,-0.17265289728394248,-0.21625439953376568,-0.6733309183795794,-0.5712764521421568,-0.18245719450624603,-0.5144323816930652,-0.15945125315364114,-0.397316236568382
2.591622583681666,-0.47676258641713937,-0.10914412198631458,-0.21682002878265313,-0.24353829247976608,-0.3373128153641328,-0.20058187224421148,-0.18245719450624603,-0.5144323816930652,-0.15945125315364114,-1.0318788590013375
-0.3079233918913155,-0.47676258641713937,0.06567953493625608,-0.18432495779879768,-0.22346472175167661,-0.2816192071295284,-0.15467326790296804,-0.18245719450624603,-0.5144323816930652,-0.15945125315364114,-0.397316236568382
-0.3079233918913155,-0.47676258641713937,-0.5727471574762136,-0.2519452313244386,-0.26523660598433757,-0.8237036606130113,-0.8308942335229285,-0.18245719450624603,-0.5144323816930652,-0.15945125315364114,-0.397316236568382
-0.3079233918913155,-0.47676258641713937,-0.3254594391665069,-0.23380004909965205,-0.2540275644978829,-0.7215987121829033,-0.6446223858749948,-0.18245719450624603,-0.5144323816930652,-0.15945125315364114,-0.397316236568382
-0.3079233918913155,-0.47676258641713937,0.045591327022360476,-0.1925083464026162,-0.2285199447427514,-0.6881825472421406,-0.5931417744658232,-0.18245719450624603,-0.5144323816930652,-0.15945125315364114,-0.397316236568382
-0.3079233918913155,-0.47676258641713937,-0.360530891578703,-0.2365800845287594,-0.25574490919426796,-0.819990753397371,-0.823656574098022,-0.18245719450624603,-0.5144323816930652,-0.15945125315364114,-0.397316236568382
-0.3079233918913155,-0.47676258641713937,-0.7249824361951512,-0.25919512763956176,-0.2697151715651065,-0.6250631245762556,-0.5045706192458423,-0.18245719450624603,-0.5144323816930652,-0.15945125315364114,-0.397316236568382
-0.3079233918913155,-0.47676258641713937,-0.1015507648821845,-0.20567944562924492,-0.23665628615969347,0.7227221947011709,1.0020410442106185,-0.18245719450624603,1.90653251398218,-0.15945125315364114,-0.397316236568382
-0.3079233918913155,-0.47676258641713937,-0.882557213668739,-0.2659408018425428,-0.27388225796074683,-0.5786517843807519,-0.44456327935037987,-0.18245719450624603,-0.5144323816930652,-0.15945125315364114,-0.397316236568382
-0.3079233918913155,-0.47676258641713937,-0.8674943314235409,-0.26662218307516716,-0.2743031757784883,-0.7735794132018674,-0.7336259455588027,-0.18245719450624603,-0.5144323816930652,-0.15945125315364114,-0.397316236568382
-0.3079233918913155,-0.47676258641713937,-0.11531996089933158,-0.22090150236607303,-0.24605959020803736,-0.7940004028878889,-0.7716724248132456,-0.18245719450624603,-0.5144323816930652,-0.15945125315364114,-0.397316236568382
-0.3079233918913155,0.7715443142590449,0.060309886031392125,-0.2141830834123969,-0.2164269758390397,-0.6834161007476087,-0.521394443308694,-0.15300168692895832,-0.5144323816930652,-0.12237812030357875,0.8718090082975287
-0.3079233918913155,-0.47676258641713937,-0.07098037318716041,-0.20677646941377015,-0.2373339638462572,-0.5656566091260109,-0.42831957232762075,-0.18245719450624603,-0.5144323816930652,-0.15945125315364114,-0.397316236568382
-0.3079233918913155,-0.47676258641713937,0.18660002378285748,-0.17817208526819978,-0.21966383385747143,-0.743876155476745,-0.681620328579957,-0.18245719450624603,-0.5144323816930652,-0.15945125315364114,-0.397316236568382
-0.3079233918913155,3.2681581156114135,0.5832468390826876,-0.2737153617067867,0.06601761576222573,-0.2621264442474168,0.3528838986613777,0.21580114191929317,0.04991416493393452,0.34204079595228926,3.4100594980293506
-0.3079233918913155,-0.47676258641713937,-0.9043375615041208,-0.26887755495515375,-0.2756964137552124,-0.6139244029293347,-0.4900100140898295,-0.18245719450624603,-0.5144323816930652,-0.15945125315364114,-0.397316236568382
-0.3079233918913155,-0.47676258641713937,0.02673629360063398,-0.2016388549197825,-0.23416024350048673,-0.7234551657907233,-0.6479762361011957,-0.18245719450624603,-0.5144323816930652,-0.15945125315364114,-0.397316236568382
-0.3079233918913155,-0.47676258641713937,-0.7510898318555714,-0.2637808233351236,-0.27254794847850644,-0.7011777224968816,-0.6124850083593822,-0.18245719450624603,-0.5144323816930652,-0.15945125315364114,-0.397316236568382
-0.3079233918913155,0.7715443142590449,-0.45374663238866625,-0.28492408298345734,-0.2431384205529117,-0.9100287533766481,-1.0404681313155368,-0.17352375042324636,-0.5144323816930652,-0.09766269840353714,0.8718090082975287
-0.3079233918913155,-0.47676258641713937,-0.18465453644381316,-0.21808739787533446,-0.2443211996207652,-0.7791487740253277,-0.743663776559236,-0.18245719450624603,-0.5144323816930652,-0.15945125315364114,-0.397316236568382
-0.3079233918913155,-0.47676258641713937,0.396003107745957,-0.12246916950115885,-0.18525380225710836,-0.6603357431248383,-0.5526369611270218,-0.18245719450624603,-0.5144323816930652,-0.15945125315364114,-0.397316236568382
-0.3079233918913155,0.7715443142590449,-0.8701858442604556,-0.2823620895487898,-0.26807780125409225,-0.7429479286728348,-0.6459607002391627,-0.16631056077829293,-0.5144323816930652,-0.13624839547790835,0.8718090082975287
-0.3079233918913155,-0.47676258641713937,0.0923916134748171,-0.17943264054855482,-0.22044253182029305,-0.5099630008914064,-0.3655607561794769,-0.18245719450624603,-0.5144323816930652,-0.15945125315364114,-0.397316236568382
-0.3079233918913155,-0.47676258641713937,-1.3127650925858212,-0.28475373767530127,-0.28550379890858807,-0.8608327327694143,-0.91366207946824,-0.18245719450624603,-0.5144323816930652,-0.15945125315364114,-0.397316236568382
-0.3079233918913155,-0.47676258641713937,-0.0641723456183438,-0.21552540444066687,-0.24273854862605737,-0.6993212688890614,-0.6100176095688317,-0.18245719450624603,-0.5144323816930652,-0.15945125315364114,-0.397316236568382
-0.3079233918913155,-0.47676258641713937,-0.060303674262042695,-0.20544096219782643,-0.236508964923484,-0.6436276606544571,-0.5291790627389548,-0.18245719450624603,-0.5144323816930652,-0.15945125315364114,-0.397316236568382
-0.3079233918913155,-0.47676258641713937,-0.37150705108575205,-0.24584686929245064,-0.2614693915155516,-0.6863260936343205,-0.5901986034037422,-0.18245719450624603,-0.5144323816930652,-0.15945125315364114,-0.397316236568382
-0.3079233918913155,-0.47676258641713937,-0.5767170387721302,-0.25770290274011437,-0.26879336154425276,-0.5935034132433131,-0.4640584526023327,-0.18245719450624603,-0.5144323816930652,-0.15945125315364114,-0.397316236568382
-0.3079233918913155,-0.47676258641713937,0.03319510216861498,-0.20162522729513002,-0.23415182514413188,-0.7587277843393062,-0.7072030832462051,-0.18245719450624603,-0.5144323816930652,-0.15945125315364114,-0.397316236568382
-0.3079233918913155,-0.47676258641713937,-0.6662467654713315,-0.2594744939449377,-0.2698877478703805,-0.68075673281086,-0.5820662355762722,-0.18245719450624603,-0.5144323816930652,-0.15945125315364114,-0.397316236568382
-0.3079233918913155,-0.47676258641713937,-0.9914639053478397,-0.27208004674848824,-0.27767472749859723,-0.669618011163939,-0.5657074899385893,-0.18245719450624603,-0.5144323816930652,-0.15945125315364114,-0.397316236568382
-0.3079233918913155,-0.47676258641713937,-0.11115081186575744,-0.21934113934336325,-0.24509568840540943,-0.68075673281086,-0.5820662355762722,-0.18245719450624603,-0.5144323816930652,-0.15945125315364114,-0.397316236568382
-0.3079233918913155,-0.47676258641713937,-0.7162898116979719,-0.2606328420403991,-0.27060330816054096,-0.717885804967263,-0.6386524099012636,-0.18245719450624603,-0.5144323816930652,-0.15945125315364114,-0.397316236568382
-0.3079233918913155,-0.47676258641713937,0.34204873837716243,-0.14166367882418687,-0.19711105718288482,-0.28533211434516864,-0.15674881996398723,-0.18245719450624603,-0.5144323816930652,-0.15945125315364114,-0.397316236568382
-0.3079233918913155,-0.47676258641713937,-0.4212870803038838,-0.24523362618308872,-0.2610905654795843,-0.6621921967326585,-0.5553265066142572,-0.18245719450624603,-0.5144323816930652,-0.15945125315364114,-0.397316236568382
-0.3079233918913155,-0.47676258641713937,-0.7575680815626085,-0.26151863764281075,-0.27115050132360485,-0.26676757826696723,-0.14243172426256054,-0.18245719450624603,-0.5144323816930652,-0.15945125315364114,-0.397316236568382
-0.3079233918913155,-0.47676258641713937,-0.11977707196324736,-0.21777396250832726,-0.24412757742460411,-0.617637310144975,-0.4946518251348534,-0.18245719450624603,-0.5144323816930652,-0.15945125315364114,-0.397316236568382
-0.3079233918913155,-0.47676258641713937,-0.7399428766258671,-0.2632902288476341,-0.2722448876497326,-0.6640486503404787,-0.5580334602840553,-0.18245719450624603,-0.5144323816930652,-0.15945125315364114,-0.397316236568382
-0.3079233918913155,-0.47676258641713937,0.30545873559564524,-0.15018094423199133,-0.20237252990465288,-0.6993212688890614,-0.6100176095688317,-0.18245719450624603,-0.5144323816930652,-0.15945125315364114,-0.397316236568382
-0.3079233918913155,-0.47676258641713937,-0.8057705202421985,-0.266560858764231,-0.2742652931748915,0.05068598867027784,0.07281270435685282,-0.18245719450624603,-0.5144323816930652,-0.15945125315364114,-0.397316236568382
-0.3079233918913155,-0.47676258641713937,-1.0479411813152717,-0.27848503033515715,-0.2816313549853668,-0.8496940111224934,-0.8877843698053953,-0.18245719450624603,-0.5144323816930652,-0.15945125315364114,-0.397316236568382
-0.3079233918913155,-0.47676258641713937,-1.0283652914315702,-0.2754188147883476,-0.2797372248055303,-0.7104599905359823,-0.6269621893764165,-0.18245719450624603,-0.5144323816930652,-0.15945125315364114,-0.397316236568382
-0.3079233918913155,-0.47676258641713937,-0.26489221986636774,-0.24318948248521566,-0.25982781202635996,-0.5990727740667735,-0.47105816213533025,-0.18245719450624603,-0.5144323816930652,-0.15945125315364114,-0.397316236568382
-0.3079233918913155,-0.47676258641713937,-0.5353967310521204,-0.25191116226280735,-0.2652155600934505,-0.1646626298368592,-0.06551098483628062,-0.18245719450624603,-0.5144323816930652,-0.15945125315364114,-0.397316236568382
-0.3079233918913155,-0.47676258641713937,-0.487196400767357,-0.24768659862053638,-0.2626058696234535,-0.20921751642454278,-0.0985686628062805,-0.18245719450624603,-0.5144323816930652,-0.15945125315364114,-0.397316236568382
-0.3079233918913155,-0.47676258641713937,-0.23327827191914888,-0.2305839296816651,-0.25204083239814323,-0.604642134890234,-0.47817702136573254,-0.18245719450624603,-0.5144323816930652,-0.15945125315364114,-0.397316236568382
2.591622583681666,3.2681581156114135,1.8715007268927024,-0.25576096622713496,1.642804907728515,0.15631819895524418,0.4734212873367068,0.2024639147568838,0.5013914022355342,2.619900818368257,0.8718090082975287
-0.3079233918913155,-0.47676258641713937,-0.810756844818447,-0.2656069250385569,-0.2736760082300535,-0.7141728977516226,-0.6327664551474684,-0.18245719450624603,-0.5144323816930652,-0.15945125315364114,-0.397316236568382
-0.3079233918913155,-0.47676258641713937,0.12704444457376055,-0.18615787331455722,-0.22459699068140113,-0.591646959635493,-0.4618948529403205,-0.18245719450624603,-0.5144323816930652,-0.15945125315364114,-0.397316236568382
-0.3079233918913155,-0.47676258641713937,-0.22495513908822906,-0.22547357043698243,-0.24888394876508244,0.20477163811935004,0.15739278949250016,-0.18245719450624603,-0.5144323816930652,-0.15945125315364114,-0.397316236568382
-0.3079233918913155,-0.47676258641713937,-0.9889060717096361,-0.27337467109047453,-0.27847447135230596,-0.7977133101035293,-0.7789778137370643,-0.18245719450624603,-0.5144323816930652,-0.15945125315364114,-0.397316236568382
-0.3079233918913155,-0.47676258641713937,-0.5214680393112927,-0.25395530596068044,-0.2664783135466748,-0.5396662586165288,-0.4013280860227125,-0.18245719450624603,-0.5144323816930652,-0.15945125315364114,-0.397316236568382
-0.3079233918913155,-0.47676258641713937,-1.2014918795914937,-0.2795071021840937,-0.28226273171197896,0.8006932462296171,0.41462442978521263,-0.18245719450624603,-0.5144323816930652,-0.15945125315364114,-0.397316236568382
-0.3079233918913155,-0.47676258641713937,0.006723023520145716,-0.20721255340264974,-0.2376033512496117,-0.5099630008914064,-0.3655607561794769,-0.18245719450624603,-0.5144323816930652,-0.15945125315364114,-0.397316236568382
-0.3079233918913155,-0.47676258641713937,-0.784862335161787,-0.2662201681479188,-0.2740548342660208,0.6484640503883651,0.3572593910432056,-0.18245719450624603,-0.5144323816930652,-0.15945125315364114,-0.397316236568382
-0.3079233918913155,-0.47676258641713937,0.0481216072933157,-0.19883156424137016,-0.23242606209139197,-0.6269195781840757,-0.5069673185379712,-0.18245719450624603,-0.5144323816930652,-0.15945125315364114,-0.397316236568382
-0.3079233918913155,0.7715443142590449,0.8799365945553133,-0.23351386898194984,-0.024029650527603075,-0.7967850832996193,-0.7725786502640714,-0.17788158167870619,0.46703987331041275,0.17490504906198612,0.8718090082975287
-0.3079233918913155,-0.47676258641713937,-0.4571693172858541,-0.2423718250060664,-0.2593227106450703,-0.05884477419111079,0.005126247834583405,-0.18245719450624603,-0.5144323816930652,-0.15945125315364114,-0.397316236568382
-0.3079233918913155,-0.47676258641713937,-0.4351531651120147,-0.2533420628513185,-0.2660994875107075,-0.7754358668096875,-0.7369451922032201,-0.18245719450624603,-0.5144323816930652,-0.15945125315364114,-0.397316236568382
-0.3079233918913155,-0.47676258641713937,0.03617527016092972,-0.19569721057129819,-0.23048984012978135,-0.5860775988120325,-0.4550456045570233,-0.18245719450624603,-0.5144323816930652,-0.15945125315364114,-0.397316236568382
2.591622583681666,-0.47676258641713937,-0.13051330214540097,-0.221180868671449,-0.24623216651331134,0.7264351019168112,0.38720813604721493,-0.18245719450624603,-0.5144323816930652,-0.15945125315364114,-1.0318788590013375
-0.3079233918913155,-0.47676258641713937,-0.5508284304715069,-0.25266068161869415,-0.26567856969296605,-0.6436276606544571,-0.5291790627389548,-0.18245719450624603,-0.5144323816930652,-0.15945125315364114,-0.397316236568382
-0.3079233918913155,-0.47676258641713937,-0.9030526865500172,-0.27208004674848824,-0.27767472749859723,0.5463591019582572,0.316362306620877,-0.18245719450624603,-0.5144323816930652,-0.15945125315364114,-0.397316236568382
-0.3079233918913155,-0.47676258641713937,-0.750130797388911,-0.26110980890323615,-0.27089795063295996,-0.023572155642528094,0.02848137613197026,-0.18245719450624603,-0.5144323816930652,-0.15945125315364114,-0.397316236568382
-0.3079233918913155,-0.47676258641713937,-0.8081875280564667,-0.26547064879203197,-0.27359182466650517,-0.39671933081437755,-0.2521584630605627,-0.18245719450624603,-0.5144323816930652,-0.15945125315364114,-0.397316236568382
-0.3079233918913155,-0.47676258641713937,-0.1018172972445917,-0.21205036015428266,-0.240591867755576,-0.4802597431662841,-0.3357932078744054,-0.18245719450624603,-0.5144323816930652,-0.15945125315364114,-0.397316236568382
-0.3079233918913155,-0.47676258641713937,-0.6769829095265314,-0.25622430546531955,-0.2678799698797538,2.2117832622429887,0.6554761637420377,-0.18245719450624603,-0.5144323816930652,-0.15945125315364114,-0.397316236568382
-0.3079233918913155,-0.47676258641713937,0.6607419591954924,-0.053833637938907636,-0.1428547504760127,-0.0514189597598302,0.010740062081940914,-0.18245719450624603,-0.5144323816930652,-0.15945125315364114,-0.397316236568382
-0.3079233918913155,-0.47676258641713937,-0.3189189797440937,-0.2365800845287594,-0.25574490919426796,-0.6362018462231765,-0.5191612692472413,-0.18245719450624603,-0.5144323816930652,-0.15945125315364114,-0.397316236568382
-0.3079233918913155,-0.47676258641713937,-0.3111141729799811,-0.23760215637769597,-0.25637628592088013,0.5389332875269764,0.3129922409888685,-0.18245719450624603,-0.5144323816930652,-0.15945125315364114,-0.397316236568382
-0.3079233918913155,-0.47676258641713937,-0.7073931054264448,-0.26110980890323615,-0.27089795063295996,0.35885728756842206,0.2334801804188397,-0.18245719450624603,-0.5144323816930652,-0.15945125315364114,-0.397316236568382
-0.3079233918913155,-0.47676258641713937,-0.8015593487307809,-0.2655387869152945,-0.27363391644827934,-0.6789002792030399,-0.5791997207086671,-0.18245719450624603,-0.5144323816930652,-0.15945125315364114,-0.397316236568382
-0.3079233918913155,-0.47676258641713937,0.48604726241766605,-0.13948325887978894,-0.19576412016611222,-0.7717229595940472,-0.7303328349858809,-0.18245719450624603,-0.5144323816930652,-0.15945125315364114,-0.397316236568382
-0.3079233918913155,-0.47676258641713937,-1.049194041248766,-0.2754188147883476,-0.2797372248055303,-0.9165263410040186,-1.0579570442605566,-0.18245719450624603,-0.5144323816930652,-0.15945125315364114,-0.397316236568382
-0.3079233918913155,-0.47676258641713937,-0.8834628885881092,-0.2685368643388416,-0.2754859548463417,-0.6194937637527951,-0.4969921943195607,-0.18245719450624603,-0.5144323816930652,-0.15945125315364114,-0.397316236568382
-0.3079233918913155,-0.47676258641713937,-0.10900814006085581,-0.21763768626180235,-0.24404339386105584,-0.6213502173606154,-0.49981803535368213,-0.18245719450624603,-0.5144323816930652,-0.15945125315364114,-0.397316236568382
-0.3079233918913155,-0.47676258641713937,-0.7326147576371539,-0.26185932825912295,-0.2713609602324755,-0.8144213925739106,-0.8125302789776695,-0.18245719450624603,-0.5144323816930652,-0.15945125315364114,-0.397316236568382
-0.3079233918913155,-0.47676258641713937,0.07348795284173204,-0.20019432670661888,-0.23326789772687487,-0.530383990577428,-0.3902730930731779,-0.18245719450624603,-0.5144323816930652,-0.15945125315364114,-0.397316236568382
-0.3079233918913155,0.7715443142590449,0.8642949073858577,-0.2047936500268333,-0.01359509782579269,-0.39671933081437755,-0.24567425748569047,-0.16155896284200158,-0.5144323816930652,0.16427423329923282,0.8718090082975287
-0.3079233918913155,-0.47676258641713937,-0.47836173368137674,-0.24659638864833744,-0.2619324011150672,-0.7030341761047018,-0.6155898695529607,-0.18245719450624603,-0.5144323816930652,-0.15945125315364114,-0.397316236568382
-0.3079233918913155,-0.47676258641713937,-0.4360639710867308,-0.24087278629429285,-0.2583966914460391,0.6317559679179837,0.3505087650949947,-0.18245719450624603,-0.5144323816930652,-0.15945125315364114,-0.397316236568382
-0.3079233918913155,-0.47676258641713937,-0.3352502577071953,-0.23399083584478686,-0.2541454214868505,-0.46726456791154314,-0.3232141278642986,-0.18245719450624603,-0.5144323816930652,-0.15945125315364114,-0.397316236568382
-0.3079233918913155,0.7715443142590449,-0.49407258866792225,-0.2665744863888835,-0.25710026456739543,-0.7649640427052111,-0.6886123389974773,-0.16875235416222045,-0.5144323816930652,-0.1344663866144514,0.8718090082975287
-0.3079233918913155,-0.47676258641713937,-0.7259608155135286,-0.2621318807521727,-0.2715293273595721,-0.7141728977516226,-0.6327664551474684,-0.18245719450624603,-0.5144323816930652,-0.15945125315364114,-0.397316236568382
-0.3079233918913155,-0.47676258641713937,-0.6652429114541076,-0.259678908314725,-0.27001402321570295,0.41826380301866684,0.26042051109015496,-0.18245719450624603,-0.5144323816930652,-0.15945125315364114,-0.397316236568382
-0.3079233918913155,-0.47676258641713937,-0.6945883385909797,-0.2608372564101864,-0.27072958350586335,0.3978428133326453,0.25189296505383657,-0.18245719450624603,-0.5144323816930652,-0.15945125315364114,-0.397316236568382
-0.3079233918913155,-0.47676258641713937,-0.6299620221527152,-0.2578391789866392,-0.26887754510780104,-0.6733309183795794,-0.5712764521421568,-0.18245719450624603,-0.5144323816930652,-0.15945125315364114,-0.397316236568382
-0.3079233918913155,0.7715443142590449,0.47367027965588604,-0.2625407094917473,-0.10522469756992762,-0.6575510627131083,-0.5483693436691643,-0.18038936947841552,-0.5144323816930652,0.08286520982570629,0.8718090082975287
-0.3079233918913155,-0.47676258641713937,-0.8618355157331266,-0.26805989747600456,-0.2751913123739227,-0.5526614338712699,-0.41653786697643963,-0.18245719450624603,-0.5144323816930652,-0.15945125315364114,-0.397316236568382
-0.3079233918913155,0.7715443142590449,0.8628927633437894,-0.14507058498730865,-0.00955007759729741,0.12494413298308378,0.18631263150716812,-0.024290578015806343,1.6677075985980006,0.11648455230123364,0.8718090082975287
-0.3079233918913155,-0.47676258641713937,0.03599116004428565,-0.20176150354165492,-0.23423600870768016,-0.5582307946947304,-0.4204283404444091,-0.18245719450624603,-0.5144323816930652,-0.15945125315364114,-0.397316236568382
-0.3079233918913155,-0.47676258641713937,-0.6514363533886098,-0.26036028954734936,-0.2704349410334444,-0.693751908065601,-0.6014945775653135,-0.18245719450624603,-0.5144323816930652,-0.15945125315364114,-0.397316236568382
-0.3079233918913155,-0.47676258641713937,-0.5998654708546703,-0.254977377809617,-0.26710969027328696,-0.5433791658321692,-0.4050789890298778,-0.18245719450624603,-0.5144323816930652,-0.15945125315364114,-0.397316236568382
-0.3079233918913155,-0.47676258641713937,-0.8836943833221343,-0.268128035599267,-0.2752334041556968,-0.4988242792444856,-0.35540099628369265,-0.18245719450624603,-0.5144323816930652,-0.15945125315364114,-0.397316236568382
-0.3079233918913155,0.7715443142590449,-0.6983021532953283,-0.27032889698064366,-0.26420535733087097,0.12672261553937542,-0.9398915439129204,-0.18245719450624603,-0.5144323816930652,-0.14142908103971089,0.8718090082975287
-0.3079233918913155,0.7715443142590449,-0.649043398477775,-0.28781995322211085,-0.2643316326761935,-0.8431964234951229,-0.8567053772177436,-0.17532979760180897,-0.5144323816930652,-0.125893148096102,0.8718090082975287
-0.3079233918913155,-0.47676258641713937,0.01429531329036446,-0.1965148680504474,-0.23099494151107108,-0.6399147534388168,-0.5241401718823916,-0.18245719450624603,-0.5144323816930652,-0.15945125315364114,-0.397316236568382
-0.3079233918913155,-0.47676258641713937,-0.5707815590925787,-0.2578391789866392,-0.26887754510780104,-0.5025371864601259,-0.35876023427898607,-0.18245719450624603,-0.5144323816930652,-0.15945125315364114,-0.397316236568382
-0.3079233918913155,-0.47676258641713937,-0.26831756137109314,-0.23181041590038892,-0.25279848447007786,-0.6157808565371549,-0.4923244797748415,-0.18245719450624603,-0.5144323816930652,-0.15945125315364114,-0.397316236568382
-0.3079233918913155,-0.47676258641713937,-0.8223218482723305,-0.26840058809231676,-0.2754017712827934,-0.6194937637527951,-0.4969921943195607,-0.18245719450624603,-0.5144323816930652,-0.15945125315364114,-0.397316236568382
-0.3079233918913155,-0.47676258641713937,0.16528344658156763,-0.20067129356945596,-0.23356254019929387,-0.7995697637113494,-0.7826789253420732,-0.18245719450624603,-0.5144323816930652,-0.15945125315364114,-0.397316236568382
-0.3079233918913155,-0.47676258641713937,0.09323973799643562,-0.19181333754533933,-0.2280906085686551,-0.6993212688890614,-0.6100176095688317,-0.18245719450624603,-0.5144323816930652,-0.15945125315364114,-0.397316236568382
-0.3079233918913155,-0.47676258641713937,-0.227966187120791,-0.22574612293003218,-0.24905231589217905,-0.5470920730478095,-0.40886383732190545,-0.18245719450624603,-0.5144323816930652,-0.15945125315364114,-0.397316236568382
-0.3079233918913155,-0.47676258641713937,-0.48291298552843015,-0.24434783058067705,-0.2605433723165204,0.8341094111703797,0.8046188418366205,-0.18245719450624603,-0.5144323816930652,-0.15945125315364114,-0.397316236568382
-0.3079233918913155,-0.47676258641713937,-0.8246263419614261,-0.2660838919013939,-0.2739706507024725,-0.31503537207029103,-0.1824937393790364,-0.18245719450624603,-0.5144323816930652,-0.15945125315364114,-0.397316236568382
-0.3079233918913155,-0.47676258641713937,-0.5029155765145691,-0.24686894114138713,-0.2621007682421638,-0.6120679493215145,-0.4877082863101637,-0.18245719450624603,-0.5144323816930652,-0.15945125315364114,-0.397316236568382
-0.3079233918913155,-0.47676258641713937,-0.4208900346345028,-0.24686894114138713,-0.2621007682421638,-0.5619437019103706,-0.4243553447139846,-0.18245719450624603,-0.5144323816930652,-0.15945125315364114,-0.397316236568382
2.591622583681666,-0.47676258641713937,-0.8817550933155288,-0.26917736269750847,-0.2758816175950186,-0.9388037842978604,-1.1389011895967178,-0.18245719450624603,-0.5144323816930652,-0.15945125315364114,-1.0318788590013375
-0.3079233918913155,-0.47676258641713937,-0.24619531586845964,-0.23123124185265823,-0.2524407043249976,-0.8626891863772344,-0.9174931555575868,-0.18245719450624603,-0.5144323816930652,-0.15945125315364114,-0.397316236568382
-0.3079233918913155,-0.47676258641713937,-0.33884067670859747,-0.23521732206351068,-0.25490307355878505,-0.7624406915549464,-0.7134569998828725,-0.18245719450624603,-0.5144323816930652,-0.15945125315364114,-0.397316236568382
-0.3079233918913155,-0.47676258641713937,-0.8384573184340987,-0.2679236212294797,-0.2751071288103744,-0.9573683203760618,-1.2680214324826926,-0.18245719450624603,-0.5144323816930652,-0.15945125315364114,-0.397316236568382
-0.3079233918913155,-0.47676258641713937,0.2698872789094433,-0.16701106067781285,-0.21276920000286656,-0.18508361952288088,-0.08084470204277987,-0.18245719450624603,-0.5144323816930652,-0.15945125315364114,-0.397316236568382
-0.3079233918913155,-0.47676258641713937,-0.4786005936152829,-0.2468008030181247,-0.2620586764603896,-0.6956083616734211,-0.6039120576023681,-0.18245719450624603,-0.5144323816930652,-0.15945125315364114,-0.397316236568382
-0.3079233918913155,-0.47676258641713937,-0.07383454283303431,-0.22574612293003218,-0.24905231589217905,-0.5879340524198526,-0.45717396987272113,-0.18245719450624603,-0.5144323816930652,-0.15945125315364114,-0.397316236568382
-0.3079233918913155,-0.47676258641713937,-0.3919142946302124,-0.24182672001996694,-0.2589859763908771,1.0216112255602146,1.9650109749889595,-0.18245719450624603,3.21516218732015,-0.15945125315364114,-0.397316236568382
-0.3079233918913155,0.7715443142590449,-0.5222692414986813,-0.2634333189064852,-0.2566204182551702,-0.7280962998102738,-0.6321175444169456,-0.1684223820833113,-0.5144323816930652,-0.1365913250186423,0.8718090082975287
-0.3079233918913155,-0.47676258641713937,-0.07033153289192125,-0.2115052551681832,-0.24025513350138286,-0.7067470833203421,-0.6212373761295009,-0.18245719450624603,-0.5144323816930652,-0.15945125315364114,-0.397316236568382
-0.3079233918913155,-0.47676258641713937,-0.033978821954107,-0.205372824074564,-0.23646687314170986,-0.6417712070466369,-0.5266520285737247,-0.18245719450624603,-0.5144323816930652,-0.15945125315364114,-0.397316236568382
-0.3079233918913155,-0.47676258641713937,-0.599513092179265,-0.260769118286924,-0.27068749172408924,-0.8088520317504501,-0.8007208482870956,-0.18245719450624603,-0.5144323816930652,-0.15945125315364114,-0.397316236568382
-0.3079233918913155,-0.47676258641713937,-0.15650509982505106,-0.21852348186421403,-0.2445905870241197,-0.7902874956722487,-0.7644924565060902,-0.18245719450624603,-0.5144323816930652,-0.15945125315364114,-0.397316236568382
2.591622583681666,0.7715443142590449,-1.0883307216164404,-0.282873125473258,-0.2778430946256938,-0.883110176063256,-0.9607029458493234,-0.1788934960540275,-0.5144323816930652,-0.1499961958162615,-0.397316236568382
-0.3079233918913155,-0.47676258641713937,-1.3363785032238251,-0.2826414558541658,-0.28419895367358955,-0.9555118667682417,-1.2534477320803525,-0.18245719450624603,-0.5144323816930652,-0.15945125315364114,-0.397316236568382
-0.3079233918913155,-0.47676258641713937,-1.4223665274690402,-0.28461746142877636,-0.2854196153450398,-0.9109569801805582,-1.0421067012549423,-0.18245719450624603,-0.5144323816930652,-0.15945125315364114,-0.397316236568382
-0.3079233918913155,3.2681581156114135,-0.27355057832110835,-0.2582616353508663,-0.2291429031130087,-0.8004979905152595,-0.7755375183690845,-0.1771772517076995,-0.5144323816930652,-0.10126345858124389,3.4100594980293506
-0.3079233918913155,-0.47676258641713937,0.3462440311463228,-0.13887001577042704,-0.1953852941301449,-0.7420197018689249,-0.6787109402771692,-0.18245719450624603,-0.5144323816930652,-0.15945125315364114,-0.397316236568382
-0.3079233918913155,-0.47676258641713937,-1.225729105000905,-0.2788938590747318,-0.2818839056760116,1.6665877638035211,1.289855503597011,-0.18245719450624603,-0.5144323816930652,-0.15945125315364114,-0.397316236568382
-0.3079233918913155,0.7715443142590449,-0.6131520586348496,-0.2737903136423754,-0.25937742996137664,-0.7420197018689249,-0.6493253433417825,-0.16749846026236578,-0.5144323816930652,-0.13129428836266213,0.8718090082975287
-0.3079233918913155,-0.47676258641713937,-0.32949692393048896,-0.23801098511727053,-0.25662883661152497,-0.7865745884566084,-0.7574336749015359,-0.18245719450624603,-0.5144323816930652,-0.15945125315364114,-0.397316236568382
-0.3079233918913155,2.0198512149352292,-0.780450474192917,-0.2835953895798398,-0.2667308642373197,-0.8967241691872704,-1.0009908198479522,-0.1801938436665574,-0.5144323816930652,-0.133180400836699,2.1409342531634397
-0.3079233918913155,-0.47676258641713937,-0.48316443910988194,-0.24823170360663585,-0.2629426038776467,-0.8589762791615941,-0.90860796500648,-0.18245719450624603,-0.5144323816930652,-0.15945125315364114,-0.397316236568382
-0.3079233918913155,-0.47676258641713937,0.14946383158580423,-0.17804943664632739,-0.21958806865027794,-0.7123164441438025,-0.6301768315056298,-0.18245719450624603,-0.5144323816930652,-0.15945125315364114,-0.397316236568382
-0.3079233918913155,-0.47676258641713937,-0.5711388711213773,-0.2525925434954317,-0.2656364779111919,-0.5340968977930683,-0.3939257178794635,-0.18245719450624603,-0.5144323816930652,-0.15945125315364114,-0.397316236568382
-0.3079233918913155,-0.47676258641713937,0.9904832545054414,0.1026796311949065,-0.046169927740803016,0.06925052474847924,0.08349131550634628,-0.18245719450624603,-0.5144323816930652,-0.15945125315364114,-0.397316236568382
-0.3079233918913155,-0.47676258641713937,-0.27348500411301213,-0.23487663144719853,-0.2546926146499144,-0.8311294750442919,-0.8468385868639251,-0.18245719450624603,-0.5144323816930652,-0.15945125315364114,-0.397316236568382
-0.3079233918913155,0.7715443142590449,-0.26046091863433307,-0.24455224495046438,-0.23882401292106192,-0.7262398462024536,-0.6383232301267577,-0.1714801233478692,-0.5144323816930652,-0.12766903321776008,0.8718090082975287
-0.3079233918913155,-0.47676258641713937,-0.825334399549492,-0.2668947355682169,-0.27447154290558484,0.8342950565311616,0.6448939377669529,-0.18245719450624603,-0.5144323816930652,-0.15945125315364114,-0.397316236568382
-0.3079233918913155,2.0198512149352292,-0.4310583409625455,-0.27650902476054656,-0.22211357555672662,-0.860213914900141,-0.8954215207612662,-0.1757391248103045,-0.5144323816930652,-0.07463742923997015,2.1409342531634397
-0.3079233918913155,-0.47676258641713937,-0.40003272498362896,-0.24012326693840605,-0.2579336818465235,-0.8255601142208314,-0.8350869792337398,-0.18245719450624603,-0.5144323816930652,-0.15945125315364114,-0.397316236568382
-0.3079233918913155,-0.47676258641713937,-0.2107999741095367,-0.22156925597404487,-0.24647208966942397,-0.8255601142208314,-0.8350869792337398,-0.18245719450624603,-0.5144323816930652,-0.15945125315364114,-0.397316236568382
-0.3079233918913155,-0.47676258641713937,-0.8031738854502461,-0.26566143553716687,-0.2737096816554728,-0.8979618049258172,-1.0073037379282015,-0.18245719450624603,-0.5144323816930652,-0.15945125315364114,-0.397316236568382
-0.3079233918913155,-0.47676258641713937,-0.2862676808400906,-0.22383825547868397,-0.24787374600250298,-0.5749388771651116,-0.440442823538469,-0.18245719450624603,-0.5144323816930652,-0.15945125315364114,-0.397316236568382
-0.3079233918913155,-0.47676258641713937,-1.4451867563895042,-0.28506717304230844,-0.2856974211047491,-0.9425166915135008,-1.1635756456985884,-0.18245719450624603,-0.5144323816930652,-0.15945125315364114,-0.397316236568382
-0.3079233918913155,-0.47676258641713937,-0.675842937238277,-0.26192746638238534,-0.2714030520142497,-0.9258086090431193,-1.085787012923775,-0.18245719450624603,-0.5144323816930652,-0.15945125315364114,-0.397316236568382
-0.3079233918913155,-0.47676258641713937,-0.6011411369674903,-0.2622000188754351,-0.27157141914134625,-0.8905359904945366,-0.9871258081619211,-0.18245719450624603,-0.5144323816930652,-0.15945125315364114,-0.397316236568382
-0.3079233918913155,-0.47676258641713937,-0.8023299339611318,-0.26669713501075587,-0.2743494767384398,-0.8515504647303136,-0.8925915822946902,-0.18245719450624603,-0.5144323816930652,-0.15945125315364114,-0.397316236568382
2.591622583681666,-0.47676258641713937,-0.4989963392094893,-0.261246085149761,-0.27098213419650824,-0.9926409389246447,-1.5485259643528448,-0.18245719450624603,-0.5144323816930652,-0.15945125315364114,-1.0318788590013375
2.591622583681666,-0.47676258641713937,-1.9266669499002693,-0.29142445994269367,-0.2896245843442768,-0.9404745925448984,-1.1947470734467267,-0.18245719450624603,-0.5144323816930652,-0.15945125315364114,-1.0318788590013375
-0.3079233918913155,-0.47676258641713937,-1.6187191554183278,-0.2873429863592738,-0.28710328661600554,-0.9982102997481052,-1.5983659870744926,-0.18245719450624603,-0.5144323816930652,-0.15945125315364114,-0.397316236568382
-0.3079233918913155,-0.47676258641713937,-0.20272434635728287,-0.22813095724421742,-0.2505255282542741,-0.6269195781840757,-0.5069673185379712,-0.18245719450624603,-0.5144323816930652,-0.15945125315364114,-0.397316236568382
-0.3079233918913155,-0.47676258641713937,0.9820204115638065,0.07374818405767639,-0.06404209828210475,-0.5675130627338311,-0.43232173570997257,-0.18245719450624603,-0.5144323816930652,-0.15945125315364114,-0.397316236568382
-0.3079233918913155,0.7715443142590449,-0.6057253151586272,-0.2637808233351236,-0.2643610969234353,-0.8746134431626343,-0.9227214130787316,-0.1700480445254036,-0.5144323816930652,-0.14754057535493428,0.8718090082975287
-0.3079233918913155,0.7715443142590449,0.08910308986391469,-0.20837090149811113,-0.20034791520131653,-0.8728996812202453,-0.9426072864549996,-0.1822372131203066,-0.5144323816930652,-0.10420897838647679,0.8718090082975287
-0.3079233918913155,-0.47676258641713937,0.46406384256112354,-0.12392732533897495,-0.18615456638707503,-0.7123164441438025,-0.6301768315056298,-0.18245719450624603,-0.5144323816930652,-0.15945125315364114,-0.397316236568382
-0.3079233918913155,-0.47676258641713937,-1.4685117568000943,-0.28672974324991185,-0.28672446058003825,-0.9258086090431193,-1.085787012923775,-0.18245719450624603,-0.5144323816930652,-0.15945125315364114,-0.397316236568382
-0.3079233918913155,-0.47676258641713937,-0.4187516578189136,-0.24066837192450552,-0.2582704161007166,-0.6900390008499607,-0.5955113155461875,-0.18245719450624603,-0.5144323816930652,-0.15945125315364114,-0.397316236568382
-0.3079233918913155,-0.47676258641713937,-0.4053211895205072,-0.23276434962606302,-0.2533877694149159,-0.769866505986227,-0.7270654521020568,-0.18245719450624603,-0.5144323816930652,-0.15945125315364114,-0.397316236568382
-0.3079233918913155,3.2681581156114135,0.3652958193325485,-0.21784210063158968,-0.13094277623392983,-0.3354563617563127,-0.6146559885205168,-0.17338224020386353,-0.38029784017592316,0.005277401234644081,3.4100594980293506
-0.3079233918913155,-0.47676258641713937,-0.18430575522113973,-0.22874420035357934,-0.2509043542902414,-0.7587277843393062,-0.7072030832462051,-0.18245719450624603,-0.5144323816930652,-0.15945125315364114,-0.397316236568382
-0.3079233918913155,-0.47676258641713937,-0.1566900266172311,-0.21198222203102024,-0.24054977597380187,-0.5972163204589535,-0.46885814190211744,-0.18245719450624603,-0.5144323816930652,-0.15945125315364114,-0.397316236568382
-0.3079233918913155,-0.47676258641713937,-0.27725784496342765,-0.2302432390653529,-0.25183037348927256,-0.7995697637113494,-0.7826789253420732,-0.18245719450624603,-0.5144323816930652,-0.15945125315364114,-0.397316236568382
-0.3079233918913155,-0.47676258641713937,-0.7443524198593876,-0.26410788632678334,-0.2727499890310223,-0.909100526572738,-1.0369539927675449,-0.18245719450624603,-0.5144323816930652,-0.15945125315364114,-0.397316236568382
-0.3079233918913155,-0.47676258641713937,-0.28447965297526234,-0.2291802843424589,-0.2511737416935959,-0.7717229595940472,-0.7303328349858809,-0.18245719450624603,-0.5144323816930652,-0.15945125315364114,-0.397316236568382
2.591622583681666,-0.47676258641713937,0.1819897421516602,-0.17471066860646806,-0.21752557134334485,-0.8515504647303136,-0.8925915822946902,-0.18245719450624603,-0.5144323816930652,-0.15945125315364114,-1.0318788590013375
-0.3079233918913155,-0.47676258641713937,-0.5482124468228589,-0.2477070400575151,-0.2626184971579858,-0.9220957018274791,-1.0744318480296775,-0.18245719450624603,-0.5144323816930652,-0.15945125315364114,-0.397316236568382
-0.3079233918913155,-0.47676258641713937,0.13913368393666306,-0.174233701743631,-0.21723092887092582,-0.7605842379471263,-0.7103183518918211,-0.18245719450624603,-0.5144323816930652,-0.15945125315364114,-0.397316236568382
-0.3079233918913155,-0.47676258641713937,-0.1848392441116469,-0.21756954813853993,-0.2440013020792817,-0.719742258575083,-0.641958536856811,-0.18245719450624603,-0.5144323816930652,-0.15945125315364114,-0.397316236568382
-0.3079233918913155,0.7715443142590449,0.6205190156613632,-0.2148440232080425,-0.0759288174551231,-0.2667039473913324,-0.09992873841767218,-0.11701273218926994,-0.5144323816930652,0.08262026015375347,0.8718090082975287
-0.3079233918913155,-0.47676258641713937,-0.8328897851152278,-0.26526623442224473,-0.2734655493211828,1.7831180993478348,0.7772115021769535,-0.18245719450624603,-0.5144323816930652,-0.15945125315364114,-0.397316236568382
-0.3079233918913155,5.764771916963783,-0.5297091945098814,-0.2856395332777129,-0.2600803627170048,-0.8267977499593782,1.3554900984676082,5.475434869610818,-0.14725270584898628,-0.1216677662549155,5.9483099877611725
-0.3079233918913155,-0.47676258641713937,-0.17072191457671887,-0.22220294052038553,-0.2468635432399235,-0.6343453926153563,-0.5166938704566906,-0.18245719450624603,-0.5144323816930652,-0.15945125315364114,-0.397316236568382
-0.3079233918913155,-0.47676258641713937,-0.27230314474269574,-0.24339389685500293,-0.2599540873716824,-0.7921439492800688,-0.7680670328131446,-0.18245719450624603,-0.5144323816930652,-0.15945125315364114,-0.397316236568382
-0.3079233918913155,-0.47676258641713937,0.32589529084516544,-0.1432308556592229,-0.19807916816369014,-0.5062500936757662,-0.3621466728779715,-0.18245719450624603,-0.5144323816930652,-0.15945125315364114,-0.397316236568382
-0.3079233918913155,-0.47676258641713937,0.43427613494256706,-0.11549182567908545,-0.18094360380343597,-0.45983875348026254,-0.31402204615495616,-0.18245719450624603,-0.5144323816930652,-0.15945125315364114,-0.397316236568382
-0.3079233918913155,0.7715443142590449,-0.24813598060146816,-0.2385969729773275,-0.2459080597936504,-0.8775408152397955,-0.9543500710596152,-0.1761437287297848,-0.5144323816930652,-0.14332744099734543,0.8718090082975287
-0.3079233918913155,-0.47676258641713937,0.20160777316857464,-0.16229590254805232,-0.20985644870409575,-0.6269195781840757,-0.5069673185379712,-0.18245719450624603,-0.5144323816930652,-0.15945125315364114,-0.397316236568382
-0.3079233918913155,-0.47676258641713937,-0.43645794573851415,-0.24520637093378372,-0.2610737287668746,-0.9517989595526015,-1.228430268621222,-0.18245719450624603,-0.5144323816930652,-0.15945125315364114,-0.397316236568382
-0.3079233918913155,-0.47676258641713937,-1.652270887179981,-0.28861035545195507,-0.28788619375700464,-0.8923924441023567,-0.9916965955365834,-0.18245719450624603,-0.5144323816930652,-0.15945125315364114,-0.397316236568382
-0.3079233918913155,-0.47676258641713937,0.48249077676659746,-0.09989500926431397,-0.1713087949553343,-0.604642134890234,-0.47817702136573254,-0.18245719450624603,-0.5144323816930652,-0.15945125315364114,-0.397316236568382
-0.3079233918913155,2.0198512149352292,-0.21255651170837933,-0.2619956045056478,-0.23953957321122238,-0.7921439492800688,-0.5522796583441457,-0.15688022953944702,-0.5144323816930652,-0.11303329031857787,2.1409342531634397
-0.3079233918913155,-0.47676258641713937,-0.7059672544233592,-0.2600877370542996,-0.2702665739063478,-0.8051391245348098,-0.7939829346025779,-0.18245719450624603,-0.5144323816930652,-0.15945125315364114,-0.397316236568382
-0.3079233918913155,-0.47676258641713937,0.07339364323228029,-0.18914913692577814,-0.22644481990128607,-0.6621921967326585,-0.5553265066142572,-0.18245719450624603,-0.5144323816930652,-0.15945125315364114,-0.397316236568382
-0.3079233918913155,-0.47676258641713937,-0.33000934382440844,-0.22779026662790525,-0.2503150693454033,-0.5043936400679461,-0.3621466728779715,-0.18245719450624603,-0.5144323816930652,-0.15945125315364114,-0.397316236568382
-0.3079233918913155,-0.47676258641713937,-0.02639405385069801,-0.19951294547399454,-0.23284697990913342,-0.7661535987705866,-0.7206062830671615,-0.18245719450624603,-0.5144323816930652,-0.15945125315364114,-0.397316236568382
-0.3079233918913155,-0.47676258641713937,-0.567503388990709,-0.25020770918124646,-0.26416326554909686,-0.769866505986227,-0.7270654521020568,-0.18245719450624603,-0.5144323816930652,-0.15945125315364114,-0.397316236568382
-0.3079233918913155,-0.47676258641713937,-0.40883455964702786,-0.23301646068213405,-0.25354350900748024,-0.40043223803001776,-0.25741919760613996,-0.18245719450624603,-0.5144323816930652,-0.15945125315364114,-0.397316236568382
-0.3079233918913155,-0.47676258641713937,-0.31199652827650315,-0.2365800845287594,-0.25574490919426796,0.7375738235637321,0.3911563247399495,-0.18245719450624603,-0.5144323816930652,-0.15945125315364114,-0.397316236568382
-0.3079233918913155,-0.47676258641713937,-0.7734785246065933,-0.26397161008025843,-0.27266580546747404,0.5129429370174943,0.30202183149233097,-0.18245719450624603,-0.5144323816930652,-0.15945125315364114,-0.397316236568382
-0.3079233918913155,-0.47676258641713937,-0.33387776016099346,-0.23719332763812132,-0.2561237352302353,-0.2147868772480031,-0.10220540643456921,-0.18245719450624603,-0.5144323816930652,-0.15945125315364114,-0.397316236568382
-0.3079233918913155,-0.47676258641713937,0.23637822919476675,-0.16851009938958642,-0.2136952192018977,-0.6510534750857376,-0.5394427160353276,-0.18245719450624603,-0.5144323816930652,-0.15945125315364114,-0.397316236568382
-0.3079233918913155,4.516465016287598,0.2247503082025554,-0.274396742939411,-0.15051545475890699,-0.4769181266722078,0.8755261221133092,0.9891897831853564,-0.4991214145150109,0.02762905880034076,4.679184742895261
-0.3079233918913155,-0.47676258641713937,0.8789755566682951,0.08403704067030414,-0.057686239234208944,-0.032854423681628796,0.021746562610768724,-0.18245719450624603,-0.5144323816930652,-0.15945125315364114,-0.397316236568382
-0.3079233918913155,-0.47676258641713937,-1.1214396623314113,-0.2778036491025328,-0.28121043716762534,-0.9202392482196589,-1.068867825184476,-0.18245719450624603,-0.5144323816930652,-0.15945125315364114,-0.397316236568382
-0.3079233918913155,-0.47676258641713937,-0.8752472616375657,-0.26977697818221796,-0.2762520252746311,-0.8348423822599322,-0.8555975013860012,-0.18245719450624603,-0.5144323816930652,-0.15945125315364114,-0.397316236568382
-0.3079233918913155,-0.47676258641713937,-0.7526780349753003,-0.26301767635458434,-0.27207652052263603,-0.8719714544163351,-0.9398915439129204,-0.18245719450624603,-0.5144323816930652,-0.15945125315364114,-0.397316236568382
-0.3079233918913155,-0.47676258641713937,-0.71463930784951,-0.2600877370542996,-0.2702665739063478,-0.8162778461817307,-0.8155354862695254,-0.18245719450624603,-0.5144323816930652,-0.15945125315364114,-0.397316236568382
-0.3079233918913155,0.7715443142590449,-0.5808128401523491,-0.26669713501075587,-0.2614693915155516,-0.8506222379264033,-0.8877843698053953,-0.18008139553810035,-0.5144323816930652,-0.14071260324924886,0.8718090082975287
-0.3079233918913155,-0.47676258641713937,-0.7174749210282922,-0.2621182531275202,-0.2715209090032173,-0.9313779698665798,-1.1014233343345856,-0.18245719450624603,-0.5144323816930652,-0.15945125315364114,-0.397316236568382
-0.3079233918913155,-0.47676258641713937,0.4495992104481553,-0.11072897086304122,-0.1780013882574233,-0.11825128964135553,-0.033324116416886554,-0.18245719450624603,-0.5144323816930652,-0.15945125315364114,-0.397316236568382
-0.3079233918913155,-0.47676258641713937,-1.7027764132269916,-0.289196343312012,-0.2882481830802623,-0.883110176063256,-0.9678767560771006,-0.18245719450624603,-0.5144323816930652,-0.15945125315364114,-0.397316236568382
-0.3079233918913155,-0.47676258641713937,-0.5135732966869169,-0.2513660572767079,-0.2648788258392573,-0.7717229595940472,-0.7303328349858809,-0.18245719450624603,-0.5144323816930652,-0.15945125315364114,-0.397316236568382
2.591622583681666,2.0198512149352292,-0.26168210871218095,-0.26281326198479704,-0.2437655881013465,-0.7222175300521766,-0.9490134514745754,-0.17922948455904275,-0.5144323816930652,-0.11844667806873566,0.2372463858645734
-0.3079233918913155,-0.47676258641713937,-0.2774367371860886,-0.22717702351854333,-0.24993624330943606,-0.8478375575146732,-0.8842148783059317,-0.18245719450624603,-0.5144323816930652,-0.15945125315364114,-0.397316236568382
-0.3079233918913155,-0.47676258641713937,-0.6100937263070754,-0.25678985188839776,-0.2682293316684792,-0.9276650626509396,-1.0915823418947201,-0.18245719450624603,-0.5144323816930652,-0.15945125315364114,-0.397316236568382
-0.3079233918913155,-0.47676258641713937,-0.49614713958776047,-0.24646011240181254,-0.26184821755151894,-0.7810052276331478,-0.7470639813201331,-0.18245719450624603,-0.5144323816930652,-0.15945125315364114,-0.397316236568382
-0.3079233918913155,-0.47676258641713937,-0.03582470623671616,-0.21995438245272517,-0.24547451444137675,-0.7884310420644286,-0.7609481735827421,-0.18245719450624603,-0.5144323816930652,-0.15945125315364114,-0.397316236568382
-0.3079233918913155,-0.47676258641713937,-0.1987798408004487,-0.23882864259641978,-0.2571339379928147,-0.7884310420644286,-0.7609481735827421,-0.18245719450624603,-0.5144323816930652,-0.15945125315364114,-0.397316236568382
-0.3079233918913155,-0.47676258641713937,-0.2723110243973587,-0.22465591295783321,-0.2483788473837927,-0.6454841142622771,-0.5317214589083343,-0.18245719450624603,-0.5144323816930652,-0.15945125315364114,-0.397316236568382
-0.3079233918913155,-0.47676258641713937,-0.27473688813888614,-0.22853978598379202,-0.25077807894491894,-0.6566228359091981,-0.5473092090535518,-0.18245719450624603,-0.5144323816930652,-0.15945125315364114,-0.397316236568382
-0.3079233918913155,-0.47676258641713937,-0.09512688930139199,-0.219613691836413,-0.245264055532506,-0.6881825472421406,-0.5931417744658232,-0.18245719450624603,-0.5144323816930652,-0.15945125315364114,-0.397316236568382
-0.3079233918913155,-0.47676258641713937,-0.1190598976186496,-0.21130084079839587,-0.2401288581560604,-0.6566228359091981,-0.5473092090535518,-0.18245719450624603,-0.5144323816930652,-0.15945125315364114,-0.397316236568382
-0.3079233918913155,-0.47676258641713937,0.2984145262775711,-0.13975581137283868,-0.19593248729320878,-0.6863260936343205,-0.5901986034037422,-0.18245719450624603,-0.5144323816930652,-0.15945125315364114,-0.397316236568382
-0.3079233918913155,4.516465016287598,-0.015687932963618655,-0.2621318807521727,-0.18818759944676622,-0.7635545637196386,-0.2767589857407674,-0.13428336236079688,-0.5144323816930652,-0.038201165536985104,4.679184742895261
-0.3079233918913155,-0.47676258641713937,0.8660733145680449,0.028817905578426485,-0.09179741918397556,-0.1925094339541613,-0.0860834705240163,-0.18245719450624603,-0.5144323816930652,-0.15945125315364114,-0.397316236568382
-0.3079233918913155,-0.47676258641713937,-1.3384446201818119,-0.28366352770310227,-0.2848303304002018,-0.8664020935928747,-0.9265712179418177,-0.18245719450624603,-0.5144323816930652,-0.15945125315364114,-0.397316236568382
-0.3079233918913155,-0.47676258641713937,-1.0900061181152192,-0.2762364722674968,-0.28024232618682,-0.6826131864186802,-0.584952533311678,-0.18245719450624603,-0.5144323816930652,-0.15945125315364114,-0.397316236568382
-0.3079233918913155,-0.47676258641713937,-0.9752435415584195,-0.27725854411643336,-0.28087370291343217,-0.8515504647303136,-0.8925915822946902,-0.18245719450624603,-0.5144323816930652,-0.15945125315364114,-0.397316236568382
-0.3079233918913155,-0.47676258641713937,-1.468743210435204,-0.28619826588846486,-0.2863961446821999,-0.7847181348487882,-0.7539484640497447,-0.18245719450624603,-0.5144323816930652,-0.15945125315364114,-0.397316236568382
-0.3079233918913155,-0.47676258641713937,-0.009782496065315515,-0.20223847040449194,-0.2345306511800992,-0.7030341761047018,-0.6155898695529607,-0.18245719450624603,-0.5144323816930652,-0.15945125315364114,-0.397316236568382
-0.3079233918913155,-0.47676258641713937,-1.0271853009479697,-0.27610019602097197,-0.2801581426232717,-0.9443731451213209,-1.1752913384410113,-0.18245719450624603,-0.5144323816930652,-0.15945125315364114,-0.397316236568382
-0.3079233918913155,-0.47676258641713937,-0.5116405544614324,-0.2458741245417556,-0.26148622822826123,-0.8478375575146732,-0.8842148783059317,-0.18245719450624603,-0.5144323816930652,-0.15945125315364114,-0.397316236568382
-0.3079233918913155,-0.47676258641713937,1.416241574482074,0.4771667566452515,0.18516650488989456,0.3368908151055192,0.9719997823165586,-0.18245719450624603,-0.004066809091256716,-0.15945125315364114,-0.397316236568382
-0.3079233918913155,3.2681581156114135,-0.11198815562332469,-0.2438367946562088,-0.22480744959027182,-0.8744776667868923,-0.9096519984371485,-0.17111622642504873,-0.43755038838445937,-0.10791996591656233,3.4100594980293506
-0.3079233918913155,-0.47676258641713937,-0.4925991646840025,-0.24686894114138713,-0.2621007682421638,-0.832985928652112,-0.8511951146103198,-0.18245719450624603,-0.5144323816930652,-0.15945125315364114,-0.397316236568382
-0.3079233918913155,-0.47676258641713937,-0.41263152582508705,-0.2429169299921659,-0.2596594448992634,-0.8515504647303136,-0.8925915822946902,-0.18245719450624603,-0.5144323816930652,-0.15945125315364114,-0.397316236568382
-0.3079233918913155,-0.47676258641713937,0.3806037500751411,-0.10700181552058602,-0.17569896779437758,-0.6918954544577809,-0.5984922467827819,-0.18245719450624603,-0.5144323816930652,-0.15945125315364114,-0.397316236568382
-0.3079233918913155,-0.47676258641713937,-0.4941997358056086,-0.24373458747131513,-0.26016454628055313,-0.8496940111224934,-0.8877843698053953,-0.18245719450624603,-0.5144323816930652,-0.15945125315364114,-0.397316236568382
-0.3079233918913155,-0.47676258641713937,-0.44872231784540106,-0.24564245492266332,-0.26134311617022915,0.38670409168572434,0.24637439266712174,-0.18245719450624603,-0.5144323816930652,-0.15945125315364114,-0.397316236568382
-0.3079233918913155,-0.47676258641713937,-0.4402731981594239,-0.24393900184110243,-0.2602908216258756,0.5630671844286385,0.3230220473741162,-0.18245719450624603,-0.5144323816930652,-0.15945125315364114,-0.397316236568382
-0.3079233918913155,-0.47676258641713937,0.6864360306098773,-0.041977604491243894,-0.1355307804473116,0.09895378247360162,0.10070456319878851,-0.18245719450624603,-0.5144323816930652,-0.15945125315364114,-0.397316236568382
-0.3079233918913155,-0.47676258641713937,0.6319784494759277,-0.06630972830825956,-0.15056175571885855,-0.25934176383568663,-0.1364427501036584,-0.18245719450624603,-0.5144323816930652,-0.15945125315364114,-0.397316236568382
-0.3079233918913155,-0.47676258641713937,0.0038298357805091688,-0.20791437607225285,-0.23803689660188543,-0.5897905060276728,-0.45931322201488073,-0.18245719450624603,-0.5144323816930652,-0.15945125315364114,-0.397316236568382
-0.3079233918913155,-0.47676258641713937,-0.6563724445402228,-0.25804359335642657,-0.26900382045312343,-0.5619437019103706,-0.4243553447139846,-0.18245719450624603,-0.5144323816930652,-0.15945125315364114,-0.397316236568382
-0.3079233918913155,-0.47676258641713937,-0.7783381112486129,-0.26601575377813147,-0.27392855892069834,-0.7401632482611047,-0.67510243746023,-0.18245719450624603,-0.5144323816930652,-0.15945125315364114,-0.397316236568382
-0.3079233918913155,-0.47676258641713937,-0.886364625514244,-0.2709898367762893,-0.2770012589902109,-0.7531584235158457,-0.6972357967145091,-0.18245719450624603,-0.5144323816930652,-0.15945125315364114,-0.397316236568382
-0.3079233918913155,-0.47676258641713937,-0.12377277091706866,-0.2144351944684679,-0.24206508011767106,-0.6250631245762556,-0.5045706192458423,-0.18245719450624603,-0.5144323816930652,-0.15945125315364114,-0.397316236568382
-0.3079233918913155,0.7715443142590449,-0.7573272225621375,-0.27153494176238874,-0.26449999980329003,-0.7902874956722487,-0.7552520169448216,-0.1756597696807181,-0.5144323816930652,-0.14077384066723705,0.8718090082975287
-0.3079233918913155,0.7715443142590449,-0.3267494572964404,-0.2559994496585535,-0.24892604054685658,-0.8496940111224933,-0.8645437865076524,-0.16899433368675382,-0.5144323816930652,-0.13207812731291121,0.8718090082975287
-0.3079233918913155,-0.47676258641713937,-0.9745123407335915,-0.27500998604877297,-0.2794846741148854,-0.8608327327694143,-0.91366207946824,-0.18245719450624603,-0.5144323816930652,-0.15945125315364114,-0.397316236568382
-0.3079233918913155,-0.47676258641713937,0.9559603547663982,0.0686787076869512,-0.0671737268461011,-0.3020401968155501,-0.17157346148362787,-0.18245719450624603,-0.5144323816930652,-0.15945125315364114,-0.397316236568382
-0.3079233918913155,-0.47676258641713937,-0.6628501823520596,-0.2583842839727387,-0.26921427936199416,-0.7828616812409681,-0.7504920569226791,-0.18245719450624603,-0.5144323816930652,-0.15945125315364114,-0.397316236568382
-0.3079233918913155,-0.47676258641713937,0.33027782942857997,-0.14466175624773406,-0.19896309558094719,-0.4932549184210252,-0.34876239845385165,-0.18245719450624603,-0.5144323816930652,-0.15945125315364114,-0.397316236568382
-0.3079233918913155,0.7715443142590449,0.964580622452053,0.030180668043675196,-0.00887660908891108,0.6586745452313758,0.7244644369619662,0.5166436500092162,-0.2690643179421957,-0.04003828807663137,0.8718090082975287
-0.3079233918913155,-0.47676258641713937,0.02614634275476175,-0.19269913314775097,-0.22863780173171896,-0.6473405678700974,-0.5342794049980337,-0.18245719450624603,-0.5144323816930652,-0.15945125315364114,-0.397316236568382
-0.3079233918913155,-0.47676258641713937,0.04123884867651447,-0.19045057508009064,-0.22724877293317222,-0.46912102151936325,-0.3232141278642986,-0.18245719450624603,-0.5144323816930652,-0.15945125315364114,-0.397316236568382
-0.3079233918913155,-0.47676258641713937,-0.9815167516488525,-0.2728977042276375,-0.27817982887988696,-0.7940004028878889,-0.7716724248132456,-0.18245719450624603,-0.5144323816930652,-0.15945125315364114,-0.397316236568382
-0.3079233918913155,-0.47676258641713937,0.007826169087919142,-0.1924947187779637,-0.22851152638639655,-0.46726456791154314,-0.3232141278642986,-0.18245719450624603,-0.5144323816930652,-0.15945125315364114,-0.397316236568382
-0.3079233918913155,-0.47676258641713937,0.3260133727329708,-0.1453431374803584,-0.19938401339868864,-0.4319919493629603,-0.28759918384235855,-0.18245719450624603,-0.5144323816930652,-0.15945125315364114,-0.397316236568382
-0.3079233918913155,-0.47676258641713937,0.14673145261869933,-0.17689108855086597,-0.21887250836011746,-0.6250631245762556,-0.5045706192458423,-0.18245719450624603,-0.5144323816930652,-0.15945125315364114,-0.397316236568382
-0.3079233918913155,-0.47676258641713937,-0.6523716163885334,-0.26015587517756206,-0.27030866568812195,-0.8979618049258172,-1.0073037379282015,-0.18245719450624603,-0.5144323816930652,-0.15945125315364114,-0.397316236568382
-0.3079233918913155,-0.47676258641713937,-0.04341321163606026,-0.20891600648421063,-0.23865564579396537,-0.769866505986227,-0.7270654521020568,-0.18245719450624603,-0.5144323816930652,-0.15945125315364114,-0.397316236568382
-0.3079233918913155,-0.47676258641713937,0.11880860970001912,-0.18513580146562064,-0.22396561395478895,-0.8051391245348098,-0.7939829346025779,-0.18245719450624603,-0.5144323816930652,-0.15945125315364114,-0.397316236568382
-0.3079233918913155,0.7715443142590449,-0.0821923825467125,-0.16046980084461906,-0.2087283889525487,-0.8877513100828065,-0.8779589394367114,-0.16685259491324766,-0.5144323816930652,-0.15945125315364114,0.8718090082975287
-0.3079233918913155,0.7715443142590449,-0.3471190745522353,-0.23521732206351068,-0.2422334472447676,-0.6501252482818275,-0.5378870184625208,-0.1801693880924761,-0.5144323816930652,-0.14101879033918988,0.8718090082975287
-0.3079233918913155,-0.47676258641713937,-0.7220757348456047,-0.25995146080777476,-0.2701823903427995,-0.832985928652112,-0.8511951146103198,-0.18245719450624603,-0.5144323816930652,-0.15945125315364114,-0.397316236568382
-0.3079233918913155,-0.47676258641713937,-0.773546207827367,-0.2652594206099185,-0.2734613401430054,-0.93509087708222,-1.1135465855454338,-0.18245719450624603,-0.5144323816930652,-0.15945125315364114,-0.397316236568382
-0.3079233918913155,-0.47676258641713937,-0.21106116797630847,-0.22746320363624556,-0.2501130287928875,-0.832985928652112,-0.8511951146103198,-0.18245719450624603,-0.5144323816930652,-0.15945125315364114,-0.397316236568382
-0.3079233918913155,-0.47676258641713937,-0.6035545636837645,-0.2558904286613336,-0.2676737201490605,-0.93509087708222,-1.1135465855454338,-0.18245719450624603,-0.5144323816930652,-0.15945125315364114,-0.397316236568382
-0.3079233918913155,-0.47676258641713937,-0.052373009071422894,-0.1994243659137534,-0.23279226059282704,-0.6993212688890614,-0.6100176095688317,-0.18245719450624603,-0.5144323816930652,-0.15945125315364114,-0.397316236568382
-0.3079233918913155,-0.47676258641713937,-0.5602332748628601,-0.2537645192155456,-0.2663604565577072,-0.8812537224554359,-0.9635577206329404,-0.18245719450624603,-0.5144323816930652,-0.15945125315364114,-0.397316236568382
-0.3079233918913155,0.7715443142590449,-0.17415378901263123,-0.24298506811542833,-0.228465225426445,-0.8877513100828065,-0.9848590119247017,-0.17689166544197882,-0.5144323816930652,-0.11400696526459042,0.8718090082975287
-0.3079233918913155,-0.47676258641713937,0.5966571216585533,-0.08305807900616621,-0.16090791567894325,-0.8366988358677524,-0.8589299722602949,-0.18245719450624603,-0.5144323816930652,-0.15945125315364114,-0.397316236568382
-0.3079233918913155,-0.47676258641713937,-0.8037668302899,-0.26366498852557746,-0.2724763924494904,-0.9610812275917022,-1.2956065638580607,-0.18245719450624603,-0.5144323816930652,-0.15945125315364114,-0.397316236568382
-0.3079233918913155,-0.47676258641713937,0.45715246857135705,-0.09696506996402926,-0.1694988483390461,0.48695258650801243,0.29075588748004755,-0.18245719450624603,-0.5144323816930652,-0.15945125315364114,-0.397316236568382
-0.3079233918913155,-0.47676258641713937,0.4633519306724486,-0.10125777172956267,-0.1721506305908172,0.026552091768615955,0.05813671145506227,-0.18245719450624603,-0.5144323816930652,-0.15945125315364114,-0.397316236568382
-0.3079233918913155,-0.47676258641713937,-0.18370198833913395,-0.22840350973726714,-0.25069389538137066,-0.6417712070466369,-0.5266520285737247,-0.18245719450624603,-0.5144323816930652,-0.15945125315364114,-0.397316236568382
-0.3079233918913155,-0.47676258641713937,-0.5528756812005692,-0.24993515668819674,-0.2639948984220003,-0.6009292276745937,-0.4732698165856784,-0.18245719450624603,-0.5144323816930652,-0.15945125315364114,-0.397316236568382
-0.3079233918913155,-0.47676258641713937,-0.3450339476891302,-0.23514918394024825,-0.25486098177701094,-0.6473405678700974,-0.5342794049980337,-0.18245719450624603,-0.5144323816930652,-0.15945125315364114,-0.397316236568382
-0.3079233918913155,-0.47676258641713937,-0.9412406614983613,-0.27521440041856027,-0.2796109494602078,-0.8775408152397955,-0.9536501162821405,-0.18245719450624603,-0.5144323816930652,-0.15945125315364114,-0.397316236568382
-0.3079233918913155,0.7715443142590449,0.6958007835292846,-0.17546018796235482,-0.05611200659585596,-0.6362018462231765,-0.5157109725144647,-0.1755057827105605,-0.5144323816930652,0.07605560894541727,0.8718090082975287
-0.3079233918913155,-0.47676258641713937,-0.4391118570697439,-0.24509734993656382,-0.26100638191603603,-0.719742258575083,-0.641958536856811,-0.18245719450624603,-0.5144323816930652,-0.15945125315364114,-0.397316236568382
-0.3079233918913155,-0.47676258641713937,-0.5894294046312476,-0.2604284276706118,-0.2704770328152185,-0.8868230832788963,-0.9766509845091718,-0.18245719450624603,-0.5144323816930652,-0.15945125315364114,-0.397316236568382
-0.3079233918913155,-0.47676258641713937,-0.0251637924266679,-0.20271543726732902,-0.23482529365251822,-0.6659051039482988,-0.5607580489555182,-0.18245719450624603,-0.5144323816930652,-0.15945125315364114,-0.397316236568382
-0.3079233918913155,2.0198512149352292,-0.006638283160672434,-0.27896199719799425,-0.19786870925481945,-0.04894368828273678,-0.029650331800227123,-0.12756689721776085,-0.23567245077752183,-0.03716012943118553,2.1409342531634397
-0.3079233918913155,-0.47676258641713937,-0.5061575267567079,-0.25129791915344546,-0.2648367340574832,-0.7772923204175076,-0.740290993102915,-0.18245719450624603,-0.5144323816930652,-0.15945125315364114,-0.397316236568382
-0.3079233918913155,-0.47676258641713937,-0.8335674622180049,-0.2718074942554385,-0.2775063603715006,-0.909100526572738,-1.0369539927675449,-0.18245719450624603,-0.5144323816930652,-0.15945125315364114,-0.397316236568382
-0.3079233918913155,-0.47676258641713937,0.3265041885810323,-0.14561568997340812,-0.19955238052578522,-0.6918954544577809,-0.5984922467827819,-0.18245719450624603,-0.5144323816930652,-0.15945125315364114,-0.397316236568382
-0.3079233918913155,0.7715443142590449,0.28333484391628944,-0.2356874751140215,-0.16609362319351784,-0.742019701868925,-0.67510243746023,-0.17752961146120314,-0.5144323816930652,-0.02982388675619798,0.8718090082975287
-0.3079233918913155,-0.47676258641713937,-0.9059873295632079,-0.2691501074482035,-0.27586478088230904,-0.8348423822599322,-0.8555975013860012,-0.18245719450624603,-0.5144323816930652,-0.15945125315364114,-0.397316236568382
-0.3079233918913155,-0.47676258641713937,-0.6581165569176124,-0.2587999265246396,-0.26947103923081644,-0.9016747121414574,-1.0169554635494686,-0.18245719450624603,-0.5144323816930652,-0.15945125315364114,-0.397316236568382
-0.3079233918913155,-0.47676258641713937,0.3450112597059478,-0.1451864197968548,-0.1992872023006081,-0.7717229595940472,-0.7303328349858809,-0.18245719450624603,-0.5144323816930652,-0.15945125315364114,-0.397316236568382
-0.3079233918913155,-0.47676258641713937,-0.11554303570693468,-0.21409450385215573,-0.2418546212088003,-0.9406602379056805,-1.1499367343897273,-0.18245719450624603,-0.5144323816930652,-0.15945125315364114,-0.397316236568382
5.491168559254648,-0.47676258641713937,-1.2933460950710791,-0.2803520149125479,-0.28278466980597833,-0.9369473306900403,-1.126031777827698,-0.18245719450624603,-0.5144323816930652,-0.15945125315364114,-1.2433997331456559
-0.3079233918913155,-0.47676258641713937,-0.1774765966792999,-0.21666331109914955,-0.24344148138168556,-0.8905359904945366,-0.9871258081619211,-0.18245719450624603,-0.5144323816930652,-0.15945125315364114,-0.397316236568382
-0.3079233918913155,-0.47676258641713937,-0.5598427213121304,-0.2477547367437988,-0.26264796140522767,1.6811540557465605,0.9097512311675092,-0.18245719450624603,-0.17484298146186183,-0.15945125315364114,-0.397316236568382
-0.3079233918913155,-0.47676258641713937,-1.0229050865856184,-0.2719982810005733,-0.2776242173604682,-1.011205475002846,-1.721303308114601,-0.18245719450624603,-0.5144323816930652,-0.15945125315364114,-0.397316236568382
-0.3079233918913155,-0.47676258641713937,0.00216012803321686,-0.19130911543319734,-0.22777912938352646,-0.68075673281086,-0.5820662355762722,-0.18245719450624603,-0.5144323816930652,-0.15945125315364114,-0.397316236568382
-0.3079233918913155,-0.47676258641713937,-0.9897377810077796,-0.2744648810626735,-0.27914793986069225,-0.6436276606544571,-0.5291790627389548,-0.18245719450624603,-0.5144323816930652,-0.15945125315364114,-0.397316236568382
-0.3079233918913155,0.7715443142590449,-0.4349450659349341,-0.24993515668819674,-0.2509464460720155,-0.614103467162077,-0.4679813640507668,-0.1619989256138804,-0.5144323816930652,-0.14046765357729601,0.8718090082975287
-0.3079233918913155,-0.47676258641713937,-0.7258240365070566,-0.26040117242130684,-0.2704601961025088,-0.9072440729649179,-1.031863996285951,-0.18245719450624603,-0.5144323816930652,-0.15945125315364114,-0.397316236568382
-0.3079233918913155,-0.47676258641713937,-0.7062117709083072,-0.2590315961437319,-0.2696141512888486,-0.8849666296710761,-0.9722408605308682,-0.18245719450624603,-0.5144323816930652,-0.15945125315364114,-0.397316236568382
-0.3079233918913155,-0.47676258641713937,0.22323922573018132,-0.16912334249894836,-0.21407404523786502,-0.8366988358677524,-0.8589299722602949,-0.18245719450624603,-0.5144323816930652,-0.15945125315364114,-0.397316236568382
-0.3079233918913155,-0.47676258641713937,-0.9141414878938742,-0.2718074942554385,-0.2775063603715006,-0.8088520317504501,-0.8007208482870956,-0.18245719450624603,-0.5144323816930652,-0.15945125315364114,-0.397316236568382
-0.3079233918913155,-0.47676258641713937,-0.6800778170659585,-0.25879311271231337,-0.26946683005263905,-0.8404117430833926,-0.8668105827448718,-0.18245719450624603,-0.5144323816930652,-0.15945125315364114,-0.397316236568382
-0.3079233918913155,-0.47676258641713937,-0.2881426694394906,-0.23072020592818995,-0.25212501596169157,-0.7457326090845652,-0.6845500980527343,-0.18245719450624603,-0.5144323816930652,-0.15945125315364114,-0.397316236568382
-0.3079233918913155,2.0198512149352292,0.18716874519446489,-0.21421715247402812,-0.17268940539752625,-0.6574272991392535,-0.026834544405647306,-0.08269660542183406,0.09626146586465437,-0.058715700563035475,2.1409342531634397
-0.3079233918913155,0.7715443142590449,0.46540044890687715,-0.2532739247280561,-0.12382926511409945,-0.5860775988120325,-0.44373593411139073,-0.16626656450110505,-0.5144323816930652,0.04746998222852083,0.8718090082975287
-0.3079233918913155,-0.47676258641713937,0.44379397848333846,-0.11250056206786453,-0.17909577458355103,-0.6306324853997161,-0.5118023189998963,-0.18245719450624603,-0.5144323816930652,-0.15945125315364114,-0.397316236568382
-0.3079233918913155,-0.47676258641713937,-1.4633253668379644,-0.28533291172303193,-0.28586157905366827,-0.8998182585336373,-1.0121017586047965,-0.18245719450624603,-0.5144323816930652,-0.15945125315364114,-0.397316236568382
-0.3079233918913155,-0.47676258641713937,-0.5101037117292254,-0.24583324166779813,-0.2614609731591968,-0.9072440729649179,-1.031863996285951,-0.18245719450624603,-0.5144323816930652,-0.15945125315364114,-0.397316236568382
-0.3079233918913155,-0.47676258641713937,0.5266224262523651,-0.08416873041534388,-0.16159401172186177,-0.5935034132433131,-0.4640584526023327,-0.18245719450624603,-0.5144323816930652,-0.15945125315364114,-0.397316236568382
-0.3079233918913155,-0.47676258641713937,0.24587734259719418,-0.17457439235994318,-0.21744138777979657,-0.7290245266141838,-0.6568242430219673,-0.18245719450624603,-0.5144323816930652,-0.15945125315364114,-0.397316236568382
-0.3079233918913155,-0.47676258641713937,0.45087867236227497,-0.11093338523282853,-0.1781276636027457,-0.7345938874376442,-0.6658634934188403,-0.18245719450624603,-0.5144323816930652,-0.15945125315364114,-0.397316236568382
-0.3079233918913155,-0.47676258641713937,-0.37972871036222244,-0.23855609010337003,-0.25696557086571814,-0.8441246502990329,-0.8748425447590898,-0.18245719450624603,-0.5144323816930652,-0.15945125315364114,-0.397316236568382
-0.3079233918913155,-0.47676258641713937,-0.780414686712318,-0.26731037812011776,-0.2747283027744071,-0.8682585472006948,-0.931848548304223,-0.18245719450624603,-0.5144323816930652,-0.15945125315364114,-0.397316236568382
-0.3079233918913155,-0.47676258641713937,-1.4722635163704862,-0.2840587288180244,-0.28507446273449183,-0.9573683203760618,-1.2680214324826926,-0.18245719450624603,-0.5144323816930652,-0.15945125315364114,-0.397316236568382
-0.3079233918913155,0.7715443142590449,1.7109647092181848,-0.2611575055895199,-0.2709274148802019,-0.8890508276082805,1.1697159306302967,1.9059140947710005,-0.5144323816930652,-0.15945125315364114,0.8718090082975287
-0.3079233918913155,-0.47676258641713937,0.6017127119184653,-0.06185349504689629,-0.14780895319082948,-0.7680100523784069,-0.7238233980223902,-0.18245719450624603,-0.5144323816930652,-0.15945125315364114,-0.397316236568382
-0.3079233918913155,-0.47676258641713937,-0.43968705190194807,-0.24857239422294802,-0.2631530627865174,-0.9165263410040186,-1.0579570442605566,-0.18245719450624603,-0.5144323816930652,-0.15945125315364114,-0.397316236568382
-0.3079233918913155,-0.47676258641713937,-1.1217772379564694,-0.2779671805983627,-0.28131145744388325,-0.909100526572738,-1.0369539927675449,-0.18245719450624603,-0.5144323816930652,-0.15945125315364114,-0.397316236568382
-0.3079233918913155,-0.47676258641713937,-0.16827718930650068,-0.22663191853244385,-0.2495995090552429,-0.7067470833203421,-0.6212373761295009,-0.18245719450624603,-0.5144323816930652,-0.15945125315364114,-0.397316236568382
-0.3079233918913155,-0.47676258641713937,0.4827861522280042,-0.1164525732170858,-0.18153709792645142,-0.7754358668096875,-0.7369451922032201,-0.18245719450624603,-0.5144323816930652,-0.15945125315364114,-0.397316236568382
-0.3079233918913155,-0.47676258641713937,-0.6774368528406268,-0.26165491388933565,-0.27123468488715313,-0.9128134337883784,-1.047323686348948,-0.18245719450624603,-0.5144323816930652,-0.15945125315364114,-0.397316236568382
-0.3079233918913155,-0.47676258641713937,-0.30952981255407624,-0.23255993525627572,-0.2532614940695934,-0.8942488977101768,-0.9963178898712635,-0.18245719450624603,-0.5144323816930652,-0.15945125315364114,-0.397316236568382
-0.3079233918913155,0.7715443142590449,0.8095486427825471,-0.07856777668317169,-0.06001812394449654,-0.5702977431455613,-0.4281204659768388,-0.16972027226035388,-0.5144323816930652,-0.016706831823123377,0.8718090082975287
-0.3079233918913155,-0.47676258641713937,0.4559864020187829,-0.11434029139595031,-0.18023225269145293,-0.7513019699080254,-0.6942161237988717,-0.18245719450624603,-0.5144323816930652,-0.15945125315364114,-0.397316236568382
-0.3079233918913155,-0.47676258641713937,-0.1461853162273334,-0.21900044872705107,-0.24488522949653874,-0.8385552894755725,-0.8634149791235463,-0.18245719450624603,-0.5144323816930652,-0.15945125315364114,-0.397316236568382
-0.3079233918913155,0.7715443142590449,1.4360884992652463,-0.27455346062291464,0.3787073043842818,0.32265644221592915,1.665491858356998,6.670314947724048,0.6173065471256283,0.7977120157569243,0.8718090082975287
-0.3079233918913155,-0.47676258641713937,0.5154467626695727,-0.08912918578884918,-0.1646582934350195,-0.5433791658321692,-0.4050789890298778,-0.18245719450624603,-0.5144323816930652,-0.15945125315364114,-0.397316236568382
-0.3079233918913155,-0.47676258641713937,-0.07090439957628805,-0.20823462525158629,-0.23823472797622391,-0.591646959635493,-0.4618948529403205,-0.18245719450624603,-0.5144323816930652,-0.15945125315364114,-0.397316236568382
-0.3079233918913155,-0.47676258641713937,0.38095575280302924,-0.1426380539868397,-0.1977129696622551,-0.7680100523784069,-0.7238233980223902,-0.18245719450624603,-0.5144323816930652,-0.15945125315364114,-0.397316236568382
-0.3079233918913155,-0.47676258641713937,0.4293577226405633,-0.12319824742006688,-0.18570418432209168,-0.06255768140675116,0.003710940622920027,-0.18245719450624603,-0.5144323816930652,-0.15945125315364114,-0.397316236568382
-0.3079233918913155,-0.47676258641713937,0.3631647991950254,-0.14166367882418687,-0.19711105718288482,-0.6751873719873995,-0.5740889905288733,-0.18245719450624603,-0.5144323816930652,-0.15945125315364114,-0.397316236568382
-0.3079233918913155,-0.47676258641713937,0.20375705793157453,-0.15876634776305817,-0.20767609440819507,-0.6751873719873995,-0.5740889905288733,-0.18245719450624603,-0.5144323816930652,-0.15945125315364114,-0.397316236568382
-0.3079233918913155,-0.47676258641713937,-0.2570097124592129,-0.2292893053396788,-0.25124108854443455,-0.8051391245348098,-0.7939829346025779,-0.18245719450624603,-0.5144323816930652,-0.15945125315364114,-0.397316236568382
-0.3079233918913155,-0.47676258641713937,0.13722940093381988,-0.17675481230434112,-0.21878832479656918,-0.7401632482611047,-0.67510243746023,-0.18245719450624603,-0.5144323816930652,-0.15945125315364114,-0.397316236568382
-0.3079233918913155,-0.47676258641713937,-0.4559177575040167,-0.246528250525075,-0.26189030933329305,-0.819990753397371,-0.823656574098022,-0.18245719450624603,-0.5144323816930652,-0.15945125315364114,-0.397316236568382
-0.3079233918913155,0.7715443142590449,-0.1473031480982929,-0.24483161125584033,-0.23474111008896995,-0.6176373101449749,-0.4948852735818406,-0.18177525220983384,-0.5144323816930652,-0.12147793025915204,0.8718090082975287
-0.3079233918913155,-0.47676258641713937,-0.26798943106665296,-0.2278447771265152,-0.2503487427708227,-0.528527536969608,-0.33899799659783153,-0.18245719450624603,-0.5144323816930652,-0.15945125315364114,-0.397316236568382
-0.3079233918913155,-0.47676258641713937,0.7557827369639596,-0.02623769801762131,-0.12580757885748423,0.5036606689783937,0.2978325856278087,-0.18245719450624603,-0.5144323816930652,-0.15945125315364114,-0.397316236568382
2.591622583681666,-0.47676258641713937,0.6022029648513878,-0.08694876584445127,-0.1633113564182469,-0.12567710407263613,-0.03799704639357545,-0.18245719450624603,-0.5144323816930652,-0.15945125315364114,-1.0318788590013375
-0.3079233918913155,-0.47676258641713937,0.8882833314213083,0.055596188020563604,-0.07525534894673681,0.2567523391383142,0.18401595971731272,-0.18245719450624603,-0.5144323816930652,-0.15945125315364114,-0.397316236568382
-0.3079233918913155,0.7715443142590449,0.419565864119859,-0.23882864259641978,-0.12841726932748118,-0.6621921967326585,-0.4856475069216724,-0.1501419289117459,-0.5144323816930652,0.027812771054305404,0.8718090082975287
-0.3079233918913155,-0.47676258641713937,-0.08880343202419516,-0.21566168068719174,-0.24282273218960565,-0.7327374338298241,-0.663061319572882,-0.18245719450624603,-0.5144323816930652,-0.15945125315364114,-0.397316236568382
-0.3079233918913155,-0.47676258641713937,-0.15739578266675566,-0.22377011735542154,-0.24783165422072884,-0.5823646915963923,-0.4504009816555031,-0.18245719450624603,-0.5144323816930652,-0.15945125315364114,-0.397316236568382
-0.3079233918913155,-0.47676258641713937,-0.6428053815268371,-0.2565649960816317,-0.2680904287886245,-0.6064985884980542,-0.4804267464351457,-0.18245719450624603,-0.5144323816930652,-0.15945125315364114,-0.397316236568382
-0.3079233918913155,-0.47676258641713937,-0.5864513871137211,-0.2594744939449377,-0.2698877478703805,-0.14238518654301743,-0.050719636015425174,-0.18245719450624603,-0.5144323816930652,-0.15945125315364114,-0.397316236568382
-0.3079233918913155,-0.47676258641713937,-0.34675546390344286,-0.2387536906608311,-0.2570876370328632,-0.7810052276331478,-0.7470639813201331,-0.18245719450624603,-0.5144323816930652,-0.15945125315364114,-0.397316236568382
-0.3079233918913155,-0.47676258641713937,-0.14867610034333723,-0.1862941495610821,-0.2246811742449494,-0.3503079906188739,-0.2122975649866345,-0.18245719450624603,-0.5144323816930652,-0.15945125315364114,-0.397316236568382
-0.3079233918913155,-0.47676258641713937,-0.10448854282387703,-0.21164153141470807,-0.24033931706493114,-0.667761557556119,-0.5186666235575059,-0.18245719450624603,-0.5144323816930652,-0.15945125315364114,-0.397316236568382
-0.3079233918913155,-0.47676258641713937,-0.8896764733805044,-0.27162352132262996,-0.2773927125607104,-0.7383067946532845,-0.6722378859743292,-0.18245719450624603,-0.5144323816930652,-0.15945125315364114,-0.397316236568382
-0.3079233918913155,-0.47676258641713937,-0.08609850120993097,-0.2118118767228641,-0.24044454651936648,-0.6900390008499607,-0.5955113155461875,-0.18245719450624603,-0.5144323816930652,-0.15945125315364114,-0.397316236568382
-0.3079233918913155,-0.47676258641713937,-0.24639894083092878,-0.2302841219393104,-0.251855628558337,-0.7977133101035293,-0.7789778137370643,-0.18245719450624603,-0.5144323816930652,-0.15945125315364114,-0.397316236568382
-0.3079233918913155,0.7715443142590449,-0.6250124520606498,-0.23971443819883145,-0.25768113115587865,-0.8608327327694143,-0.847055338815871,-0.1661697726912917,-0.5144323816930652,-0.15945125315364114,0.8718090082975287
-0.3079233918913155,-0.47676258641713937,-0.19172677442175737,-0.2244514985880459,-0.2482525720384703,-0.769866505986227,-0.7270654521020568,-0.18245719450624603,-0.5144323816930652,-0.15945125315364114,-0.397316236568382
-0.3079233918913155,-0.47676258641713937,0.9023273657332348,0.04992709616512898,-0.07875738519034563,-0.5359533514008885,-0.3939257178794635,-0.18245719450624603,-0.5144323816930652,-0.15945125315364114,-0.397316236568382
-0.3079233918913155,-0.47676258641713937,0.7607280710078521,-0.03134805726230397,-0.12896446249054505,-0.39671933081437755,-0.2521584630605627,-0.18245719450624603,-0.5144323816930652,-0.15945125315364114,-0.397316236568382
-0.3079233918913155,0.7715443142590449,0.7895669976125684,-0.22758585225811792,-0.03021714244840232,-0.6064985884980542,-0.4697367617250973,-0.16754245653955366,-0.5144323816930652,0.1605754932527449,0.8718090082975287
-0.3079233918913155,2.0198512149352292,-0.6038389076247905,-0.27105797489955175,-0.2667308642373197,-0.7754358668096875,-0.6358080895135754,-0.16986206104757215,-0.5144323816930652,-0.14444808574652968,2.1409342531634397
-0.3079233918913155,0.7715443142590449,-0.05731033299269774,-0.2795071021840937,-0.21038680515445,-0.8793972688476158,-0.9609163793226561,-0.17365133962709123,-0.5144323816930652,-0.05488223819697355,0.8718090082975287
-0.3079233918913155,0.7715443142590449,1.4176505121283978,-0.27328609153023337,-0.27841975203599956,-0.8886795368867163,0.7453271743448807,0.5665574264788696,-0.5144323816930652,-0.15945125315364114,0.8718090082975287
2.591622583681666,-0.47676258641713937,-0.09009010213032297,-0.20285171351385387,-0.2349094772160665,-0.6790859245638219,-0.5797714540607533,-0.18245719450624603,1.7102380629814844,-0.15945125315364114,-1.0318788590013375
-0.3079233918913155,-0.47676258641713937,-0.35548021921505557,-0.2384266276691714,-0.25688559648034726,-0.7680100523784069,-0.7238233980223902,-0.18245719450624603,-0.5144323816930652,-0.15945125315364114,-0.397316236568382
-0.3079233918913155,-0.47676258641713937,-0.50289514175481,-0.2475503223740115,-0.2625216860599052,-0.30018374320772984,-0.16942321056746873,-0.18245719450624603,-0.5144323816930652,-0.15945125315364114,-0.397316236568382
-0.3079233918913155,-0.47676258641713937,0.4277998148927681,-0.12796791604843735,-0.1886506090462818,-0.7995697637113494,-0.7826789253420732,-0.18245719450624603,-0.5144323816930652,-0.15945125315364114,-0.397316236568382
-0.3079233918913155,0.7715443142590449,-1.0603580734837534,-0.2941567986855173,-0.2757805973187607,-0.9610812275917022,-0.6953459476699266,-0.17165610845662072,-0.5144323816930652,-0.1368546459159916,0.8718090082975287
-0.3079233918913155,0.7715443142590449,-0.8340035078141548,-0.2778172767271853,-0.26955101361618733,-0.03378265048553885,0.14640134209853023,-0.012169603650544546,-0.5144323816930652,-0.14247624088730929,0.8718090082975287
-0.3079233918913155,-0.47676258641713937,0.7895095239975385,-0.010225239050948976,-0.11591601014056029,-0.42827904214732004,-0.2819474372670154,-0.18245719450624603,-0.5144323816930652,-0.15945125315364114,-0.397316236568382
-0.3079233918913155,-0.47676258641713937,0.13526062941441197,-0.1871799451634937,-0.22522836740801327,-0.6770438255952197,-0.5763527193678337,-0.18245719450624603,-0.5144323816930652,-0.15945125315364114,-0.397316236568382
-0.3079233918913155,-0.47676258641713937,0.42793832228187223,-0.11181918083524017,-0.17867485676580958,-0.6083550421058742,-0.48268863881665947,-0.18245719450624603,-0.5144323816930652,-0.15945125315364114,-0.397316236568382
-0.3079233918913155,-0.47676258641713937,-0.43670438610336326,-0.2462556980320252,-0.2617219422061965,-0.6584792895170182,-0.5499646013512769,-0.18245719450624603,-0.5144323816930652,-0.15945125315364114,-0.397316236568382
-0.3079233918913155,-0.47676258641713937,-1.2267327762662603,-0.27975239942783847,-0.28241426212636583,-0.7940004028878889,-0.8818520308800983,-0.18245719450624603,-0.5144323816930652,-0.15945125315364114,-0.397316236568382
-0.3079233918913155,-0.47676258641713937,-0.2668357514999294,-0.22947327827248737,-0.2513547363552247,-0.667761557556119,-0.5629505723619258,-0.18245719450624603,-0.5144323816930652,-0.15945125315364114,-0.397316236568382
-0.3079233918913155,-0.47676258641713937,-0.7193725943224295,-0.26110980890323615,-0.27089795063295996,-0.7345938874376442,-0.6658634934188403,-0.18245719450624603,-0.5144323816930652,-0.15945125315364114,-0.397316236568382
-0.3079233918913155,-0.47676258641713937,-0.11832681192435224,-0.21055132144250907,-0.2396658485565448,-0.7457326090845652,-0.6845500980527343,-0.18245719450624603,-0.5144323816930652,-0.15945125315364114,-0.397316236568382
-0.3079233918913155,-0.47676258641713937,0.5191336500323878,-0.08306489281849243,-0.16091212485712064,-0.7253116193985435,-0.650678816632828,-0.18245719450624603,-0.5144323816930652,-0.15945125315364114,-0.397316236568382
-0.3079233918913155,-0.47676258641713937,0.360045618512372,-0.1361581184645821,-0.19371004121553398,-0.769866505986227,-0.7270654521020568,-0.18245719450624603,-0.5144323816930652,-0.15945125315364114,-0.397316236568382
-0.3079233918913155,-0.47676258641713937,0.8340365752617744,0.006768408890702388,-0.10541831976608869,-0.6102114957136944,-0.48496283083655506,-0.18245719450624603,-0.5144323816930652,-0.15945125315364114,-0.397316236568382
-0.3079233918913155,-0.47676258641713937,0.48925848610619854,-0.0990705379728385,-0.17079948439586717,-0.7253116193985435,-0.650678816632828,-0.18245719450624603,-0.5144323816930652,-0.15945125315364114,-0.397316236568382
-0.3079233918913155,-0.47676258641713937,0.7865625196651068,-0.008794338462437839,-0.11503208272330326,-0.5582307946947304,-0.4204283404444091,-0.18245719450624603,-0.5144323816930652,-0.15945125315364114,-0.397316236568382
-0.3079233918913155,-0.47676258641713937,-0.06177778149011069,-0.2236338411088967,-0.24774747065718053,-0.7791487740253277,-0.743663776559236,-0.18245719450624603,-0.5144323816930652,-0.15945125315364114,-0.397316236568382
-0.3079233918913155,-0.47676258641713937,-0.4440503733898586,-0.2475503223740115,-0.2625216860599052,-0.7531584235158457,-0.6972357967145091,-0.18245719450624603,-0.5144323816930652,-0.15945125315364114,-0.397316236568382
2.591622583681666,-0.47676258641713937,-0.7053118206861335,-0.26301086254225814,-0.2720723113444586,-0.8886795368867163,-0.6520366843253835,-0.18245719450624603,-0.5144323816930652,-0.15945125315364114,-1.0318788590013375
-0.3079233918913155,0.7715443142590449,-0.6447051385495953,-0.2891690880627071,-0.2572391674472501,-0.7800770008292379,-0.7291045730695193,-0.17297599677225722,-0.5144323816930652,-0.11436214228892203,0.8718090082975287
-0.3079233918913155,-0.47676258641713937,0.6704390778705904,-0.08606297024203959,-0.162764163255183,-0.6918954544577809,-0.5984922467827819,-0.18245719450624603,-0.5144323816930652,-0.15945125315364114,-0.397316236568382
-0.3079233918913155,-0.47676258641713937,-0.0013767487498984794,-0.20644940642211046,-0.2371319232937413,-0.8626891863772344,-0.9174931555575868,-0.18245719450624603,-0.5144323816930652,-0.15945125315364114,-0.397316236568382
-0.3079233918913155,-0.47676258641713937,0.04209583167217409,-0.20898414460747305,-0.2386977375757395,-0.6120679493215145,-0.4877082863101637,-0.18245719450624603,-0.5144323816930652,-0.15945125315364114,-0.397316236568382
-0.3079233918913155,-0.47676258641713937,-1.3659565664062925,-0.285503257031188,-0.28596680850810363,-0.8664020935928747,-0.9265712179418177,-0.18245719450624603,-0.5144323816930652,-0.15945125315364114,-0.397316236568382
-0.3079233918913155,-0.47676258641713937,0.15972068761566527,-0.18166075717923644,-0.22181893308430758,-0.6621921967326585,-0.5553265066142572,-0.18245719450624603,-0.5144323816930652,-0.15945125315364114,-0.397316236568382
-0.3079233918913155,-0.47676258641713937,-0.8004495246714162,-0.26526623442224473,-0.2734655493211828,-0.795856856495709,-0.7753091684415341,-0.18245719450624603,-0.5144323816930652,-0.15945125315364114,-0.397316236568382
-0.3079233918913155,-0.47676258641713937,-0.9583480787703489,-0.2701585516724876,-0.2764877392525663,-0.9109569801805582,-1.0421067012549423,-0.18245719450624603,-0.5144323816930652,-0.15945125315364114,-0.397316236568382
-0.3079233918913155,-0.47676258641713937,-0.6073681655187088,-0.25490923968635454,-0.26706759849151285,-0.7327374338298241,-0.663061319572882,-0.18245719450624603,-0.5144323816930652,-0.15945125315364114,-0.397316236568382
-0.3079233918913155,-0.47676258641713937,-0.5796863606360552,-0.2504257511756863,-0.2642979592507741,-0.7290245266141838,-0.6568242430219673,-0.18245719450624603,-0.5144323816930652,-0.15945125315364114,-0.397316236568382
-0.3079233918913155,-0.47676258641713937,-1.2721614154400172,-0.2833909752100525,-0.28466196327310517,-0.8608327327694143,-0.8246828884337244,-0.18245719450624603,-0.5144323816930652,-0.15945125315364114,-0.397316236568382
-0.3079233918913155,4.516465016287598,-0.3424137286046418,-0.28236890336111603,-0.24913649945572733,-0.9123307558503452,-1.1337058074822322,-0.17942579034610665,-0.3901125627259579,-0.10868543364141495,4.679184742895261
-0.3079233918913155,0.7715443142590449,-0.16649688323028344,-0.27916641156778155,-0.2535982283237866,-0.8847809843102942,-0.8583727131746256,-0.1743398813650816,-0.21017598264198703,-0.1180547585936111,0.8718090082975287
-0.3079233918913155,-0.47676258641713937,-0.7949518040128355,-0.2700359030506152,-0.2764119740453729,-0.9614525183132662,-1.220412971060517,-0.18245719450624603,-0.5144323816930652,-0.15945125315364114,-0.397316236568382
-0.3079233918913155,3.2681581156114135,-0.22667700032807797,-0.2794662193101362,-0.22971114216695968,-0.80792380494654,-0.7474909572448339,-0.17857882014860432,-0.13820135060839864,-0.08303307924615373,3.4100594980293506
-0.3079233918913155,-0.47676258641713937,-0.7661374490350675,-0.2691501074482035,-0.27586478088230904,-0.29090147516862913,0.021746562610768724,-0.18245719450624603,-0.25270644702547107,-0.15945125315364114,-0.397316236568382
-0.3079233918913155,2.0198512149352292,-0.9259732386559332,-0.2908997963935729,-0.28095367729880305,-0.8706100551039337,-0.9077715189638278,-0.17203247491653081,-0.5118151223463892,-0.14730787316657906,2.1409342531634397
-0.3079233918913155,-0.47676258641713937,-0.1604406745168695,-0.23787470887074566,-0.2565446530479767,-0.4746903823428237,-0.3294563763124231,-0.18245719450624603,0.6829637694111776,-0.15945125315364114,-0.397316236568382
5.491168559254648,0.7715443142590449,-0.7443752198287266,-0.27943215024850504,-0.27738008502617817,-0.9325846647116629,-1.0945104020364507,-0.17983941601356698,0.80401201419494,-0.1524150738267958,-0.8203579848570189
2.591622583681666,0.7715443142590449,-0.5401308450043778,-0.28942119911877806,-0.26155357507909993,-0.818598413191506,-0.7182095837750326,-0.17018223317082665,-0.4359146012927869,-0.12041239918615719,-0.397316236568382
-0.3079233918913155,-0.47676258641713937,-1.544172511690297,-0.2861233139528762,-0.28634984372224837,-0.2871885679529889,0.0011512550146526575,-0.18245719450624603,-0.5144323816930652,-0.15945125315364114,-0.397316236568382
-0.3079233918913155,-0.47676258641713937,-1.0684780353694376,-0.27006860934978116,-0.2764321781006245,2.1597550694278302,1.5450543105077228,-0.18245719450624603,-0.5122077112483905,-0.15945125315364114,-0.397316236568382
2.591622583681666,-0.47676258641713937,-0.9382183234316775,-0.26526623442224473,-0.2734655493211828,1.9891216571290404,1.213602360496956,-0.18245719450624603,-0.5144323816930652,-0.15945125315364114,-1.0318788590013375
-0.3079233918913155,-0.47676258641713937,0.6403187886758956,-0.035913311520887135,-0.13178461186941273,1.3242131636348986,1.2437033249279874,-0.18245719450624603,-0.5144323816930652,-0.15945125315364114,-0.397316236568382
-0.3079233918913155,-0.47676258641713937,-0.969031774910123,-0.2753506766650851,-0.27969513302375615,1.6041607983333532,0.9107826074779265,-0.18245719450624603,-0.4097420078260275,-0.15945125315364114,-0.397316236568382
-0.3079233918913155,-0.47676258641713937,-1.5595573223181414,-0.28781995322211085,-0.28739792908842454,1.3440484422076528,1.3203435322723878,-0.18245719450624603,-0.5144323816930652,-0.15945125315364114,-0.397316236568382
-0.3079233918913155,-0.47676258641713937,0.2677107378122802,-0.1606060770911439,-0.20881257251609697,0.536659688793479,0.551588254001549,-0.18245719450624603,0.3361769059766156,-0.15945125315364114,-0.397316236568382
-0.3079233918913155,-0.47676258641713937,-0.4706005785528808,-0.2459831455389755,-0.26155357507909993,1.0173473229137735,0.3411788258440609,-0.18245719450624603,-0.5144323816930652,-0.15945125315364114,-0.397316236568382
-0.3079233918913155,-0.47676258641713937,-0.758321935440817,-0.26015587517756206,-0.27030866568812195,1.2129518147202998,1.6573814072078445,-0.18245719450624603,0.04827837784226205,-0.15945125315364114,-0.397316236568382
2.591622583681666,-0.47676258641713937,-0.8311045546741417,-0.27010404117387765,-0.276454065827147,-0.2395155818856106,1.3717921302473753e-05,-0.18245719450624603,-0.5144323816930652,-0.15945125315364114,-1.0318788590013375
-0.3079233918913155,-0.47676258641713937,-0.8674350610467331,-0.26751479248990506,-0.2748545781197295,1.1255501218110553,0.8781195256532797,-0.18245719450624603,-0.5144323816930652,-0.15945125315364114,-0.397316236568382
-0.3079233918913155,-0.47676258641713937,-0.6809180760857381,-0.26192746638238534,-0.2714030520142497,1.541729175021083,0.8285117651315318,-0.18245719450624603,-0.5144323816930652,-0.15945125315364114,-0.397316236568382
-0.3079233918913155,-0.47676258641713937,-0.8723632256432752,-0.27092169865302684,-0.2769591672084367,1.4168754594293655,0.885297124215774,-0.18245719450624603,-0.5144323816930652,-0.15945125315364114,-0.397316236568382
-0.3079233918913155,-0.47676258641713937,-0.901343880847122,-0.267037825627068,-0.2745599356473105,1.3544486016335067,0.6239694552033587,-0.18245719450624603,-0.5144323816930652,-0.15945125315364114,-0.397316236568382
-0.3079233918913155,-0.47676258641713937,-0.7149775360373606,-0.2546366871933048,-0.26689923136441623,2.155598993319838,0.8719505485007579,-0.18245719450624603,-0.5144323816930652,-0.15945125315364114,-0.397316236568382
-0.3079233918913155,-0.47676258641713937,0.4699029266963533,-0.08429137903721627,-0.16166977692905526,1.0631232640151964,1.4545448015556335,-0.18245719450624603,2.3122077127169502,-0.15945125315364114,-0.397316236568382
-0.3079233918913155,-0.47676258641713937,-1.226204487467622,-0.28148310775870433,-0.28348339338342915,1.6041560328169417,1.356989428886016,-0.18245719450624603,-0.5144323816930652,-0.15945125315364114,-0.397316236568382
-0.3079233918913155,-0.47676258641713937,-0.763276431967526,-0.26322209072437164,-0.2722027958679584,1.4730596318169291,0.7932032523255426,-0.18245719450624603,-0.5144323816930652,-0.15945125315364114,-0.397316236568382
-0.3079233918913155,-0.47676258641713937,-0.8403383444388256,-0.26492554380593253,-0.273255090412312,1.3627721821779004,0.7243904802178522,-0.18245719450624603,-0.5144323816930652,-0.15945125315364114,-0.397316236568382
-0.3079233918913155,-0.47676258641713937,-0.9383871618106229,-0.27112611302281414,-0.2770854425537592,0.9653211870492114,0.810576029437545,-0.18245719450624603,-0.5144323816930652,-0.15945125315364114,-0.397316236568382
-0.3079233918913155,-0.47676258641713937,-0.7140524679167869,-0.26417602445004573,-0.27279208081279643,1.5999942425447449,0.4830445067242708,-0.18245719450624603,-0.5144323816930652,-0.15945125315364114,-0.397316236568382
-0.3079233918913155,-0.47676258641713937,-0.8539255743009049,-0.2671741018735929,-0.2746441192108588,1.7414951210817036,0.7793305747722746,-0.18245719450624603,-0.5144323816930652,-0.15945125315364114,-0.397316236568382
-0.3079233918913155,-0.47676258641713937,0.753752190853285,-0.019560161937902658,-0.1216825842436181,0.7676361361246893,0.9808047997854838,-0.18245719450624603,1.409253238113751,-0.15945125315364114,-0.397316236568382
-0.3079233918913155,-0.47676258641713937,-0.753290999778296,-0.25395530596068044,-0.2664783135466748,2.1868067080535623,1.0452741413525244,-0.18245719450624603,-0.5144323816930652,-0.15945125315364114,-0.397316236568382
-0.3079233918913155,-0.47676258641713937,-0.8622435097308805,-0.2675829306131675,-0.27489666990150363,1.7914366062045184,0.7627864980483613,-0.18245719450624603,-0.5144323816930652,-0.15945125315364114,-0.397316236568382
-0.3079233918913155,-0.47676258641713937,-0.9375641291876172,-0.26485740568267013,-0.2732129986305379,2.2492335658494214,1.537064085605034,-0.18245719450624603,-0.5144323816930652,-0.15945125315364114,-0.397316236568382
-0.3079233918913155,-0.47676258641713937,0.10575172674727407,-0.18854270762874242,-0.22607020304349615,0.8600997616798619,0.6893832809919627,-0.18245719450624603,0.7418521047113864,-0.15945125315364114,-0.397316236568382
-0.3079233918913155,-0.47676258641713937,-1.2945018142935771,-0.28461746142877636,-0.2854196153450398,-0.5730824235572914,-0.1464725564889061,-0.18245719450624603,-0.5144323816930652,-0.15945125315364114,-0.397316236568382
-0.3079233918913155,-0.47676258641713937,-0.8558288160940772,-0.27153494176238874,-0.27733799324440406,1.2004664216262662,0.3814051436720522,-0.18245719450624603,-0.5144323816930652,-0.15945125315364114,-0.397316236568382
-0.3079233918913155,-0.47676258641713937,-1.492871321405673,-0.28613694157752867,-0.2863582620786032,1.595837202937331,1.1199684944226824,-0.18245719450624603,-0.5144323816930652,-0.15945125315364114,-0.397316236568382
-0.3079233918913155,-0.47676258641713937,-0.9963757713336671,-0.2737153617067867,-0.27868493026117663,1.1047450745720087,0.967528863864963,-0.18245719450624603,-0.44900089802616666,-0.15945125315364114,-0.397316236568382
-0.3079233918913155,-0.47676258641713937,-0.7230644779816295,-0.25804359335642657,-0.26900382045312343,1.0631270975918965,1.4431659809996293,-0.18245719450624603,-0.12184347969167406,-0.15945125315364114,-0.397316236568382
-0.3079233918913155,-0.47676258641713937,-0.8935923846063493,-0.2679917593527421,-0.2751492205921485,1.4376424790727094,0.7979358250494734,-0.18245719450624603,-0.5144323816930652,-0.15945125315364114,-0.397316236568382
-0.3079233918913155,-0.47676258641713937,-0.7705798294363456,-0.2653343725455071,-0.2735076411029569,0.9570012562926107,0.7478325307283585,-0.18245719450624603,-0.5144323816930652,-0.15945125315364114,-0.397316236568382
-0.3079233918913155,-0.47676258641713937,-1.2617506533363314,-0.28196688843386764,-0.28378224503402555,1.1109066440963635,1.0945182528536044,-0.18245719450624603,-0.5144323816930652,-0.15945125315364114,-0.397316236568382
-0.3079233918913155,-0.47676258641713937,-1.1829882672721193,-0.27688378443848993,-0.2806421981136744,1.333495431673999,1.0670798792740432,-0.18245719450624603,3.411456638320846,-0.15945125315364114,-0.397316236568382
-0.3079233918913155,-0.47676258641713937,-0.7747950831682195,-0.26281326198479704,-0.27195024517731353,1.1879494688208998,1.002023716061899,-0.18245719450624603,-0.5144323816930652,-0.15945125315364114,-0.397316236568382
-0.3079233918913155,-0.47676258641713937,-0.8123983832397424,-0.26281326198479704,-0.27195024517731353,1.6665432089169336,1.0102239973937908,-0.18245719450624603,-0.5144323816930652,-0.15945125315364114,-0.397316236568382
-0.3079233918913155,-0.47676258641713937,-1.3414435862039868,-0.2813263900752007,-0.2833865822853486,1.6728551511835221,1.1355889807568809,-0.18245719450624603,-0.5144323816930652,-0.15945125315364114,-0.397316236568382
-0.3079233918913155,0.7715443142590449,3.6576584099997573,13.875165933737927,14.144064094649398,2.9359290034603225,1.6992776489377928,2.823945144393148,0.16278347425933454,8.107600175254722,0.8718090082975287
8.39071453482763,-0.47676258641713937,0.916542585079303,0.14669685882243977,-0.018978636714705743,-0.0161463412112475,0.7337225156545475,-0.18245719450624603,-0.05510336635143757,-0.15945125315364114,-1.349160170217815
-0.3079233918913155,-0.47676258641713937,1.2569654068642884,0.2700268619274478,0.057207488296495586,0.5699510852001674,0.4564347848568138,-0.18245719450624603,0.8923445171452529,-0.15945125315364114,-0.397316236568382
-0.3079233918913155,-0.47676258641713937,-0.7240186454777865,-0.2566808308911779,-0.26816198481764053,1.47272945226051,0.7401764451371464,-0.18245719450624603,-0.5144323816930652,-0.15945125315364114,-0.397316236568382
2.591622583681666,0.7715443142590449,2.281856084047991,-0.2759230369004896,2.0216309436958144,1.2499550193220927,1.656949135456784,3.949618823577407,1.844372604498626,3.1891577322448597,-0.397316236568382
-0.3079233918913155,-0.47676258641713937,-1.2659116546812768,-0.2816738945038392,-0.28360125037239675,1.2150327135693055,1.1056715993096584,-0.18245719450624603,-0.5144323816930652,-0.15945125315364114,-0.397316236568382
-0.3079233918913155,-0.47676258641713937,-1.1957215466205842,-0.27807620159558255,-0.28137880429472195,2.0473922531715467,0.8696837522635386,-0.18245719450624603,-0.5144323816930652,-0.15945125315364114,-0.397316236568382
-0.3079233918913155,-0.47676258641713937,-1.2945853374758587,-0.28289356691023676,-0.2843546932661539,1.4459965203079,1.380070975212692,-0.18245719450624603,-0.5144323816930652,-0.15945125315364114,-0.397316236568382
-0.3079233918913155,-0.47676258641713937,-0.9948109009643609,-0.2717870528184598,-0.2774937328369684,1.1172304676660423,1.6088772487282796,-0.18245719450624603,-0.5144323816930652,-0.15945125315364114,-0.397316236568382
-0.3079233918913155,-0.47676258641713937,-1.1514790328889817,-0.27846458889817843,-0.28161872745083455,1.1983855227772608,1.7541473293884862,-0.18245719450624603,-0.5144323816930652,-0.15945125315364114,-0.397316236568382
-0.3079233918913155,-0.47676258641713937,-0.9290019863051234,-0.26944310137823196,-0.2760457755439378,1.1401203550051038,1.6098464794793825,-0.18245719450624603,-0.5144323816930652,-0.15945125315364114,-0.397316236568382
2.591622583681666,-0.47676258641713937,-0.8351010429943458,-0.2687412787086289,-0.27561223019166414,1.0464799067998516,0.8291404125664654,-0.18245719450624603,-0.5144323816930652,-0.15945125315364114,-1.0318788590013375
-0.3079233918913155,-0.47676258641713937,-1.0951001285239013,-0.27357908546026183,-0.27860074669762835,2.374093372465426,1.2618918899497318,-0.18245719450624603,-0.5144323816930652,-0.15945125315364114,-0.397316236568382
-0.3079233918913155,-0.47676258641713937,-0.807535390676716,-0.26526623442224473,-0.2734655493211828,1.510520350128101,0.5831893444374519,-0.18245719450624603,-0.5144323816930652,-0.15945125315364114,-0.397316236568382
-0.3079233918913155,-0.47676258641713937,-1.2270262654544102,-0.28161938400522923,-0.28356757694697743,0.9361922678025549,1.0706308415895698,-0.18245719450624603,-0.5144323816930652,-0.15945125315364114,-0.397316236568382
-0.3079233918913155,-0.47676258641713937,-0.34200115391265834,-0.26376719571047114,-0.2725395301221516,-0.9573683203760618,-1.2709981203649483,-0.18245719450624603,0.24457282884295767,-0.15945125315364114,-0.397316236568382
-0.3079233918913155,-0.47676258641713937,-0.6653080223555515,-0.2659476156548691,-0.27388646713892423,-0.8218472070051912,-0.7762233171812719,-0.18245719450624603,1.1213547099793977,-0.15945125315364114,-0.397316236568382
-0.3079233918913155,-0.47676258641713937,-0.3002048585369393,-0.2610007879060163,-0.2708306037821213,-0.8237036606130113,-0.8319384859553867,-0.18245719450624603,1.6448065793145856,-0.15945125315364114,-0.397316236568382
-0.3079233918913155,0.7715443142590449,1.5448106882493866,-0.18649856393086936,0.5484185816007607,0.7050666293618326,1.4096220892660132,2.9127388878930742,1.6807938953313797,0.9654801152897786,0.8718090082975287
2.591622583681666,-0.47676258641713937,1.0933870831688892,0.31759408577695397,0.0865917611530258,0.925075637953567,1.4522739924756987,-0.18245719450624603,-0.33711306095577015,-0.15945125315364114,-1.0318788590013375
-0.3079233918913155,-0.47676258641713937,-0.13696648636681033,-0.21532099007087954,-0.2426122732807349,1.1609293434951597,1.2754617975940332,-0.18245719450624603,3.2478779291535993,-0.15945125315364114,-0.397316236568382
2.591622583681666,-0.47676258641713937,1.0028444077227063,0.13920166526357186,-0.02360873270986163,1.3045071146542382,1.6693050077266987,-0.18245719450624603,5.643978861035423,-0.15945125315364114,-1.0318788590013375
-0.3079233918913155,-0.47676258641713937,-0.8146335088367423,-0.2640261205788684,-0.2726994788928933,2.041144039244408,0.8072906796239279,-0.18245719450624603,-0.2592495953921609,-0.15945125315364114,-0.397316236568382
-0.3079233918913155,0.7715443142590449,0.8328801676118618,-0.04613403001025245,-0.04465462359693385,1.0465787351076639,1.8164542263637904,1.1319698745939535,1.7822126950150727,-0.023504185219814698,0.8718090082975287
-0.3079233918913155,-0.47676258641713937,-0.7475865399720566,-0.2551817921794043,-0.2672359656186094,-0.010576980387787014,-0.17590741614234096,-0.18245719450624603,2.142085855183015,-0.15945125315364114,-0.397316236568382
2.591622583681666,-0.47676258641713937,-0.10417428448296434,-0.209597387716835,-0.2390765636117068,1.0984984831853226,1.611776132141066,-0.18245719450624603,3.449406898847647,-0.15945125315364114,-1.0318788590013375
-0.3079233918913155,0.7715443142590449,-0.6709328243068885,-0.2659408018425428,-0.2657543349001595,-0.31503537207029103,-0.1683522166866227,-0.14967996800127312,-0.3410389499757841,-0.14762630774011776,0.8718090082975287
-0.3079233918913155,-0.47676258641713937,-1.259106077211862,-0.2834931823949462,-0.28472510094576636,1.308668904926435,1.4843337757620865,-0.18245719450624603,-0.4555440463928565,-0.15945125315364114,-0.397316236568382
-0.3079233918913155,-0.47676258641713937,0.5854018303141055,-0.07270789808260225,-0.15451417402745068,0.9715638724575065,2.0621487697548946,-0.18245719450624603,-0.3966557110926478,-0.15945125315364114,-0.397316236568382
-0.3079233918913155,-0.47676258641713937,-0.31190502106329937,-0.24010963931375356,-0.2579252634901687,-0.22963850611056427,-0.1133093210165755,-0.18245719450624603,0.34272005434330544,-0.15945125315364114,-0.397316236568382
-0.3079233918913155,0.7715443142590449,0.050381316923539234,-0.23553757124284413,-0.19816335172723845,-0.29554260918817943,-0.05559219072529173,-0.14418043335278774,0.8498140527617688,-0.07661539784098932,0.8718090082975287
-0.3079233918913155,0.7715443142590449,-0.5756763589854472,-0.2621318807521727,-0.2597436284628117,-0.6654409905463438,-0.4501910830905359,-0.1816432633782702,0.5226566344272763,-0.1423047761169423,0.8718090082975287
-0.3079233918913155,0.7715443142590449,-0.36834946219734616,-0.2556451314175888,-0.2537287128472865,-0.6772294709560017,-0.5420484745079748,-0.15825924205291034,-0.07276986694150013,-0.13938375127890468,0.8718090082975287
-0.3079233918913155,-0.47676258641713937,-1.672788009833846,-0.28966649636252284,-0.2885386163745039,-0.8309438296835098,-0.45082109508301305,-0.18245719450624603,-0.5144323816930652,-0.15945125315364114,-0.397316236568382
-0.3079233918913155,-0.47676258641713937,-0.7630653010834626,-0.25933821769841287,-0.26980356430683217,1.541729175021083,1.5034923719404398,-0.18245719450624603,-0.35085367252581884,-0.15945125315364114,-0.397316236568382
-0.3079233918913155,2.0198512149352292,-0.6511680576757232,-0.27507812417203537,-0.2590280681726512,-0.6287760317918958,-0.4717940815261993,-0.17909322906352199,-0.5144323816930652,-0.1296286305933828,2.1409342531634397
-0.3079233918913155,0.7715443142590449,-0.5624600903575003,-0.26669713501075587,-0.26264796140522767,0.3829911844700841,0.7551869183314086,0.5131239478341856,-0.21357187664429905,-0.14242725095291872,0.8718090082975287
-0.3079233918913155,-0.47676258641713937,-0.44027010448692094,-0.24203113438975424,-0.2591122517361995,0.678157639703098,0.29216842938460835,-0.18245719450624603,-0.10875718295829434,-0.15945125315364114,-0.397316236568382
-0.3079233918913155,5.764771916963783,-0.05709467175036393,-0.26277237911083956,-0.19702687361933655,-0.5968786061761582,-0.6231369534235731,-0.17569246106774167,-0.2281696406503841,-0.05048539158542005,5.9483099877611725
2.591622583681666,-0.47676258641713937,-0.5011828141298769,-0.25013957105798407,-0.2641211737673227,0.5426461947426167,-0.02717366907365105,-0.18245719450624603,-0.3639399692591985,-0.15945125315364114,-1.0318788590013375
-0.3079233918913155,-0.47676258641713937,-0.38824962051708645,-0.24309408911264824,-0.25976888353187616,-0.6878112565205766,0.03773154838684931,-0.18245719450624603,-0.5144323816930652,-0.15945125315364114,-0.397316236568382
-0.3079233918913155,-0.47676258641713937,-0.3507303466337471,-0.24250878263382392,-0.2594073151264363,-0.5931321225217491,-0.4487247353958337,-0.18245719450624603,-0.5144323816930652,-0.15945125315364114,-0.397316236568382
-0.3079233918913155,-0.47676258641713937,-1.0786983380527801,-0.27276142798111264,-0.2780956453163386,1.9974452376734342,1.0667448409986557,-0.18245719450624603,-0.44245774965947676,-0.15945125315364114,-0.397316236568382
-0.3079233918913155,-0.47676258641713937,-0.5994543186369402,-0.2593879585283944,-0.2698342913075273,-0.719742258575083,-0.6100176095688317,-0.18245719450624603,-0.5144323816930652,-0.15945125315364114,-0.397316236568382
-0.3079233918913155,-0.47676258641713937,-1.033860388755713,-0.274396742939411,-0.2791058480789181,0.454770064692904,0.5905200849767648,-0.18245719450624603,-0.5144323816930652,-0.15945125315364114,-0.397316236568382
-0.3079233918913155,-0.47676258641713937,-0.8131477737479439,-0.26357640896533635,-0.272421673133184,0.7884450893421268,0.39927854100977167,-0.18245719450624603,-0.31813793069236956,-0.15945125315364114,-0.397316236568382
2.591622583681666,-0.47676258641713937,-0.9978488713425255,-0.27800806347232015,-0.2813367125129478,-0.7151011245555327,-0.6432883404634178,-0.18245719450624603,-0.5144323816930652,-0.15945125315364114,-1.0318788590013375
-0.3079233918913155,3.2681581156114135,0.5327876029136684,-0.2643872526321593,-0.22472326602672354,-0.5160892977972129,-0.29002449815840564,-0.1252405787200287,0.04664259075058959,-0.08932828581534173,3.4100594980293506
-0.3079233918913155,-0.47676258641713937,0.7205435757892328,-0.033869167823014065,-0.1305218584161884,-0.6232066709684354,1.5218116310242185,-0.18245719450624603,0.8596287753118036,-0.15945125315364114,-0.397316236568382
-0.3079233918913155,-0.47676258641713937,0.08657063342084924,-0.20980180208662227,-0.2392028389570292,-0.4858291039897446,-0.2681434488366433,-0.18245719450624603,0.05482152620895191,-0.15945125315364114,-0.397316236568382
-0.3079233918913155,0.7715443142590449,0.04682929529663631,-0.21784210063158968,-0.2117589972402871,0.6752671729954336,0.6535730511895375,0.17411610615391465,-0.21344755682533195,-0.11229844130271935,0.8718090082975287
-0.3079233918913155,-0.47676258641713937,-0.8435329745485005,-0.27136459645423266,-0.2772327637899687,-0.8496940111224934,-0.6168382969931777,-0.18245719450624603,-0.1938181117252624,-0.15945125315364114,-0.397316236568382
-0.3079233918913155,0.7715443142590449,-1.095658589724828,-0.28809250571516054,-0.2778430946256938,-0.8552633719459538,-0.6595848001201923,-0.17242604330740868,0.7941972916449053,-0.1453054095983646,0.8718090082975287
-0.3079233918913155,-0.47676258641713937,-0.54825412598424,-0.2562079523157365,-0.267869867852128,-0.7054475657948679,-0.6225028018510959,-0.18245719450624603,-0.5144323816930652,-0.15945125315364114,-0.397316236568382
-0.3079233918913155,3.2681581156114135,-0.09118900358809866,-0.26417602445004573,-0.2041824765209411,-0.587623869189357,-0.4802012285639933,-0.17057989717404176,-0.5144323816930652,-0.059634261832858665,3.4100594980293506
-0.3079233918913155,-0.47676258641713937,-0.731205715264579,-0.26281326198479704,-0.27195024517731353,0.10052915044066174,-0.02717366907365105,-0.18245719450624603,-0.5144323816930652,-0.15945125315364114,-0.397316236568382
-0.3079233918913155,-0.47676258641713937,-0.20761604628254146,-0.22329315049258452,-0.24753701174830983,-0.5561831078007686,-0.3759734819714283,-0.18245719450624603,-0.5144323816930652,-0.15945125315364114,-0.397316236568382
-0.3079233918913155,2.0198512149352292,-0.2789361059551208,-0.26222727412474006,-0.23575131285154938,-0.6426994338505471,-0.4525057816789441,-0.1715592091877179,0.4190567852880205,-0.10731371547847905,2.1409342531634397
2.591622583681666,-0.47676258641713937,-0.8389524076391601,-0.2698314886808279,-0.27628569870005043,0.9632402919131129,0.655474067565228,-0.18245719450624603,-0.5144323816930652,-0.15945125315364114,-1.0318788590013375
-0.3079233918913155,2.0198512149352292,-0.38175861930777993,-0.2725570136113253,-0.24644262542218204,-0.6504346572164643,-0.4013280860227123,-0.1750365470535591,-0.5144323816930652,-0.11358442708047177,2.1409342531634397
-0.3079233918913155,2.0198512149352292,0.012028553285799333,-0.24782287486706125,-0.22973218805784673,-0.7772923204175076,-0.8567053772177435,-0.1804359976791922,-0.08476563894709822,-0.11150235486887262,2.1409342531634397
-0.3079233918913155,-0.47676258641713937,-0.43261472538245205,-0.24911749920904752,-0.26348979704071057,0.5259381122722353,0.4989353208520442,-0.18245719450624603,0.17259819680936925,-0.15945125315364114,-0.397316236568382
-0.3079233918913155,-0.47676258641713937,-0.7430669285799468,-0.26376719571047114,-0.2725395301221516,-0.717617944702005,-0.6353722136201156,-0.18245719450624603,-0.5144323816930652,-0.15945125315364114,-0.397316236568382
-0.3079233918913155,0.7715443142590449,-0.5791546468903903,-0.2691501074482035,-0.26016454628055313,-0.3204145327240427,-0.07652863812399693,-0.170798181051457,1.0232074844790497,-0.13660969624403876,0.8718090082975287
-0.3079233918913155,-0.47676258641713937,-0.7024508249218545,-0.26015587517756206,-0.27030866568812195,0.8966516419886036,0.36841947631468475,-0.18245719450624603,-0.1545592215251233,-0.15945125315364114,-0.397316236568382
-0.3079233918913155,-0.47676258641713937,-0.1592614300952704,-0.23283248774932547,-0.25342986119669003,1.1047411685936177,2.218155976328926,-0.18245719450624603,-0.4293714529260971,-0.15945125315364114,-0.397316236568382
-0.3079233918913155,-0.47676258641713937,-0.35431460381632646,-0.23964630007556897,-0.2576390393741045,-0.6693459887296924,-0.4243553447139846,-0.18245719450624603,-0.5144323816930652,-0.15945125315364114,-0.397316236568382
-0.3079233918913155,0.7715443142590449,1.1140884445968608,-0.27208004674848824,0.15696501110121786,0.3280833675645565,0.3334618501442603,-0.09094493795544921,-0.5144323816930652,0.4728863249926165,0.8718090082975287
-0.3079233918913155,0.7715443142590449,0.6668066204866339,-0.26281326198479704,-0.03665718505984641,1.1036385177627581,0.5364627550226475,0.0003473372094082263,-0.5144323816930652,0.18286591340045336,0.8718090082975287
-0.3079233918913155,-0.47676258641713937,-0.8791206624916138,-0.2655387869152945,-0.27363391644827934,1.7498187016260969,1.1445302193899627,-0.18245719450624603,-0.3573968208925087,-0.15945125315364114,-0.397316236568382
-0.3079233918913155,-0.47676258641713937,-0.7789730342961383,-0.26281326198479704,-0.27195024517731353,1.4572204828786777,0.4941356315522596,-0.18245719450624603,-0.5144323816930652,-0.15945125315364114,-0.397316236568382
-0.3079233918913155,-0.47676258641713937,-0.7122405491134932,-0.2587249745890509,-0.2694247382708649,0.6295412800268233,0.5100657576336437,-0.18245719450624603,-0.5144323816930652,-0.15945125315364114,-0.397316236568382
-0.3079233918913155,-0.47676258641713937,-1.0772246316509675,-0.2798477928004059,-0.28247319062084963,-0.528527536969608,-0.11143807457530053,-0.18245719450624603,-0.1283866280583639,-0.15945125315364114,-0.397316236568382
2.591622583681666,-0.47676258641713937,-0.6933859535068749,-0.25490923968635454,-0.26706759849151285,1.7415001223677231,1.3587599119852212,-0.18245719450624603,-0.036782550924706,-0.15945125315364114,-1.0318788590013375
2.591622583681666,0.7715443142590449,0.9726467105555285,0.01634862902140082,0.040791693404579304,0.5037534916587845,0.1646918034076391,-0.041449126119080734,-0.28509503144058584,0.0446530610010632,-0.397316236568382
-0.3079233918913155,0.7715443142590449,-0.9347542619398004,-0.28591208577076266,-0.2704349410334444,-0.8478375575146732,-0.5045706192458423,-0.1721180693670935,-0.5144323816930652,-0.13648722140806235,0.8718090082975287
-0.3079233918913155,0.7715443142590449,0.8830085537513095,-0.17968475160462585,0.022271309423955752,0.36966059445975014,0.30410082275898737,-0.11778266704005788,0.7287658079780066,0.1938886486383312,0.8718090082975287
-0.3079233918913155,0.7715443142590449,-0.8645479847432973,-0.2731225600344035,-0.2690964223730266,1.3631986893991215,0.9741518494460983,1.1053138387830919,-0.06426377406480335,-0.1460341348724243,0.8718090082975287
-0.3079233918913155,0.7715443142590449,0.08937061195617457,-0.28345911333331497,-0.19281769544192212,-0.3530156198518384,-0.16409545849399892,-0.1505598935450308,-0.5144323816930652,-0.025769969685378463,0.8718090082975287
-0.3079233918913155,-0.47676258641713937,-1.255280633920667,-0.2831047950923503,-0.28448517778965376,-0.9408819133180831,-1.1218284974027986,-0.18245719450624603,-0.5144323816930652,-0.15945125315364114,-0.397316236568382
-0.3079233918913155,-0.47676258641713937,-1.400915137882983,-0.28461746142877636,-0.2854196153450398,-0.8626891863772344,-0.890181069097524,-0.18245719450624603,-0.5144323816930652,-0.15945125315364114,-0.397316236568382
-0.3079233918913155,-0.47676258641713937,-0.5085635214675495,-0.24918563733230994,-0.2635318888224847,1.0438886688540565,-0.06384143019625507,-0.18245719450624603,0.5979028406442097,-0.15945125315364114,-0.397316236568382
-0.3079233918913155,0.7715443142590449,0.07735126662092631,-0.22465591295783321,-0.20712890124513123,-0.5656566091260109,-0.3812787059465374,-0.17255803213897233,0.7941972916449053,-0.09943858352519525,0.8718090082975287
-0.3079233918913155,-0.47676258641713937,-0.9685029130812466,-0.2662201681479188,-0.2740548342660208,1.9370992750136735,1.4737452891430391,-0.18245719450624603,-0.5000374552863475,-0.15945125315364114,-0.397316236568382
-0.3079233918913155,-0.47676258641713937,-0.033637954339965886,-0.20217033228122952,-0.23448855939832505,-0.7475890626923852,-0.46579742758975295,-0.18245719450624603,0.5979028406442097,-0.15945125315364114,-0.397316236568382
-0.3079233918913155,0.7715443142590449,-0.486617437916034,-0.2598833226845123,-0.2584808750095874,-0.6259913513801657,-0.4487247353958337,-0.17981741787497305,-0.5144323816930652,-0.14248848837090694,0.8718090082975287
-0.3079233918913155,-0.47676258641713937,0.14909288508987545,-0.1667385081847631,-0.21260083287577,-0.37578111458868113,0.11507030172290955,-0.18245719450624603,0.5128419118772416,-0.15945125315364114,-0.397316236568382
-0.3079233918913155,-0.47676258641713937,0.07250765560350518,-0.19740066365285905,-0.23154213467413493,-0.7357430303644313,0.010740062081940914,-0.18245719450624603,-0.5144323816930652,-0.15945125315364114,-0.397316236568382
-0.3079233918913155,-0.47676258641713937,-1.7926478213398982,-0.2896596825501966,-0.28853440719632645,-0.9002039441964764,-0.8783326029700949,-0.18245719450624603,-0.5144323816930652,-0.15945125315364114,-0.397316236568382
-0.3079233918913155,-0.47676258641713937,-0.4352785319497433,-0.2589293889588382,-0.26955101361618733,-0.6530955740543398,-0.16942321056746873,-0.18245719450624603,1.8411010303152815,-0.15945125315364114,-0.397316236568382
-0.3079233918913155,-0.47676258641713937,-0.0957792620586485,-0.21102828830534612,-0.23996049102896383,-0.6786331318159673,-0.27361049246241426,-0.18245719450624603,-0.5144323816930652,-0.15945125315364114,-0.397316236568382
2.591622583681666,-0.47676258641713937,-0.2874537973543367,-0.2559994496585535,-0.26774106699989914,-0.8530356276165697,-0.7539484640497447,-0.18245719450624603,-0.5144323816930652,-0.15945125315364114,-1.0318788590013375
-0.3079233918913155,-0.47676258641713937,-0.5813366280963582,-0.2629849700554184,-0.27205631646738443,-0.80699557814263,-0.4927889138946613,-0.18245719450624603,-0.5144323816930652,-0.15945125315364114,-0.397316236568382
-0.3079233918913155,0.7715443142590449,-0.40158275410253547,-0.283207002277244,-0.2571844481309437,-0.8360490771050152,-0.8795024579480306,-0.18012539181528822,-0.11889906292666358,-0.11964080771950573,0.8718090082975287
-0.3079233918913155,0.7715443142590449,-0.32111983285460666,-0.278144339718845,-0.24879976520153416,-0.731809207025914,-0.5814913586721222,-0.1822812093974945,2.1028269649828757,-0.1119922542127783,0.8718090082975287
-0.3079233918913155,0.7715443142590449,-0.29227068045011895,-0.25395530596068044,-0.2445905870241197,-0.47728941739377195,-0.16749739189864174,-0.17568176781931202,0.18241291935940404,-0.12760779579977188,0.8718090082975287
-0.3079233918913155,-0.47676258641713937,-0.32704834572276414,-0.24182672001996694,-0.2589859763908771,1.0631232640151964,0.9444146509411904,-0.18245719450624603,-0.1545592215251233,-0.15945125315364114,-0.397316236568382
-0.3079233918913155,-0.47676258641713937,-0.5904967940741515,-0.2496149075088633,-0.26379706704766176,1.448093384657933,1.3827628933647431,-0.18245719450624603,1.199872490379676,-0.15945125315364114,-0.397316236568382
-0.3079233918913155,-0.47676258641713937,-1.1264703028381369,-0.2722708334936231,-0.2777925844875648,2.744486637944095,1.250616257226123,-0.18245719450624603,-0.44900089802616666,-0.15945125315364114,-0.397316236568382
-0.3079233918913155,-0.47676258641713937,-1.0829427194065018,-0.2761819617688869,-0.2802086527614007,1.5126012489771066,1.0671015136243656,-0.18245719450624603,-0.5144323816930652,-0.15945125315364114,-0.397316236568382
-0.3079233918913155,-0.47676258641713937,-0.635320152886439,-0.25054839979755866,-0.2643737244579676,1.4725481565705314,1.0802310379626179,-0.18245719450624603,-0.5144323816930652,-0.15945125315364114,-0.397316236568382
-0.3079233918913155,-0.47676258641713937,-0.7455034314577633,-0.25804359335642657,-0.26900382045312343,1.9350237153252436,1.0810435673815213,-0.18245719450624603,-0.5144323816930652,-0.15945125315364114,-0.397316236568382
2.591622583681666,0.7715443142590449,0.4501990810900816,-0.2870363648045928,-0.2869138735980219,-0.8342854461775862,-0.5651546506222414,-0.18245719450624603,-0.5144323816930652,-0.15945125315364114,-0.397316236568382
-0.3079233918913155,-0.47676258641713937,-0.48350480411628516,-0.2502758473045089,-0.26420535733087097,-0.6918954544577809,-0.5746537750602404,-0.18245719450624603,0.6502480275777284,-0.15945125315364114,-0.397316236568382
-0.3079233918913155,0.7715443142590449,1.2012172463405961,-0.2719437705019634,0.24114857464950662,0.3585229124268498,0.5225509499159079,0.20910967246591344,-0.5144323816930652,0.5952386861330603,0.8718090082975287
-0.3079233918913155,0.7715443142590449,0.1174283954883551,-0.22738143788833065,-0.18860851726450767,0.054701864473580365,0.5932117120179986,0.16712447280763698,1.7102380629814844,-0.07004462289085436,0.8718090082975287
-0.3079233918913155,-0.47676258641713937,-1.6245498957376796,-0.2896324273008916,-0.2885175704836168,-0.8996326131728553,-0.9426072864549996,-0.18245719450624603,-0.5144323816930652,-0.15945125315364114,-0.397316236568382
-0.3079233918913155,-0.47676258641713937,-1.0453845037587686,-0.27355183021095686,-0.2785839099849187,1.096421479175986,0.8998241757821981,-0.18245719450624603,-0.5144323816930652,-0.15945125315364114,-0.397316236568382
-0.3079233918913155,-0.47676258641713937,-0.0900797378239436,-0.20941682169018952,-0.23896502039000533,-0.4839726503819244,-0.29045395862597556,-0.18245719450624603,-0.5144323816930652,-0.15945125315364114,-0.397316236568382
-0.3079233918913155,0.7715443142590449,1.0885668886373423,-0.26690154938054317,-0.25132527210798283,0.613398110819941,0.7215446720952807,0.4020333479347808,-0.5144323816930652,-0.1257706732601256,0.8718090082975287
-0.3079233918913155,-0.47676258641713937,-0.8885472397865576,-0.27470472725655726,-0.27929610293253726,-0.8107084853582702,-0.6379943092431748,-0.18245719450624603,0.12025300987585048,-0.15945125315364114,-0.397316236568382
-0.3079233918913155,-0.47676258641713937,-0.9962592818610149,-0.2819600746215414,-0.28377803585584815,-0.5897905060276728,0.21421926671534713,-0.18245719450624603,-0.5144323816930652,-0.15945125315364114,-0.397316236568382
2.591622583681666,-0.47676258641713937,0.08731297517252322,-0.1844544202329963,-0.2235446961370475,-0.19749371857148842,-0.11143807457530053,-0.18245719450624603,-0.5144323816930652,-0.15945125315364114,-1.0318788590013375
-0.3079233918913155,-0.47676258641713937,-0.3611523899230908,-0.23528546018677315,-0.2549451653405592,0.8446327184463082,1.704716330821586,-0.18245719450624603,1.9758898866690922,-0.15945125315364114,-0.397316236568382
-0.3079233918913155,-0.47676258641713937,-0.18457253742249793,-0.2202296604707054,-0.24564456523974426,-0.5257428565578778,-0.43232173570997257,-0.18245719450624603,-0.5144323816930652,-0.15945125315364114,-0.397316236568382
-0.3079233918913155,-0.47676258641713937,-0.8371015283884516,-0.27092169865302684,-0.2769591672084367,-0.22592559889492406,-0.03674581769090394,-0.18245719450624603,-0.1414729247917436,-0.15945125315364114,-0.397316236568382
-0.3079233918913155,0.7715443142590449,1.2680314344667791,-0.24782287486706125,0.28324035642365103,0.29218789397892125,1.6198163698870662,5.949963901326838,0.69114270486954,0.6347980581534443,0.8718090082975287
-0.3079233918913155,-0.47676258641713937,0.02414090089180679,-0.19263099502448855,-0.22859570994994483,-0.7243692872601213,-0.4614634729310398,-0.18245719450624603,1.4485121283138902,-0.15945125315364114,-0.397316236568382
-0.3079233918913155,2.0198512149352292,-0.6372388656309125,-0.2777355109792704,-0.26365816416780713,-0.7902874956722487,-0.008273343023294018,-0.1061053768204805,-0.03242045201357937,-0.13397648727054573,2.1409342531634397
-0.3079233918913155,-0.47676258641713937,0.2940341369162028,-0.15106673983440297,-0.20291972306771677,-0.6156352177516213,-0.16942321056746873,-0.18245719450624603,1.6251771342145163,-0.15945125315364114,-0.397316236568382
-0.3079233918913155,-0.47676258641713937,-0.630617931382412,-0.2573622121238022,-0.26858290263538204,-0.7033079417488861,-0.2367620171263127,-0.18245719450624603,-0.5144323816930652,-0.15945125315364114,-0.397316236568382
-0.3079233918913155,-0.47676258641713937,0.011330968334125467,-0.2012102661244618,-0.23389548619312736,-0.491398464813205,-0.6039120576023681,-0.18245719450624603,-0.5144323816930652,-0.15945125315364114,-0.397316236568382
-0.3079233918913155,-0.47676258641713937,-0.033404057111717206,-0.2173651337687526,-0.24387502673395925,-0.5805082379885721,-0.41653786697643963,-0.18245719450624603,-0.5144323816930652,-0.15945125315364114,-0.397316236568382
-0.3079233918913155,-0.47676258641713937,-0.3242314291414576,-0.24305320623869076,-0.2597436284628117,0.3305071914522254,0.4971963458646239,-0.18245719450624603,-0.5144323816930652,-0.15945125315364114,-0.397316236568382
-0.3079233918913155,-0.47676258641713937,-0.9423245619076909,-0.2718074942554385,-0.2775063603715006,-0.937666259057751,-1.2709981203649483,-0.18245719450624603,-0.5144323816930652,-0.15945125315364114,-0.397316236568382
-0.3079233918913155,5.764771916963783,-0.35482191403740126,-0.2798000961141222,-0.23975003212009313,-0.7517351424165171,-0.8265710310625349,-0.17722136332157873,-0.503466065030493,-0.0973381400881996,5.9483099877611725
-0.3079233918913155,-0.47676258641713937,-0.3983621040743762,-0.24169044377344204,-0.25890179282732884,-0.5513595623626211,-0.5069673185379712,-0.18245719450624603,-0.5144323816930652,-0.15945125315364114,-0.397316236568382
-0.3079233918913155,0.7715443142590449,-0.7456880837917355,-0.29021228272985494,-0.2618549522366028,-0.8003123451544776,-0.6588929506953894,-0.18047736203279127,-0.5144323816930652,-0.12013989267610965,0.8718090082975287
-0.3079233918913155,-0.47676258641713937,-0.499169060286288,-0.24816220272090816,-0.2628996702602371,-0.8586049884400302,-0.8319384859553867,-0.18245719450624603,-0.5144323816930652,-0.15945125315364114,-0.397316236568382
2.591622583681666,-0.47676258641713937,-0.3058197928885437,-0.24646011240181254,-0.26184821755151894,-0.7774779657782895,-0.6810368295220439,-0.18245719450624603,-0.5144323816930652,-0.15945125315364114,-1.0318788590013375
-0.3079233918913155,0.7715443142590449,-0.35553857577295883,-0.2566808308911779,-0.25258802556120713,-0.4876855575975647,-0.4854191569941221,-0.1773536263524516,-0.5144323816930652,-0.1367934084980034,0.8718090082975287
-0.3079233918913155,-0.47676258641713937,-1.71855111151891,-0.289250853810622,-0.2882818565056816,-0.8855577560595174,-1.0386645181864418,-0.18245719450624603,-0.5144323816930652,-0.15945125315364114,-0.397316236568382
-0.3079233918913155,-0.47676258641713937,-0.7127811375450429,-0.2608372564101864,-0.27072958350586335,0.1278958942195177,0.19103791114108895,-0.18245719450624603,0.4951754112871789,-0.15945125315364114,-0.397316236568382
-0.3079233918913155,-0.47676258641713937,-0.8077758251235554,-0.2676578825487562,-0.27494297086145525,0.9049752243894511,0.9860001818945549,-0.18245719450624603,-0.17418866662519286,-0.15945125315364114,-0.397316236568382
-0.3079233918913155,-0.47676258641713937,-0.6794100866238124,-0.2559994496585535,-0.26774106699989914,1.2087859328243515,1.3462191457494712,-0.18245719450624603,-0.23307700192540154,-0.15945125315364114,-0.397316236568382
-0.3079233918913155,-0.47676258641713937,0.31067783700662177,-0.15311088353227603,-0.2041824765209411,0.23644721072195649,0.34926958527902746,-0.18245719450624603,-0.5144323816930652,-0.15945125315364114,-0.397316236568382
-0.3079233918913155,-0.47676258641713937,0.05744826812614674,-0.1946751387223616,-0.22985846340316915,-0.6540559360702012,-0.2521584630605627,-0.18245719450624603,-0.5144323816930652,-0.15945125315364114,-0.397316236568382
-0.3079233918913155,0.7715443142590449,-0.2868181169305967,-0.2765158385728728,-0.22619647838881862,-0.17922762133414608,-0.09624649599836495,-0.11545694188484013,-0.5144323816930652,-0.08057133504302769,0.8718090082975287
-0.3079233918913155,-0.47676258641713937,-0.35631532710584696,-0.22942558158620371,-0.25132527210798283,1.1290074937569399,0.46740737165817126,-0.18245719450624603,1.291476567513334,-0.15945125315364114,-0.397316236568382
-0.3079233918913155,-0.47676258641713937,-1.3291339135668414,-0.2830502845937404,-0.28445150436423444,-0.5211017225383274,0.3837940527457097,-0.18245719450624603,-0.31813793069236956,-0.15945125315364114,-0.397316236568382
-0.3079233918913155,-0.47676258641713937,-1.2850454198350723,-0.2812241828903071,-0.2833234446126874,2.270042519066859,1.0501005575116855,-0.18245719450624603,-0.29850848559230003,-0.15945125315364114,-0.397316236568382
-0.3079233918913155,-0.47676258641713937,0.5453537875841311,-0.06793822945423177,-0.15156774930326058,0.6469442108051685,0.35665018061950593,-0.18245719450624603,3.21516218732015,-0.15945125315364114,-0.397316236568382
-0.3079233918913155,-0.47676258641713937,0.3868360701861117,-0.11427215327268785,-0.18019016090967876,0.5808023145849276,0.6207662404848432,-0.18245719450624603,2.658994576151513,-0.15945125315364114,-0.397316236568382
-0.3079233918913155,-0.47676258641713937,0.1733996258757846,-0.19365306687342512,-0.22922708667655703,0.8966516419886036,0.8303886099334751,-0.18245719450624603,-0.22653385355871167,-0.15945125315364114,-0.397316236568382
2.591622583681666,-0.47676258641713937,-1.4591724310674947,-0.28439941943433655,-0.2852849216433625,1.431441725382054,1.2898534074112498,-0.18245719450624603,-0.5144323816930652,-0.15945125315364114,-1.0318788590013375
-0.3079233918913155,-0.47676258641713937,-0.32541240231985175,-0.2515704716464952,-0.26500510118457976,-0.9109569801805582,-0.9292015592028721,-0.18245719450624603,0.4670398733104125,-0.15945125315364114,-0.397316236568382
-0.3079233918913155,0.7715443142590449,1.0660331202173554,-0.007704128490238879,0.04626362503521808,0.7375064686421599,0.37403329058575185,-0.10554922769719176,0.09408041640909105,0.0742307338893687,0.8718090082975287
-0.3079233918913155,-0.47676258641713937,-0.7682976225508837,-0.2557950352887662,-0.2676147916545767,1.3752575529944904,2.292518880618337,-0.18245719450624603,1.7167812113481742,-0.15945125315364114,-0.397316236568382
-0.3079233918913155,0.7715443142590449,-0.5701698726316017,-0.2684619124032529,-0.2564604694844284,-0.15723681540557863,0.19267701557181927,-0.0269303546470793,-0.3083232081423348,-0.13183930138275718,0.8718090082975287
-0.3079233918913155,-0.47676258641713937,-0.0741446134465334,-0.18854270762874242,-0.22607020304349615,1.0631232640151964,1.774223787209498,-0.18245719450624603,3.391827193220776,-0.15945125315364114,-0.397316236568382
-0.3079233918913155,0.7715443142590449,2.0287350767634926,-0.09137774385650957,1.5081112060512532,0.9674020821853097,1.8343766774993946,9.340147423123929,2.6295504085014088,2.276205809909428,0.8718090082975287
-0.3079233918913155,-0.47676258641713937,0.9285106099566949,0.07828618306695459,-0.061238785615946735,1.0298289399811686,1.1030758645339216,-0.18245719450624603,0.8727150720451833,-0.15945125315364114,-0.397316236568382
-0.3079233918913155,0.7715443142590449,-0.719825076014818,-0.2775842443456278,-0.276061770421012,-0.5843139678846033,-0.4902408851318053,-0.18181924848702175,-0.2552255591466467,-0.1521578766712453,0.8718090082975287
-0.3079233918913155,-0.47676258641713937,-0.1314825013400714,-0.21034690707272177,-0.23953957321122238,-0.17343374750894358,0.06797770389492774,-0.18245719450624603,-0.5144323816930652,-0.15945125315364114,-0.397316236568382
-0.3079233918913155,-0.47676258641713937,-0.39260217204667824,-0.23678449889854672,-0.2558711845395904,1.0443952059338573,1.5335933363753995,-0.18245719450624603,2.0635680747827365,-0.15945125315364114,-0.397316236568382
2.591622583681666,-0.47676258641713937,-0.6021940236556326,-0.2525925434954317,-0.2656364779111919,1.4730596318169291,0.9045537528672624,-0.18245719450624603,-0.01715310582463643,-0.15945125315364114,-1.0318788590013375
-0.3079233918913155,3.2681581156114135,-0.07210881411071768,-0.2712419478323603,-0.20999114240577302,-0.6667869194120134,-0.6304996589102492,-0.17868636874982405,-0.3927298220726339,-0.061734705269854265,3.4100594980293506
-0.3079233918913155,-0.47676258641713937,0.8672599031094673,0.024048236950056003,-0.09474384390816568,-0.47968091949590186,0.09844998694672445,-0.18245719450624603,-0.5144323816930652,-0.15945125315364114,-0.397316236568382
-0.3079233918913155,0.7715443142590449,0.2381577187246331,-0.23146972528407678,-0.18524117472257612,-0.6482687946740074,-0.3326127904036839,-0.17101816243739643,-0.5144323816930652,-0.061471384372504954,0.8718090082975287
-0.3079233918913155,0.7715443142590449,0.059742417490120915,-0.22874420035357934,-0.23575131285154938,-0.9239521554352992,-0.6801631045205898,-0.17519780877024532,-0.5144323816930652,-0.1374057826778855,0.8718090082975287
-0.3079233918913155,0.7715443142590449,-0.6900419640526592,-0.28052917403303024,-0.27658034117246943,-0.8703934688496879,-0.9252622250675275,-0.17752961146120314,0.3034611641431663,-0.1502656404554096,0.8718090082975287
-0.3079233918913155,-0.47676258641713937,-1.0050641815831316,-0.27361315452189305,-0.27862179258851544,1.3565294967696049,0.9199501988015123,-0.18245719450624603,-0.29850848559230003,-0.15945125315364114,-0.397316236568382
-0.3079233918913155,-0.47676258641713937,-0.5952128216910331,-0.27187563237870094,-0.2775484521532748,-0.769495215264663,-0.6100176095688317,-0.18245719450624603,1.5793750956476873,-0.15945125315364114,-0.397316236568382
-0.3079233918913155,-0.47676258641713937,-0.10147889848908598,-0.21102828830534612,-0.23996049102896383,-0.7756682279690567,-0.7826789253420732,-0.18245719450624603,-0.5144323816930652,-0.15945125315364114,-0.397316236568382
-0.3079233918913155,0.7715443142590449,0.4535782026718349,-0.24441596870393947,-0.1372565435000515,-0.23892077414966514,-0.0570650961558318,-0.11039129247249353,1.8738167721487307,0.01997438155181449,0.8718090082975287
-0.3079233918913155,-0.47676258641713937,-0.450824258658277,-0.2587249745890509,-0.2694247382708649,-0.756871330731486,-0.6373372425221309,-0.18245719450624603,-0.5144323816930652,-0.15945125315364114,-0.397316236568382
-0.3079233918913155,2.0198512149352292,0.1561781607656841,-0.25770290274011437,-0.17109833604646357,-0.5775997940029871,-0.3166568488917851,-0.16050826946887384,0.8596287753118036,-0.017319206003005443,2.1409342531634397
-0.3079233918913155,-0.47676258641713937,-0.32327483702489695,-0.22145342116449873,-0.2464005336404079,1.1089029588658146,1.7243102422847862,-0.18245719450624603,0.8858013687785631,-0.15945125315364114,-0.397316236568382
5.491168559254648,-0.47676258641713937,-0.852946120811718,-0.26305855922854177,-0.27210177559170046,1.50219216557876,1.432945016320442,-0.18245719450624603,-0.1414729247917436,-0.15945125315364114,-1.2433997331456559
-0.3079233918913155,-0.47676258641713937,-0.7937354938753922,-0.26260884761500974,-0.27182396983199114,1.860106151265126,0.9630053951899179,-0.18245719450624603,0.2511159772096475,-0.15945125315364114,-0.397316236568382
-0.3079233918913155,-0.47676258641713937,-0.4074062741222931,-0.24646011240181254,-0.26184821755151894,0.834224784192745,0.9148807684669026,-0.18245719450624603,-0.05641199602477548,-0.15945125315364114,-0.397316236568382
-0.3079233918913155,0.7715443142590449,0.11698483493753986,-0.20946111147031013,-0.20632915739142246,0.5166558442331348,0.5073868725796651,0.16782363614886422,0.024068728885509632,-0.11193101679479009,0.8718090082975287
2.591622583681666,-0.47676258641713937,-0.4292890391933063,-0.23651194640549697,-0.25570281741249384,1.158844445845083,1.0130723361361722,-0.18245719450624603,-0.21999070519202182,-0.15945125315364114,-1.0318788590013375
-0.3079233918913155,-0.47676258641713937,1.2188092806698023,0.266619955764326,0.05510289920778836,0.9382695484234788,1.4217118554144046,-0.18245719450624603,1.8954091617588071,-0.15945125315364114,-0.397316236568382
2.591622583681666,-0.47676258641713937,-1.074325443636345,-0.2749486617378368,-0.27944679151128865,2.519749950250294,0.9719997823165586,-0.18245719450624603,-0.5144323816930652,-0.15945125315364114,-1.0318788590013375
-0.3079233918913155,-0.47676258641713937,-1.348253483836337,-0.282341648111811,-0.28401374983378336,-0.5118194544992267,-0.049107985150419496,-0.18245719450624603,-0.5144323816930652,-0.15945125315364114,-0.397316236568382
-0.3079233918913155,-0.47676258641713937,-0.30352389326993395,-0.2368458232094829,-0.2559090671431871,-0.6009292276745937,-0.31402204615495616,-0.18245719450624603,-0.3050516339589899,-0.15945125315364114,-0.397316236568382
-0.3079233918913155,0.7715443142590449,-0.047692152850553234,-0.23239640376044587,-0.22798958829239716,1.0969065834988847,0.80893658053059,0.19159518953060795,-0.23896583545542238,-0.1228312771966915,0.8718090082975287
-0.3079233918913155,-0.47676258641713937,-0.441802308082321,-0.23937374758251923,-0.25747067224700787,0.9070561195255493,0.811230013755121,-0.18245719450624603,0.6240754341109689,-0.15945125315364114,-0.397316236568382
-0.3079233918913155,-0.47676258641713937,-0.8316612370601338,-0.2634333189064852,-0.27233328039145827,1.5042730607148587,1.1891830297690968,-0.18245719450624603,-0.5144323816930652,-0.15945125315364114,-0.397316236568382
-0.3079233918913155,-0.47676258641713937,0.2641215634738565,-0.19876342611810774,-0.23238397030961783,-0.7561287492883579,-0.702573262364222,-0.18245719450624603,2.730969208185101,-0.15945125315364114,-0.397316236568382
-0.3079233918913155,-0.47676258641713937,-0.18777438768111204,-0.20469144284193966,-0.2360459553239684,-0.8348423822599322,-0.16942321056746873,-0.18245719450624603,1.4485121283138902,-0.15945125315364114,-0.397316236568382
-0.3079233918913155,0.7715443142590449,1.527392616663575,-0.16183256330986778,0.5559951023201066,1.554153658800471,1.489851736280997,3.128081194967225,1.2129587871130556,0.9543349052159242,0.8718090082975287
-0.3079233918913155,0.7715443142590449,-0.11855267913235852,-0.23460407895414878,-0.23608804710574255,-0.8972192234826891,-0.4402378625532747,-0.14772213366641232,-0.5144323816930652,-0.1326292640748051,0.8718090082975287
-0.3079233918913155,-0.47676258641713937,-0.07979467670927258,-0.21102828830534612,-0.23996049102896383,0.6885621153835899,0.23144999086029724,-0.18245719450624603,-0.1414729247917436,-0.15945125315364114,-0.397316236568382
-0.3079233918913155,-0.47676258641713937,0.0542075437120728,-0.18990547009399114,-0.22691203867897905,0.9174605952060412,1.7458358959948852,-0.18245719450624603,3.908735914189275,-0.15945125315364114,-0.397316236568382
-0.3079233918913155,-0.47676258641713937,-0.8595037983609185,-0.2653343725455071,-0.2735076411029569,1.8288927223671967,1.0878419930962508,-0.18245719450624603,0.04827837784226205,-0.15945125315364114,-0.397316236568382
-0.3079233918913155,-0.47676258641713937,-0.7699503347156533,-0.2643736250075068,-0.2729141469799415,0.4346928939279579,0.3740332906149934,-0.18245719450624603,-0.5144323816930652,-0.15945125315364114,-0.397316236568382
-0.3079233918913155,-0.47676258641713937,-0.6495423689100557,-0.25907247901768937,-0.269639406357913,0.8487910520018872,0.8177142193299936,-0.18245719450624603,-0.1153003313249842,-0.15945125315364114,-0.397316236568382
-0.3079233918913155,-0.47676258641713937,-0.1983222735068071,-0.22124900679471146,-0.24627425829508548,0.771797926396886,1.9305205411335784,-0.18245719450624603,0.21840023537619824,-0.15945125315364114,-0.397316236568382
-0.3079233918913155,-0.47676258641713937,-0.7363213106516502,-0.26547064879203197,-0.27359182466650517,0.10081023608142173,0.2765282598764128,-0.18245719450624603,0.3361769059766156,-0.15945125315364114,-0.397316236568382
-0.3079233918913155,-0.47676258641713937,-0.6231725031340278,-0.26170261057561933,-0.271264149134395,1.013181777035928,1.7301596087106708,-0.18245719450624603,1.723324359714864,-0.15945125315364114,-0.397316236568382
-0.3079233918913155,0.7715443142590449,-0.6785576331524086,-0.28311842271700277,-0.26189030933329305,-0.8163706688621216,-0.735697385563248,-0.17513181435446348,1.2522176773131948,-0.1265667596939723,0.8718090082975287
-0.3079233918913155,-0.47676258641713937,-0.6993824874525796,-0.2573622121238022,-0.26858290263538204,1.1109838558583667,0.8719484523149964,-0.18245719450624603,0.6633343243111081,-0.15945125315364114,-0.397316236568382
-0.3079233918913155,-0.47676258641713937,-1.0713862144492619,-0.2785327270214409,-0.28166081923260866,0.9694829773214082,1.280596587463684,-0.18245719450624603,-0.5144323816930652,-0.15945125315364114,-0.397316236568382
-0.3079233918913155,-0.47676258641713937,-0.897386514799986,-0.282116792305045,-0.2838748469539287,-0.6324889390075362,-0.26274694967960976,-0.18245719450624603,0.5979028406442097,-0.15945125315364114,-0.397316236568382
-0.3079233918913155,-0.47676258641713937,-0.959112368873731,-0.27507812417203537,-0.27952676589665953,-0.37258543391271565,-0.23175329999234975,-0.18245719450624603,0.009019487642122999,-0.15945125315364114,-0.397316236568382
-0.3079233918913155,-0.47676258641713937,-0.42578292406753016,-0.24094092441755527,-0.2584387832278132,0.6677531640226061,1.457342289457178,-0.18245719450624603,1.5793750956476873,-0.15945125315364114,-0.397316236568382
-0.3079233918913155,-0.47676258641713937,-0.7326018561666573,-0.26056470391713665,-0.2705612163787668,0.7613934507163942,0.5379942623648052,-0.18245719450624603,-0.5144323816930652,-0.15945125315364114,-0.397316236568382
-0.3079233918913155,-0.47676258641713937,-2.145737746180314,-0.29327100308310566,-0.29076527163035615,-0.8786546874044877,-0.6486502457263981,-0.18245719450624603,-0.5144323816930652,-0.15945125315364114,-0.397316236568382
-0.3079233918913155,-0.47676258641713937,-0.12151755500789305,-0.22601867542308193,-0.2492206830192756,-0.7247546833161975,-0.755687439037165,-0.18245719450624603,1.45505527668058,-0.15945125315364114,-0.397316236568382
-0.3079233918913155,-0.47676258641713937,0.5873915224234529,-0.06112441712798825,-0.14735857112584616,0.6198925721794358,0.607280043520881,-0.18245719450624603,0.5979028406442097,-0.15945125315364114,-0.397316236568382
-0.3079233918913155,-0.47676258641713937,0.7903556668309281,0.009057849832320239,-0.10400403589847743,0.9232191843457469,0.8478047958719113,-0.18245719450624603,0.12679615824254034,-0.15945125315364114,-0.397316236568382
-0.3079233918913155,0.7715443142590449,-0.3287094399214658,-0.26472112943614523,-0.23911865539348093,-0.605570361694144,-0.3807451448936213,-0.1756597696807181,0.7189510854279718,-0.10997141941916735,0.8718090082975287
-0.3079233918913155,-0.47676258641713937,-0.2800666620945336,-0.2230887361227972,-0.2474107364029874,1.090174902640929,1.366104454327289,-0.18245719450624603,-0.2913110223889412,-0.15945125315364114,-0.397316236568382
-0.3079233918913155,-0.47676258641713937,-0.3052917229217444,-0.21811465312463943,-0.24433803633347484,0.9049752243894511,1.655647536779869,-0.18245719450624603,0.7614815498114559,-0.15945125315364114,-0.397316236568382
-0.3079233918913155,-0.47676258641713937,-0.8045550346452823,-0.26410788632678334,-0.2727499890310223,-0.03842378450508928,0.07064386864801751,-0.18245719450624603,0.06790782294233162,-0.15945125315364114,-0.397316236568382
-0.3079233918913155,-0.47676258641713937,-0.6719094155625466,-0.2584456082836749,-0.26925216196559093,-0.6547663823013778,0.9978795881651646,-0.18245719450624603,-0.5144323816930652,-0.15945125315364114,-0.397316236568382
-0.3079233918913155,-0.47676258641713937,-0.4930757562266391,-0.24782287486706125,-0.26269005318700184,0.9174605952060412,0.811230013755121,-0.18245719450624603,-0.5144323816930652,-0.15945125315364114,-0.397316236568382
-0.3079233918913155,0.7715443142590449,0.27852221178288894,-0.1946070005990992,-0.18860851726450767,0.5824364569449844,0.582623225404279,0.2181633962332642,0.5553723762607257,-0.09949982094318345,0.8718090082975287
-0.3079233918913155,-0.47676258641713937,0.5536262280720504,-0.07475204178047531,-0.15577692748067504,0.9798874530019002,1.35343006372599,-0.18245719450624603,-0.3770262659925782,-0.15945125315364114,-0.397316236568382
-0.3079233918913155,0.7715443142590449,1.8627754379886432,-0.04443057692869157,0.8767344794390868,1.0600227934189612,1.604828667726393,3.958687236491813,1.6153624116644816,1.3154519590923994,0.8718090082975287
-0.3079233918913155,-0.47676258641713937,-0.5803162351223121,-0.2517748860162825,-0.26513137652990215,0.8654382130906745,0.3268596339765128,-0.18245719450624603,-0.5144323816930652,-0.15945125315364114,-0.397316236568382
-0.3079233918913155,-0.47676258641713937,-0.045231733259331136,-0.1934486525036378,-0.22910081133123456,0.16625740466318342,0.1695864078040453,-0.18245719450624603,-0.5144323816930652,-0.15945125315364114,-0.397316236568382
-0.3079233918913155,-0.47676258641713937,-0.9112065452693956,-0.26932045275635963,-0.27597001033674434,1.3690148675861953,0.9148807684669026,-0.18245719450624603,-0.5144323816930652,-0.15945125315364114,-0.397316236568382
-0.3079233918913155,-0.47676258641713937,-0.8500759577412981,-0.26485740568267013,-0.2732129986305379,2.0619529924618445,0.8046436905184259,-0.18245719450624603,0.009019487642122999,-0.15945125315364114,-0.397316236568382
2.591622583681666,-0.47676258641713937,-0.7139682613684226,-0.25865683646578846,-0.2693826464890907,1.5209202218036455,0.41809746908457934,-0.18245719450624603,-0.5144323816930652,-0.15945125315364114,-1.0318788590013375
2.591622583681666,-0.47676258641713937,-0.6242842757780754,-0.2542959965769926,-0.2666887724555455,1.077689529967885,0.36081521447560644,-0.18245719450624603,-0.5144323816930652,-0.15945125315364114,-1.0318788590013375
-0.3079233918913155,-0.47676258641713937,0.5312129105883623,-0.09314933506133288,-0.16714170855969404,1.083932217232634,1.5218116310242185,-0.18245719450624603,2.9010910657190374,-0.15945125315364114,-0.397316236568382
-0.3079233918913155,-0.47676258641713937,-0.19337418485689795,-0.23330945461216251,-0.25372450366910904,-0.8459811039068531,-0.8085566350049178,-0.18245719450624603,-0.5144323816930652,-0.15945125315364114,-0.397316236568382
-0.3079233918913155,-0.47676258641713937,-0.6774236228007862,-0.25620386402834083,-0.2678673423452216,2.1972111837340544,0.5997636405044939,-0.18245719450624603,0.6633343243111081,-0.15945125315364114,-0.397316236568382
-0.3079233918913155,-0.47676258641713937,-0.8097524141458412,-0.2740560523230989,-0.2788953891700474,-0.6491970214779175,-0.5021875764340465,-0.18245719450624603,2.2664056741501213,-0.15945125315364114,-0.397316236568382
-0.3079233918913155,2.0198512149352292,-0.5193264746877835,-0.2757799468416385,-0.26306887922296907,-0.8162778461817307,-0.8361417663802861,-0.1750868003232315,-0.4540173117739622,-0.1348766773149724,2.1409342531634397
-0.3079233918913155,-0.47676258641713937,-0.996435457003172,-0.2730339804741624,-0.27826401244343524,1.3836196790851434,0.8589580670223255,-0.18245719450624603,0.5586439504440706,-0.15945125315364114,-0.397316236568382
-0.3079233918913155,-0.47676258641713937,-0.6845540708363521,-0.25879311271231337,-0.26946683005263905,2.041144039244408,0.6545246394937783,-0.18245719450624603,-0.5144323816930652,-0.15945125315364114,-0.397316236568382
2.591622583681666,-0.47676258641713937,-1.1117486996294852,-0.27586171258955344,-0.2800108213870622,2.1992920788701524,0.987289005353608,-0.18245719450624603,-0.5144323816930652,-0.15945125315364114,-1.0318788590013375
-0.3079233918913155,-0.47676258641713937,-0.7675897851818375,-0.26397161008025843,-0.27266580546747404,1.672825576021096,0.8546402079425506,-0.18245719450624603,-0.5144323816930652,-0.15945125315364114,-0.397316236568382
-0.3079233918913155,-0.47676258641713937,-0.06564039943067985,-0.21375381323584355,-0.2416441622999296,-0.7290245266141838,-0.6263222154460004,-0.18245719450624603,-0.5144323816930652,-0.15945125315364114,-0.397316236568382
-0.3079233918913155,-0.47676258641713937,-0.8289943305590864,-0.2651980962989823,-0.2734234575394086,1.221271303640942,0.5820584408675844,-0.18245719450624603,-0.5144323816930652,-0.15945125315364114,-0.397316236568382
-0.3079233918913155,0.7715443142590449,0.038873657321236356,-0.2632902288476341,-0.20376155870319965,-0.8571198255537739,-0.8190690741863669,-0.18067534528013676,-0.5144323816930652,-0.059817974086823274,0.8718090082975287
-0.3079233918913155,-0.47676258641713937,-0.5558109245804275,-0.25300137223500635,-0.2658890286018368,0.6261352575877309,0.25680459491158125,-0.18245719450624603,0.3361769059766156,-0.15945125315364114,-0.397316236568382
-0.3079233918913155,-0.47676258641713937,-1.2084391353484807,-0.2780012496599939,-0.28133250333477033,2.2970941558361373,1.1385978804646655,-0.18245719450624603,0.20531393864281852,-0.15945125315364114,-0.397316236568382
-0.3079233918913155,-0.47676258641713937,-1.14665672691116,-0.27977965467714344,-0.2824310988390755,1.1255501218110553,1.0599501342543152,-0.18245719450624603,-0.5144323816930652,-0.15945125315364114,-0.397316236568382
-0.3079233918913155,-0.47676258641713937,-1.0256967371085688,-0.27449213631197844,-0.27916477657340194,1.2795363711646037,1.214848927382887,-0.18245719450624603,-0.5144323816930652,-0.15945125315364114,-0.397316236568382
-0.3079233918913155,-0.47676258641713937,-0.8223180116163922,-0.26485740568267013,-0.2732129986305379,1.3242131636348986,1.2893063404143479,-0.18245719450624603,-0.2854221888589203,-0.15945125315364114,-0.397316236568382
-0.3079233918913155,-0.47676258641713937,-0.8671243816802939,-0.2669765013161319,-0.2745220530437138,0.5616275046557737,0.49988797291451476,-0.18245719450624603,0.40160838964351414,-0.15945125315364114,-0.397316236568382
-0.3079233918913155,-0.47676258641713937,-0.8902912078257728,-0.2713986655158639,-0.2772538096808558,1.1671680263894766,1.457342289457178,-0.18245719450624603,-0.5144323816930652,-0.15945125315364114,-0.397316236568382
-0.3079233918913155,-0.47676258641713937,-0.9081780904067627,-0.2679917593527421,-0.2751492205921485,1.3898238208036329,1.500988035823134,-0.18245719450624603,0.06790782294233162,-0.15945125315364114,-0.397316236568382
-0.3079233918913155,-0.47676258641713937,-0.7841825689352744,-0.26315395260110924,-0.2721607040861843,1.8871577898908585,0.7979519816488387,-0.18245719450624603,-0.5144323816930652,-0.15945125315364114,-0.397316236568382
-0.3079233918913155,-0.47676258641713937,-1.3202819237209484,-0.2805973121562927,-0.28293620022036525,0.16578611235512697,0.354204425801907,-0.18245719450624603,0.07445097130902148,-0.15945125315364114,-0.397316236568382
-0.3079233918913155,-0.47676258641713937,-0.8086132548117246,-0.2651572134250248,-0.27339820247034413,1.3710957627222937,1.010239659438919,-0.18245719450624603,1.0559232263124991,-0.15945125315364114,-0.397316236568382
2.591622583681666,-0.47676258641713937,-0.7757326016506014,-0.26315395260110924,-0.2721607040861843,1.3919047159397313,1.0706287454038088,-0.18245719450624603,0.6633343243111081,-0.15945125315364114,-1.0318788590013375
-0.3079233918913155,-0.47676258641713937,-0.9789797113449004,-0.27910508725684535,-0.2820143901995115,0.9528358143761675,0.827255839605508,-0.18245719450624603,-0.32468107905905946,-0.15945125315364114,-0.397316236568382
-0.3079233918913155,-0.47676258641713937,-1.4922912663429644,-0.2858848305214577,-0.28620252248603884,-0.4542693926568021,0.014901518127394759,-0.18245719450624603,-0.5144323816930652,-0.15945125315364114,-0.397316236568382
2.591622583681666,-0.47676258641713937,-1.2612885412552062,-0.2819941436831726,-0.2837990817467352,1.1089029588658146,1.2165879023710875,-0.18245719450624603,-0.3770262659925782,-0.15945125315364114,-1.0318788590013375
-0.3079233918913155,-0.47676258641713937,-0.6031203046165239,-0.25409158220720535,-0.2665624971102231,-0.24623925028979507,0.135216743544444,-0.18245719450624603,2.0373954813159774,-0.15945125315364114,-0.397316236568382
-0.3079233918913155,-0.47676258641713937,-1.5532942632257747,-0.28672974324991185,-0.28672446058003825,-0.5693695163416511,0.28064292437092053,-0.18245719450624603,-0.5144323816930652,-0.15945125315364114,-0.397316236568382
-0.3079233918913155,-0.47676258641713937,-0.8156140699277792,-0.2655387869152945,-0.27363391644827934,1.7248479581364629,0.7508789924657834,-0.18245719450624603,-0.16110236989181315,-0.15945125315364114,-0.397316236568382
-0.3079233918913155,-0.47676258641713937,-0.7986000017211425,-0.26417602445004573,-0.27279208081279643,-0.37258543391271565,-0.15674881996398723,-0.18245719450624603,-0.5144323816930652,-0.15945125315364114,-0.397316236568382
2.591622583681666,-0.47676258641713937,-1.0984007336217207,-0.2761410788949294,-0.2801833976923362,1.246242047130576,1.3407281756451377,-0.18245719450624603,-0.5144323816930652,-0.15945125315364114,-1.0318788590013375
-0.3079233918913155,-0.47676258641713937,-0.05288003519103688,-0.1933123762571129,-0.22901662776768628,1.2129477230965484,1.673399939274163,-0.18245719450624603,4.818233537159164,-0.15945125315364114,-0.397316236568382
-0.3079233918913155,-0.47676258641713937,-0.5889203960212941,-0.2515704716464952,-0.26500510118457976,1.106822063729716,1.2123520669402572,-0.18245719450624603,-0.5144323816930652,-0.15945125315364114,-0.397316236568382
-0.3079233918913155,-0.47676258641713937,-0.815739061552265,-0.26247257136848484,-0.27173978626844286,1.3919047159397313,1.0912012310915444,-0.18245719450624603,1.1213547099793977,-0.15945125315364114,-0.397316236568382
-0.3079233918913155,-0.47676258641713937,-0.7868762105835949,-0.2633583669708965,-0.2722869794315067,1.5604572331024222,0.7911514597483481,-0.18245719450624603,0.3361769059766156,-0.15945125315364114,-0.397316236568382
-0.3079233918913155,-0.47676258641713937,-1.053411675973911,-0.2761819617688869,-0.2802086527614007,0.7988495650226187,0.5107515156717921,-0.18245719450624603,-0.004066809091256716,-0.15945125315364114,-0.397316236568382
5.491168559254648,-0.47676258641713937,-1.0351110590208452,-0.27331334677953834,-0.2784365887487092,1.801841083741464,1.1295385468541739,-0.18245719450624603,-0.2069044084586421,-0.15945125315364114,-1.2433997331456559
2.591622583681666,-0.47676258641713937,-0.8907238027830996,-0.26833926378138057,-0.2753638886791967,3.2064453878611943,1.067099417438604,-0.18245719450624603,-0.5144323816930652,-0.15945125315364114,-1.0318788590013375
-0.3079233918913155,-0.47676258641713937,-0.7249277943156649,-0.26451671506635793,-0.27300253972166716,-0.1795142586994204,-0.04272277895627192,-0.18245719450624603,-0.2854221888589203,-0.15945125315364114,-0.397316236568382
-0.3079233918913155,-0.47676258641713937,-0.7940837920901511,-0.2647892675594077,-0.2731709068487637,0.8841662711720135,1.2390303949512989,-0.18245719450624603,0.17259819680936925,-0.15945125315364114,-0.397316236568382
-0.3079233918913155,-0.47676258641713937,-0.7799192508036988,-0.26826431184579186,-0.2753175877192451,0.3764278264042958,0.43450046877044046,-0.18245719450624603,-0.18727496335857252,-0.15945125315364114,-0.397316236568382
-0.3079233918913155,-0.47676258641713937,-0.8573570143341438,-0.26485740568267013,-0.2732129986305379,1.2129477230965484,0.36081521447560644,-0.18245719450624603,0.9250602589787021,-0.15945125315364114,-0.397316236568382
2.591622583681666,-0.47676258641713937,-0.8718424131753132,-0.2664927206409686,-0.2742232013931174,1.264970105211915,0.989428257502516,-0.18245719450624603,-0.5144323816930652,-0.15945125315364114,-1.0318788590013375
-0.3079233918913155,-0.47676258641713937,-0.38111510276623956,-0.2421674106362791,-0.2591964352997478,1.1754916087903238,1.0061594038367678,-0.18245719450624603,-0.5144323816930652,-0.15945125315364114,-0.397316236568382
2.591622583681666,-0.47676258641713937,-1.0671323535676085,-0.27916641156778155,-0.2820522728031082,0.9382695484234788,0.8487078690172536,-0.18245719450624603,-0.31813793069236956,-0.15945125315364114,-1.0318788590013375
-0.3079233918913155,2.0198512149352292,0.9255358192722851,-0.23010696281882806,0.12076607877545363,1.1739536929183474,1.1438424334513462,0.4905319755543355,0.05482152620895191,0.3824998960420184,2.1409342531634397
-0.3079233918913155,-0.47676258641713937,-0.8443584961125811,-0.27136459645423266,-0.2772327637899687,1.064309658540078,0.44777338502187564,-0.18245719450624603,0.40160838964351414,-0.15945125315364114,-0.397316236568382
-0.3079233918913155,-0.47676258641713937,-0.6980008476568016,-0.26826431184579186,-0.2753175877192451,-0.20921751642454278,-0.28054635427517555,-0.18245719450624603,0.20531393864281852,-0.15945125315364114,-0.397316236568382
-0.3079233918913155,-0.47676258641713937,-0.9257451948554836,-0.26887755495515375,-0.2756964137552124,2.270042519066859,1.0142804916652643,-0.18245719450624603,-0.5144323816930652,-0.15945125315364114,-0.397316236568382
-0.3079233918913155,-0.47676258641713937,-0.8721010440669738,-0.2661452162123301,-0.2740085333060692,1.2753745808924069,1.0415232383453592,-0.18245719450624603,-0.5144323816930652,-0.15945125315364114,-0.397316236568382
-0.3079233918913155,-0.47676258641713937,-0.25310388970918996,-0.23010696281882806,-0.2517461899257243,0.8550337374101826,0.777209405991192,-0.18245719450624603,0.931603407345392,-0.15945125315364114,-0.397316236568382
-0.3079233918913155,-0.47676258641713937,-1.0923968834889117,-0.2754188147883476,-0.2797372248055303,1.3606912870418018,0.7401743489513855,-0.18245719450624603,0.02864893274219257,-0.15945125315364114,-0.397316236568382
-0.3079233918913155,-0.47676258641713937,-1.2218796220145,-0.28026343535230674,-0.2827299504896719,-0.13681582571955694,0.2542359565146448,-0.18245719450624603,-0.3626313395858606,-0.15945125315364114,-0.397316236568382
-0.3079233918913155,-0.47676258641713937,-0.7577935240238022,-0.26151863764281075,-0.27115050132360485,1.0048581964915342,0.5134238754727886,-0.18245719450624603,0.9250602589787021,-0.15945125315364114,-0.397316236568382
-0.3079233918913155,-0.47676258641713937,-0.7114596239822834,-0.2729658423508999,-0.27822192066166107,0.030264998984256167,0.045372308988921306,-0.18245719450624603,-0.12184347969167406,-0.15945125315364114,-0.397316236568382
-0.3079233918913155,-0.47676258641713937,-0.7340142272794371,-0.2610825536539312,-0.27088111392025027,1.672825576021096,0.9148807684669026,-0.18245719450624603,-0.18727496335857252,-0.15945125315364114,-0.397316236568382
-0.3079233918913155,-0.47676258641713937,-0.8368127003826662,-0.26601575377813147,-0.27392855892069834,1.487625897769618,0.620890499838271,-0.18245719450624603,-0.5144323816930652,-0.15945125315364114,-0.397316236568382
-0.3079233918913155,-0.47676258641713937,-0.4769429717631618,-0.24339389685500293,-0.2599540873716824,1.1234692266749566,1.564918777339021,-0.18245719450624603,1.1802430452796064,-0.15945125315364114,-0.397316236568382
2.591622583681666,-0.47676258641713937,-0.5330578192008769,-0.24693707926464956,-0.2621428600239379,1.1151456461305633,0.26892784616002596,-0.18245719450624603,-0.5144323816930652,-0.15945125315364114,-1.0318788590013375
-0.3079233918913155,-0.47676258641713937,-0.8213364512953837,-0.263903471956996,-0.2726237136856999,1.5209202218036455,0.777209405991192,-0.18245719450624603,0.5324713569773111,-0.15945125315364114,-0.397316236568382
2.591622583681666,-0.47676258641713937,-0.7319529410228843,-0.2696270743110406,-0.276159423354728,0.3031636793338179,0.17091618557291835,-0.18245719450624603,0.9904917426456007,-0.15945125315364114,-1.0318788590013375
-0.3079233918913155,3.2681581156114135,1.0823605742647193,-0.2819600746215414,0.3674239199719398,0.15603973091407114,0.7835096775450149,0.8585260650561832,0.1235245840591954,0.7879528405419576,3.4100594980293506
-0.3079233918913155,0.7715443142590449,-0.42774045501633434,-0.27562322915813486,-0.2593648024268444,-0.8478375575146732,-0.7992678431825491,-0.17258003027756627,-0.22653385355871167,-0.1296286305933828,0.8718090082975287
-0.3079233918913155,-0.47676258641713937,-0.8820219390483873,-0.2671127775626567,-0.2746062366072621,1.2587274179471666,0.8662582573018492,-0.18245719450624603,-0.5144323816930652,-0.15945125315364114,-0.397316236568382
-0.3079233918913155,-0.47676258641713937,0.48895261993517014,-0.08763014707707562,-0.16373227423598832,1.1172265412666615,1.3462191457494712,-0.18245719450624603,4.373953763060923,-0.15945125315364114,-0.397316236568382
-0.3079233918913155,-0.47676258641713937,-0.7965441649925146,-0.26198197688099534,-0.27143672543966896,1.3565294967696049,1.1503795858158468,-0.18245719450624603,-0.5144323816930652,-0.15945125315364114,-0.397316236568382
2.591622583681666,-0.47676258641713937,-0.7644459196409589,-0.2647006879991665,-0.27311618753245737,1.3065880097903364,0.6449098969279288,-0.18245719450624603,-0.5144323816930652,-0.15945125315364114,-1.0318788590013375
-0.3079233918913155,-0.47676258641713937,-0.703881643259713,-0.25456173525771614,-0.26685293040446467,1.8288927223671967,1.056329134302059,-0.18245719450624603,-0.2592495953921609,-0.15945125315364114,-0.397316236568382
-0.3079233918913155,-0.47676258641713937,-0.824916581455948,-0.27030845554366495,-0.27658034117246943,1.3752575529944904,1.3777320045436627,-0.18245719450624603,-0.2461632986587812,-0.15945125315364114,-0.397316236568382
2.591622583681666,0.7715443142590449,-0.30632659444393723,-0.25981518456124986,-0.24416966920637828,-0.4459153514216114,-0.43232173570997257,-0.1661785719467293,0.5324713569773111,-0.1217290036729037,-0.397316236568382
-0.3079233918913155,-0.47676258641713937,-0.8371181149733191,-0.263371994595549,-0.27229539778786155,0.8196585182400563,0.7243904802178522,-0.18245719450624603,0.5979028406442097,-0.15945125315364114,-0.397316236568382
-0.3079233918913155,2.0198512149352292,-0.5843518684349077,-0.28986409691998394,-0.25216710774346573,-0.7884310420644286,-0.7168839950839146,-0.16996843706486725,-0.5144323816930652,-0.10635841175786297,2.1409342531634397
5.491168559254648,0.7715443142590449,-0.25017983261183807,-0.262867772483407,-0.25768113115587865,-0.8489514296793653,-1.0386645181864418,-0.17854152583652444,-0.5144323816930652,-0.13864277852124735,-0.8203579848570189
-0.3079233918913155,0.7715443142590449,-0.4352071146333448,-0.2622000188754351,-0.2595752613357151,-0.7292101719749657,-0.6588929506953894,-0.17695765985776066,-0.5144323816930652,-0.14199858902700127,0.8718090082975287
-0.3079233918913155,-0.47676258641713937,-0.6271422598123889,-0.2651776548620035,-0.27341083000487637,-0.7902874956722487,-0.7644924565060902,-0.18245719450624603,1.3830806446469917,-0.15945125315364114,-0.397316236568382
-0.3079233918913155,-0.47676258641713937,-0.7292502506895457,-0.25811173147968897,-0.2690459122348976,1.6416121471231664,0.9794958069125688,-0.18245719450624603,-0.21999070519202182,-0.15945125315364114,-0.397316236568382
-0.3079233918913155,-0.47676258641713937,0.1894032862827109,-0.1606060770911439,-0.20881257251609697,0.9174605952060412,0.4943485160028011,-0.18245719450624603,0.4670398733104125,-0.15945125315364114,-0.397316236568382
-0.3079233918913155,-0.47676258641713937,-0.47610716637665473,-0.2611779470264986,-0.2709400424147341,-0.6956083616734211,-0.7064278784238516,-0.18245719450624603,0.40160838964351414,-0.15945125315364114,-0.397316236568382
2.591622583681666,-0.47676258641713937,-0.9287557390839225,-0.27006315829992017,-0.27642881075808257,1.298264429245943,0.9014052595922235,-0.18245719450624603,-0.5144323816930652,-0.15945125315364114,-1.0318788590013375
-0.3079233918913155,-0.47676258641713937,0.7710932194333749,-0.01410911207690782,-0.11831524170168653,1.4376844107903495,1.7394937257013643,-0.18245719450624603,1.0559232263124991,-0.15945125315364114,-0.397316236568382
2.591622583681666,-0.47676258641713937,-0.7778026569544744,-0.2604420552952643,-0.27048545117157335,1.5479718604293782,1.0912012310915444,-0.18245719450624603,0.02864893274219257,-0.15945125315364114,-1.0318788590013375
-0.3079233918913155,0.7715443142590449,-0.7872757334794943,-0.2706014494736934,-0.2668024202663357,-0.5588805534574673,-0.26678778190595553,-0.14836007968563664,-0.1840033891752276,-0.14496248005763063,0.8718090082975287
-0.3079233918913155,2.0198512149352292,0.34830588720995526,-0.274451253438021,-0.14319148473020588,0.5313769576000695,1.2285670691256951,1.6880953716308655,-0.34758209834247394,0.03833335946467988,2.1409342531634397
-0.3079233918913155,-0.47676258641713937,0.7834418231595878,0.013146137228066367,-0.10147852899202876,0.35885728756842206,-0.15883472394842166,-0.18245719450624603,0.07445097130902148,-0.15945125315364114,-0.397316236568382
2.591622583681666,2.0198512149352292,-0.37849001479002375,-0.2788938590747318,-0.24425385276992656,-0.6250631245762556,-0.6486502457263981,-0.17156867142496574,-0.5144323816930652,-0.10470500147218129,0.2372463858645734
-0.3079233918913155,-0.47676258641713937,-0.1339101198360483,-0.2171607193989653,-0.24374875138863683,1.0958693698730204,1.2886503043866229,-0.18245719450624603,2.5019590153509563,-0.15945125315364114,-0.397316236568382
-0.3079233918913155,-0.47676258641713937,-0.3376723167775537,-0.2298344103257783,-0.25157782279862767,1.0381525205255624,1.1646547901082216,-0.18245719450624603,0.1464256033426099,-0.15945125315364114,-0.397316236568382
-0.3079233918913155,-0.47676258641713937,-2.0051665737467492,-0.2937305947245108,-0.2910491806984227,-0.9573683203760618,-1.158979743603491,-0.18245719450624603,-0.5144323816930652,-0.15945125315364114,-0.397316236568382
-0.3079233918913155,0.7715443142590449,2.21477140941676,0.22573708180686483,1.903353036910469,1.1877638234601176,1.5814632040342576,2.2414515012194434,2.3710960480171592,2.5662262215015916,0.8718090082975287
-0.3079233918913155,0.7715443142590449,1.257349191988312,-0.05976165466273955,0.19148027215601618,0.34214920509804075,1.7572191596071391,4.187313646917292,0.9904917426456006,0.33228521329168603,0.8718090082975287
-0.3079233918913155,-0.47676258641713937,-0.48910328592674807,-0.23705705139159647,-0.256039551666687,1.0048581964915342,2.0670441383502873,-0.18245719450624603,1.6120908374811367,-0.15945125315364114,-0.397316236568382
2.591622583681666,-0.47676258641713937,1.2387719765157912,0.2795661991841888,0.0631003377448758,-0.5693695163416511,0.6008471005764054,-0.18245719450624603,0.2511159772096475,-0.15945125315364114,-1.0318788590013375
-0.3079233918913155,-0.47676258641713937,0.042264877621847836,-0.17968475160462585,-0.2205982714128574,0.3556188731868582,1.563839491883478,-0.18245719450624603,-0.030239402558016146,-0.15945125315364114,-0.397316236568382
-0.3079233918913155,-0.47676258641713937,-0.9241130792805741,-0.274396742939411,-0.2791058480789181,1.16300623611728,0.69868385783994,-0.18245719450624603,-0.3639399692591985,-0.15945125315364114,-0.397316236568382
-0.3079233918913155,2.0198512149352292,-0.4499637130693071,-0.2667789007586708,-0.24669517611282693,-0.7612649376033269,-0.6455141194365394,-0.1747055215714839,-0.5144323816930652,-0.11914478463380125,2.1409342531634397
-0.3079233918913155,-0.47676258641713937,-0.560678747856527,-0.24714149363443688,-0.2622691353692604,0.8633573179545759,0.31203499245079797,-0.18245719450624603,0.270745422309717,-0.15945125315364114,-0.397316236568382
-0.3079233918913155,-0.47676258641713937,-1.1676084277546475,-0.27565048440743983,-0.2798803368635624,1.662421100340604,1.6961390009467412,-0.18245719450624603,-0.3573968208925087,-0.15945125315364114,-0.397316236568382
-0.3079233918913155,-0.47676258641713937,-0.7399516265769895,-0.25974704643798746,-0.27005611499747706,1.1463590750284927,1.3480335645689563,-0.18245719450624603,-0.5144323816930652,-0.15945125315364114,-0.397316236568382
-0.3079233918913155,-0.47676258641713937,-0.827064833287052,-0.2640397482035209,-0.27270789724924815,1.50219216557876,0.985138754444197,-0.18245719450624603,0.13988245497592006,-0.15945125315364114,-0.397316236568382
-0.3079233918913155,-0.47676258641713937,-0.5147643769779952,-0.24509734993656382,-0.26100638191603603,-0.6336547584570823,-0.14243172426256054,-0.18245719450624603,-0.5144323816930652,-0.15945125315364114,-0.397316236568382
-0.3079233918913155,-0.47676258641713937,-0.3200351660910113,-0.23146972528407678,-0.25258802556120713,0.8966551896714482,1.1757362860528922,-0.18245719450624603,0.4866693184104821,-0.15945125315364114,-0.397316236568382
-0.3079233918913155,-0.47676258641713937,-1.2326186743910923,-0.28524433216279077,-0.2858068597373619,0.4516799679594294,0.4545818148550511,-0.18245719450624603,-0.46208719475954624,-0.15945125315364114,-0.397316236568382
-0.3079233918913155,-0.47676258641713937,-0.3077627339951066,-0.2307883440514524,-0.25216710774346573,1.2258211224204305,0.8571197217242774,-0.18245719450624603,2.155172151916394,-0.15945125315364114,-0.397316236568382
-0.3079233918913155,-0.47676258641713937,-0.4740057522617487,-0.248095427360111,-0.2628584203140984,1.1276310169471535,1.2437033249279874,-0.18245719450624603,0.6764206210444877,-0.15945125315364114,-0.397316236568382
-0.3079233918913155,-0.47676258641713937,0.029110048356463865,-0.19433444810604947,-0.22964800449429845,0.42220752125491395,0.4654941184577005,-0.18245719450624603,1.5728319472809975,-0.15945125315364114,-0.397316236568382
-0.3079233918913155,3.2681581156114135,0.07530401887983347,-0.28946208199273554,-0.28841234102918145,-0.5324260895460302,-0.31843966638565463,-0.13828097023915664,-0.1480160731584335,-0.15945125315364114,3.4100594980293506
-0.3079233918913155,-0.47676258641713937,-0.9881206143408247,-0.2766453010070714,-0.2804948768774649,0.8924898517164072,0.8266264596933346,-0.18245719450624603,-0.030239402558016146,-0.15945125315364114,-0.397316236568382
-0.3079233918913155,-0.47676258641713937,-0.32408599693222667,-0.23419525021457419,-0.25427169683217293,0.834224784192745,1.291928959472269,-0.18245719450624603,2.004679739482528,-0.15945125315364114,-0.397316236568382
2.591622583681666,-0.47676258641713937,0.07052911749307401,-0.19665114429697225,-0.23107912507461936,-0.5156519748772724,-0.24836769497857103,-0.18245719450624603,-0.5144323816930652,-0.15945125315364114,-1.0318788590013375
-0.3079233918913155,-0.47676258641713937,0.19058908781492598,-0.15058977297156592,-0.20262508059529774,1.0610423688790982,1.443163884813868,-0.18245719450624603,4.360213151490874,-0.15945125315364114,-0.397316236568382
-0.3079233918913155,0.7715443142590449,-0.261569027676875,-0.25314446229385745,-0.23284697990913342,-0.36515961948143505,-0.22191230755248428,-0.16925831134988112,-0.5144323816930652,-0.11125128145512096,0.8718090082975287
-0.3079233918913155,-0.47676258641713937,0.0026182035621387894,-0.18990547009399114,-0.22691203867897905,1.0423143107977588,1.4921028452720269,-0.18245719450624603,0.08099411967571134,-0.15945125315364114,-0.397316236568382
2.591622583681666,-0.47676258641713937,-0.7853161138821753,-0.2619956045056478,-0.2714451437960238,1.3149115903347302,1.0142804916652643,-0.18245719450624603,0.4670398733104125,-0.15945125315364114,-1.0318788590013375
-0.3079233918913155,-0.47676258641713937,-1.3209238701980381,-0.28672974324991185,-0.28672446058003825,0.9798874530019002,0.6758340686020666,-0.18245719450624603,1.6448065793145856,-0.15945125315364114,-0.397316236568382
-0.3079233918913155,-0.47676258641713937,-1.199959398024771,-0.2840042183194144,-0.28504078930907245,0.990051514227272,1.0297539426264708,-0.18245719450624603,-0.38356941435926806,-0.15945125315364114,-0.397316236568382
-0.3079233918913155,-0.47676258641713937,-1.2263710436498556,-0.28427677081246416,-0.28520915643616906,-0.795856856495709,-0.7142453561613965,-0.18245719450624603,-0.5144323816930652,-0.15945125315364114,-0.397316236568382
-0.3079233918913155,-0.47676258641713937,-0.7092075903271731,-0.2596107701914626,-0.2699719314339288,0.82798209878445,0.43127093241913955,-0.18245719450624603,-0.08258458949153491,-0.15945125315364114,-0.397316236568382
-0.3079233918913155,-0.47676258641713937,-0.7387759853194571,-0.2656069250385569,-0.2736760082300535,0.6670285864665665,1.3015793983365385,-0.18245719450624603,-0.5144323816930652,-0.15945125315364114,-0.397316236568382
-0.3079233918913155,-0.47676258641713937,-0.7609161279086362,-0.259454052507959,-0.2698751203358482,1.2087859328243515,1.35343006372599,-0.18245719450624603,-0.2854221888589203,-0.15945125315364114,-0.397316236568382
-0.3079233918913155,-0.47676258641713937,-0.7546391109540875,-0.2625815923657048,-0.2718071331192815,0.990291928682392,2.018959077475188,-0.18245719450624603,0.5226566344272763,-0.15945125315364114,-0.397316236568382
-0.3079233918913155,-0.47676258641713937,-1.0974835722509966,-0.27855316845841965,-0.2816734467671409,1.183815189334717,1.1072823970671275,-0.18245719450624603,-0.29196533722561013,-0.15945125315364114,-0.397316236568382
2.591622583681666,-0.47676258641713937,-0.9206239269370381,-0.274396742939411,-0.2791058480789181,1.0457451224618766,0.7371728123873242,-0.18245719450624603,1.9719639976490786,-0.15945125315364114,-1.0318788590013375
-0.3079233918913155,-0.47676258641713937,-0.5492022962669182,-0.2621318807521727,-0.2715293273595721,0.5637083997918723,0.6146637414198504,-0.18245719450624603,-0.5144323816930652,-0.15945125315364114,-0.397316236568382
-0.3079233918913155,-0.47676258641713937,-1.0439605392825697,-0.27746295848622066,-0.2809999782587546,0.6677531640226061,0.7842385274502132,-0.18245719450624603,-0.5144323816930652,-0.15945125315364114,-0.397316236568382
-0.3079233918913155,-0.47676258641713937,-0.5903852460885577,-0.24782287486706125,-0.26269005318700184,1.2670510003480135,1.5473067905740256,-0.18245719450624603,1.6448065793145856,-0.15945125315364114,-0.397316236568382
-0.3079233918913155,-0.47676258641713937,-1.030570042303752,-0.2773948203629582,-0.2809578864769805,-0.08297867109277268,0.3109570891289934,-0.18245719450624603,-0.5144323816930652,-0.15945125315364114,-0.397316236568382
-0.3079233918913155,-0.47676258641713937,-0.6272036268597992,-0.25640827839812813,-0.267993617690544,1.9204521139248862,0.7693384265348566,-0.18245719450624603,-0.1545592215251233,-0.15945125315364114,-0.397316236568382
-0.3079233918913155,-0.47676258641713937,-0.6717483174120386,-0.2547729634398297,-0.2669834149279645,1.6353694617148713,0.9299083569185463,-0.18245719450624603,0.3361769059766156,-0.15945125315364114,-0.397316236568382
-0.3079233918913155,-0.47676258641713937,-0.7976726661179437,-0.27002908923828894,-0.2764077648671954,0.8050922504309138,0.6270259088665904,-0.18245719450624603,-0.16110236989181315,-0.15945125315364114,-0.397316236568382
-0.3079233918913155,-0.47676258641713937,-0.8614079993422876,-0.27242073736480044,-0.2778851864074679,0.7301480091324514,0.6155465423796579,-0.18245719450624603,-0.31813793069236956,-0.15945125315364114,-0.397316236568382
-0.3079233918913155,-0.47676258641713937,-0.46753776081550086,-0.2433257587317405,-0.25991199558990824,1.142197284756296,1.786459047406041,-0.18245719450624603,-0.40647043364268254,-0.15945125315364114,-0.397316236568382
2.591622583681666,-0.47676258641713937,-0.8196699706238337,-0.26447583219240045,-0.2729772846526027,1.5666999185107173,0.6978277206469928,-0.18245719450624603,-0.04332569929139586,-0.15945125315364114,-1.0318788590013375
-0.3079233918913155,0.7715443142590449,-0.46127570268263285,-0.2587249745890509,-0.25216710774346573,0.11937477215962329,0.07818609153123743,-0.07928592450066019,0.36889264781006487,-0.134343911778475,0.8718090082975287
-0.3079233918913155,-0.47676258641713937,-0.6312726536280706,-0.2553862065491916,-0.26736224096393185,0.5262522854856477,2.3914816653664546,-0.18245719450624603,0.10062356477578091,-0.15945125315364114,-0.397316236568382
-0.3079233918913155,0.7715443142590449,0.11653362461039485,-0.28223262711459113,-0.2839464029829447,-0.5194309142912893,-0.3657321941330636,-0.14151865858292081,0.5324713569773111,-0.15945125315364114,0.8718090082975287
-0.3079233918913155,-0.47676258641713937,0.6255988125960102,-0.07134513561735353,-0.1536723383919678,0.9361886532873802,1.113989436971553,-0.18245719450624603,-0.3966557110926478,-0.15945125315364114,-0.397316236568382
-0.3079233918913155,-0.47676258641713937,-0.39662188954705047,-0.2490493610857851,-0.2634477052589364,0.6466075967805449,0.5616656874316643,-0.18245719450624603,-0.04332569929139586,-0.15945125315364114,-0.397316236568382
-0.3079233918913155,-0.47676258641713937,-0.15603237589403554,-0.209597387716835,-0.2390765636117068,1.0964175880492242,1.534753456070524,-0.18245719450624603,1.4354258315805104,-0.15945125315364114,-0.397316236568382
-0.3079233918913155,-0.47676258641713937,-0.5066622307835286,-0.24829984172989827,-0.2629846956594208,1.106822063729716,1.7479287588206067,-0.18245719450624603,0.4735830216771024,-0.15945125315364114,-0.397316236568382
-0.3079233918913155,-0.47676258641713937,-0.9760534372289318,-0.27075135334487077,-0.2768539377540014,2.02033508602697,0.9533483630315003,-0.18245719450624603,-0.10875718295829434,-0.15945125315364114,-0.397316236568382
-0.3079233918913155,3.2681581156114135,0.16397115407987028,-0.29031380853351596,-0.15451417402745068,-0.7274465410475367,-0.5206487262340014,-0.16569345817950346,-0.17418866662519286,0.036116564933506706,3.4100594980293506
-0.3079233918913155,-0.47676258641713937,-1.1019982366757828,-0.27903013532125664,-0.2819680892395599,0.83782231838602,1.2800268466695912,-0.18245719450624603,-0.5144323816930652,-0.15945125315364114,-0.397316236568382
2.591622583681666,-0.47676258641713937,-1.0564827514139847,-0.27903013532125664,-0.2819680892395599,0.7709899885044947,1.2551746125068424,-0.18245719450624603,-0.5144323816930652,-0.15945125315364114,-1.0318788590013375
-0.3079233918913155,-0.47676258641713937,-1.194037650876073,-0.2789347419486893,-0.2819091607450761,0.9590821551416164,1.1570088453225034,-0.18245719450624603,-0.04332569929139586,-0.15945125315364114,-0.397316236568382
-0.3079233918913155,-0.47676258641713937,0.40941026660142327,-0.12789977792517493,-0.18860851726450767,-0.25191594940440604,-0.15883472394842166,-0.18245719450624603,0.40160838964351414,-0.15945125315364114,-0.397316236568382
2.591622583681666,-0.47676258641713937,-0.917726655056145,-0.2745398329982622,-0.2791942408206438,0.7487125452106531,0.6042335391753908,-0.18245719450624603,0.32309060924323585,-0.15945125315364114,-1.0318788590013375
-0.3079233918913155,-0.47676258641713937,-0.3149469146926841,-0.2566263203925679,-0.26812831139222126,-0.8348423822599322,-0.8555975013860012,-0.18245719450624603,1.0559232263124991,-0.15945125315364114,-0.397316236568382
-0.3079233918913155,0.7715443142590449,-0.2782767240517688,-0.25395530596068044,-0.24303319109847635,-0.8107084853582702,-0.7336259455588027,-0.17656169336306968,-0.16437394407515807,-0.1253420113342081,0.8718090082975287
-0.3079233918913155,3.2681581156114135,0.13927420096724674,-0.2729794699755524,-0.1713087949553343,-0.7243833925946334,-0.6797995904760452,-0.16972985651793665,-0.13165820224170885,-0.00389596397998979,3.4100594980293506
-0.3079233918913155,-0.47676258641713937,-0.5679962225669841,-0.25395530596068044,-0.2664783135466748,-0.12010774324917564,-0.08855086931456695,-0.18245719450624603,1.1213547099793977,-0.15945125315364114,-0.397316236568382
-0.3079233918913155,-0.47676258641713937,-0.9725401050562569,-0.2741241904463613,-0.2789374809518215,-0.7067470833203421,-0.47017676479768533,-0.18245719450624603,1.4485121283138902,-0.15945125315364114,-0.397316236568382
2.591622583681666,-0.47676258641713937,-0.12329342273278476,-0.21423078009868057,-0.24193880477234864,-0.591646959635493,-0.4363625679363181,-0.18245719450624603,0.7941972916449053,-0.15945125315364114,-1.0318788590013375
-0.3079233918913155,-0.47676258641713937,-0.4955281626227739,-0.242780653745641,-0.2595752613357151,0.9653211870492114,2.290812233073328,-0.18245719450624603,-0.29261965206227913,-0.15945125315364114,-0.397316236568382
-0.3079233918913155,-0.47676258641713937,-1.0223492242541012,-0.27971151655388105,-0.28238900705730136,0.9445122338317739,0.856403623969649,-0.18245719450624603,0.07445097130902148,-0.15945125315364114,-0.397316236568382
-0.3079233918913155,-0.47676258641713937,-0.29427527690644745,-0.25857507071787356,-0.26933213635096176,-0.8571198255537739,-0.9048570619993147,-0.18245719450624603,0.4670398733104125,-0.15945125315364114,-0.397316236568382
-0.3079233918913155,-0.47676258641713937,-0.7694839411498172,-0.2600877370542996,-0.2702665739063478,1.3752575529944904,1.0635400522785778,-0.18245719450624603,-0.5144323816930652,-0.15945125315364114,-0.397316236568382
2.591622583681666,-0.47676258641713937,-0.9820106862482357,-0.27746977229854686,-0.281004187436932,1.049458029677517,0.9041213864479373,-0.18245719450624603,-0.25270644702547107,-0.15945125315364114,-1.0318788590013375
-0.3079233918913155,0.7715443142590449,-0.33401332272672046,-0.24557431679940087,-0.2480000213478254,-0.6566228359091981,-0.41268325091681013,-0.17541779015618472,1.108268413246018,-0.14010022906936676,0.8718090082975287
-0.3079233918913155,-0.47676258641713937,-1.0172319445357056,-0.2730339804741624,-0.27826401244343524,1.5001112704426618,1.0182826550476163,-0.18245719450624603,-0.2788790404922305,-0.15945125315364114,-0.397316236568382
-0.3079233918913155,-0.47676258641713937,-0.6993423843988876,-0.2513660572767079,-0.2648788258392573,2.35952101548845,0.6497448974049788,-0.18245719450624603,2.0373954813159774,-0.15945125315364114,-0.397316236568382
-0.3079233918913155,-0.47676258641713937,-0.6566118375013973,-0.264687060374514,-0.2731077691761025,-0.46540811430372303,-0.3201275981214197,-0.18245719450624603,0.9250602589787021,-0.15945125315364114,-0.397316236568382
-0.3079233918913155,-0.47676258641713937,-0.5480905780592433,-0.24932191357883485,-0.26361607238603296,0.5512230289752819,0.4985099720439119,-0.18245719450624603,2.2336899323166723,-0.15945125315364114,-0.397316236568382
-0.3079233918913155,-0.47676258641713937,-0.8484210778955836,-0.2644485769430955,-0.27296044793989305,1.0423181091018403,1.7696263709351148,-0.18245719450624603,-0.04332569929139586,-0.15945125315364114,-0.397316236568382
-0.3079233918913155,-0.47676258641713937,-0.36075092233861594,-0.24571059304592574,-0.2613852079520033,0.988195060619452,1.859303895502687,-0.18245719450624603,-0.38356941435926806,-0.15945125315364114,-0.397316236568382
-0.3079233918913155,-0.47676258641713937,-0.5158882824509057,-0.25829570441249755,-0.2691595600456878,0.8582433080720417,1.9609654623599582,-0.18245719450624603,1.7102380629814844,-0.15945125315364114,-0.397316236568382
-0.3079233918913155,-0.47676258641713937,-0.6655800696276533,-0.25253803299682176,-0.26560280448577256,2.41570518601956,0.7627864980483613,-0.18245719450624603,-0.4293714529260971,-0.15945125315364114,-0.397316236568382
-0.3079233918913155,-0.47676258641713937,-0.5081935381754922,-0.2462556980320252,-0.2617219422061965,1.0527187883347044,1.8778745419212794,-0.18245719450624603,-0.004066809091256716,-0.15945125315364114,-0.397316236568382
-0.3079233918913155,-0.47676258641713937,-1.2311180068796281,-0.28431765368642165,-0.28523441150523354,-0.7219700029044672,-0.5064868786437595,-0.18245719450624603,-0.5144323816930652,-0.15945125315364114,-0.397316236568382
-0.3079233918913155,-0.47676258641713937,-0.050547545643256205,-0.20625861967697565,-0.2370140663047737,0.8758426906276199,0.8719484523149964,-0.18245719450624603,3.869477023989136,-0.15945125315364114,-0.397316236568382
-0.3079233918913155,-0.47676258641713937,-0.6605396221472553,-0.2544322728235175,-0.2667729560190938,-0.21849978446364346,0.30754300582748817,-0.18245719450624603,0.08099411967571134,-0.15945125315364114,-0.397316236568382
-0.3079233918913155,-0.47676258641713937,-0.778878982224592,-0.26485740568267013,-0.2732129986305379,-0.6833437250472543,-0.4487247353958337,-0.18245719450624603,-0.5144323816930652,-0.15945125315364114,-0.397316236568382
-0.3079233918913155,-0.47676258641713937,0.8910916358381417,0.05130348625503019,-0.0779071311985079,1.0048581964915342,0.7979519816488387,-0.18245719450624603,2.9992382912193856,-0.15945125315364114,-0.397316236568382
-0.3079233918913155,0.7715443142590449,0.9900891310761918,-0.02364844933364875,0.059312077385202805,0.9833342700807977,0.9199501988015123,0.6845053404321838,-0.3115947823256797,0.10754388927495492,0.8718090082975287
-0.3079233918913155,-0.47676258641713937,-0.693550494321665,-0.2758276435279222,-0.27998977549617515,-0.9811309265561597,-1.4507020597645406,-0.18245719450624603,5.243538180994004,-0.15945125315364114,-0.397316236568382
-0.3079233918913155,-0.47676258641713937,-0.8180912264496083,-0.2719437705019634,-0.27759054393504895,-0.17765780509160028,0.2318400885839506,-0.18245719450624603,-0.5144323816930652,-0.15945125315364114,-0.397316236568382
-0.3079233918913155,-0.47676258641713937,-1.1081553162978015,-0.28052917403303024,-0.2828941084385911,-0.1887965267385211,-0.08961279848922102,-0.18245719450624603,-0.5144323816930652,-0.15945125315364114,-0.397316236568382
-0.3079233918913155,-0.47676258641713937,-0.27998994272372035,-0.22663191853244385,-0.2495995090552429,1.2712127906202104,1.0858134221919535,-0.18245719450624603,2.4954158669842665,-0.15945125315364114,-0.397316236568382
-0.3079233918913155,-0.47676258641713937,-0.8538755349890699,-0.2798205375511009,-0.28245635390814,0.615730781907239,0.25185515395984065,-0.18245719450624603,-0.32468107905905946,-0.15945125315364114,-0.397316236568382
-0.3079233918913155,3.2681581156114135,0.05759433839578983,-0.25143419539997036,-0.2246811742449494,-0.9063158461610079,-1.026751900616412,-0.17255889597023807,-0.1153003313249842,-0.10090828155691225,3.4100594980293506
-0.3079233918913155,2.0198512149352292,0.4188996388856347,-0.2435438007261803,-0.15009453694116554,-0.7164006420810068,-0.6334163742866807,-0.17788084141661564,1.0166643361123602,0.0005131301151613286,2.1409342531634397
-0.3079233918913155,-0.47676258641713937,-0.9681748674873513,-0.2798273513634272,-0.2824605630863174,1.2870840914784953,0.8515556988790763,-0.18245719450624603,-0.004066809091256716,-0.15945125315364114,-0.397316236568382
-0.3079233918913155,-0.47676258641713937,-0.2134279954040399,-0.25537939273686533,-0.2673580317857544,-0.7902874956722487,-0.7644924565060902,-0.18245719450624603,-0.5144323816930652,-0.15945125315364114,-0.397316236568382
-0.3079233918913155,-0.47676258641713937,-0.6770535687864988,-0.255454344672454,-0.26740433274570596,-0.7936291121663249,-0.6823508490834563,-0.18245719450624603,-0.21344755682533195,-0.15945125315364114,-0.397316236568382
-0.3079233918913155,-0.47676258641713937,-0.5608016138742783,-0.26765106873642996,-0.2749387616832778,-0.5025371864601259,-0.35876023427898607,-0.18245719450624603,2.1028269649828757,-0.15945125315364114,-0.397316236568382
-0.3079233918913155,2.0198512149352292,0.14927721898185078,-0.22813095724421742,-0.1809478129816134,0.6088597067548687,0.5655066000268876,0.0892799862108677,-0.28258682456668804,-0.05822580121912982,2.1409342531634397
-0.3079233918913155,0.7715443142590449,0.6268399562761452,-0.2852988426614007,-0.10863413189363332,0.3040919061377279,1.2961445951377062,2.627530140498362,0.9414181298954268,0.09835827657672344,0.8718090082975287
-0.3079233918913155,-0.47676258641713937,-0.06969579367924818,-0.2144351944684679,-0.24206508011767106,-0.6993212688890614,-0.42831957232762075,-0.18245719450624603,2.0373954813159774,-0.15945125315364114,-0.397316236568382
2.591622583681666,-0.47676258641713937,-0.8398159353516909,-0.2742740943175387,-0.27903008287172465,0.3847514069486894,0.41976702374033253,-0.18245719450624603,0.02864893274219257,-0.15945125315364114,-1.0318788590013375
-0.3079233918913155,0.7715443142590449,-0.388984168355406,-0.2566808308911779,-0.2508622625084672,-0.7076753101242521,-0.4677624564917682,-0.1814232819923308,-0.25270644702547107,-0.13428267436048677,0.8718090082975287
-0.3079233918913155,0.7715443142590449,-0.6689995115202754,-0.2833909752100525,-0.2740548342660208,-0.8979618049258172,-1.0009908198479522,-0.18157726896248838,-0.12184347969167406,-0.1440194238206122,0.8718090082975287
-0.3079233918913155,0.7715443142590449,-0.2504124730792135,-0.25306951035826875,-0.25128318032620867,-0.8065314647406748,-0.6658634934188403,-0.17827754817339714,-0.05314042184143065,-0.13814063169374402,0.8718090082975287
-0.3079233918913155,-0.47676258641713937,-0.7022126333629878,-0.2566808308911779,-0.26816198481764053,1.695503885198928,1.4228483821644715,-0.18245719450624603,0.8596287753118036,-0.15945125315364114,-0.397316236568382
-0.3079233918913155,-0.47676258641713937,-0.4404916908367758,-0.2581798696029514,-0.26908800401667177,-0.65588025446607,-0.17809135260335474,-0.18245719450624603,0.7287658079780066,-0.15945125315364114,-0.397316236568382
-0.3079233918913155,-0.47676258641713937,0.6782111674271096,-0.009339443448537339,-0.11536881697749642,0.08224570000322032,0.09161240333484269,-0.18245719450624603,-0.5144323816930652,-0.15945125315364114,-0.397316236568382
2.591622583681666,0.7715443142590449,0.06322607306723263,-0.23603497954265992,-0.2121799150580285,-0.6473405678700973,-0.26408956040544473,-0.14748015414187898,0.8596287753118038,-0.09656042487974935,-0.397316236568382
-0.3079233918913155,0.7715443142590449,-0.5629423041999595,-0.26880941683189136,-0.26184821755151894,-0.7651325492862856,-0.5940287798501044,-0.17130413823911766,-0.08585616367487985,-0.13936538005350824,0.8718090082975287
-0.3079233918913155,-0.47676258641713937,-0.4229442846501568,-0.23705705139159647,-0.256039551666687,0.5387376563022379,0.5921096747904241,-0.18245719450624603,-0.5144323816930652,-0.15945125315364114,-0.397316236568382
-0.3079233918913155,-0.47676258641713937,-1.5603948641001457,-0.2870022957429616,-0.28689282770713487,-0.4876855575975647,0.1494641561710668,-0.18245719450624603,-0.5144323816930652,-0.15945125315364114,-0.397316236568382
2.591622583681666,-0.47676258641713937,-0.8669279155727814,-0.267344447181749,-0.27474934866529416,1.4480888883272947,1.0377383900533312,-0.18245719450624603,0.4670398733104125,-0.15945125315364114,-1.0318788590013375
-0.3079233918913155,-0.47676258641713937,-0.3065955706407453,-0.23487663144719853,-0.2546926146499144,1.0631270975918965,0.9764275587633129,-0.18245719450624603,0.3034611641431663,-0.15945125315364114,-0.397316236568382
-0.3079233918913155,-0.47676258641713937,-0.8043967031485496,-0.26577045653438675,-0.2737770285063114,1.2732978813414624,0.8285138613153201,-0.18245719450624603,-0.3573968208925087,-0.15945125315364114,-0.397316236568382
-0.3079233918913155,-0.47676258641713937,-0.8810765763295202,-0.2691794068412064,-0.27588288034847186,-0.5719685513925994,-0.24859267397552118,-0.18245719450624603,0.3492632027099953,-0.15945125315364114,-0.397316236568382
-0.3079233918913155,-0.47676258641713937,-0.6976612588053309,-0.2696270743110406,-0.276159423354728,-0.8051391245348098,-0.7303328349858809,-0.18245719450624603,3.2805936709870487,-0.15945125315364114,-0.397316236568382
-0.3079233918913155,0.7715443142590449,-0.4894816007443348,-0.26440769406913806,-0.2572265399127179,-0.36887252669707526,-0.04114159415443154,-0.1362611034589688,1.6448065793145856,-0.13659744876044114,0.8718090082975287
-0.3079233918913155,-0.47676258641713937,-0.8113971146136255,-0.2637467542734924,-0.27252690258761936,0.6094911485086751,0.266533243016062,-0.18245719450624603,0.40160838964351414,-0.15945125315364114,-0.397316236568382
-0.3079233918913155,0.7715443142590449,1.7824751793174367,-0.2796024955566611,0.7672958468263116,0.24422127728552823,1.72315381234519,7.698070180667025,3.5946647925881616,1.3675894967675617,0.8718090082975287
-0.3079233918913155,7.013078817639967,-0.4555972104107133,-0.28970056542415407,-0.26736645014210925,-0.9817674249359838,-1.446071396532764,-0.18105467623864122,-0.47325728375696685,-0.12861821319657735,7.217435232627083
-0.3079233918913155,-0.47676258641713937,1.0758235899345086,0.1521479086834346,-0.015611294172774189,1.194261411087488,1.7541473293884862,-0.18245719450624603,0.009019487642122999,-0.15945125315364114,-0.397316236568382
-0.3079233918913155,0.7715443142590449,1.3967968453393893,0.17258934566216516,0.28324035642365103,1.2313904832438913,1.764267611328646,5.060799139359721,-0.16110236989181315,0.25696318916618777,0.8718090082975287
-0.3079233918913155,-0.47676258641713937,1.6838749555701298,0.5337213989530728,0.2201026837624344,1.1571323389310852,0.5342094140767291,-0.18245719450624603,-0.18727496335857252,-0.15945125315364114,-0.397316236568382
-0.3079233918913155,-0.47676258641713937,1.5847635563992162,0.6659093580821975,0.3017607404042745,1.2685195554002942,1.5121434031593093,-0.18245719450624603,0.12679615824254034,-0.15945125315364114,-0.397316236568382
-0.3079233918913155,-0.47676258641713937,0.12837246527616575,-0.15447364599752475,-0.205024312156424,1.21282594716569,1.7031702185915234,-0.18245719450624603,-0.2788790404922305,-0.15945125315364114,-0.397316236568382
-0.3079233918913155,-0.47676258641713937,0.7692167564589684,-0.010020824681161692,-0.11578973479523787,1.1385678028528838,1.9922850252165818,-0.18245719450624603,1.3176491609800933,-0.15945125315364114,-0.397316236568382
-0.3079233918913155,2.0198512149352292,-0.17008084870968493,-0.27991593092366834,-0.260122454498779,-0.9763041471758274,-1.4075570528047567,-0.18191745503468393,-0.20908545791420538,-0.12687294678391337,2.1409342531634397
2.591622583681666,-0.47676258641713937,-0.9046639435179731,-0.27081949146813317,-0.2768960295357755,1.1879810285322325,0.9249610121212366,-0.18245719450624603,-0.5144323816930652,-0.15945125315364114,-1.0318788590013375
2.591622583681666,-0.47676258641713937,-1.0019512375193749,-0.27325202246860214,-0.2783987061451125,1.6665877638035211,1.164656886293983,-0.18245719450624603,-0.5144323816930652,-0.15945125315364114,-1.0318788590013375
-0.3079233918913155,-0.47676258641713937,-1.3057405694605617,-0.2820145851201513,-0.2838117092812675,1.6166046068665716,1.2684955404872902,-0.18245719450624603,-0.5144323816930652,-0.15945125315364114,-0.397316236568382
2.591622583681666,-0.47676258641713937,-0.8286529947409987,-0.2629222829820169,-0.2720175920281522,2.1868124760549215,0.8939673624339766,-0.18245719450624603,-0.5144323816930652,-0.15945125315364114,-1.0318788590013375
-0.3079233918913155,-0.47676258641713937,-1.2454710573982248,-0.28080854033840624,-0.2830666847438651,1.3211585548685914,1.2413754825978682,-0.18245719450624603,-0.5144323816930652,-0.15945125315364114,-0.397316236568382
5.491168559254648,3.2681581156114135,0.06897952368207796,-0.2414178912803923,-0.18023225269145293,0.28413502985366135,-0.4582422281340347,-0.16623341193987184,-0.45161815737284255,-0.04524346860562929,0.025725511720254828
-0.3079233918913155,-0.47676258641713937,-0.6729501629717515,-0.2587249745890509,-0.2694247382708649,1.4356003801041073,0.848709965203015,-0.18245719450624603,-0.5144323816930652,-0.15945125315364114,-0.397316236568382
2.591622583681666,-0.47676258641713937,-0.9925309859301861,-0.271064788711878,-0.27704755995016245,1.922548161435332,0.9318557313993614,-0.18245719450624603,-0.5144323816930652,-0.15945125315364114,-1.0318788590013375
-0.3079233918913155,-0.47676258641713937,-0.8949030709485764,-0.2718006804431123,-0.2775021511933232,1.0839880667829715,1.4777309590269705,-0.18245719450624603,-0.20494146394863513,-0.15945125315364114,-0.397316236568382
2.591622583681666,-0.47676258641713937,-0.9339695441732158,-0.26639732726840115,-0.27416427289863354,1.6041607983333532,1.0945357981515993,-0.18245719450624603,-0.5144323816930652,-0.15945125315364114,-1.0318788590013375
-0.3079233918913155,-0.47676258641713937,-0.8244111148332821,-0.2631062559148255,-0.2721312398389424,1.8122506832339136,0.7162714885751174,-0.18245719450624603,-0.5144323816930652,-0.15945125315364114,-0.397316236568382
-0.3079233918913155,-0.47676258641713937,-0.9579070384389797,-0.2696270743110406,-0.276159423354728,1.6041560328169417,0.7992989164017773,-0.18245719450624603,-0.5144323816930652,-0.15945125315364114,-0.397316236568382
-0.3079233918913155,-0.47676258641713937,-1.4699353496139544,-0.2840382873810457,-0.28506183519995953,2.016113423269467,1.164639488191147,-0.18245719450624603,-0.5144323816930652,-0.15945125315364114,-0.397316236568382
2.591622583681666,-0.47676258641713937,-1.1648503131176549,-0.27768100048066047,-0.2811346719604319,1.2026154523226789,1.0984826873736284,-0.18245719450624603,-0.5144323816930652,-0.15945125315364114,-1.0318788590013375
-0.3079233918913155,-0.47676258641713937,-0.4495541033791395,-0.24646011240181254,-0.26184821755151894,0.8342282242012803,1.243705421113749,-0.18245719450624603,-0.5144323816930652,-0.15945125315364114,-0.397316236568382
-0.3079233918913155,-0.47676258641713937,-0.37067986113942125,-0.2361712557891848,-0.2554923585036231,1.083932217232634,1.272867402518277,-0.18245719450624603,-0.3639399692591985,-0.15945125315364114,-0.397316236568382
-0.3079233918913155,0.7715443142590449,1.562062582970282,-0.2600877370542996,-0.2702665739063478,1.0212826332716303,0.3702991328983837,-0.004869707506393812,0.6633343243111081,-0.15945125315364114,0.8718090082975287
5.491168559254648,-0.47676258641713937,-0.8065715347817234,-0.2679236212294797,-0.2751071288103744,1.1463630515521208,0.8992951145074464,-0.18245719450624603,-0.5144323816930652,-0.15945125315364114,-1.2433997331456559
-0.3079233918913155,-0.47676258641713937,-0.7117128771436928,-0.25746441930869585,-0.26864604030804323,1.7685518074047957,0.6865375473159009,-0.18245719450624603,-0.5144323816930652,-0.15945125315364114,-0.397316236568382
2.591622583681666,-0.47676258641713937,-1.2245444885961796,-0.2781375259065188,-0.2814166868983186,1.6228888879744037,1.2364399487685744,-0.18245719450624603,-0.4359146012927869,-0.15945125315364114,-1.0318788590013375
-0.3079233918913155,-0.47676258641713937,-0.5326585097112717,-0.2532739247280561,-0.2660573957289334,1.3752575529944904,0.811230013755121,-0.18245719450624603,-0.5144323816930652,-0.15945125315364114,-0.397316236568382
-0.3079233918913155,-0.47676258641713937,-0.3345305962371556,-0.23311185405470145,-0.25360243750196404,1.0423181091018403,0.49435061218856235,-0.18245719450624603,1.4485121283138902,-0.15945125315364114,-0.397316236568382
-0.3079233918913155,-0.47676258641713937,-0.7668429781265098,-0.26040798623363304,-0.27046440528068627,1.8330596717239693,0.7195388714589412,-0.18245719450624603,-0.5144323816930652,-0.15945125315364114,-0.397316236568382
-0.3079233918913155,-0.47676258641713937,-0.9963586107034914,-0.27282956610437503,-0.2781377370981128,1.7498237177637455,1.0844576506830264,-0.18245719450624603,-0.13492977642505372,-0.15945125315364114,-0.397316236568382
5.491168559254648,-0.47676258641713937,-1.3913599007001476,-0.28161938400522923,-0.28356757694697743,2.92552452777983,1.1590051397186398,-0.18245719450624603,-0.22195364970202877,-0.15945125315364114,-1.2433997331456559
-0.3079233918913155,-0.47676258641713937,-0.821027265655582,-0.2625407094917473,-0.271781878050217,1.7290097484086597,1.6582446126369232,-0.18245719450624603,-0.1414729247917436,-0.15945125315364114,-0.397316236568382
-0.3079233918913155,-0.47676258641713937,-1.3172865461807863,-0.28004539335786693,-0.2825952567879947,2.461484882726632,1.0635400522785778,-0.18245719450624603,-0.5144323816930652,-0.15945125315364114,-0.397316236568382
2.591622583681666,-0.47676258641713937,-0.9129828903877939,-0.2685164229018629,-0.27547332731180946,1.645773939251817,0.953350459221653,-0.18245719450624603,-0.5144323816930652,-0.15945125315364114,-1.0318788590013375
-0.3079233918913155,-0.47676258641713937,-0.8536100494073487,-0.2669696875038056,-0.27451784386553635,1.416879901922849,0.7842406236359741,-0.18245719450624603,-0.40319885945933764,-0.15945125315364114,-0.397316236568382
-0.3079233918913155,0.7715443142590449,-0.6240419421366751,-0.2669696875038056,-0.27451784386553635,0.6831414648481571,0.40631598010100956,-0.12504205277605862,0.2380296804762677,-0.15945125315364114,0.8718090082975287
2.591622583681666,-0.47676258641713937,-0.7515391544620312,-0.2645848531896204,-0.2730446315034413,1.5646237202022466,0.24356040145867966,-0.18245719450624603,-0.5144323816930652,-0.15945125315364114,-1.0318788590013375
2.591622583681666,-0.47676258641713937,-0.5994782655482868,-0.2547729634398297,-0.2669834149279645,0.7718012587311122,0.9978795881651646,-0.18245719450624603,0.11370986150916063,-0.15945125315364114,-1.0318788590013375
-0.3079233918913155,-0.47676258641713937,-0.7319875403844929,-0.26102804315532124,-0.270847440494831,1.375261924942737,0.5706016591067841,-0.18245719450624603,-0.5144323816930652,-0.15945125315364114,-0.397316236568382
-0.3079233918913155,-0.47676258641713937,-0.2668376100109221,-0.22860792410705447,-0.2508201707266931,0.6885653047708882,1.0844576506830264,-0.18245719450624603,-0.5144323816930652,-0.15945125315364114,-0.397316236568382
-0.3079233918913155,-0.47676258641713937,-0.6361914394310224,-0.2561357259050784,-0.2678252505634474,1.3877429256675344,0.45490563183383353,-0.18245719450624603,-0.5144323816930652,-0.15945125315364114,-0.397316236568382
-0.3079233918913155,2.0198512149352292,1.6224565727371483,-0.2850739868546347,0.847270232197186,0.3675387830861355,1.2594874811661427,2.6426373868175475,-0.21715534089978955,1.488857955609614,2.1409342531634397
-0.3079233918913155,-0.47676258641713937,-1.0623840854416118,-0.2740560523230989,-0.2788953891700474,1.3544529364526807,1.0599522304400761,-0.18245719450624603,0.5979028406442097,-0.15945125315364114,-0.397316236568382
-0.3079233918913155,-0.47676258641713937,-1.2722112878588836,-0.2810061408958673,-0.28318875091101015,1.541733832863185,1.2663175702107248,-0.18245719450624603,-0.5144323816930652,-0.15945125315364114,-0.397316236568382
-0.3079233918913155,-0.47676258641713937,-0.645840001839874,-0.2525244053721693,-0.2655943861294177,1.957908228231111,1.1702311778145977,-0.18245719450624603,-0.5144323816930652,-0.15945125315364114,-0.397316236568382
2.591622583681666,-0.47676258641713937,-0.5850939154983367,-0.25531806842592913,-0.2673201491821577,0.5012844083603839,0.10054837500996223,-0.18245719450624603,-0.5144323816930652,-0.15945125315364114,-1.0318788590013375
5.491168559254648,-0.47676258641713937,-1.047862968856218,-0.272352599241538,-0.2778430946256938,1.7082057407836333,1.9093072262445459,-0.18245719450624603,0.07445097130902148,-0.15945125315364114,-1.2433997331456559
2.591622583681666,-0.47676258641713937,-1.049515444741984,-0.27555509103487247,-0.2798214083690786,1.4793023172252242,1.3709335788289332,-0.18245719450624603,-0.2069044084586421,-0.15945125315364114,-1.0318788590013375
-0.3079233918913155,-0.47676258641713937,-0.862453516185372,-0.2656069250385569,-0.2736760082300535,1.3544529364526807,1.4117283579353055,-0.18245719450624603,-0.5144323816930652,-0.15945125315364114,-0.397316236568382
-0.3079233918913155,-0.47676258641713937,-1.090240985162977,-0.27391977607657403,-0.27881120560649914,2.0203405681344737,0.9249610121212366,-0.18245719450624603,-0.5144323816930652,-0.15945125315364114,-0.397316236568382
-0.3079233918913155,-0.47676258641713937,-1.040576331782052,-0.2760320578977095,-0.2801160508414976,0.6053293508106639,0.6545267356795398,-0.18245719450624603,-0.5144323816930652,-0.15945125315364114,-0.397316236568382
2.591622583681666,-0.47676258641713937,-1.1611652545046944,-0.27977965467714344,-0.2824310988390755,0.7093742932609443,0.9491424796896483,-0.18245719450624603,-0.5144323816930652,-0.15945125315364114,-1.0318788590013375
-0.3079233918913155,-0.47676258641713937,-0.7053998342808104,-0.26015587517756206,-0.27030866568812195,1.1567675457971487,0.4579604633442688,-0.18245719450624603,-0.5144323816930652,-0.15945125315364114,-0.397316236568382
-0.3079233918913155,0.7715443142590449,0.032907623072465586,-0.24158823658854842,-0.20738145193577606,0.9133789972321147,0.5460791200288218,-0.10904504438132968,0.7578828182097765,-0.08458850966305427,0.8718090082975287
-0.3079233918913155,-0.47676258641713937,-1.2961218488994641,-0.2812105552656546,-0.28331502625633254,1.6665828906128008,0.9940964457002763,-0.18245719450624603,-0.5144323816930652,-0.15945125315364114,-0.397316236568382
-0.3079233918913155,-0.47676258641713937,-0.8027926457448743,-0.2623703641835912,-0.2716766485957816,1.7706327062538014,0.7401764451371464,-0.18245719450624603,-0.5144323816930652,-0.15945125315364114,-0.397316236568382
-0.3079233918913155,-0.47676258641713937,-0.6081756654157295,-0.2502758473045089,-0.26420535733087097,1.0631270975918965,1.8909314734578693,-0.18245719450624603,1.9556061267323537,-0.15945125315364114,-0.397316236568382
-0.3079233918913155,-0.47676258641713937,-0.712625772528488,-0.2600877370542996,-0.2702665739063478,1.3065880097903364,0.5160792677538039,-0.18245719450624603,-0.5144323816930652,-0.15945125315364114,-0.397316236568382
-0.3079233918913155,-0.47676258641713937,-0.8593026530505612,-0.26485740568267013,-0.2732129986305379,2.0619585451145857,0.6040773509865646,-0.18245719450624603,-0.4555440463928565,-0.15945125315364114,-0.397316236568382
-0.3079233918913155,-0.47676258641713937,-0.7952838108523782,-0.2675829306131675,-0.27489666990150363,0.834224784192745,0.8019798414960382,-0.18245719450624603,-0.5144323816930652,-0.15945125315364114,-0.397316236568382
-0.3079233918913155,-0.47676258641713937,-0.8921904897324857,-0.26826431184579186,-0.2753175877192451,1.333639648416069,0.9401153487360097,-0.18245719450624603,-0.5144323816930652,-0.15945125315364114,-0.397316236568382
-0.3079233918913155,-0.47676258641713937,-0.7922319354986467,-0.26635644439444367,-0.2741390178295691,-0.04435921013320768,0.1494641561710668,-0.18245719450624603,-0.5144323816930652,-0.15945125315364114,-0.397316236568382
-0.3079233918913155,-0.47676258641713937,-0.7780978255289681,-0.26356278134068384,-0.27241325477682915,0.913936916306646,0.765713241690514,-0.18245719450624603,-0.5144323816930652,-0.15945125315364114,-0.397316236568382
-0.3079233918913155,-0.47676258641713937,-0.815116034358652,-0.26233629512196,-0.2716556027048946,1.0631270975918965,1.4269936613427374,-0.18245719450624603,-0.5144323816930652,-0.15945125315364114,-0.397316236568382
-0.3079233918913155,-0.47676258641713937,-0.791705576181092,-0.26090539453344885,-0.2707716752876375,1.7082057407836333,0.7478504747916807,-0.18245719450624603,-0.5144323816930652,-0.15945125315364114,-0.397316236568382
-0.3079233918913155,-0.47676258641713937,-0.8909375729405411,-0.2692863836947284,-0.2759489644458573,1.375261924942737,1.0878440892820123,-0.18245719450624603,-0.5144323816930652,-0.15945125315364114,-0.397316236568382
2.591622583681666,-0.47676258641713937,-0.8007144731171629,-0.26676527313401827,-0.27439156852021396,1.1047450745720087,0.4624981883147147,-0.18245719450624603,-0.5144323816930652,-0.15945125315364114,-1.0318788590013375
-0.3079233918913155,-0.47676258641713937,-0.3537948323939977,-0.23821539948705786,-0.25675511195684747,0.9174641781615043,1.6873863498579906,-0.18245719450624603,2.3252940094503303,-0.15945125315364114,-0.397316236568382
-0.3079233918913155,-0.47676258641713937,-1.1589912154796516,-0.2783623817132848,-0.2815555897781733,1.1838192308342212,1.3141071016060863,-0.18245719450624603,-0.5144323816930652,-0.15945125315364114,-0.397316236568382
-0.3079233918913155,-0.47676258641713937,-0.8406642780748469,-0.2647006879991665,-0.27311618753245737,1.4584978789029612,0.82283225554017,-0.18245719450624603,-0.5144323816930652,-0.15945125315364114,-0.397316236568382
-0.3079233918913155,-0.47676258641713937,-0.6254299318511616,-0.253887167837418,-0.2664362217649006,0.1475316040294315,0.03904727075624138,-0.18245719450624603,-0.5144323816930652,-0.15945125315364114,-0.397316236568382
2.591622583681666,-0.47676258641713937,-0.7543313417839642,-0.2622000188754351,-0.27157141914134625,1.9579136026643058,0.6350710006738245,-0.18245719450624603,-0.5144323816930652,-0.15945125315364114,-1.0318788590013375
-0.3079233918913155,-0.47676258641713937,-0.6109531941668265,-0.2511616429069206,-0.26475255049393487,1.5500574282592074,0.7561323866490454,-0.18245719450624603,-0.5144323816930652,-0.15945125315364114,-0.397316236568382
-0.3079233918913155,-0.47676258641713937,-0.8049149818801813,-0.26247257136848484,-0.27173978626844286,2.727846176796379,0.8939673624339766,-0.18245719450624603,-0.5144323816930652,-0.15945125315364114,-0.397316236568382
-0.3079233918913155,-0.47676258641713937,-0.7944159810014482,-0.26322209072437164,-0.2722027958679584,0.8758462011813921,1.0316125688146212,-0.18245719450624603,-0.5144323816930652,-0.15945125315364114,-0.397316236568382
-0.3079233918913155,-0.47676258641713937,-0.6224714664192968,-0.2502758473045089,-0.26420535733087097,2.103576522094698,0.6821118670549081,-0.18245719450624603,-0.5144323816930652,-0.15945125315364114,-0.397316236568382
2.591622583681666,-0.47676258641713937,-1.2772464551598455,-0.28066545027955514,-0.28297829200213936,1.3336439479626248,1.5439224481608012,-0.18245719450624603,-0.5144323816930652,-0.15945125315364114,-1.0318788590013375
-0.3079233918913155,-0.47676258641713937,-0.745233779247993,-0.2600672956173209,-0.27025394637181555,1.8268118272310985,0.5342094140767291,-0.18245719450624603,-0.5144323816930652,-0.15945125315364114,-0.397316236568382
-0.3079233918913155,-0.47676258641713937,-0.8991556150132083,-0.2675624891761888,-0.27488404236697145,1.3502911387546697,0.9936763077402649,-0.18245719450624603,-0.5144323816930652,-0.15945125315364114,-0.397316236568382
-0.3079233918913155,-0.47676258641713937,-0.7844813739567735,-0.26110980890323615,-0.27089795063295996,1.9683180969093335,0.9323633802644852,-0.18245719450624603,-0.5144323816930652,-0.15945125315364114,-0.397316236568382
-0.3079233918913155,-0.47676258641713937,-0.857558195060177,-0.2595426320682001,-0.26992983965215467,2.602992245856042,1.2098423064346855,-0.18245719450624603,-0.5144323816930652,-0.15945125315364114,-0.397316236568382
2.591622583681666,0.7715443142590449,-1.2245900947365067,-0.2837725487003222,-0.27868493026117663,0.9231389920474768,1.6863244309669145,6.82757909365841,-0.4486737406078321,-0.15041261025858133,-0.397316236568382
2.591622583681666,-0.47676258641713937,-0.8484635071268771,-0.26485740568267013,-0.2732129986305379,1.416879901922849,0.9538154096663369,-0.18245719450624603,-0.5144323816930652,-0.15945125315364114,-1.0318788590013375
-0.3079233918913155,-0.47676258641713937,-0.852997832561203,-0.2668334112572807,-0.27443366030198807,0.6053293508106639,0.1988467864937928,-0.18245719450624603,-0.5144323816930652,-0.15945125315364114,-0.397316236568382
-0.3079233918913155,-0.47676258641713937,-0.6489263470229466,-0.2548411015630921,-0.2670255067097387,1.6041607983333532,0.7627885942341228,-0.18245719450624603,-0.5144323816930652,-0.15945125315364114,-0.397316236568382
-0.3079233918913155,-0.47676258641713937,-0.36568512083173627,-0.2359668414193975,-0.25536608315830067,1.437688890412905,0.989430353688277,-0.18245719450624603,1.0559232263124991,-0.15945125315364114,-0.397316236568382
-0.3079233918913155,-0.47676258641713937,-0.6633921348781919,-0.2566808308911779,-0.26816198481764053,1.1463630515521208,1.6000515849047519,-0.18245719450624603,1.6448065793145856,-0.15945125315364114,-0.397316236568382
-0.3079233918913155,-0.47676258641713937,-0.6520476410724565,-0.25306951035826875,-0.2659311203836109,2.24923944152509,0.9045558490530233,-0.18245719450624603,-0.5144323816930652,-0.15945125315364114,-0.397316236568382
-0.3079233918913155,-0.47676258641713937,-0.5994143386004558,-0.2485042560996856,-0.2631109710047433,1.587508871728155,1.1512499771424494,-0.18245719450624603,-0.5144323816930652,-0.15945125315364114,-0.397316236568382
-0.3079233918913155,-0.47676258641713937,-0.9554123880609429,-0.2631335111641305,-0.2721480765516521,2.2055347642784477,1.285671143739636,-0.18245719450624603,-0.5144323816930652,-0.15945125315364114,-0.397316236568382
-0.3079233918913155,-0.47676258641713937,-1.546110230838403,-0.2863072868856848,-0.2864634915330386,1.7810321305240264,1.0577812985477604,-0.18245719450624603,-0.43198871227277297,-0.15945125315364114,-0.397316236568382
-0.3079233918913155,-0.47676258641713937,-0.6321124572647451,-0.2523881291256444,-0.26551020256586944,1.2295990055123447,0.9978795881651646,-0.18245719450624603,-0.5144323816930652,-0.15945125315364114,-0.397316236568382
-0.3079233918913155,-0.47676258641713937,-0.9290939375369736,-0.26976335055756545,-0.2762436069182763,1.3960709134327929,1.3462212419352322,-0.18245719450624603,-0.5144323816930652,-0.15945125315364114,-0.397316236568382
2.591622583681666,-0.47676258641713937,-0.5598604621923717,-0.25204743850933226,-0.26529974365699877,1.581266184463406,0.08228036785115198,-0.18245719450624603,0.015562636008812856,-0.15945125315364114,-1.0318788590013375
-0.3079233918913155,-0.47676258641713937,-0.8811372114704179,-0.2655387869152945,-0.27363391644827934,1.7102816921837742,1.0649674355159278,-0.18245719450624603,-0.5144323816930652,-0.15945125315364114,-0.397316236568382
-0.3079233918913155,-0.47676258641713937,-0.6610153665526907,-0.2546366871933048,-0.26689923136441623,0.7509889731794488,0.05128671823619283,-0.18245719450624603,-0.5144323816930652,-0.15945125315364114,-0.397316236568382
-0.3079233918913155,-0.47676258641713937,-0.6502594076398075,-0.2532739247280561,-0.2660573957289334,1.5188393266675473,1.097510389844983,-0.18245719450624603,-0.5144323816930652,-0.15945125315364114,-0.397316236568382
2.591622583681666,-0.47676258641713937,-1.067724188497565,-0.2761410788949294,-0.2801833976923362,1.0860169849309582,0.9679783242864252,-0.18245719450624603,-0.47909938051293993,-0.15945125315364114,-1.0318788590013375
2.591622583681666,-0.47676258641713937,-0.6756038680916824,-0.2566876447035041,-0.268166193995818,1.7082007970476756,0.5093935263717534,-0.18245719450624603,-0.5144323816930652,-0.15945125315364114,-1.0318788590013375
-0.3079233918913155,-0.47676258641713937,-0.7353419991564363,-0.2621318807521727,-0.2715293273595721,1.062453204932258,0.4943330668905674,-0.18245719450624603,-0.5144323816930652,-0.15945125315364114,-0.397316236568382
-0.3079233918913155,-0.47676258641713937,-0.8315128273801762,-0.2655387869152945,-0.27363391644827934,1.3960709134327929,0.8303907061192365,-0.18245719450624603,-0.38356941435926806,-0.15945125315364114,-0.397316236568382
-0.3079233918913155,-0.47676258641713937,-0.918330021759903,-0.2719437705019634,-0.27759054393504895,0.838379254468366,0.9462960067323547,-0.18245719450624603,-0.10875718295829434,-0.15945125315364114,-0.397316236568382
5.491168559254648,-0.47676258641713937,-1.0275967510699808,-0.27268647604552393,-0.27804934435638706,1.7082057407836333,1.0878440892820123,-0.18245719450624603,-0.5144323816930652,-0.15945125315364114,-1.2433997331456559
-0.3079233918913155,-0.47676258641713937,-0.801177801142756,-0.2653343725455071,-0.2735076411029569,1.4002282964841248,0.7583608177920347,-0.18245719450624603,-0.5144323816930652,-0.15945125315364114,-0.397316236568382
2.591622583681666,-0.47676258641713937,-0.9497477968903117,-0.27030845554366495,-0.27658034117246943,1.3544529364526807,0.9299104531043079,-0.18245719450624603,-0.5144323816930652,-0.15945125315364114,-1.0318788590013375
-0.3079233918913155,-0.47676258641713937,-0.8485234946642751,-0.2674466543666426,-0.27481248633795535,1.3731766578583922,0.9486702059547952,-0.18245719450624603,-0.5144323816930652,-0.15945125315364114,-0.397316236568382
-0.3079233918913155,-0.47676258641713937,-0.7815956348707178,-0.2664245825177061,-0.27418110961134323,0.43885744289021567,0.38322746848085554,-0.18245719450624603,-0.31813793069236956,-0.15945125315364114,-0.397316236568382
5.491168559254648,-0.47676258641713937,-1.14065338504274,-0.27610019602097197,-0.2801581426232717,1.7914416947438572,1.3692160286452841,-0.18245719450624603,-0.5144323816930652,-0.15945125315364114,-1.2433997331456559
-0.3079233918913155,-0.47676258641713937,-0.848932703221033,-0.26581815322067043,-0.27380649275355334,2.0599257284140227,0.6891520939338561,-0.18245719450624603,-0.5144323816930652,-0.15945125315364114,-0.397316236568382
-0.3079233918913155,-0.47676258641713937,-0.9563534529494188,-0.27071728428323955,-0.2768328918631143,0.8342282242012803,1.4022943590871735,-0.18245719450624603,-0.5144323816930652,-0.15945125315364114,-0.397316236568382
2.591622583681666,-0.47676258641713937,-1.3383267116887656,-0.28127869338891703,-0.2833571180381067,2.151437195621827,1.306778357771085,-0.18245719450624603,-0.5144323816930652,-0.15945125315364114,-1.0318788590013375
-0.3079233918913155,-0.47676258641713937,-0.7358718049969679,-0.26185932825912295,-0.2713609602324755,0.9174641781615043,0.7553862260908738,-0.18245719450624603,-0.25270644702547107,-0.15945125315364114,-0.397316236568382
-0.3079233918913155,-0.47676258641713937,-0.8844135192458072,-0.2681484770362457,-0.27524603169022904,1.541733832863185,0.8546423041283117,-0.18245719450624603,-0.5144323816930652,-0.15945125315364114,-0.397316236568382
2.591622583681666,-0.47676258641713937,-1.228068401780846,-0.2793231292512851,-0.28214908390118876,1.5979181017863364,1.3571687006227933,-0.18245719450624603,-0.5144323816930652,-0.15945125315364114,-1.0318788590013375
-0.3079233918913155,-0.47676258641713937,-0.8255091513809573,-0.2671741018735929,-0.2746441192108588,1.2503263100436568,1.243687875815754,-0.18245719450624603,-0.5144323816930652,-0.15945125315364114,-0.397316236568382
-0.3079233918913155,-0.47676258641713937,-0.514369969985467,-0.24631020853063518,-0.2617556156316158,1.3960709134327929,1.5145820274559259,-0.18245719450624603,-0.31813793069236956,-0.15945125315364114,-0.397316236568382
-0.3079233918913155,-0.47676258641713937,-0.7657544747335779,-0.2646666189375353,-0.2730951416415703,1.4980349570340674,0.46698720688900736,-0.18245719450624603,-0.5144323816930652,-0.15945125315364114,-0.397316236568382
-0.3079233918913155,-0.47676258641713937,-1.294188213889271,-0.2821576751790024,-0.28390010202299315,1.6436930422592648,1.0741285388976252,-0.18245719450624603,-0.47975369534960893,-0.15945125315364114,-0.397316236568382
-0.3079233918913155,0.7715443142590449,1.120143036602108,-0.2701585516724876,0.15696501110121786,1.1970368092311794,1.2908945671921555,1.4466015402035528,0.447410428210343,0.4711594298053491,0.8718090082975287
-0.3079233918913155,-0.47676258641713937,-0.6676894022938017,-0.25933821769841287,-0.26980356430683217,1.171333837740188,0.7299849427737429,-0.18245719450624603,-0.10875718295829434,-0.15945125315364114,-0.397316236568382
-0.3079233918913155,-0.47676258641713937,-1.5314519913332283,-0.2878880913453733,-0.2874400208701987,0.7717325699476227,1.2390151922668864,-0.18245719450624603,-0.5144323816930652,-0.15945125315364114,-0.397316236568382
-0.3079233918913155,-0.47676258641713937,-1.011071645414477,-0.27403561088612016,-0.2788827616355152,1.1255540630620646,0.9396370050230268,-0.18245719450624603,-0.5144323816930652,-0.15945125315364114,-0.397316236568382
2.591622583681666,-0.47676258641713937,-0.8897943533685053,-0.27056056659973593,-0.27673608076503375,0.8050956403152019,0.9825458709586656,-0.18245719450624603,-0.5144323816930652,-0.15945125315364114,-1.0318788590013375
-0.3079233918913155,-0.47676258641713937,-1.2624524333687184,-0.28165345306686046,-0.2835886228378645,1.2795405778884792,1.268512970957643,-0.18245719450624603,-0.5144323816930652,-0.15945125315364114,-0.397316236568382
-0.3079233918913155,3.2681581156114135,0.9580028003232086,-0.28616419682683364,0.29292146623170423,-0.028522698596715104,0.8272936507407284,0.538886530608095,-0.07996733014485899,0.6833409593926982,3.4100594980293506
-0.3079233918913155,-0.47676258641713937,-1.069620390091443,-0.2740969351970563,-0.2789206442391119,1.9579136026643058,0.9045558490530233,-0.18245719450624603,-0.5144323816930652,-0.15945125315364114,-0.397316236568382
2.591622583681666,-0.47676258641713937,-0.9454206158139956,-0.2717393561321761,-0.27746426858972645,1.1463630515521208,0.5820605370533459,-0.18245719450624603,-0.5144323816930652,-0.15945125315364114,-1.0318788590013375
-0.3079233918913155,-0.47676258641713937,-1.2006406309599191,-0.27937082593756885,-0.2821785481484307,1.0984684049239686,1.1891673030354732,-0.18245719450624603,-0.26579274375885076,-0.15945125315364114,-0.397316236568382
-0.3079233918913155,-0.47676258641713937,-1.113499130236053,-0.2775992347327455,-0.2810841618223029,1.2628933870964345,1.1586635938589729,-0.18245719450624603,-0.4555440463928565,-0.15945125315364114,-0.397316236568382
-0.3079233918913155,-0.47676258641713937,-1.1663825077516725,-0.27903013532125664,-0.2819680892395599,1.480155266691791,0.6731123308410356,-0.18245719450624603,-0.5144323816930652,-0.15945125315364114,-0.397316236568382
-0.3079233918913155,0.7715443142590449,2.0271171229089826,-0.26962026049871435,1.2766064062934586,1.0714506929879188,1.9278609434171219,9.75829692141818,2.3216952778486513,2.099590972689631,0.8718090082975287
2.591622583681666,-0.47676258641713937,-0.8102773784440199,-0.26357640896533635,-0.272421673133184,2.1243855105847538,0.7772115021769535,-0.18245719450624603,-0.05641199602477548,-0.15945125315364114,-1.0318788590013375
2.591622583681666,-0.47676258641713937,-0.7198128547923055,-0.2595426320682001,-0.26992983965215467,1.570861708782914,0.7743643413964165,-0.18245719450624603,-0.5144323816930652,-0.15945125315364114,-1.0318788590013375
2.591622583681666,-0.47676258641713937,-0.7039140675377207,-0.25931096244910784,-0.26978672759412253,0.7926102472211682,0.6639253982189249,-0.18245719450624603,-0.5144323816930652,-0.15945125315364114,-1.0318788590013375
-0.3079233918913155,-0.47676258641713937,-0.9357227221312185,-0.2718824461910272,-0.2775526613314522,1.0215091206117846,0.8138378684135298,-0.18245719450624603,-0.5144323816930652,-0.15945125315364114,-0.397316236568382
2.591622583681666,-0.47676258641713937,-0.6643050716245406,-0.25927007957515036,-0.26976147252505805,1.8122506832339136,0.9851408506299585,-0.18245719450624603,-0.5144323816930652,-0.15945125315364114,-1.0318788590013375
-0.3079233918913155,-0.47676258641713937,-0.4467348692378992,-0.2500714329347216,-0.2640790819855486,0.44926657826926325,0.9362411679514812,-0.18245719450624603,0.13988245497592006,-0.15945125315364114,-0.397316236568382
-0.3079233918913155,-0.47676258641713937,-0.8552589525415565,-0.26882985826887007,-0.2756669495079705,1.1650871312533781,0.679431706980917,-0.18245719450624603,-0.16110236989181315,-0.15945125315364114,-0.397316236568382
-0.3079233918913155,-0.47676258641713937,-0.737273629749096,-0.25976067406264,-0.2700645333538319,0.6677563162808321,0.7478504747916807,-0.18245719450624603,-0.5144323816930652,-0.15945125315364114,-0.397316236568382
-0.3079233918913155,-0.47676258641713937,-0.7897858528304961,-0.26206374262891025,-0.27148723557779797,1.7706327062538014,1.4101707290140602,-0.18245719450624603,-0.5144323816930652,-0.15945125315364114,-0.397316236568382
-0.3079233918913155,-0.47676258641713937,-0.7255771693719304,-0.25865683646578846,-0.2693826464890907,1.5833518098432973,0.7243925764036138,-0.18245719450624603,-0.5144323816930652,-0.15945125315364114,-0.397316236568382
-0.3079233918913155,-0.47676258641713937,-0.7292503595581583,-0.25845242209600117,-0.2692563711437683,1.7706327062538014,0.5820605370533459,-0.18245719450624603,-0.5144323816930652,-0.15945125315364114,-0.397316236568382
2.591622583681666,-0.47676258641713937,-1.2170583227401002,-0.2795207298087462,-0.2822711500683338,1.481454784217265,1.0981535768394262,-0.18245719450624603,-0.5144323816930652,-0.15945125315364114,-1.0318788590013375
-0.3079233918913155,-0.47676258641713937,-1.0336995807930127,-0.27480557167898567,-0.279358398769563,1.150449105942933,1.1811538205138652,-0.18245719450624603,-0.5144323816930652,-0.15945125315364114,-0.397316236568382
-0.3079233918913155,-0.47676258641713937,-0.762153245044703,-0.26036028954734936,-0.2704349410334444,1.7498237177637455,1.3552156290618729,-0.18245719450624603,-0.5144323816930652,-0.15945125315364114,-0.397316236568382
-0.3079233918913155,-0.47676258641713937,-0.7041908114128592,-0.2622749708110238,-0.2716177201012978,1.2295990055123447,0.6449119931136897,-0.18245719450624603,-0.5144323816930652,-0.15945125315364114,-0.397316236568382
2.591622583681666,-0.47676258641713937,-0.6579709010030468,-0.25527718555197165,-0.2672948941130932,1.5833518098432973,1.0300664565845585,-0.18245719450624603,-0.5144323816930652,-0.15945125315364114,-1.0318788590013375
-0.3079233918913155,-0.47676258641713937,-0.7882753848078441,-0.26669713501075587,-0.2743494767384398,0.9176498235222865,0.43422006367365645,-0.18245719450624603,-0.5144323816930652,-0.15945125315364114,-0.397316236568382
-0.3079233918913155,-0.47676258641713937,-0.6702836012590769,-0.2555224827957165,-0.26744642452748013,1.6041607983333532,0.9808068959712454,-0.18245719450624603,-0.29196533722561013,-0.15945125315364114,-0.397316236568382
2.591622583681666,-0.47676258641713937,-0.8077830393893038,-0.26449627362937916,-0.2729899121871349,1.2586803512788474,0.777194328609006,-0.18245719450624603,-0.5144323816930652,-0.15945125315364114,-1.0318788590013375
-0.3079233918913155,-0.47676258641713937,-0.9249735117543646,-0.2662201681479188,-0.2740548342660208,1.2920259709825128,1.1356019503216794,-0.18245719450624603,-0.5144323816930652,-0.15945125315364114,-0.397316236568382
-0.3079233918913155,-0.47676258641713937,-1.053637616465774,-0.27227764730594933,-0.2777967936657422,1.520924844373129,1.3462212419352322,-0.18245719450624603,-0.5144323816930652,-0.15945125315364114,-0.397316236568382
-0.3079233918913155,-0.47676258641713937,-0.7620167847058251,-0.2600059713063847,-0.2702160637682188,1.7914416947438572,1.4373572364845066,-0.18245719450624603,-0.5144323816930652,-0.15945125315364114,-0.397316236568382
-0.3079233918913155,-0.47676258641713937,-1.070929602912727,-0.27410374900938256,-0.2789248534172893,1.6665877638035211,0.8604916705541962,-0.18245719450624603,-0.5144323816930652,-0.15945125315364114,-0.397316236568382
2.591622583681666,-0.47676258641713937,-0.9993418106610545,-0.27201190862522584,-0.27763263571682306,1.4792270398878806,1.026153723419141,-0.18245719450624603,-0.5144323816930652,-0.15945125315364114,-1.0318788590013375
2.591622583681666,-0.47676258641713937,-1.1502857210179263,-0.27507812417203537,-0.27952676589665953,2.6945451528212803,0.951015825581975,-0.18245719450624603,-0.5144323816930652,-0.15945125315364114,-1.0318788590013375
2.591622583681666,-0.47676258641713937,-1.286486867549679,-0.28173274335675724,-0.2836376037815616,1.353916421360021,1.2111984862760738,-0.18245719450624603,-0.4259035842917514,-0.15945125315364114,-1.0318788590013375
-0.3079233918913155,-0.47676258641713937,-1.0626563795844381,-0.2737971274547016,-0.27873544039930565,2.8527001077367147,1.0415253345311202,-0.18245719450624603,-0.5144323816930652,-0.15945125315364114,-0.397316236568382
-0.3079233918913155,-0.47676258641713937,-0.814326843493994,-0.2622000188754351,-0.27157141914134625,2.02033508602697,0.9299083569185463,-0.18245719450624603,-0.5144323816930652,-0.15945125315364114,-0.397316236568382
2.591622583681666,0.7715443142590449,2.227716961865423,-0.24298506811542833,1.929029023792697,1.172556683731659,1.7468721787178072,4.648513985497016,0.49975561514386185,3.024833244815297,-0.397316236568382
-0.3079233918913155,-0.47676258641713937,-0.8987574606728983,-0.2741241904463613,-0.2789374809518215,0.9153832793124989,0.7386245959283402,-0.18245719450624603,-0.5013460849596854,-0.15945125315364114,-0.397316236568382
-0.3079233918913155,-0.47676258641713937,-0.9567364706811435,-0.27093532627767936,-0.27696758556479156,1.8101697843849078,0.8656870526686821,-0.18245719450624603,-0.08258458949153491,-0.15945125315364114,-0.397316236568382
-0.3079233918913155,-0.47676258641713937,-0.9586151794047034,-0.26710596375033047,-0.2746020274290847,2.207621464544978,1.0635421484643393,-0.18245719450624603,-0.5144323816930652,-0.15945125315364114,-0.397316236568382
-0.3079233918913155,-0.47676258641713937,-0.6686883565699153,-0.2573622121238022,-0.26858290263538204,1.0007001321217286,0.49435061218856235,-0.18245719450624603,-0.5144323816930652,-0.15945125315364114,-0.397316236568382
-0.3079233918913155,0.7715443142590449,-0.6673538077320258,-0.2814899215710306,-0.26066964766184286,0.01262868970996482,0.5820708504998775,0.2680646838976768,-0.5144323816930652,-0.12625444886223244,0.8718090082975287
2.591622583681666,-0.47676258641713937,-0.9675254258464087,-0.2709898367762893,-0.2770012589902109,1.416879901922849,1.0961921285617486,-0.18245719450624603,-0.5144323816930652,-0.15945125315364114,-1.0318788590013375
-0.3079233918913155,-0.47676258641713937,-0.6703453270498497,-0.2537440777785669,-0.26634782902317494,1.8746776487040815,0.6350710006738245,-0.18245719450624603,-0.5144323816930652,-0.15945125315364114,-0.397316236568382
-0.3079233918913155,-0.47676258641713937,-0.8559088871206162,-0.26846872621557916,-0.2754438630645676,1.0007001321217286,1.7402052756313304,-0.18245719450624603,0.7483952530780762,-0.15945125315364114,-0.397316236568382
-0.3079233918913155,-0.47676258641713937,-0.7823844972680667,-0.25927007957515036,-0.26976147252505805,2.228430453035034,0.8046457867041873,-0.18245719450624603,-0.5144323816930652,-0.15945125315364114,-0.397316236568382
-0.3079233918913155,-0.47676258641713937,-0.9425437047321709,-0.272352599241538,-0.2778430946256938,0.9798911436316725,1.1202807175666485,-0.18245719450624603,-0.5144323816930652,-0.15945125315364114,-0.397316236568382
-0.3079233918913155,-0.47676258641713937,-1.0627672257190652,-0.2738516379533116,-0.27876911382472497,1.8767585475530872,0.9071616075256705,-0.18245719450624603,-0.5144323816930652,-0.15945125315364114,-0.397316236568382
-0.3079233918913155,-0.47676258641713937,-0.9539275797970193,-0.26887074114282755,-0.275692204577035,2.1597607910178493,1.1590051397186398,-0.18245719450624603,-0.5144323816930652,-0.15945125315364114,-0.397316236568382
2.591622583681666,0.7715443142590449,-0.7782707019942103,-0.2600877370542996,-0.2702665739063478,2.1243855105847538,0.7079895767177526,-0.18245719450624603,-0.5144323816930652,-0.15945125315364114,-0.397316236568382
2.591622583681666,0.7715443142590449,-1.100681416979522,-0.2747374335557233,-0.27931630698778886,1.4541649161823087,0.7965858845955275,-0.18245719450624603,-0.5144323816930652,-0.15945125315364114,-0.397316236568382
-0.3079233918913155,-0.47676258641713937,-1.060581409798583,-0.27428772194219114,-0.2790385012280795,1.3960709134327929,1.1503816820016082,-0.18245719450624603,-0.5144323816930652,-0.15945125315364114,-0.397316236568382
-0.3079233918913155,-0.47676258641713937,-0.8462323725872581,-0.26669713501075587,-0.2743494767384398,1.333495431673999,0.6908938561692618,-0.18245719450624603,-0.5144323816930652,-0.15945125315364114,-0.397316236568382
-0.3079233918913155,-0.47676258641713937,-1.0856446871799232,-0.27505768273505665,-0.2795141383621273,1.2087900170222887,1.1264767254395787,-0.18245719450624603,-0.5144323816930652,-0.15945125315364114,-0.397316236568382
2.591622583681666,-0.47676258641713937,-0.9153905490264661,-0.27193014287731093,-0.2775821255786941,1.217113612418311,0.9639156847443388,-0.18245719450624603,-0.5144323816930652,-0.15945125315364114,-1.0318788590013375
-0.3079233918913155,-0.47676258641713937,-0.5991164575861511,-0.24870867046947293,-0.2632372463500657,0.9590821551416164,1.3692160286452841,-0.18245719450624603,-0.5144323816930652,-0.15945125315364114,-0.397316236568382
-0.3079233918913155,-0.47676258641713937,-0.8565292506623353,-0.2655387869152945,-0.27363391644827934,1.936842854215547,1.5786847320807367,-0.18245719450624603,0.13988245497592006,-0.15945125315364114,-0.397316236568382
-0.3079233918913155,-0.47676258641713937,-1.4242213546829778,-0.28492408298345734,-0.28560902836302343,1.6728304603505382,1.0452762375382858,-0.18245719450624603,-0.5144323816930652,-0.15945125315364114,-0.397316236568382
-0.3079233918913155,2.0198512149352292,0.6555123988968279,-0.27201190862522584,-0.09558567954364856,-0.8193719355280976,-0.7978198686885478,-0.17310878792330173,1.2522176773131948,0.1054005796453676,2.1409342531634397
-0.3079233918913155,-0.47676258641713937,-1.6980846007631956,-0.2907498925223955,-0.28920787570471274,-0.9332344234743999,-1.0235159570062147,-0.18245719450624603,-0.5144323816930652,-0.15945125315364114,-0.397316236568382
-0.3079233918913155,-0.47676258641713937,-0.5789381715705146,-0.25868409171509343,-0.2693994832018004,-0.7841611987664422,-0.6446223858749948,-0.18245719450624603,2.1682584486497736,-0.15945125315364114,-0.397316236568382
-0.3079233918913155,-0.47676258641713937,-0.7793167769987248,-0.26431230069657063,-0.27287626437634477,1.2087900170222887,0.9199522949872734,-0.18245719450624603,-0.5144323816930652,-0.15945125315364114,-0.397316236568382
2.591622583681666,2.0198512149352292,-0.9747256161812691,-0.2724888754880629,-0.27792727818924207,0.9028978862184652,0.7598433504992386,-0.18245719450624603,-0.3312242274257493,-0.15945125315364114,0.2372463858645734
2.591622583681666,2.0198512149352292,0.5883643286768627,-0.20898414460747305,-0.09322853976429646,1.1107209987355817,0.9123103065025321,0.5935781800765798,0.5743475065241261,0.05218526341361303,0.2372463858645734
-0.3079233918913155,-0.47676258641713937,-0.8799205819711966,-0.26475519849777646,-0.2731498609578767,1.5833470795995046,2.0791951990908246,-0.18245719450624603,1.3117603274500724,-0.15945125315364114,-0.397316236568382
-0.3079233918913155,-0.47676258641713937,-0.7576220232487927,-0.2599242055584698,-0.27016555363008987,1.437688890412905,1.1445323155757237,-0.18245719450624603,-0.5144323816930652,-0.15945125315364114,-0.397316236568382
-0.3079233918913155,-0.47676258641713937,-0.7504345649157388,-0.26247257136848484,-0.27173978626844286,1.2091130399500494,1.0706112689513005,-0.18245719450624603,-0.5144323816930652,-0.15945125315364114,-0.397316236568382
-0.3079233918913155,-0.47676258641713937,-0.8011566590743954,-0.24203113438975424,-0.2591122517361995,3.1440259465974987,1.6175205091339167,-0.18245719450624603,-0.5144323816930652,-0.15945125315364114,-0.397316236568382
-0.3079233918913155,-0.47676258641713937,-0.9315065100572331,-0.2674398405543164,-0.27480827715977796,1.6936394488405941,0.8540528426044883,-0.18245719450624603,-0.26579274375885076,-0.15945125315364114,-0.397316236568382
-0.3079233918913155,2.0198512149352292,-0.8719013953178366,-0.28642993550755713,-0.2814166868983186,-0.9782224825705749,-1.421592694899516,-0.18170774963841269,-0.2308959524698382,-0.15199865938447596,2.1409342531634397
-0.3079233918913155,-0.47676258641713937,1.3992438705836685,0.5200937743005858,0.2116843274076055,1.3242131636348986,1.243687875815754,-0.18245719450624603,1.1213547099793977,-0.15945125315364114,-0.397316236568382
2.591622583681666,-0.47676258641713937,1.6384164239755017,0.6972528947829179,0.32112296002038093,1.194261411087488,1.7787753613166233,-0.18245719450624603,0.13988245497592006,-0.15945125315364114,-1.0318788590013375
2.591622583681666,-0.47676258641713937,1.6200618182297841,0.8607843906127628,0.4221432362783275,1.1756968750092867,1.8569486518095502,-0.18245719450624603,0.009019487642122999,-0.15945125315364114,-1.0318788590013375
-0.3079233918913155,0.7715443142590449,2.617412579592971,1.52853799858463,3.9233376442516588,1.7135903844731155,1.9982152679557565,0.9292125075519012,0.8596287753118036,4.3341504788212175,0.8718090082975287
-0.3079233918913155,-0.47676258641713937,1.5498453721300316,0.6563700208254565,0.2958678909558943,1.194261411087488,1.7541337390374947,-0.18245719450624603,0.7287658079780066,-0.15945125315364114,-0.397316236568382
-0.3079233918913155,-0.47676258641713937,1.4435556607557678,0.5882318975630212,0.2537761091817499,1.194261411087488,1.7933844795736134,-0.18245719450624603,0.20531393864281852,-0.15945125315364114,-0.397316236568382
-0.3079233918913155,-0.47676258641713937,2.3276984206678315,2.1077120463153305,1.1924228427451697,1.4541649161823087,0.8240994255241411,-0.18245719450624603,-0.05641199602477548,-0.15945125315364114,-0.397316236568382
5.491168559254648,-0.47676258641713937,3.195896425063988,19.053663301683017,11.660648969974881,1.194261411087488,1.7683007835121993,-0.18245719450624603,2.1028269649828757,-0.15945125315364114,-1.2433997331456559
-0.3079233918913155,-0.47676258641713937,1.6045490437534922,0.9820702500198978,0.49706660783630446,1.194261411087488,1.8229020789565964,-0.18245719450624603,-0.01715310582463643,-0.15945125315364114,-0.397316236568382
2.591622583681666,-0.47676258641713937,1.816043345360691,1.1537783206412349,0.6031378979071483,1.194261411087488,1.787093198978518,-0.18245719450624603,0.4670398733104125,-0.15945125315364114,-1.0318788590013375
-0.3079233918913155,0.7715443142590449,1.6830372315358388,0.6011781409828839,0.6822704476425399,1.2963663595175963,1.4815143586531871,2.6876082941517327,0.22167180955954316,0.452310552548578,0.8718090082975287
-0.3079233918913155,-0.47676258641713937,1.5788754047239382,0.6018595222155083,0.2621944655365788,1.3613422357913014,1.120278621380887,-0.18245719450624603,0.8203698851116644,-0.15945125315364114,-0.397316236568382
2.591622583681666,-0.47676258641713937,1.4554946990122433,0.5132799619743422,0.20747514923019106,1.1571323389310852,1.906441337013909,-0.18245719450624603,0.4277809831102734,-0.15945125315364114,-1.0318788590013375
-0.3079233918913155,0.7715443142590449,3.07291996611959,0.6924832261545474,7.8723886103018845,1.1200032667746824,2.092837481126116,2.4603802103867087,3.2675073742536687,10.830828153190428,0.8718090082975287
-0.3079233918913155,-0.47676258641713937,1.967185729161037,1.405889376712246,0.7588774904714827,1.3242131636348986,1.2574188753123745,-0.18245719450624603,-0.25270644702547107,-0.15945125315364114,-0.397316236568382
-0.3079233918913155,-0.47676258641713937,1.369549412995847,0.45195565103815044,0.16959254563346118,1.3056486275566972,1.3640250327402896,-0.18245719450624603,0.07445097130902148,-0.15945125315364114,-0.397316236568382
2.591622583681666,-0.47676258641713937,1.425540957686358,0.5473490236055599,0.2285210401172633,1.3056486275566972,1.3257230547796242,-0.18245719450624603,0.7614815498114559,-0.15945125315364114,-1.0318788590013375
-0.3079233918913155,0.7715443142590449,2.1540003240388024,0.9050741707333457,2.1601129057327495,1.064309658540078,2.3170331665934105,1.5346965619088881,0.48339774422713716,2.329237413887218,0.8718090082975287
2.591622583681666,-0.47676258641713937,1.2502794675178168,0.2734337680905696,0.059312077385202805,1.4356003801041073,0.8696816560742014,-0.18245719450624603,0.6633343243111081,-0.15945125315364114,-1.0318788590013375
-0.3079233918913155,-0.47676258641713937,1.0603025107226505,0.17872177675578435,0.0008045007191420926,1.3799067718695028,1.0452741413525244,-0.18245719450624603,0.17259819680936925,-0.15945125315364114,-0.397316236568382
2.591622583681666,-0.47676258641713937,2.0743674166401656,2.2174144247678518,1.2601906114015424,1.2499550193220927,1.5394765852281354,-0.18245719450624603,0.4604967249437227,-0.15945125315364114,-1.0318788590013375
5.491168559254648,-0.47676258641713937,2.40129956075428,2.7209551556772493,1.5712488787124694,1.3427776997131,1.1757362860528922,-0.18245719450624603,2.1028269649828757,-0.15945125315364114,-1.2433997331456559
-0.3079233918913155,3.2681581156114135,0.8042991555810322,-0.22526915606719514,0.054681981390046916,0.052078328876143005,0.5152887271017835,0.3311195888788025,-0.08912773785822477,0.2820092931233656,3.4100594980293506
2.591622583681666,-0.47676258641713937,-0.8621936054235405,-0.26417602445004573,-0.27279208081279643,1.21282594716569,1.7437150309582654,-0.18245719450624603,-0.44245774965947676,-0.15945125315364114,-1.0318788590013375
-0.3079233918913155,2.0198512149352292,1.169542177209021,-0.2069400009096,0.268087314984959,-0.9047688014878243,-1.0279474992049882,-0.17861144001159693,0.4670398733104125,0.5760101368847624,2.1409342531634397
-0.3079233918913155,-0.47676258641713937,1.2942293698266154,0.4996523373218551,0.19905679287536218,1.0828741946182794,2.2631065046959367,-0.18245719450624603,-0.3115947823256797,-0.15945125315364114,-0.397316236568382
2.591622583681666,2.0198512149352292,1.536092633357961,-0.2572111771597787,0.7644714882692665,1.2375786619366247,1.8832390666068057,6.596680578668167,0.750140092642527,1.3433568339284883,0.2372463858645734
-0.3079233918913155,-0.47676258641713937,1.4047196394735653,0.5064661496480987,0.20326597105277663,1.47272945226051,0.7162693923893558,-0.18245719450624603,1.5793750956476873,-0.15945125315364114,-0.397316236568382
-0.3079233918913155,-0.47676258641713937,0.9118781206521035,0.1282995655415822,-0.03034341779372474,1.3242131636348986,1.2752442891562936,-0.18245719450624603,-0.1283866280583639,-0.15945125315364114,-0.397316236568382
